company,ticker,published_at,stated_in_period,doc_class,doc_kind,figures,quote,source_file,line_no
Analog Devices,ADI,2026-05-20,FY2026Q2,EARNINGS_CALL,call-pres,3.62 billion | 15% | 37% | 50% | 20% | 56%,"Unknown speaker: Thank you, Vince. Let me add my welcome to our second quarter earnings call. Revenue in the second quarter was a record $3.62 billion, finishing above the high end of our outlook while growing 15% sequentially and 37% year-over-year. Growth was led by our industrial and data center businesses. Industrial, which represented 50% of our second quarter revenue, finished up 20% sequent",challenge/offline-data/analog-devices/call-transcripts/2026-05-20__adi-us-20260520-call-pres__1041157.md,39
Analog Devices,ADI,2026-05-20,FY2026Q2,EARNINGS_CALL,call-pres,872 million | 49% | 350  | 780  | 57 million | 11.8%,"Unknown speaker: OpEx in the quarter was $872 million, resulting in an operating margin above the high end of our guidance, or 49%, up 350 basis points sequentially and 780 basis points year-over-year. Non-operating expenses were $57 million, and the tax rate for the quarter was 11.8%. All told, EPS was a record $3.09, up 26% sequentially and 67% year-over-year. Now, I'd like to highlight a few it",challenge/offline-data/analog-devices/call-transcripts/2026-05-20__adi-us-20260520-call-pres__1041157.md,43
Analog Devices,ADI,2026-05-20,FY2026Q2,EARNINGS_CALL,call-pres,12  | 5.1 billion | 0.5 billion | 2026  | 4% | -6%,"Unknown speaker: Over the trailing 12 months, operating cash flow and CapEx were $5.1 billion and $0.5 billion, respectively. We continue to expect fiscal 2026 CapEx to be within our long-term model of 4%-6% of revenue. Free cash flow over the trailing 12 months was $4.6 billion, or 36% of revenue. Over the same period, we returned $5 billion to shareholders through dividends and share repurchases",challenge/offline-data/analog-devices/call-transcripts/2026-05-20__adi-us-20260520-call-pres__1041157.md,45
Analog Devices,ADI,2026-05-20,FY2026Q2,EARNINGS_CALL,call-pres,12% | -14% | 3.30 | 0.15,"Unknown speaker: Our tax rate is expected to be 12%-14%, and based on these inputs, adjusted EPS is expected to be $3.30, +-$0.15. In closing, we delivered a strong quarter supported by disciplined execution and broad-based demand across all of our end markets. We continue to see constructive demand signals in our order book and backlog, particularly in industrial, AI-related applications, and aut",challenge/offline-data/analog-devices/call-transcripts/2026-05-20__adi-us-20260520-call-pres__1041157.md,47
Analog Devices,ADI,2026-05-20,FY2026Q2,EARNINGS_CALL,call-qna,"2026,  | 2026.","Unknown speaker: Yeah. Hey, Vivek, I would just add, because I think the question you asked, what I said, the tactical pricing piece which we talked about in the last quarter, actually came through as expected in the results. Everything was above the midpoint of our guide was actually due to volume, not incremental price. The pricing played out as we expected. If you think about a full year look o",challenge/offline-data/analog-devices/call-transcripts/2026-05-20__adi-us-20260520-call-qna__1041159.md,41
Analog Devices,ADI,2026-05-20,FY2026Q2,EARNINGS_CALL,call-qna,75% | 90%,"Unknown speaker: Sure. Joe, I'll take that one. As I mentioned, with the data center piece being 75% of our comms, and the 90% growth, actually that is being fueled pretty much equally by similar growth rates across both the power and optical portfolios. Those are both continuing to trend very well with strong orders and strong results in the quarter. Given the momentum we're seeing, we really do ",challenge/offline-data/analog-devices/call-transcripts/2026-05-20__adi-us-20260520-call-qna__1041159.md,51
Analog Devices,ADI,2026-05-20,FY2026Q2,EARNINGS_CALL,call-qna,"73% | 3,  | 50 ","Unknown speaker: Thanks, Josh. Obviously, starting with the 73% gross margin, which was even a little higher than we expected based on some better mix and utilization. As I mentioned, the pricing impact was pretty much as expected. For Q3, we are assuming about a 50 basis points decline in gross margin, largely driven by the absence of that one-time benefit we got from repricing the channel during",challenge/offline-data/analog-devices/call-transcripts/2026-05-20__adi-us-20260520-call-qna__1041159.md,61
Analog Devices,ADI,2026-05-20,FY2026Q2,EARNINGS_CALL,call-qna,"2,  | 20% | 3 ","Unknown speaker: Sure. I'll just start with a quick recap. Obviously, for Q2, industrial came in as expected, right up 20% sequentially. We saw upside everywhere else, notably in auto and data center. One of the things we talked about is the continuing strength in data center. We're also starting to see better results than expected in auto. Consumer continues to show incredible resilience despite ",challenge/offline-data/analog-devices/call-transcripts/2026-05-20__adi-us-20260520-call-qna__1041159.md,71
Analog Devices,ADI,2026-05-20,FY2026Q2,EARNINGS_CALL,call-qna,2026.,"Unknown speaker: From a comms perspective, we expect to be our fastest grower, up low to mid-teens sequentially. Consumer is expected to be down single digits sequentially for us, based on some of the things I just described. Importantly, baked into that outlook is also a flat channel inventory weeks. We don't tend to guide out obviously beyond the next quarter, but I would just remind you from a ",challenge/offline-data/analog-devices/call-transcripts/2026-05-20__adi-us-20260520-call-qna__1041159.md,73
Analog Devices,ADI,2026-05-20,FY2026Q2,EARNINGS_CALL,call-qna,3 ,"Unknown speaker: Hey, guys. Thanks for taking my questions. I wanted to drill just a little bit more into the gross margins. I understand the driver and I understand the guidance. We've been thinking about Q3 within that range as sort of a likely ceiling for now, just given utilizations are maxed. It sounds like if you're going to get more revenue upside from here, that would suggest that you're g",challenge/offline-data/analog-devices/call-transcripts/2026-05-20__adi-us-20260520-call-qna__1041159.md,81
Analog Devices,ADI,2026-05-20,FY2026Q2,EARNINGS_CALL,call-qna,"3  | 4, ","Unknown speaker: Yeah, I actually think that's the right way to think about it. Near term, this is probably the right way to think about the guided gross margins, the right way to think about it. Obviously, any more significant mix shift from a growth perspective could change that but given where we see that outlook for Q3 and the potential trend into Q4, I think that's the right way to think abou",challenge/offline-data/analog-devices/call-transcripts/2026-05-20__adi-us-20260520-call-qna__1041159.md,83
Analog Devices,ADI,2026-05-20,FY2026Q2,EARNINGS_CALL,call-qna,2027  | 2027.,"Unknown speaker: It's kind of in the post-revenue phase, but 2027 is when we expect to start seeing the surge in demand. There's a lot of design-ins in train at this point in time. The combination of Empower with ADI's large manufacturing and go-to-market capabilities will enable us to get to more places more quickly and get into production much, much faster. I think, we'll see revenue, significan",challenge/offline-data/analog-devices/call-transcripts/2026-05-20__adi-us-20260520-call-qna__1041159.md,115
Analog Devices,ADI,2026-05-20,FY2026Q2,EARNINGS_CALL,call-qna,1,"Unknown speaker: Hey, guys. Thanks for taking my question. I wanted to zoom in on auto a bit more, stronger than expected. You're kind of hearing across the supply chain that coming out of the pandemic, you've moved from this kind of just-in-case and just-in-time mentality to switching to basically holding more inventory at Tier 1s than at OEMs. I'm just curious, when you're looking at where the s",challenge/offline-data/analog-devices/call-transcripts/2026-05-20__adi-us-20260520-call-qna__1041159.md,125
Analog Devices,ADI,2026-05-20,FY2026Q2,EARNINGS_CALL,call-qna,"3  | 3, ","Unknown speaker: We expect to see L3 ADAS in some of the China vehicles by the end of the year. These are all strong positive things for us. As we look out at Q3, we have record bookings, positive book-to-bill, and so we do expect to see above-seasonal growth sort of in that mid-high single digits. We are pretty confident in the outlook for the rest of the year for us in auto. Now, on the inventor",challenge/offline-data/analog-devices/call-transcripts/2026-05-20__adi-us-20260520-call-qna__1041159.md,135
Analog Devices,ADI,2026-05-20,FY2026Q2,STRUCTURED_RESULT,q2-10q,"10 | 1,  | 2025  | 2025 | 31,  | 2026 ","In the opinion of management, the information furnished in the accompanying condensed consolidated financial statements reflects all normal recurring adjustments that are necessary to fairly state the results for these interim periods and should be read in conjunction with Analog Devices, Inc.'s (the Company) Annual Report on Form 10-K for the fiscal year ended November 1, 2025 (fiscal 2025) and r",challenge/offline-data/analog-devices/filings/2026-05-20__adi-us-20260520-q2-10q__1040607.md,500
Analog Devices,ADI,2026-05-20,FY2026Q2,STRUCTURED_RESULT,q2-10q,"2025,  | 2018  | 2019,  | 267.0 million | 2018  | 2019 ","During fiscal 2025, the Company received an assessment from the U.S. Internal Revenue Service (IRS) for fiscal 2018 and fiscal 2019, totaling approximately $267.0 million. The assessment excludes any penalties and interest. The assessment pertains to transfer pricing arrangements between the Company and one of its wholly-owned foreign subsidiaries. The Company firmly disagrees with this assessment",challenge/offline-data/analog-devices/filings/2026-05-20__adi-us-20260520-q2-10q__1040607.md,790
Analog Devices,ADI,2026-05-20,FY2026Q2,STRUCTURED_RESULT,q2-10q,"2023,  | 2023 | -09,  | 740 | 2023 | -09 ","In December 2023, the FASB issued ASU 2023-09, Income Taxes (Topic 740): Improvements to Income Tax Disclosures . ASU 2023-09 requires the disaggregation of information in existing income tax disclosures related to the effective tax rate reconciliation and income taxes paid. ASU 2023-09 is effective for fiscal years beginning after December 15, 2024, with early adoption permitted. The Company adop",challenge/offline-data/analog-devices/filings/2026-05-20__adi-us-20260520-q2-10q__1040607.md,798
Analog Devices,ADI,2026-05-20,FY2026Q2,STRUCTURED_RESULT,q2-10q,"2024,  | 2024 | -03,  | 2024 | -03  | 15, ","In November 2024, the FASB issued ASU 2024-03, Disaggregation of Income Statement Expenses , requiring public companies to disaggregate key expense categories such as inventory purchases, employee compensation and depreciation in their financial statements. This aims to improve investor insights into company performance. ASU 2024-03 is effective for fiscal years beginning after December 15, 2026, ",challenge/offline-data/analog-devices/filings/2026-05-20__adi-us-20260520-q2-10q__1040607.md,804
Analog Devices,ADI,2026-05-20,FY2026Q2,STRUCTURED_RESULT,q2-10q,"19,  | 2026,  | 1.10  | 16,  | 2026  | 2, ","On May 19, 2026, the Board of Directors of the Company declared a cash dividend of $1.10 per outstanding share of common stock. The dividend will be paid on June 16, 2026 to all shareholders of record at the close of business on June 2, 2026 and is expected to total approximately $535.8 million.",challenge/offline-data/analog-devices/filings/2026-05-20__adi-us-20260520-q2-10q__1040607.md,808
Analog Devices,ADI,2026-05-20,FY2026Q2,STRUCTURED_RESULT,q2-10q,10 | 1995  | 1933  | 1934. ,"This Quarterly Report on Form 10-Q, including the following discussion, contains forward-looking statements regarding future events and our future results that are subject to the safe harbor created under the Private Securities Litigation Reform Act of 1995 and other safe harbors under the Securities Act of 1933 and the Securities Exchange Act of 1934. All statements other than statements of histo",challenge/offline-data/analog-devices/filings/2026-05-20__adi-us-20260520-q2-10q__1040607.md,816
Analog Devices,ADI,2026-05-20,FY2026Q2,STRUCTURED_RESULT,q2-10q,1 | 10 | 2025. ,"The following important factors and uncertainties, among others, could cause actual results to differ materially from those described in the forward-looking statements: economic, political, legal and regulatory uncertainty or conflicts; recently announced and future tariffs and other trade restrictions; changes in export classifications, import and export regulations or duties and tariffs; changes",challenge/offline-data/analog-devices/filings/2026-05-20__adi-us-20260520-q2-10q__1040607.md,818
Analog Devices,ADI,2026-05-20,FY2026Q2,STRUCTURED_RESULT,q2-10q,"2,  | 2026, ","R&amp;D expenses increased in the three- and six-month periods ended May 2, 2026, as compared to the same periods of the prior fiscal year, primarily as a result of higher R&amp;D employee-related variable compensation expenses. R&amp;D expenses declined as a percentage of revenue, primarily reflecting higher revenue levels and improved operating leverage. We expect to continue the development of ",challenge/offline-data/analog-devices/filings/2026-05-20__adi-us-20260520-q2-10q__1040607.md,926
Analog Devices,ADI,2026-05-20,FY2026Q2,STRUCTURED_RESULT,q2-10q,"2,  | 2026,  | 3.4 billion | 2.2 billion","At May 2, 2026, our principal source of liquidity was $3.4 billion of cash, cash equivalents and short-term investments, of which approximately $2.2 billion was held in the United States, and the balance of which was held outside the United States in various foreign subsidiaries. We manage our worldwide cash requirements by, among other things, reviewing available funds held by our foreign subsidi",challenge/offline-data/analog-devices/filings/2026-05-20__adi-us-20260520-q2-10q__1040607.md,974
Analog Devices,ADI,2026-05-20,FY2026Q2,STRUCTURED_RESULT,q2-10q,"2,  | 2026,  | 26.7 billion | 8.5 billion","As of May 2, 2026, our Board of Directors had authorized us to repurchase an aggregate of $26.7 billion of our common stock under our common stock repurchase program and $8.5 billion remained available for repurchases under the current authorized program. Repurchased shares are held as authorized but unissued shares of common stock. Unless terminated earlier by resolution of our Board of Directors",challenge/offline-data/analog-devices/filings/2026-05-20__adi-us-20260520-q2-10q__1040607.md,1059
Analog Devices,ADI,2026-05-20,FY2026Q2,STRUCTURED_RESULT,q2-10q,247.0 million | 2026.  | 2026  | 4% | 6% | 2026 ,"Net additions to property, plant and equipment were $247.0 million in the first six months of fiscal 2026. We expect capital expenditures for fiscal 2026 to be between approximately 4% and 6% of fiscal 2026 revenue. These capital expenditures will be funded with a combination of cash on hand and cash expected to be generated from future operations, together with existing and anticipated available ",challenge/offline-data/analog-devices/filings/2026-05-20__adi-us-20260520-q2-10q__1040607.md,1063
Analog Devices,ADI,2026-05-20,FY2026Q2,STRUCTURED_RESULT,q2-10q,"19,  | 2026,  | 1.10  | 16,  | 2026  | 2, ","On May 19, 2026, our Board of Directors declared a cash dividend of $1.10 per outstanding share of common stock. The dividend will be paid on June 16, 2026 to all shareholders of record at the close of business on June 2, 2026 and is expected to total approximately $535.8 million. We currently expect quarterly dividends to continue in future periods, although they remain subject to determination a",challenge/offline-data/analog-devices/filings/2026-05-20__adi-us-20260520-q2-10q__1040607.md,1067
Analog Devices,ADI,2026-05-20,FY2026Q2,STRUCTURED_RESULT,q2-8k,2,"""We continued to see growing demand in the second quarter with record bookings across our B2B markets of Industrial, Automotive, and Communications,"" said Richard Puccio, CFO. ""These positive demand signals are reflected in our outlook for continued strong growth in the third quarter.""",challenge/offline-data/analog-devices/filings/2026-05-20__adi-us-20260520-q2-8k-2__1040614.md,73
Analog Devices,ADI,2026-05-20,FY2026Q2,STRUCTURED_RESULT,q2-8k,2026,## Outlook for the Third Quarter of Fiscal Year 2026,challenge/offline-data/analog-devices/filings/2026-05-20__adi-us-20260520-q2-8k-2__1040614.md,116
Analog Devices,ADI,2026-05-20,FY2026Q2,STRUCTURED_RESULT,q2-8k,"2026,  | 3.9 billion | 100 million | 39.0% | -150 bps | 49.0%","For the third quarter of fiscal 2026, we are forecasting revenue of $3.9 billion, +/- $100 million. At the midpoint of this revenue outlook, we expect reported operating margin of approximately 39.0%, +/-150 bps, and adjusted operating margin of approximately 49.0%, +/-100 bps. We are planning for reported EPS to be $2.60, +/-$0.15, and adjusted EPS to be $3.30, +/-$0.15.",challenge/offline-data/analog-devices/filings/2026-05-20__adi-us-20260520-q2-8k-2__1040614.md,118
Analog Devices,ADI,2026-05-20,FY2026Q2,STRUCTURED_RESULT,q2-8k,2026  | 2026 ,"Our third quarter fiscal 2026 outlook is based on current expectations and actual results may differ materially as a result of, among other things, the important factors discussed at the end of this release. The statements about our third quarter fiscal 2026 outlook supersede all prior statements regarding our business outlook set forth in prior ADI news releases, and ADI disclaims any obligation ",challenge/offline-data/analog-devices/filings/2026-05-20__adi-us-20260520-q2-8k-2__1040614.md,120
Analog Devices,ADI,2026-05-20,FY2026Q2,STRUCTURED_RESULT,q2-8k,2026  | 10 | 00 ,"ADI will host a conference call to discuss our second quarter fiscal 2026 results and short-term outlook today, beginning at 10:00 am ET. Investors may join via webcast, accessible at investor.analog.com.",challenge/offline-data/analog-devices/filings/2026-05-20__adi-us-20260520-q2-8k-2__1040614.md,130
Analog Devices,ADI,2026-05-20,FY2026Q2,STRUCTURED_RESULT,q2-8k,10,"This press release contains forward-looking statements, which address a variety of subjects including, for example, our statements regarding future financial performance; impacts related to tariffs and other trade restrictions; economic uncertainty; macroeconomic, geopolitical, demand and other market conditions, business cycles, and supply chains; our capital allocation strategy, including future",challenge/offline-data/analog-devices/filings/2026-05-20__adi-us-20260520-q2-8k-2__1040614.md,170
Analog Devices,ADI,2026-05-20,FY2026Q2,STRUCTURED_RESULT,q2-8k,2,"""We continued to see growing demand in the second quarter with record bookings across our B2B markets of Industrial, Automotive, and Communications,"" said Richard Puccio, CFO. ""These positive demand signals are reflected in our outlook for continued strong growth in the third quarter.""",challenge/offline-data/analog-devices/filings/2026-05-20__adi-us-20260520-q2-8k__1040581.md,29
Analog Devices,ADI,2026-05-20,FY2026Q2,STRUCTURED_RESULT,q2-8k,2026,Outlook for the Third Quarter of Fiscal Year 2026,challenge/offline-data/analog-devices/filings/2026-05-20__adi-us-20260520-q2-8k__1040581.md,69
Analog Devices,ADI,2026-05-20,FY2026Q2,STRUCTURED_RESULT,q2-8k,"2026,  | 3.9 billion | 100 million | 39.0% | -150 bps | 49.0%","For the third quarter of fiscal 2026, we are forecasting revenue of $3.9 billion, +/- $100 million. At the midpoint of this revenue outlook, we expect reported operating margin of approximately 39.0%, +/-150 bps, and adjusted operating margin of approximately 49.0%, +/-100 bps. We are planning for reported EPS to be $2.60, +/-$0.15, and adjusted EPS to be $3.30, +/-$0.15.",challenge/offline-data/analog-devices/filings/2026-05-20__adi-us-20260520-q2-8k__1040581.md,71
Analog Devices,ADI,2026-05-20,FY2026Q2,STRUCTURED_RESULT,q2-8k,2026  | 2026 ,"Our third quarter fiscal 2026 outlook is based on current expectations and actual results may differ materially as a result of, among other things, the important factors discussed at the end of this release. The statements about our third quarter fiscal 2026 outlook supersede all prior statements regarding our business outlook set forth in prior ADI news releases, and ADI disclaims any obligation ",challenge/offline-data/analog-devices/filings/2026-05-20__adi-us-20260520-q2-8k__1040581.md,73
Analog Devices,ADI,2026-05-20,FY2026Q2,STRUCTURED_RESULT,q2-8k,2026  | 10 | 00 ,"ADI will host a conference call to discuss our second quarter fiscal 2026 results and short-term outlook today, beginning at 10:00 am ET. Investors may join via webcast, accessible at investor.analog.com.",challenge/offline-data/analog-devices/filings/2026-05-20__adi-us-20260520-q2-8k__1040581.md,83
Analog Devices,ADI,2026-05-20,FY2026Q2,STRUCTURED_RESULT,q2-8k,10,"This press release contains forward-looking statements, which address a variety of subjects including, for example, our statements regarding future financial performance; impacts related to tariffs and other trade restrictions; economic uncertainty; macroeconomic, geopolitical, demand and other market conditions, business cycles, and supply chains; our capital allocation strategy, including future",challenge/offline-data/analog-devices/filings/2026-05-20__adi-us-20260520-q2-8k__1040581.md,129
Analog Devices,ADI,2026-02-18,FY2026Q1,EARNINGS_CALL,call-pres,100% | 11% | 2026 ,"Unknown speaker: At the same time, we remain committed to returning 100% of our free cash flow to shareholders over the long term, and I'm pleased to share that we just announced an 11% increase to this year's dividend, extending our impressive track record of annual dividend growth and reinforcing our focus on delivering consistent shareholder returns. Looking ahead, a strong second quarter outlo",challenge/offline-data/analog-devices/call-transcripts/2026-02-18__adi-us-20260218-call-pres__602364.md,21
Analog Devices,ADI,2026-02-18,FY2026Q1,EARNINGS_CALL,call-pres,"20% | 40% | 2025  | 2026, ","Unknown speaker: Over our history, we have prided ourselves on our ability to sense the early signals of emerging trends and to invest aggressively to ensure leadership as those trends proliferate. Artificial intelligence is a good case in point. Our investments, targeting solutions for AI's massive performance requirements, are generating substantial returns in two distinct parts of ADI, our auto",challenge/offline-data/analog-devices/call-transcripts/2026-02-18__adi-us-20260218-call-pres__602364.md,23
Analog Devices,ADI,2026-02-18,FY2026Q1,EARNINGS_CALL,call-pres,3.16 billion | 3% | 30% | 47% | 5% | 38%,"Unknown speaker: Thank you, Vince. And let me add my welcome to our first quarter earnings call. Revenue in the first quarter came in toward the higher end of our outlook at $3.16 billion, growing 3% sequentially and 30% year-over-year. Industrial represented 47% of our first quarter revenue, finishing up 5% sequentially and 38% year-over-year. Strength was broad-based, with all segments deliverin",challenge/offline-data/analog-devices/call-transcripts/2026-02-18__adi-us-20260218-call-pres__602364.md,37
Analog Devices,ADI,2026-02-18,FY2026Q1,EARNINGS_CALL,call-pres,13% | 2% | 27% | 71.2% | 140  | 240 ,"Unknown speaker: Accelerating year-over-year growth was led by our data center business, as increasing investments in AI infrastructure continue to drive robust demand for our optical and power portfolios. Wireless also recorded accelerated growth, driven by cyclical improvements, and has now grown double digits for three consecutive quarters. And lastly, consumer represented 13% of quarterly reve",challenge/offline-data/analog-devices/call-transcripts/2026-02-18__adi-us-20260218-call-pres__602364.md,39
Analog Devices,ADI,2026-02-18,FY2026Q1,EARNINGS_CALL,call-pres,812 million | 45.5% | 200  | 500  | 53 million | 2.46,"Unknown speaker: OpEx in the quarter was $812 million, resulting in an operating margin of 45.5%, above the high end of our guidance, up 200 basis points sequentially and 500 basis points year-over-year. Non-operating expenses were $53 million, and the tax rate for the quarter was twelve point seven percent. All told, EPS was $2.46, up 9% sequentially and 51% year-over-year. Now I'd like to highli",challenge/offline-data/analog-devices/call-transcripts/2026-02-18__adi-us-20260218-call-pres__602364.md,41
Analog Devices,ADI,2026-02-18,FY2026Q1,EARNINGS_CALL,call-pres,5.1 billion | 0.5 billion | 2026  | 4% | -6% | 4.6 billion,"Unknown speaker: We are continuing to build die bank and finished goods buffers to help support the upsides we are seeing, while balancing a strategically leaner, leaner channel position. Over the trailing twelve months, operating cash flow and CapEx were $5.1 billion and $0.5 billion, respectively. We continue to expect fiscal 2026 CapEx to be, to be within our long-term model of 4%-6% of revenue",challenge/offline-data/analog-devices/call-transcripts/2026-02-18__adi-us-20260218-call-pres__602364.md,43
Analog Devices,ADI,2026-02-18,FY2026Q1,EARNINGS_CALL,call-pres,"2004,  | 32 billion | 2021,  | 100% | 22 | 11%","Unknown speaker: To that end, since the inception of our capital return program in 2004, we have returned more than $32 billion to shareholders via dividends and share repurchases. Since our Maximum acquisition in 2021, we have returned more than 100% of free cash flow to our shareholders. As Vince mentioned, yesterday, we announced our 22nd consecutive annual dividend increase, raising the quarte",challenge/offline-data/analog-devices/call-transcripts/2026-02-18__adi-us-20260218-call-pres__602364.md,45
Analog Devices,ADI,2026-02-18,FY2026Q1,EARNINGS_CALL,call-pres,11% | 13% | 2.88 | 0.15,"Unknown speaker: Our tax rate is expected to be between 11% and 13%, and based on these inputs, adjusted EPS is expected to be $2.88, +-$0.15. In closing, our strong first quarter performance and favorable second quarter outlook underscores ADI's disciplined execution and the growing momentum we are seeing with customers across our end markets. While the macro backdrop remains fluid, demand indica",challenge/offline-data/analog-devices/call-transcripts/2026-02-18__adi-us-20260218-call-pres__602364.md,47
Analog Devices,ADI,2026-02-18,FY2026Q1,EARNINGS_CALL,call-qna,"2  | 4% | 5% | 11% | 2,  | 20%","Unknown speaker: Sure, Jim. Thanks for the question. You know, so obviously Q2 is our strongest sequential quarter, normally up in the mid-single digits, 4% or 5%. And our outlook, which embeds sell-in equal to sell-through, reflects about an 11% sequential growth, implying you know, obviously significantly above seasonal growth. You know, by end market, as we look out for Q2, what we expect to se",challenge/offline-data/analog-devices/call-transcripts/2026-02-18__adi-us-20260218-call-qna__602365.md,17
Analog Devices,ADI,2026-02-18,FY2026Q1,EARNINGS_CALL,call-qna,"2, ","Unknown speaker: Again, we, as we've talked about now, at the AI surge for data center and the wireless cyclical recovery are both thriving. You know, from an auto perspective, we do expect that to be flat to down sequentially, a bit below seasonal, and this is, as we've talked about, largely due to the tariff and macro, pull-in unwind that we've been talking about since the second and third quart",challenge/offline-data/analog-devices/call-transcripts/2026-02-18__adi-us-20260218-call-qna__602365.md,19
Analog Devices,ADI,2026-02-18,FY2026Q1,EARNINGS_CALL,call-qna,"1 | 71.2% | 1,  | 2  | 100  | 150 ","Unknown speaker: Thanks, Stacy. I'll start. I'll go through the GM question first. So obviously, as you saw in the post, Q1's gross margin was 71.2%. This was higher than expected on better mix, stronger utilization, and then a few items that we did not forecast. During Q1, you know, we've gotten closer to our optimal utilization level. So as we look out, we expect only to see modest upside from u",challenge/offline-data/analog-devices/call-transcripts/2026-02-18__adi-us-20260218-call-qna__602365.md,29
Analog Devices,ADI,2026-02-18,FY2026Q1,EARNINGS_CALL,call-qna,"50  | 3,  | 50  | 1  | 2, ","Unknown speaker: And again, the expected increase here is driven by favorable mix and uplift from price, which includes 50 basis points that will not repeat in Q3, since it relates to the one-time effect of repricing our inventory in the channel. So you know, you would expect us not to see that same 50 basis points recur. On the operating margin side, you know, for us, Q1 was roughly in line with ",challenge/offline-data/analog-devices/call-transcripts/2026-02-18__adi-us-20260218-call-qna__602365.md,31
Analog Devices,ADI,2026-02-18,FY2026Q1,EARNINGS_CALL,call-qna,"200  | 2,  | 47.5%","Unknown speaker: But we will see OpEx as a percent of revenue fall. And with the expected growth in gross margin, we see about 200 basis points of sequential improvement in Q2, so 47.5% at the midpoint. And, you know, for the full year, we continue to expect OpEx growth to trail revenue growth, growth by roughly half. You know, one of the things--",challenge/offline-data/analog-devices/call-transcripts/2026-02-18__adi-us-20260218-call-qna__602365.md,33
Analog Devices,ADI,2026-02-18,FY2026Q1,EARNINGS_CALL,call-qna,10% | -12%,"Unknown speaker: Thanks a lot. You had been thinking that you're shipping about 10%-12% below consumption. Where do you see that in the guidance for April? And then, do you think by the end of the year, if you're sort of, you know, seasonal plus, you know, through the fiscal year, will you be shipping to consumption by the end of the year?",challenge/offline-data/analog-devices/call-transcripts/2026-02-18__adi-us-20260218-call-qna__602365.md,97
Analog Devices,ADI,2026-02-18,FY2026Q1,EARNINGS_CALL,call-qna,"2024  | 2025, ","Unknown speaker: Thanks, Tim. I'll take that one. So, you know, as we've talked about, if you look at that longer term trend line, you know, where we've been shipping well under in 2024 and 2025, you know, our sense now is customers are through that digestion phase and are essentially ordering to consumption. And we think that's broadly true across the end markets, but, you know, there, there's pr",challenge/offline-data/analog-devices/call-transcripts/2026-02-18__adi-us-20260218-call-qna__602365.md,99
Analog Devices,ADI,2026-02-18,FY2026Q1,EARNINGS_CALL,call-qna,20% | 20% | 30%,"Unknown speaker: Adding to that is our strength in ATE and Aerospace and Defense, which as we've talked about, is about a third of our industrial, each of which are continuing to achieve new highs. And given that momentum in bookings and backlog, we don't see this trend stopping. As for the other two-thirds of industrial, we're still 20% below previous peaks, so we've got plenty of room to go as t",challenge/offline-data/analog-devices/call-transcripts/2026-02-18__adi-us-20260218-call-qna__602365.md,111
Analog Devices,ADI,2026-02-18,FY2026Q1,EARNINGS_CALL,call-qna,2025.,"Unknown speaker: Sure. I'll give a little bit of context and then what we think we're seeing and what we've got it baked into our guide. You know, obviously, this has been a really strong growth market for us. We've been growing double digits through the cycle, particularly as we've gained you know content and share in particularly in our connectivity and power for the ADAS systems. And as we've t",challenge/offline-data/analog-devices/call-transcripts/2026-02-18__adi-us-20260218-call-qna__602365.md,133
Analog Devices,ADI,2026-02-18,FY2026Q1,EARNINGS_CALL,call-qna,20%,"Unknown speaker: Hi, guys. I just wanted to dive back into the industrial side, guiding up 20%. I can't remember you guys ever, unless it was a Maxim or Linear quarter, guiding that business up. So how much of that is ASPs, and how much of it is secular and how much is cyclical? Any sort of breakdown on that would be helpful.",challenge/offline-data/analog-devices/call-transcripts/2026-02-18__adi-us-20260218-call-qna__602365.md,145
Analog Devices,ADI,2026-02-18,FY2026Q1,EARNINGS_CALL,call-qna,"2,  | 2  | 2  | 7% | 11% | 4%","Unknown speaker: Yeah. So obviously, yeah, as you heard us talk about the pricing adjustments that we made with our channel partners that went into effect at the start of Q2, I would add a couple of things. We are also largely through our annual negotiation with our direct customers, so our Q2 results should reflect the full scope of our recent pricing actions. And the way to think about it, just ",challenge/offline-data/analog-devices/call-transcripts/2026-02-18__adi-us-20260218-call-qna__602365.md,163
Analog Devices,ADI,2026-02-18,FY2026Q1,EARNINGS_CALL,call-qna,3.  | 50  | 3  | 4 ,"Unknown speaker: And importantly, as I mentioned, roughly half of the price lift relates to repricing of channel inventory, which will not repeat in Q3. You know, the other thing I would just to help you out as you think going forward, you know, I think that we would expect about 50 basis points of incremental growth in each of Q3 and Q4 related to price. So it's, you know, over the full period, i",challenge/offline-data/analog-devices/call-transcripts/2026-02-18__adi-us-20260218-call-qna__602365.md,165
Analog Devices,ADI,2026-02-18,FY2026Q1,STRUCTURED_RESULT,q1-10q,"10 | 1,  | 2025  | 2025 | 31,  | 2026 ","In the opinion of management, the information furnished in the accompanying condensed consolidated financial statements reflects all normal recurring adjustments that are necessary to fairly state the results for these interim periods and should be read in conjunction with Analog Devices, Inc.'s (the Company) Annual Report on Form 10-K for the fiscal year ended November 1, 2025 (fiscal 2025) and r",challenge/offline-data/analog-devices/filings/2026-02-18__adi-us-20260218-q1-10q__602087.md,389
Analog Devices,ADI,2026-02-18,FY2026Q1,STRUCTURED_RESULT,q1-10q,"2025,  | 2018  | 2019,  | 267.0 million | 2018  | 2019 ","During fiscal 2025, the Company received an assessment from the U.S. Internal Revenue Service (IRS) for fiscal 2018 and fiscal 2019, totaling approximately $267.0 million. The assessment excludes any penalties and interest. The assessment pertains to transfer pricing arrangements between the Company and one of its wholly-owned foreign subsidiaries. The Company firmly disagrees with this assessment",challenge/offline-data/analog-devices/filings/2026-02-18__adi-us-20260218-q1-10q__602087.md,657
Analog Devices,ADI,2026-02-18,FY2026Q1,STRUCTURED_RESULT,q1-10q,"2023,  | 2023 | -09,  | 740 | 2023 | -09 ","In December 2023, the FASB issued ASU 2023-09, Income Taxes (Topic 740): Improvements to Income Tax Disclosures . ASU 2023-09 requires the disaggregation of information in existing income tax disclosures related to the effective tax rate reconciliation and income taxes paid. ASU 2023-09 is effective for fiscal years beginning after December 15, 2024, with early adoption permitted. The Company adop",challenge/offline-data/analog-devices/filings/2026-02-18__adi-us-20260218-q1-10q__602087.md,665
Analog Devices,ADI,2026-02-18,FY2026Q1,STRUCTURED_RESULT,q1-10q,"2024,  | 2024 | -03,  | 2024 | -03  | 15, ","In November 2024, the FASB issued ASU 2024-03, Disaggregation of Income Statement Expenses , requiring public companies to disaggregate key expense categories such as inventory purchases, employee compensation and depreciation in their financial statements. This aims to improve investor insights into company performance. ASU 2024-03 is effective for fiscal years beginning after December 15, 2026, ",challenge/offline-data/analog-devices/filings/2026-02-18__adi-us-20260218-q1-10q__602087.md,671
Analog Devices,ADI,2026-02-18,FY2026Q1,STRUCTURED_RESULT,q1-10q,"17,  | 2026,  | 1.10  | 17,  | 2026  | 3, ","On February 17, 2026, the Board of Directors of the Company declared a cash dividend of $1.10 per outstanding share of common stock. The dividend will be paid on March 17, 2026 to all shareholders of record at the close of business on March 3, 2026 and is expected to total approximately $537.0 million.",challenge/offline-data/analog-devices/filings/2026-02-18__adi-us-20260218-q1-10q__602087.md,675
Analog Devices,ADI,2026-02-18,FY2026Q1,STRUCTURED_RESULT,q1-10q,10 | 1995  | 1933  | 1934. ,"This Quarterly Report on Form 10-Q, including the following discussion, contains forward-looking statements regarding future events and our future results that are subject to the safe harbor created under the Private Securities Litigation Reform Act of 1995 and other safe harbors under the Securities Act of 1933 and the Securities Exchange Act of 1934. All statements other than statements of histo",challenge/offline-data/analog-devices/filings/2026-02-18__adi-us-20260218-q1-10q__602087.md,683
Analog Devices,ADI,2026-02-18,FY2026Q1,STRUCTURED_RESULT,q1-10q,1 | 10 | 2025. ,"The following important factors and uncertainties, among others, could cause actual results to differ materially from those described in the forward-looking statements: economic, political, legal and regulatory uncertainty or conflicts; recently announced and future tariffs and other trade restrictions; changes in export classifications, import and export regulations or duties and tariffs; changes",challenge/offline-data/analog-devices/filings/2026-02-18__adi-us-20260218-q1-10q__602087.md,685
Analog Devices,ADI,2026-02-18,FY2026Q1,STRUCTURED_RESULT,q1-10q,"31,  | 2026, ","R&amp;D expenses increased in the three-month period ended January 31, 2026, as compared to the same period of the prior fiscal year, primarily as a result of higher R&amp;D employee-related variable compensation expenses. R&amp;D expenses as a percentage of revenue will fluctuate from year-to-year depending on the amount of revenue and the success of new product development efforts, which we view",challenge/offline-data/analog-devices/filings/2026-02-18__adi-us-20260218-q1-10q__602087.md,760
Analog Devices,ADI,2026-02-18,FY2026Q1,STRUCTURED_RESULT,q1-10q,"31,  | 2026,  | 4.0 billion | 2.3 billion","At January 31, 2026, our principal source of liquidity was $4.0 billion of cash, cash equivalents and short-term investments, of which approximately $2.3 billion was held in the United States, and the balance of which was held outside the United States in various foreign subsidiaries. We manage our worldwide cash requirements by, among other things, reviewing available funds held by our foreign su",challenge/offline-data/analog-devices/filings/2026-02-18__adi-us-20260218-q1-10q__602087.md,815
Analog Devices,ADI,2026-02-18,FY2026Q1,STRUCTURED_RESULT,q1-10q,"31,  | 2026,  | 26.7 billion | 9.1 billion","As of January 31, 2026, our Board of Directors had authorized us to repurchase an aggregate of $26.7 billion of our common stock under our common stock repurchase program and $9.1 billion remained available for repurchases under the current authorized program. Repurchased shares are held as authorized but unissued shares of common stock. Unless terminated earlier by resolution of our Board of Dire",challenge/offline-data/analog-devices/filings/2026-02-18__adi-us-20260218-q1-10q__602087.md,896
Analog Devices,ADI,2026-02-18,FY2026Q1,STRUCTURED_RESULT,q1-10q,109.3 million | 2026.  | 2026  | 4% | 6% | 2026 ,"Net additions to property, plant and equipment were $109.3 million in the first three months of fiscal 2026. We expect capital expenditures for fiscal 2026 to be between approximately 4% and 6% of fiscal 2026 revenue. These capital expenditures will be funded with a combination of cash on hand and cash expected to be generated from future operations, together with existing and anticipated availabl",challenge/offline-data/analog-devices/filings/2026-02-18__adi-us-20260218-q1-10q__602087.md,900
Analog Devices,ADI,2026-02-18,FY2026Q1,STRUCTURED_RESULT,q1-10q,"17,  | 2026,  | 1.10  | 17,  | 2026  | 3, ","On February 17, 2026, our Board of Directors declared a cash dividend of $1.10 per outstanding share of common stock. The dividend will be paid on March 17, 2026 to all shareholders of record at the close of business on March 3, 2026 and is expected to total approximately $537.0 million. We currently expect quarterly dividends to continue in future periods, although they remain subject to determin",challenge/offline-data/analog-devices/filings/2026-02-18__adi-us-20260218-q1-10q__602087.md,904
Analog Devices,ADI,2026-02-18,FY2026Q1,STRUCTURED_RESULT,q1-10q,7. ,"7. (f) the Option and any Option Shares acquired under the Plan, and the income and value of same, are not part of normal or expected compensation or  salary  for  any  purposes,  including,  but  not  limited  to,  calculating  any  severance,  resignation,  termination,  redundancy,  dismissal,  end  of service payments, bonuses, long-service awards, holiday pay, pension or retirement or welfare",challenge/offline-data/analog-devices/filings/2026-02-18__adi-us-20260218-q1-10q__602087.md,1064
Analog Devices,ADI,2026-02-18,FY2026Q1,STRUCTURED_RESULT,q1-10q,9,"- (c) Exclusion from Termination Indemnities and Other Benefits. This Section 9(c) applies if the Participant resides outside the U.S.: The value of the RSUs and any other awards granted under the Plan is an extraordinary item of compensation outside the scope of the Participant's employment with the Company or the Employer (and the Participant's employment contract, if any). Any grant under the P",challenge/offline-data/analog-devices/filings/2026-02-18__adi-us-20260218-q1-10q__602087.md,2025
Analog Devices,ADI,2026-02-18,FY2026Q1,STRUCTURED_RESULT,q1-10q,9,"- (c) Exclusion from Termination Indemnities and Other Benefits. This Section 9(c) applies if the Participant resides outside the U.S.: The value of the Performance RSUs and any other awards granted under the Plan is an extraordinary item of compensation outside the scope of the Participant's employment with the Company or the Employer (and the Participant's employment contract, if any). Any grant",challenge/offline-data/analog-devices/filings/2026-02-18__adi-us-20260218-q1-10q__602087.md,3347
Analog Devices,ADI,2026-02-18,FY2026Q1,STRUCTURED_RESULT,q1-10q,9,"- (c) Exclusion from Termination Indemnities and Other Benefits. This Section 9(c) applies if the Participant resides outside the U.S.: The value of the Performance RSUs and any other awards granted under the Plan is an extraordinary item of compensation outside the scope of the Participant's employment with the Company or the Employer (and the Participant's employment contract, if any). Any grant",challenge/offline-data/analog-devices/filings/2026-02-18__adi-us-20260218-q1-10q__602087.md,4415
Analog Devices,ADI,2026-02-18,FY2026Q1,STRUCTURED_RESULT,q1-8k,2026,## Outlook for the Second Quarter of Fiscal Year 2026,challenge/offline-data/analog-devices/filings/2026-02-18__adi-us-20260218-q1-8k-2__602115.md,93
Analog Devices,ADI,2026-02-18,FY2026Q1,STRUCTURED_RESULT,q1-8k,"2026,  | 3.5 billion | 100 million | 36.4% | -150 bps | 47.5%","For the second quarter of fiscal 2026, we are forecasting revenue of $3.5 billion, +/- $100 million. At the midpoint of this revenue outlook, we expect reported operating margin of approximately 36.4%, +/-150 bps, and adjusted operating margin of approximately 47.5%, +/-100 bps. We are planning for reported EPS to be $2.19, +/-$0.15, and adjusted EPS to be $2.88, +/-$0.15.",challenge/offline-data/analog-devices/filings/2026-02-18__adi-us-20260218-q1-8k-2__602115.md,95
Analog Devices,ADI,2026-02-18,FY2026Q1,STRUCTURED_RESULT,q1-8k,2026  | 2026 ,"Our second quarter fiscal 2026 outlook is based on current expectations and actual results may differ materially as a result of, among other things, the important factors discussed at the end of this release. The statements about our second quarter fiscal 2026 outlook supersede all prior statements regarding our business outlook set forth in prior ADI news releases, and ADI disclaims any obligatio",challenge/offline-data/analog-devices/filings/2026-02-18__adi-us-20260218-q1-8k-2__602115.md,97
Analog Devices,ADI,2026-02-18,FY2026Q1,STRUCTURED_RESULT,q1-8k,2026  | 10 | 00 ,"ADI will host a conference call to discuss our first quarter fiscal 2026 results and short-term outlook today, beginning at 10:00 am ET. Investors may join via webcast, accessible at investor.analog.com.",challenge/offline-data/analog-devices/filings/2026-02-18__adi-us-20260218-q1-8k-2__602115.md,107
Analog Devices,ADI,2026-02-18,FY2026Q1,STRUCTURED_RESULT,q1-8k,10,"This press release contains forward-looking statements, which address a variety of subjects including, for example, our statements regarding future financial performance; impacts related to tariffs and other trade restrictions; economic uncertainty; macroeconomic, geopolitical, demand and other market conditions, business cycles, and supply chains; our capital allocation strategy, including future",challenge/offline-data/analog-devices/filings/2026-02-18__adi-us-20260218-q1-8k-2__602115.md,149
Analog Devices,ADI,2025-11-25,FY2025Q4,EARNINGS_CALL,call-q4-pres,"2025,  | 20% | 2025.  | 4 billion | 39% | 4 billion","Unknown speaker: Thanks, Jeff. Good morning, everyone. Our fourth quarter results reflect the ongoing business recovery, with continued growth in revenue and earnings per share, both of which finished above the midpoint of our outlook. Now widening the aperture to our full fiscal 2025, revenue accelerated throughout the year and returned to meaningful growth despite the persistent macro and geopol",challenge/offline-data/analog-devices/call-transcripts/2025-11-25__adi-us-20251125-call-q4-pres-3__361121.md,19
Analog Devices,ADI,2025-11-25,FY2025Q4,EARNINGS_CALL,call-q4-pres,"2026  | 4,  | 2025, ","Unknown speaker: For example, the exponential growth in demand for AI and high-performance compute drove a record year in our Automatic Test Equipment business, building upon and extending our strong position in the SoC and memory test markets. We anticipate further growth in FY 2026 due to our expanding design pipeline, industry transitions to HBM4, and expected double-digit growth in hyperscaler",challenge/offline-data/analog-devices/call-transcripts/2025-11-25__adi-us-20251125-call-q4-pres-3__361121.md,25
Analog Devices,ADI,2025-11-25,FY2025Q4,EARNINGS_CALL,call-q4-pres,2026.  | 2026 ,"Unknown speaker: Within healthcare, the proliferation of Robot-Assisted Surgical systems represents a vibrant vector of growth alongside our imaging and diagnostic segments. Additionally, we expect growing demand for our suite of diabetes management solutions to continue to contribute to growth in fiscal year 2026. Energy was our fastest-growing industrial segment this past year, driven by high de",challenge/offline-data/analog-devices/call-transcripts/2025-11-25__adi-us-20251125-call-q4-pres-3__361121.md,27
Analog Devices,ADI,2025-11-25,FY2025Q4,EARNINGS_CALL,call-q4-pres,"2025  | 11 billion | 17% | 2024,  | 69.3% | 140 ","Unknown speaker: Thank you, Vince. Let me add my welcome to our fourth quarter earnings call. I'll start with a brief overview of our full fiscal 2025 financial performance. Revenue for the year came in at just over $11 billion, up 17% from fiscal 2024, with double-digit growth across all end markets. Gross margin finished at 69.3%, up 140 basis points driven by higher utilizations. Operating marg",challenge/offline-data/analog-devices/call-transcripts/2025-11-25__adi-us-20251125-call-q4-pres-3__361121.md,37
Analog Devices,ADI,2025-11-25,FY2025Q4,EARNINGS_CALL,call-q4-pres,15% | 28% | 1% | 19% | 16% | 2,"Unknown speaker: The stronger-than-seasonal results underpins the cyclical momentum we see across industrial, as well as the secular growth unfolding in AI infrastructure, which drove record quarter for our ATE business. For the full year, industrial increased 15% with growth across every major application, including record years for Aerospace and Defense and ATE. Automotive represented 28% of qua",challenge/offline-data/analog-devices/call-transcripts/2025-11-25__adi-us-20251125-call-q4-pres-3__361121.md,39
Analog Devices,ADI,2025-11-25,FY2025Q4,EARNINGS_CALL,call-q4-pres,1 billion | 50% | 26% | 13% | 7% | 19%,"Unknown speaker: Our data center segment surpassed a $1 billion run rate this quarter and, on a year-over-year basis, has now grown more than 50% for three consecutive quarters, fueled by continued strength in the AI infrastructure market. Wireless revenue was up double digits year-over-year for the second straight quarter, owing to improving cyclical dynamics. For the full year, communications wa",challenge/offline-data/analog-devices/call-transcripts/2025-11-25__adi-us-20251125-call-q4-pres-3__361121.md,41
Analog Devices,ADI,2025-11-25,FY2025Q4,EARNINGS_CALL,call-q4-pres,2025  | 4.8 billion | 0.5 billion | 4.3 billion | 39% | 33%,"Unknown speaker: Channel inventory increased but remains lean at approximately six weeks. Fiscal 2025 operating cash flow and CapEx were $4.8 billion and $0.5 billion, respectively, resulting in record free cash flow of $4.3 billion, or 39% of revenue, up from 33% in 2024. In total, we returned $4.1 billion to shareholders through dividends and share repurchases. As a reminder, we target 100% free",challenge/offline-data/analog-devices/call-transcripts/2025-11-25__adi-us-20251125-call-q4-pres-3__361121.md,45
Analog Devices,ADI,2025-11-25,FY2025Q4,EARNINGS_CALL,call-q4-pres,1  | 4.  | 1.  | 1  | 12% | -13%,"Unknown speaker: Thank you for taking my question. I had a near and a medium term. On the near term, I think you're guiding Q1 slightly up, which is a little bit above seasonal. I was hoping you could give us some color by segment where you are seeing the strength, because I do think industrial was slightly below what you had thought in Q4. Just any dynamics going into Q1. If we zoom out, Vince, I",challenge/offline-data/analog-devices/call-transcripts/2025-11-25__adi-us-20251125-call-q4-pres-3__361121.md,53
Analog Devices,ADI,2025-11-25,FY2025Q4,EARNINGS_CALL,call-q4-pres,"1,  | 10%","Unknown speaker: Vivek, I'll take the first part of your question. Q1, which is our weakest sequential quarter with normal seasonality, typically down mid-single digits. Our outlook is for up slightly quarter over quarter, reflects our seventh straight quarter of above seasonal growth. Another key point is, additionally, our outlook assumes sell-in and sell-through are equal. From an end market co",challenge/offline-data/analog-devices/call-transcripts/2025-11-25__adi-us-20251125-call-q4-pres-3__361121.md,57
Analog Devices,ADI,2025-11-25,FY2025Q4,EARNINGS_CALL,call-q4-pres,4  | 4.  | 1 ,"Unknown speaker: Given this, we did approach Q4 with some caution and expected to see, I think I said on the last call, we thought we'd see some of this pre-buying unwind in the fourth quarter. That did not appear to happen to us. Our results were fairly seasonal, and bookings were normal with a book-to-build just below one, which is actually pretty typical for Q4. We are still being a bit cautiou",challenge/offline-data/analog-devices/call-transcripts/2025-11-25__adi-us-20251125-call-q4-pres-3__361121.md,73
Analog Devices,ADI,2025-11-25,FY2025Q4,EARNINGS_CALL,call-q4-pres,70% | 3 billion | 70% | 70%,"Unknown speaker: Hi guys. Thanks for taking my question. I wanted to ask about gross margins. You sort of talked about being at 70% gross margins, around $3 billion. You're sitting over there, and you're still, I mean, even in the quarter, you came in a little below 70%. As far as I can tell, the guidance implies gross margins relatively flattish around that 70% range. You can let me know if that'",challenge/offline-data/analog-devices/call-transcripts/2025-11-25__adi-us-20251125-call-q4-pres-3__361121.md,81
Analog Devices,ADI,2025-11-25,FY2025Q4,EARNINGS_CALL,call-q4-pres,"1,  | 70%","Unknown speaker: However, based on our outlook, we are anticipating that the higher industrial mix in Q1, which we think will offset the seasonal component and hold gross margin flat. You were right that embedded is a flattish gross margin where we get an offset from higher mix, which will offset the pressure from the shutdowns. I guess in the last piece, as we think about the continued go forward",challenge/offline-data/analog-devices/call-transcripts/2025-11-25__adi-us-20251125-call-q4-pres-3__361121.md,85
Analog Devices,ADI,2025-11-25,FY2025Q4,EARNINGS_CALL,call-q4-pres,"2026, ","Unknown speaker: Given the strength we see in industrial into going into 2026, we expect that that share of our business will continue to increase.",challenge/offline-data/analog-devices/call-transcripts/2025-11-25__adi-us-20251125-call-q4-pres-3__361121.md,87
Analog Devices,ADI,2025-11-25,FY2025Q4,EARNINGS_CALL,call-q4-pres,"2024,  | 2024.  | 2024.  | 2025,  | 2027.  | 2026, ","Unknown speaker: Yeah. Tim, I'll start with the synergies. We began the conversion process, the conversion of the pipeline in 2024, and began in earnest in 2024. It contributed tens of millions of dollars to ADI's top line in 2024. It's clearly accelerated in 2025, and it's in the hundreds of millions against our billion-dollar target by 2027. We expect an even stronger contribution in 2026, given",challenge/offline-data/analog-devices/call-transcripts/2025-11-25__adi-us-20251125-call-q4-pres-3__361121.md,111
Analog Devices,ADI,2025-11-25,FY2025Q4,EARNINGS_CALL,call-q4-pres,1 billion | 10% | 2025.  | 2026,Unknown speaker: Yeah. Good morning. Thanks for taking my question. One of the other strong dynamics among several which separates ADI from peers is obviously the strong exposure to Aerospace and Defense. This has been a growth area for ADI during this last downturn. I think the business is now driving well over $1 billion of annualized run rate revenues or roughly greater than 10% of your total r,challenge/offline-data/analog-devices/call-transcripts/2025-11-25__adi-us-20251125-call-q4-pres-3__361121.md,135
Analog Devices,ADI,2025-11-25,FY2025Q4,EARNINGS_CALL,call-q4-pres,2.  | -13 ,"Unknown speaker: Thanks, Josh. First, I didn't guide for Q2. I confirmed what the historical seasonality is. As we've been talking about, right, we still don't have a ton of visibility beyond current quarter plus one, right? As we've talked about, the lead times are most of our products have lead times sub-13 weeks. We get a lot of orders in quarter. We get a lot of orders with short lead times, w",challenge/offline-data/analog-devices/call-transcripts/2025-11-25__adi-us-20251125-call-q4-pres-3__361121.md,149
Analog Devices,ADI,2025-11-25,FY2025Q4,EARNINGS_CALL,call-q4-pres,"2025,  | 20% | 2025.  | 4 billion | 39% | 4 billion","Unknown speaker: Thanks, Jeff. Good morning, everyone. Our fourth quarter results reflect the ongoing business recovery, with continued growth in revenue and earnings per share, both of which finished above the midpoint of our outlook. Now widening the aperture to our full fiscal 2025, revenue accelerated throughout the year and returned to meaningful growth despite the persistent macro and geopol",challenge/offline-data/analog-devices/call-transcripts/2025-11-25__adi-us-20251125-call-q4-pres__361104.md,19
Analog Devices,ADI,2025-11-25,FY2025Q4,EARNINGS_CALL,call-q4-pres,"2026  | 4,  | 2025, ","Unknown speaker: For example, the exponential growth in demand for AI and high-performance compute drove a record year in our automatic test equipment business, building upon and extending our strong position in the SoC and memory test markets. We anticipate further growth in FY 2026 due to our expanding design pipeline, industry transitions to HBM4, and expected double-digit growth in hyperscaler",challenge/offline-data/analog-devices/call-transcripts/2025-11-25__adi-us-20251125-call-q4-pres__361104.md,25
Analog Devices,ADI,2025-11-25,FY2025Q4,EARNINGS_CALL,call-q4-pres,2026.  | 2026 ,"Unknown speaker: Within healthcare, the proliferation of robot-assisted surgical systems represents a vibrant vector of growth alongside our imaging and diagnostic segments. Additionally, we expect growing demand for our suite of diabetes management solutions to continue to contribute to growth in fiscal year 2026. Energy was our fastest-growing industrial segment this past year, driven by high de",challenge/offline-data/analog-devices/call-transcripts/2025-11-25__adi-us-20251125-call-q4-pres__361104.md,27
Analog Devices,ADI,2025-11-25,FY2025Q4,EARNINGS_CALL,call-q4-pres,"2025  | 11 billion | 17% | 2024,  | 69.3% | 140 ","Unknown speaker: Thank you, Vince. Let me add my welcome to our fourth quarter earnings call. I'll start with a brief overview of our full fiscal 2025 financial performance. Revenue for the year came in at just over $11 billion, up 17% from fiscal 2024, with double-digit growth across all end markets. Gross margin finished at 69.3%, up 140 basis points driven by higher utilizations. Operating marg",challenge/offline-data/analog-devices/call-transcripts/2025-11-25__adi-us-20251125-call-q4-pres__361104.md,37
Analog Devices,ADI,2025-11-25,FY2025Q4,EARNINGS_CALL,call-q4-pres,15% | 28% | 1% | 19% | 16% | 2,"Unknown speaker: The stronger-than-seasonal results underpins the cyclical momentum we see across industrial, as well as the secular growth unfolding in AI infrastructure, which drove record quarter for our ATE business. For the full year, industrial increased 15% with growth across every major application, including record years for aerospace and defense and ATE. Automotive represented 28% of qua",challenge/offline-data/analog-devices/call-transcripts/2025-11-25__adi-us-20251125-call-q4-pres__361104.md,39
Analog Devices,ADI,2025-11-25,FY2025Q4,EARNINGS_CALL,call-q4-pres,1 billion | 50% | 26% | 13% | 7% | 19%,"Unknown speaker: Our data center segment surpassed a $1 billion run rate this quarter and, on a year-over-year basis, has now grown more than 50% for three consecutive quarters, fueled by continued strength in the AI infrastructure market. Wireless revenue was up double digits year over year for the second straight quarter, owing to improving cyclical dynamics. For the full year, communications wa",challenge/offline-data/analog-devices/call-transcripts/2025-11-25__adi-us-20251125-call-q4-pres__361104.md,41
Analog Devices,ADI,2025-11-25,FY2025Q4,EARNINGS_CALL,call-q4-pres,2025  | 4.8 billion | 0.5 billion | 4.3 billion | 39% | 33%,"Unknown speaker: Channel inventory increased but remains lean at approximately six weeks. Fiscal 2025 operating cash flow and CapEx were $4.8 billion and $0.5 billion, respectively, resulting in record free cash flow of $4.3 billion, or 39% of revenue, up from 33% in 2024. In total, we returned $4.1 billion to shareholders through dividends and share repurchases. As a reminder, we target 100% free",challenge/offline-data/analog-devices/call-transcripts/2025-11-25__adi-us-20251125-call-q4-pres__361104.md,45
Analog Devices,ADI,2025-11-25,FY2025Q4,STRUCTURED_RESULT,q4-10k,10 | 1995  | 1933  | 1934.  | 1 | 10,"This Annual Report on Form 10-K, including 'Management's Discussion and Analysis of Financial Condition and Results of Operations,' contains forward-looking statements regarding future events and our future results that are subject to the safe harbor created under the Private Securities Litigation Reform Act of 1995 and other safe harbors under the Securities Act of 1933 and the Securities Exchang",challenge/offline-data/analog-devices/filings/2025-11-25__adi-us-20251125-q4-10k__361135.md,215
Analog Devices,ADI,2025-11-25,FY2025Q4,STRUCTURED_RESULT,q4-10k,"1,  | 2025,  | 24,500  | 13,000  | 60% | 40%","As of November 1, 2025, we had approximately 24,500 employees, of whom approximately 13,000 are in engineering roles. Approximately 60% of our workforce is male and 40% female. Our senior leadership team is 73% male and 27% female, while manager roles are approximately 75% male and 25% female. 40% of the members of our Board of Directors are female. For fiscal 2025, our voluntary employee turnover",challenge/offline-data/analog-devices/filings/2025-11-25__adi-us-20251125-q4-10k__361135.md,439
Analog Devices,ADI,2025-11-25,FY2025Q4,STRUCTURED_RESULT,q4-10k,"2025,  | 2025  | 232  | 1962.  | 2025, ","In 2025, the U.S. government announced a series of tariffs, including tariffs targeting a broad range of imports and targeted tariffs on goods from specific countries and industries. In response, many countries imposed reciprocal tariffs and other trade restrictions on the United States. Although many of these tariffs, countermeasures and other trade restrictions have since been eased or paused, t",challenge/offline-data/analog-devices/filings/2025-11-25__adi-us-20251125-q4-10k__361135.md,482
Analog Devices,ADI,2025-11-25,FY2025Q4,STRUCTURED_RESULT,q4-10k,"2022,  | 2022 ","We face intense competition in the semiconductor industry, and we expect this competition to increase in the future, including from companies located outside of the United States. Competition is generally based on innovation, design, quality and reliability of products, product performance, features and functionality, product pricing, availability and capacity, technological service and support an",challenge/offline-data/analog-devices/filings/2025-11-25__adi-us-20251125-q4-10k__361135.md,524
Analog Devices,ADI,2025-11-25,FY2025Q4,STRUCTURED_RESULT,q4-10k,"30,  | 2021,  | 2,  | 2019  | 2019 | 3, ","Tax legislation and regulation may require the collection of information not regularly produced by us, and therefore necessitate the use of estimates in our Consolidated Financial Statements and the exercise of significant judgment in accounting for its provisions, which may subject us to additional tax liability, tax examination and other risks. As regulations and guidance evolve with respect to ",challenge/offline-data/analog-devices/filings/2025-11-25__adi-us-20251125-q4-10k__361135.md,698
Analog Devices,ADI,2025-11-25,FY2025Q4,STRUCTURED_RESULT,q4-10k,15% | 1 billion | 15% | 2025. ,"We are also subject to laws and regulations in various jurisdictions that determine how much profit has been earned and when it is subject to taxation in that jurisdiction. In the United States, for example, the Inflation Reduction Act (IRA) imposes a 15% book minimum tax on corporations with three-year average annual adjusted financial statement income exceeding $1 billion. We do not believe that",challenge/offline-data/analog-devices/filings/2025-11-25__adi-us-20251125-q4-10k__361135.md,700
Analog Devices,ADI,2025-11-25,FY2025Q4,STRUCTURED_RESULT,q4-10k,"2039.  | 7,  | 8  | 10","In addition to the properties listed in the above tables, we also own or lease a number of other facilities in various locations in the United States and internationally that are used for manufacturing, engineering, sales and marketing and administration activities. Leases for these leased facilities expire at various dates through the year 2039. We do not anticipate experiencing significant diffi",challenge/offline-data/analog-devices/filings/2025-11-25__adi-us-20251125-q4-10k__361135.md,818
Analog Devices,ADI,2025-11-25,FY2025Q4,STRUCTURED_RESULT,q4-10k,"24,  | 2025,  | 0.99  | 22,  | 2025  | 8, ","On November 24, 2025, our Board of Directors declared a cash dividend of $0.99 per outstanding share of common stock. The dividend will be paid on December 22, 2025 to all shareholders of record at the close of business on December 8, 2025 and is expected to total approximately $484.8 million. We currently expect quarterly dividends to continue in future periods, although they remain subject to de",challenge/offline-data/analog-devices/filings/2025-11-25__adi-us-20251125-q4-10k__361135.md,849
Analog Devices,ADI,2025-11-25,FY2025Q4,STRUCTURED_RESULT,q4-10k,"1,  | 2025.  | 2004,  | 1,  | 2025,  | 216.5 million","The table below summarizes the activity related to stock repurchases for the three months ended November 1, 2025. We have an ongoing authorization, originally approved by our Board of Directors in 2004, and subsequently amended, to repurchase shares of our common stock in open market or negotiated transactions. As of November 1, 2025, the Company had repurchased a total of approximately 216.5 mill",challenge/offline-data/analog-devices/filings/2025-11-25__adi-us-20251125-q4-10k__361135.md,855
Analog Devices,ADI,2025-11-25,FY2025Q4,STRUCTURED_RESULT,q4-10k,"1,  | 2025  | 2025 | 2,  | 2024  | 2024","The following discussion includes results of operations and financial condition for the fiscal year ended November 1, 2025 (fiscal 2025) and the fiscal year ended November 2, 2024 (fiscal 2024) and year-over-year comparisons between fiscal 2025 and fiscal 2024. For discussion on results of operations and financial condition for fiscal 2024 and the fiscal year ended October 28, 2023 (fiscal 2023) a",challenge/offline-data/analog-devices/filings/2025-11-25__adi-us-20251125-q4-10k__361135.md,886
Analog Devices,ADI,2025-11-25,FY2025Q4,STRUCTURED_RESULT,q4-10k,2025  | 2024 ,Geographic revenue information for fiscal 2025 and fiscal 2024 reflects the geographic location of the distributors or OEMs who purchased the Company's products. This may differ from the geographic location of the end customers particularly in cases where a thirdparty contract manufacturer purchases the Company's products through distributors.,challenge/offline-data/analog-devices/filings/2025-11-25__adi-us-20251125-q4-10k__361135.md,944
Analog Devices,ADI,2025-11-25,FY2025Q4,STRUCTURED_RESULT,q4-10k,2025  | 2024  | 21% | 2025  | 2024  | 12.5%,Our effective tax rates for fiscal 2025 and fiscal 2024 were below the U.S. statutory rate of 21% due to lower statutory tax rates applicable to our operations in the foreign jurisdictions in which we earn income. For fiscal 2025 and fiscal 2024 our pretax income was primarily generated in Ireland at a tax rate of 12.5%. Our effective tax rate for fiscal 2025 was impacted by a net deferred tax exp,challenge/offline-data/analog-devices/filings/2025-11-25__adi-us-20251125-q4-10k__361135.md,1038
Analog Devices,ADI,2025-11-25,FY2025Q4,STRUCTURED_RESULT,q4-10k,"1,  | 2025,  | 3.7 billion | 2.4 billion","At November 1, 2025, our principal source of liquidity was $3.7 billion of cash, cash equivalents and short-term investments, of which approximately $2.4 billion was held in the United States, with the balance held outside the United States in various foreign subsidiaries. We manage our worldwide cash requirements by, among other things, reviewing available funds held by our foreign subsidiaries a",challenge/offline-data/analog-devices/filings/2025-11-25__adi-us-20251125-q4-10k__361135.md,1055
Analog Devices,ADI,2025-11-25,FY2025Q4,STRUCTURED_RESULT,q4-10k,2025  | 2024  | 2025  | 2024.,The increase in accounts receivable for fiscal 2025 compared to fiscal 2024 was primarily the result of variations in the timing of collections and billings and increased revenue levels in the fourth quarter of fiscal 2025 as compared to the fourth quarter of fiscal 2024.,challenge/offline-data/analog-devices/filings/2025-11-25__adi-us-20251125-q4-10k__361135.md,1097
Analog Devices,ADI,2025-11-25,FY2025Q4,STRUCTURED_RESULT,q4-10k,"1,  | 2025,  | 26.7 billion | 9.7 billion","As of November 1, 2025, our Board of Directors had authorized us to repurchase $26.7 billion of our common stock under our common stock repurchase program and $9.7 billion remained available for repurchases under the current authorized program. Repurchased shares are held as authorized but unissued shares of common stock. Unless terminated earlier by resolution of our Board of Directors, the repur",challenge/offline-data/analog-devices/filings/2025-11-25__adi-us-20251125-q4-10k__361135.md,1121
Analog Devices,ADI,2025-11-25,FY2025Q4,STRUCTURED_RESULT,q4-10k,533.6 million | 2025.  | 2026  | 4% | 6% | 2026 ,"Net additions to property, plant and equipment were $533.6 million in fiscal 2025. We expect capital expenditures for fiscal 2026 to be between approximately 4% and 6% of fiscal 2026 revenue. These capital expenditures will be funded with a combination of cash on hand and cash expected to be generated from future operations, together with existing and anticipated available short- and long-term fin",challenge/offline-data/analog-devices/filings/2025-11-25__adi-us-20251125-q4-10k__361135.md,1125
Analog Devices,ADI,2025-11-25,FY2025Q4,STRUCTURED_RESULT,q4-10k,"24,  | 2025,  | 0.99  | 22,  | 2025  | 8, ","On November 24, 2025, our Board of Directors declared a cash dividend of $0.99 per outstanding share of common stock. The dividend will be paid on December 22, 2025 to all shareholders of record at the close of business on December 8, 2025 and is expected to total approximately $484.8 million. We currently expect quarterly dividends to continue in future periods, although they remain subject to de",challenge/offline-data/analog-devices/filings/2025-11-25__adi-us-20251125-q4-10k__361135.md,1129
Analog Devices,ADI,2025-11-25,FY2025Q4,STRUCTURED_RESULT,q4-10k,"1,  | 2025,  | 199.7 million | 8  | 10","As of November 1, 2025, our total liabilities associated with uncertain tax positions was $199.7 million, which are included in noncurrent income taxes payable in our Consolidated Balance Sheets contained in Part II, Item 8 of this Annual Report on Form 10-K. Due to the complexity associated with our tax uncertainties, we cannot make a reasonably reliable estimate of the period in which we expect ",challenge/offline-data/analog-devices/filings/2025-11-25__adi-us-20251125-q4-10k__361135.md,1158
Analog Devices,ADI,2025-11-25,FY2025Q4,STRUCTURED_RESULT,q4-10k,1 | 2 | 3 | 4 | 5,Recognition of revenue occurs when a customer obtains control of promised goods or services in an amount that reflects the consideration to which the providing entity expects to be entitled in exchange for those goods or services. We recognize revenue upon transfer of control of promised products or services to customers in an amount that reflects the consideration that we expect to receive in exc,challenge/offline-data/analog-devices/filings/2025-11-25__adi-us-20251125-q4-10k__361135.md,1170
Analog Devices,ADI,2025-11-25,FY2025Q4,STRUCTURED_RESULT,q4-10k,50% | 50%,We account for uncertain tax positions by first determining if it is 'more likely than not' that a tax position will be sustained by the appropriate taxing authorities prior to recording any benefit in the financial statements. An uncertain income tax position is not recognized if it has less than a 50% likelihood of being sustained. For those tax positions where it is more likely than not that a ,challenge/offline-data/analog-devices/filings/2025-11-25__adi-us-20251125-q4-10k__361135.md,1214
Analog Devices,ADI,2025-11-25,FY2025Q4,STRUCTURED_RESULT,q4-10k,"1,  | 2025, ","The market risk associated with our derivative instruments results from currency exchange rates that are expected to offset the market risk of the underlying transactions, assets and liabilities being hedged. The counterparties to the agreements relating to our foreign exchange instruments consist of a number of major international financial institutions with high credit ratings. Based on the cred",challenge/offline-data/analog-devices/filings/2025-11-25__adi-us-20251125-q4-10k__361135.md,1263
Analog Devices,ADI,2025-11-25,FY2025Q4,STRUCTURED_RESULT,q4-10k,"2 | 2025,  | 6.1 billion | 1,  | 2025  | 785 million","Description of the Matter As described in Note 2n to the consolidated financial statements, the Company's sales contracts provide certain distributors with credits for price protection and rights of return, which results in variable consideration. During 2025, sales to distributors were $6.1 billion net of expected price protection credits and rights of return for which the liability balance as of",challenge/offline-data/analog-devices/filings/2025-11-25__adi-us-20251125-q4-10k__361135.md,1299
Analog Devices,ADI,2025-11-25,FY2025Q4,STRUCTURED_RESULT,q4-10k,"1,  | 2025  | 2,  | 2024, ","The market risk associated with the Company's derivative instruments results from currency exchange rate or interest rate movements that are expected to offset the market risk of the underlying transactions, assets and liabilities being hedged. The counterparties to the agreements relating to the Company's derivative instruments consist of a number of major international financial institutions wit",challenge/offline-data/analog-devices/filings/2025-11-25__adi-us-20251125-q4-10k__361135.md,1759
Analog Devices,ADI,2025-11-25,FY2025Q4,STRUCTURED_RESULT,q4-10k,1 | 2 | 3 | 4 | 5,Recognition of revenue occurs when a customer obtains control of promised goods or services in an amount that reflects the consideration to which the providing entity expects to be entitled in exchange for those goods or services. The Company recognizes revenue upon transfer of control of promised products or services to customers in an amount that reflects the consideration the Company expects to,challenge/offline-data/analog-devices/filings/2025-11-25__adi-us-20251125-q4-10k__361135.md,1982
Analog Devices,ADI,2025-11-25,FY2025Q4,STRUCTURED_RESULT,q4-10k,"2025,  | 2024  | 2023 ","promises in the contract. This performance obligation is satisfied when control of the product is transferred to the customer, which occurs upon shipment or delivery. Unsatisfied performance obligations primarily represent contracts for products with future delivery dates and with an original expected duration of one year or less. The Company generally offers a twelve-month warranty for its produc",challenge/offline-data/analog-devices/filings/2025-11-25__adi-us-20251125-q4-10k__361135.md,1994
Analog Devices,ADI,2025-11-25,FY2025Q4,STRUCTURED_RESULT,q4-10k,"2025  | 2024,  | 6.1 billion | 5.5 billion | 1,  | 2025 ",Transaction Price : The transaction price reflects the Company's expectations about the consideration it will be entitled to receive from the customer and may include fixed or variable amounts. Fixed consideration primarily includes sales to direct customers and sales to distributors in which both the sale to the distributor and the sale to the end customer occur within the same reporting period. ,challenge/offline-data/analog-devices/filings/2025-11-25__adi-us-20251125-q4-10k__361135.md,1996
Analog Devices,ADI,2025-11-25,FY2025Q4,STRUCTURED_RESULT,q4-10k,50% | 50%,The Company accounts for uncertain tax positions by first determining if it is 'more likely than not' that a tax position will be sustained by the appropriate taxing authorities prior to recording any benefit in the Consolidated Financial Statements. An uncertain income tax position is not recognized if it has less than a 50% likelihood of being sustained. For those tax positions where it is more ,challenge/offline-data/analog-devices/filings/2025-11-25__adi-us-20251125-q4-10k__361135.md,2043
Analog Devices,ADI,2025-11-25,FY2025Q4,STRUCTURED_RESULT,q4-10k,25%,"Stock-based compensation is measured at the grant date based on the grant-date fair value of the awards ultimately expected to vest and is recognized as an expense on a straight-line basis over the vesting period, which is generally four years for stock options and restricted stock units, or in annual installments of 25% on each of the first, second, third and fourth anniversaries of the date of g",challenge/offline-data/analog-devices/filings/2025-11-25__adi-us-20251125-q4-10k__361135.md,2077
Analog Devices,ADI,2025-11-25,FY2025Q4,STRUCTURED_RESULT,q4-10k,"2023,  | 2023 | -09,  | 740 | 2023 | -09 ","In December 2023, the FASB issued ASU 2023-09, Income Taxes (Topic 740): Improvements to Income Tax Disclosures . ASU 2023-09 requires the disaggregation of information in existing income tax disclosures related to the effective tax rate reconciliation and income taxes paid. ASU 2023-09 is effective for fiscal years beginning after December 15, 2024, with early adoption permitted. The Company is c",challenge/offline-data/analog-devices/filings/2025-11-25__adi-us-20251125-q4-10k__361135.md,2107
Analog Devices,ADI,2025-11-25,FY2025Q4,STRUCTURED_RESULT,q4-10k,"2024,  | 2024 | -03,  | 2024 | -03  | 15, ","In November 2024, the FASB issued ASU 2024-03, Disaggregation of Income Statement Expenses, requiring public companies to disaggregate key expense categories such as inventory purchases, employee compensation and depreciation in their financial statements. This aims to improve investor insights into company performance. ASU 2024-03 is effective for fiscal years beginning after December 15, 2026, a",challenge/offline-data/analog-devices/filings/2025-11-25__adi-us-20251125-q4-10k__361135.md,2111
Analog Devices,ADI,2025-11-25,FY2025Q4,STRUCTURED_RESULT,q4-10k,"5.0% | 1,  | 2025. ","The amount of stock-based compensation expense recognized during a period is based on the value of the awards that are ultimately expected to vest. Forfeitures are estimated at the time of grant and revised, if necessary, in subsequent periods if actual forfeitures differ from those estimates. The term 'forfeitures' is distinct from 'cancellations' or 'expirations' and represents only the unvested",challenge/offline-data/analog-devices/filings/2025-11-25__adi-us-20251125-q4-10k__361135.md,2131
Analog Devices,ADI,2025-11-25,FY2025Q4,STRUCTURED_RESULT,q4-10k,"1,  | 2025,  | 640.2 million | 1.5  | 2025,  | 2024 ","As of November 1, 2025, there was $640.2 million of total unrecognized compensation cost related to unvested stock-based awards comprised of restricted stock unit awards. That cost is expected to be recognized over a weighted-average period of 1.5 years. The total grant-date fair value of awards that vested during fiscal 2025, fiscal 2024 and fiscal 2023 was approximately $345.1 million, $309.0 mi",challenge/offline-data/analog-devices/filings/2025-11-25__adi-us-20251125-q4-10k__361135.md,2178
Analog Devices,ADI,2025-11-25,FY2025Q4,STRUCTURED_RESULT,q4-10k,"2025,  | 2024  | 2023 ","Geographic revenue information for fiscal 2025, fiscal 2024 and fiscal 2023 reflects the geographic location of the distributors or OEMs who purchased the Company's products. This may differ from the geographic location of the end customers particularly in cases where a third-party contract manufacturer purchases the Company's products through distributors. In all periods presented, the predominan",challenge/offline-data/analog-devices/filings/2025-11-25__adi-us-20251125-q4-10k__361135.md,2265
Analog Devices,ADI,2025-11-25,FY2025Q4,STRUCTURED_RESULT,q4-10k,"31,  | 1,  | 2025  | 2025  | 2,  | 2024 ","The Company's funding policy for its foreign defined benefit pension plans is consistent with the local requirements of each country. The plans' assets consist primarily of U.S. and non-U.S. equity securities, bonds, property and cash. The Company has elected to measure defined benefit plan assets and obligations as of October 31, which is the month-end that is closest to its fiscal year-ends, whi",challenge/offline-data/analog-devices/filings/2025-11-25__adi-us-20251125-q4-10k__361135.md,2425
Analog Devices,ADI,2025-11-25,FY2025Q4,STRUCTURED_RESULT,q4-10k,"2025,  | 2024  | 2023 ","Net annual periodic benefit cost of the Company's pension and postretirement benefit plans for fiscal 2025, fiscal 2024 and fiscal 2023 is presented in the following table:",challenge/offline-data/analog-devices/filings/2025-11-25__adi-us-20251125-q4-10k__361135.md,2437
Analog Devices,ADI,2025-11-25,FY2025Q4,STRUCTURED_RESULT,q4-10k,"2025,  | 2024  | 2023 ","The Company's effective tax rate reflects the applicable tax rate in effect in the various tax jurisdictions around the world where the Company's income is earned. The reconciliation of income tax computed at the U.S. federal statutory rates to income tax expense for fiscal 2025, fiscal 2024 and fiscal 2023 is as follows:",challenge/offline-data/analog-devices/filings/2025-11-25__adi-us-20251125-q4-10k__361135.md,2599
Analog Devices,ADI,2025-11-25,FY2025Q4,STRUCTURED_RESULT,q4-10k,"2025,  | 2024  | 2023 ","Income before income taxes for fiscal 2025, fiscal 2024 and fiscal 2023 includes the following components:",challenge/offline-data/analog-devices/filings/2025-11-25__adi-us-20251125-q4-10k__361135.md,2619
Analog Devices,ADI,2025-11-25,FY2025Q4,STRUCTURED_RESULT,q4-10k,2023  | 81.7 million,The Company's effective tax rate for fiscal 2023 was impacted by a discrete income tax benefit recorded of $81.7 million resulting from the approval granted by the Joint Committee on Taxation of its federal corporate income tax relief claim which reduced the amount of transition tax owed under the Tax Cuts and Jobs Act.,challenge/offline-data/analog-devices/filings/2025-11-25__adi-us-20251125-q4-10k__361135.md,2658
Analog Devices,ADI,2025-11-25,FY2025Q4,STRUCTURED_RESULT,q4-10k,2025  | 2024 ,The significant components of the Company's deferred tax assets and liabilities for fiscal 2025 and fiscal 2024 are as follows:,challenge/offline-data/analog-devices/filings/2025-11-25__adi-us-20251125-q4-10k__361135.md,2668
Analog Devices,ADI,2025-11-25,FY2025Q4,STRUCTURED_RESULT,q4-10k,2 | 2025  | 153.8 million | 2025 ,(2) The Company's effective tax rate for fiscal 2025 was impacted by a net deferred tax expense of $153.8 million recorded in fiscal 2025 related to the remeasurement of our GILTI-related deferred tax assets and liabilities attributable to the passage of the OBBBA.,challenge/offline-data/analog-devices/filings/2025-11-25__adi-us-20251125-q4-10k__361135.md,2697
Analog Devices,ADI,2025-11-25,FY2025Q4,STRUCTURED_RESULT,q4-10k,2023  | 2025,The following table summarizes the changes in the total amounts of unrealized tax benefits for fiscal 2023 through fiscal 2025:,challenge/offline-data/analog-devices/filings/2025-11-25__adi-us-20251125-q4-10k__361135.md,2711
Analog Devices,ADI,2025-11-25,FY2025Q4,STRUCTURED_RESULT,q4-10k,"30,  | 2021  | 2021 | 2,  | 2019  | 2019","The Company has numerous audits ongoing throughout the world including: an IRS income tax audit for the fiscal years ended October 30, 2021 (fiscal 2021), November 2, 2019 (fiscal 2019) and November 3, 2018 (fiscal 2018); an IRS income tax audit for Maxim's fiscal years ended June 27, 2015 through August 26, 2021; and various U.S. state and local audits and international audits, including Irish co",challenge/offline-data/analog-devices/filings/2025-11-25__adi-us-20251125-q4-10k__361135.md,2731
Analog Devices,ADI,2025-11-25,FY2025Q4,STRUCTURED_RESULT,q4-10k,"2025,  | 2018  | 2019,  | 267.0 million | 2018  | 2019 ","During fiscal 2025, the Company received an assessment from the U.S. Internal Revenue Service (IRS) for fiscal 2018 and fiscal 2019, totaling approximately $267.0 million, excluding penalties and interest. The assessment pertains to transfer pricing arrangements between the Company and one of its wholly-owned foreign subsidiaries. The Company firmly disagrees with this assessment and maintains tha",challenge/offline-data/analog-devices/filings/2025-11-25__adi-us-20251125-q4-10k__361135.md,2733
Analog Devices,ADI,2025-11-25,FY2025Q4,STRUCTURED_RESULT,q4-10k,"24,  | 2025,  | 0.99  | 22,  | 2025  | 8, ","On November 24, 2025, the Board of Directors of the Company declared a cash dividend of $0.99 per outstanding share of common stock. The dividend will be paid on December 22, 2025 to all shareholders of record at the close of business on December 8, 2025 and is expected to total approximately $484.8 million.",challenge/offline-data/analog-devices/filings/2025-11-25__adi-us-20251125-q4-10k__361135.md,2795
Analog Devices,ADI,2025-11-25,FY2025Q4,STRUCTURED_RESULT,q4-8k,2026,## Outlook for the First Quarter of Fiscal Year 2026,challenge/offline-data/analog-devices/filings/2025-11-25__adi-us-20251125-q4-8k__361005.md,93
Analog Devices,ADI,2025-11-25,FY2025Q4,STRUCTURED_RESULT,q4-8k,"2026,  | 3.1 billion | 100 million | 31.0% | 130 bps | 43.5%","For the first quarter of fiscal 2026, we are forecasting revenue of $3.1 billion, +/- $100 million. At the midpoint of this revenue outlook, we expect reported operating margin of approximately 31.0%, +/- 130 bps, and adjusted operating margin of approximately 43.5%, +/- 100 bps. We are planning for reported EPS to be $1.60, +/- $0.10, and adjusted EPS to be $2.29, +/- $0.10.",challenge/offline-data/analog-devices/filings/2025-11-25__adi-us-20251125-q4-8k__361005.md,95
Analog Devices,ADI,2025-11-25,FY2025Q4,STRUCTURED_RESULT,q4-8k,2026 ,"Our first quarter fiscal 2026 outlook is based on current expectations and actual results may differ materially as a result of, among other things, the important factors discussed at the end of this release. These statements supersede all prior statements regarding our business outlook set forth in prior ADI news releases, and ADI disclaims any obligation to update these forward-looking statements",challenge/offline-data/analog-devices/filings/2025-11-25__adi-us-20251125-q4-8k__361005.md,97
Analog Devices,ADI,2025-11-25,FY2025Q4,STRUCTURED_RESULT,q4-8k,2025  | 10 | 00 ,"ADI will host a conference call to discuss our fourth quarter and fiscal 2025 results and short-term outlook today, beginning at 10:00 am ET. Investors may join via webcast, accessible at investor.analog.com.",challenge/offline-data/analog-devices/filings/2025-11-25__adi-us-20251125-q4-8k__361005.md,107
Analog Devices,ADI,2025-11-25,FY2025Q4,STRUCTURED_RESULT,q4-8k,2026  | 10,"This press release contains forward-looking statements, which address a variety of subjects including, for example, our statements regarding our 2026 financial performance; expected revenue, operating margin, nonoperating expenses, tax rate, earnings per share, free cash flow returns, and other financial results; expected market and technology trends; market size, market share gains, market positi",challenge/offline-data/analog-devices/filings/2025-11-25__adi-us-20251125-q4-8k__361005.md,153
Analog Devices,ADI,2025-08-21,FY2025Q3,STRUCTURED_RESULT,q3-10q,"10 | 2,  | 2024  | 2024 | 1,  | 2025 ","In the opinion of management, the information furnished in the accompanying condensed consolidated financial statements reflects all normal recurring adjustments that are necessary to fairly state the results for these interim periods and should be read in conjunction with Analog Devices, Inc.'s (the Company) Annual Report on Form 10-K for the fiscal year ended November 2, 2024 (fiscal 2024) and r",challenge/offline-data/analog-devices/filings/2025-08-21__adi-us-20250821-q3-10q__143765.md,485
Analog Devices,ADI,2025-08-21,FY2025Q3,STRUCTURED_RESULT,q3-10q,"4,  | 2025,  | 2017  | 2025  | 2027.  | 2, ","On July 4, 2025, the reconciliation bill, commonly known as the One Big Beautiful Bill Act (OBBBA), was enacted into law. The OBBBA, among other things, eliminates the requirement to capitalize U.S. R&amp;D expenses, permanently extends certain provisions of the Tax Cuts &amp; Jobs Act of 2017 and modifies certain international tax provisions, including changes to the Global Intangible Low-Taxed I",challenge/offline-data/analog-devices/filings/2025-08-21__adi-us-20250821-q3-10q__143765.md,781
Analog Devices,ADI,2025-08-21,FY2025Q3,STRUCTURED_RESULT,q3-10q,"30,  | 2021  | 2021 | 2,  | 2019  | 2019","The Company has numerous audits ongoing throughout the world including: an IRS income tax audit for the fiscal years ended October 30, 2021 (fiscal 2021), November 2, 2019 (fiscal 2019) and November 3, 2018 (fiscal 2018); a pre-acquisition IRS income tax audit for Maxim Integrated Products, Inc.'s (Maxim) fiscal years ended June 27, 2015 through August 26, 2021; and various U.S. state and local au",challenge/offline-data/analog-devices/filings/2025-08-21__adi-us-20250821-q3-10q__143765.md,785
Analog Devices,ADI,2025-08-21,FY2025Q3,STRUCTURED_RESULT,q3-10q,"2025,  | 2018  | 2019,  | 267.0 million | 2018  | 2019 ","During the second quarter of fiscal 2025, the Company received an assessment from the U.S. Internal Revenue Service (IRS) for fiscal 2018 and fiscal 2019, totaling approximately $267.0 million. The assessment excludes any penalties and interest. The assessment pertains to transfer pricing arrangements between the Company and one of its wholly-owned foreign subsidiaries. The Company firmly disagree",challenge/offline-data/analog-devices/filings/2025-08-21__adi-us-20250821-q3-10q__143765.md,787
Analog Devices,ADI,2025-08-21,FY2025Q3,STRUCTURED_RESULT,q3-10q,"2023,  | 2023 | -07,  | 280 | 2023 | -07 ","In November 2023, the FASB issued ASU 2023-07, Segment Reporting (Topic 280): Improvements to Reportable Segment Disclosures , which enhances the disclosure requirements for reportable segments. ASU 2023-07 requires segment disclosure to include significant segment expense categories and amounts, and qualitative detail of other segment items. Disclosure of multiple measures of segment profit and l",challenge/offline-data/analog-devices/filings/2025-08-21__adi-us-20250821-q3-10q__143765.md,795
Analog Devices,ADI,2025-08-21,FY2025Q3,STRUCTURED_RESULT,q3-10q,"2023,  | 2023 | -09,  | 740 | 2023 | -09 ","In December 2023, the FASB issued ASU 2023-09, Income Taxes (Topic 740): Improvements to Income Tax Disclosures . ASU 2023-09 requires the disaggregation of information in existing income tax disclosures related to the effective tax rate reconciliation and income taxes paid. ASU 2023-09 is effective for fiscal years beginning after December 15, 2024, with early adoption permitted. The Company is c",challenge/offline-data/analog-devices/filings/2025-08-21__adi-us-20250821-q3-10q__143765.md,799
Analog Devices,ADI,2025-08-21,FY2025Q3,STRUCTURED_RESULT,q3-10q,"2024,  | 2024 | -03,  | 2024 | -03  | 15, ","In November 2024, the FASB issued ASU 2024-03, Disaggregation of Income Statement Expenses , requiring public companies to disaggregate key expense categories such as inventory purchases, employee compensation and depreciation in their financial statements. This aims to improve investor insights into company performance. ASU 2024-03 is effective for fiscal years beginning after December 15, 2026, ",challenge/offline-data/analog-devices/filings/2025-08-21__adi-us-20250821-q3-10q__143765.md,805
Analog Devices,ADI,2025-08-21,FY2025Q3,STRUCTURED_RESULT,q3-10q,"19,  | 2025,  | 0.99  | 16,  | 2025  | 2, ","On August 19, 2025, the Board of Directors of the Company declared a cash dividend of $0.99 per outstanding share of common stock. The dividend will be paid on September 16, 2025 to all shareholders of record at the close of business on September 2, 2025 and is expected to total approximately $487.0 million.",challenge/offline-data/analog-devices/filings/2025-08-21__adi-us-20250821-q3-10q__143765.md,811
Analog Devices,ADI,2025-08-21,FY2025Q3,STRUCTURED_RESULT,q3-10q,10 | 1995  | 1933  | 1934. ,"This Quarterly Report on Form 10-Q, including the following discussion, contains forward-looking statements regarding future events and our future results that are subject to the safe harbor created under the Private Securities Litigation Reform Act of 1995 and other safe harbors under the Securities Act of 1933 and the Securities Exchange Act of 1934. All statements other than statements of histo",challenge/offline-data/analog-devices/filings/2025-08-21__adi-us-20250821-q3-10q__143765.md,819
Analog Devices,ADI,2025-08-21,FY2025Q3,STRUCTURED_RESULT,q3-10q,1 | 10 | 2024. ,"The following important factors and uncertainties, among others, could cause actual results to differ materially from those described in the forward-looking statements: economic, political, legal and regulatory uncertainty or conflicts, including increased uncertainty and volatility with respect to tariffs, export controls and other trade restrictions, actions taken or which may be taken by the pr",challenge/offline-data/analog-devices/filings/2025-08-21__adi-us-20250821-q3-10q__143765.md,821
Analog Devices,ADI,2025-08-21,FY2025Q3,STRUCTURED_RESULT,q3-10q,"2,  | 2025, ","R&amp;D expenses increased in the three- and nine-month periods ended August 2, 2025, as compared to the same periods of the prior fiscal year, primarily as a result of higher R&amp;D employee-related variable compensation expenses and higher salary and benefit expenses. R&amp;D expenses as a percentage of revenue will fluctuate from year-to-year depending on the amount of revenue and the success ",challenge/offline-data/analog-devices/filings/2025-08-21__adi-us-20250821-q3-10q__143765.md,931
Analog Devices,ADI,2025-08-21,FY2025Q3,STRUCTURED_RESULT,q3-10q,"2,  | 2025,  | 3.5 billion | 2.3 billion","At August 2, 2025, our principal source of liquidity was $3.5 billion of cash, cash equivalents and short-term investments, of which approximately $2.3 billion was held in the United States, and the balance of which was held outside the United States in various foreign subsidiaries. We manage our worldwide cash requirements by, among other things, reviewing available funds held by our foreign subs",challenge/offline-data/analog-devices/filings/2025-08-21__adi-us-20250821-q3-10q__143765.md,1002
Analog Devices,ADI,2025-08-21,FY2025Q3,STRUCTURED_RESULT,q3-10q,"2,  | 2025,  | 26.7 billion | 10.3 billion","As of August 2, 2025, our Board of Directors had authorized us to repurchase an aggregate of $26.7 billion of our common stock under our common stock repurchase program and $10.3 billion remained available for repurchases under the program. The repurchased shares are held as authorized but unissued shares of common stock. Unless terminated earlier by resolution of our Board of Directors, the repur",challenge/offline-data/analog-devices/filings/2025-08-21__adi-us-20250821-q3-10q__143765.md,1089
Analog Devices,ADI,2025-08-21,FY2025Q3,STRUCTURED_RESULT,q3-10q,318.4 million | 2025.  | 2025  | 4% | 6% | 2025 ,"Net additions to property, plant and equipment were $318.4 million in the first nine months of fiscal 2025. We expect capital expenditures for fiscal 2025 to be between approximately 4% and 6% of fiscal 2025 revenue as spending returns to our long-term operating model. These capital expenditures will be funded with a combination of cash on hand and cash expected to be generated from future operati",challenge/offline-data/analog-devices/filings/2025-08-21__adi-us-20250821-q3-10q__143765.md,1093
Analog Devices,ADI,2025-08-21,FY2025Q3,STRUCTURED_RESULT,q3-10q,"19,  | 2025,  | 0.99  | 16,  | 2025  | 2, ","On August 19, 2025, our Board of Directors declared a cash dividend of $0.99 per outstanding share of common stock. The dividend will be paid on September 16, 2025 to all shareholders of record at the close of business on September 2, 2025 and is expected to total approximately $487.0 million. We currently expect quarterly dividends to continue in future periods. The declaration of any future quar",challenge/offline-data/analog-devices/filings/2025-08-21__adi-us-20250821-q3-10q__143765.md,1097
Analog Devices,ADI,2025-08-20,FY2025Q3,EARNINGS_CALL,call-pres,10,"Unknown speaker: This year, we're achieving robust growth and expect continued momentum as the proliferation of automated surgical procedures further expands our opportunities in this space. Overall, the near and medium-term outlook for robotics is compelling, supported by increasing revenue and a burgeoning opportunity pipeline. From this strong foundation, we're extending into the next promising",challenge/offline-data/analog-devices/call-transcripts/2025-08-20__adi-us-20250820-call-pres__143760.md,27
Analog Devices,ADI,2025-08-20,FY2025Q3,EARNINGS_CALL,call-pres,2.88 billion | 9% | 25% | 45% | 12% | 23%,"Unknown speaker: Thank you, Vince. Now on to our third quarter results. Revenue of $2.88 billion came in above the high end of our outlook, up 9% sequentially and 25% year-over-year. Industrial represented 45% of our third quarter revenue, finishing up 12% sequentially and 23% year-over-year. Our industrial recovery has continued with sequential growth across all subsectors and regions. Year-over-",challenge/offline-data/analog-devices/call-transcripts/2025-08-20__adi-us-20250820-call-pres__143760.md,33
Analog Devices,ADI,2025-08-20,FY2025Q3,EARNINGS_CALL,call-pres,3.5 billion | 1.1 | 72 million | 160  | 12  | 4.2 billion,Unknown speaker: Cash and short-term investments finished the quarter at $3.5 billion and our net leverage ratio remained virtually flat at 1.1. Inventory increased $72 million sequentially in support of the cycle recovery. Days of inventory declined to 160 and channel weeks ticked lower. We are continuing to execute our strategy of keeping leaner channel inventories while maintaining higher level,challenge/offline-data/analog-devices/call-transcripts/2025-08-20__adi-us-20250820-call-pres__143760.md,37
Analog Devices,ADI,2025-08-20,FY2025Q3,EARNINGS_CALL,call-pres,100% | 40% | -60% | 3 billion | 100 million | 43.5%,"Unknown speaker: As a reminder, we target a 100% free cash flow return over the long term using 40%-60% for our dividend and the remainder for share count reduction. Now on to our fourth quarter guidance. Revenue is expected to be $3 billion plus or minus $100 million. On a sequential basis at the midpoint, we expect industrial, communications, and consumer to increase with the fastest growth in i",challenge/offline-data/analog-devices/call-transcripts/2025-08-20__adi-us-20250820-call-pres__143760.md,39
Analog Devices,ADI,2025-08-20,FY2025Q3,EARNINGS_CALL,call-qna,"2,  | 4, ","Unknown speaker: Since we called the bottom back in Q2, industrial has been our most profitable business and has grown sequentially every quarter. More recently, as we talked about, the growth has accelerated and our outlook for Q4, which is normally a seasonally down quarter for industrial, we expect it to grow in the low to mid-teens quarter-over-quarter. Very, very strong outlook there. You kno",challenge/offline-data/analog-devices/call-transcripts/2025-08-20__adi-us-20250820-call-qna__143762.md,15
Analog Devices,ADI,2025-08-20,FY2025Q3,EARNINGS_CALL,call-qna,3  | 70% | 69% | 17% | 4 ,"Unknown speaker: Hey, good morning. Thanks for taking my question and great job on the quarterly execution. Looks like you guys had anticipated last earnings call gross margins for Q3 to be closer to 70%, but actually, you know, afterwards we're actually closer to 69%. I assume it's because of the upside in the lower margin communications business, which was up 17% sequentially. Potentially a mix ",challenge/offline-data/analog-devices/call-transcripts/2025-08-20__adi-us-20250820-call-qna__143762.md,23
Analog Devices,ADI,2025-08-20,FY2025Q3,EARNINGS_CALL,call-qna,4  | 70% | 45% | 70%,"Unknown speaker: Yeah, Harlan, I'll take that one. Yes, we did have an implied increase in the margin. However, we did have an unexpected lower utilization during the quarter, which kept us from growing our gross margin on a sequential basis. However, the utilization is back on track and we expect it to resume its increase. In Q4 at the midpoint, we do expect to get back to a 70% margin. Had we no",challenge/offline-data/analog-devices/call-transcripts/2025-08-20__adi-us-20250820-call-qna__143762.md,25
Analog Devices,ADI,2025-08-20,FY2025Q3,EARNINGS_CALL,call-qna,"1  | 1, ","Unknown speaker: Vivek, I'll start. From a Q1 perspective, as we've said before, we don't guide to Q1, but we do expect that we'll be able to grow at seasonal. Obviously, for us on an overall perspective, first quarter tends to seasonally be down in the low single digits.",challenge/offline-data/analog-devices/call-transcripts/2025-08-20__adi-us-20250820-call-qna__143762.md,45
Analog Devices,ADI,2025-08-20,FY2025Q3,EARNINGS_CALL,call-qna,"2025.  | 2.  | 3.  | 4,  | 4  | 4 ","Unknown speaker: Thanks, Jim. Obviously, we continue to perform very well in automotive, particularly in our connectivity and power management. Fueling auto revenue, as we've said, we expect to record record levels of auto revenue for 2025. In addition to our content growth and share gains in the next-gen ADAS and infotainment systems, we do believe our auto revenue has been aided by some order ac",challenge/offline-data/analog-devices/call-transcripts/2025-08-20__adi-us-20250820-call-qna__143762.md,57
Analog Devices,ADI,2025-08-20,FY2025Q3,EARNINGS_CALL,call-qna,"3  | 2, ","Unknown speaker: Based on the way it's settling out, it looks like it's unwinding in the fourth quarter. If you think about that from just a sizing perspective in the current quarter, we were obviously above our high end of our guide. I think largely that part of the reason we were above the high end of our guide was likely related to auto pull-ins. What's different this time is the auto pull-ins ",challenge/offline-data/analog-devices/call-transcripts/2025-08-20__adi-us-20250820-call-qna__143762.md,59
Analog Devices,ADI,2025-08-20,FY2025Q3,EARNINGS_CALL,call-qna,15% | -30%,"Unknown speaker: Hi guys, thanks for taking my question. Around the auto pull-ins, and I guess relative to industrial, you're guiding auto implicitly down 15% sequentially as those pull-ins kind of ease. Industrial, you're guiding up, I don't know, you said low to mid-teens, which would put it up, you know, in the mid-30% year-over-year. What are you seeing differently on the trends in industrial ",challenge/offline-data/analog-devices/call-transcripts/2025-08-20__adi-us-20250820-call-qna__143762.md,65
Analog Devices,ADI,2025-08-20,FY2025Q3,EARNINGS_CALL,call-qna,2.7 billion | 70% | 45% | 4  | 4  | 49%,"Unknown speaker: Thanks, Josh. We have talked about this a lot. I think that the part two of what we've said all along is getting to $2.7 billion and getting back to a 70% margin would require us to get back to a more normal industrial mix. Near term, as you saw, we were only 45% industrial when we were building all those models. We were a much larger percentage. We have said we would need to have",challenge/offline-data/analog-devices/call-transcripts/2025-08-20__adi-us-20250820-call-qna__143762.md,117
Analog Devices,ADI,2025-08-20,FY2025Q3,EARNINGS_CALL,call-qna,"2025  | 4,  | 100  | 2024, ","Unknown speaker: From a fiscal 2025 perspective, assuming the midpoint for Q4, we expect we'll deliver about 100 basis points of operating leverage versus 2024, which I feel very good about because when we started the year, knowing we were going to have a pretty significant headwind on the variable comp, we thought we might have a pretty flat operating leverage year, but we are going to deliver so",challenge/offline-data/analog-devices/call-transcripts/2025-08-20__adi-us-20250820-call-qna__143762.md,129
Analog Devices,ADI,2025-08-20,FY2025Q3,EARNINGS_CALL,call-qna,"2024  | 40% | 2026,  | 2026,  | 2024  | 2025.","Unknown speaker: That is, as we've talked about, in the prior year, given our bonus pays on revenue growth and profitability and the fact that 2024 had no revenue growth and margins were muted, bonus was very low, which was part of the reason we were able to hold our 40% operating margin in the trough year. Now, with a return to significant growth, our variable comp is normalizing to a much higher",challenge/offline-data/analog-devices/call-transcripts/2025-08-20__adi-us-20250820-call-qna__143762.md,131
Analog Devices,ADI,2025-08-20,FY2025Q3,EARNINGS_CALL,call-qna,2024.  | 2025.  | 35% | 50%,"Unknown speaker: It's really, really especially true in industrial given the diverse nature of that product. As we've talked about now for a number of quarters, China has been leading our recovery. We've talked about them achieving record auto results this year. We had record design wins in 2024. We've continued growth in design wins in 2025. Our outlook for China is pretty positive over the next ",challenge/offline-data/analog-devices/call-transcripts/2025-08-20__adi-us-20250820-call-qna__143762.md,143
Analog Devices,ADI,2025-08-20,FY2025Q3,STRUCTURED_RESULT,q3-10q,"10 | 2,  | 2024  | 2024 | 1,  | 2025 ","In the opinion of management, the information furnished in the accompanying condensed consolidated financial statements reflects all normal recurring adjustments that are necessary to fairly state the results for these interim periods and should be read in conjunction with Analog Devices, Inc.'s (the Company) Annual Report on Form 10-K for the fiscal year ended November 2, 2024 (fiscal 2024) and r",challenge/offline-data/analog-devices/filings/2025-08-20__adi-us-20250820-q3-10q__143734.md,334
Analog Devices,ADI,2025-08-20,FY2025Q3,STRUCTURED_RESULT,q3-10q,"4,  | 2025,  | 2017  | 2025  | 2027.  | 2, ","On July 4, 2025, the reconciliation bill, commonly known as the One Big Beautiful Bill Act (OBBBA), was enacted into law. The OBBBA, among other things, eliminates the requirement to capitalize U.S. R&D expenses, permanently extends certain provisions of the Tax Cuts & Jobs Act of 2017 and modifies certain international tax provisions, including changes to the Global Intangible Low-Taxed Income (G",challenge/offline-data/analog-devices/filings/2025-08-20__adi-us-20250820-q3-10q__143734.md,640
Analog Devices,ADI,2025-08-20,FY2025Q3,STRUCTURED_RESULT,q3-10q,"30,  | 2021  | 2021 | 2,  | 2019  | 2019","The Company has numerous audits ongoing throughout the world including: an IRS income tax audit for the fiscal years ended October 30, 2021 (fiscal 2021), November 2, 2019 (fiscal 2019) and November 3, 2018 (fiscal 2018); a pre-acquisition IRS income tax audit for Maxim Integrated Products, Inc.'s (Maxim) fiscal years ended June 27, 2015 through August 26, 2021; and various U.S. state and local au",challenge/offline-data/analog-devices/filings/2025-08-20__adi-us-20250820-q3-10q__143734.md,644
Analog Devices,ADI,2025-08-20,FY2025Q3,STRUCTURED_RESULT,q3-10q,"2025,  | 2018  | 2019,  | 267.0 million | 2018  | 2019 ","During the second quarter of fiscal 2025, the Company received an assessment from the U.S. Internal Revenue Service (IRS) for fiscal 2018 and fiscal 2019, totaling approximately $267.0 million. The assessment excludes any penalties and interest. The assessment pertains to transfer pricing arrangements between the Company and one of its wholly-owned foreign subsidiaries. The Company firmly disagree",challenge/offline-data/analog-devices/filings/2025-08-20__adi-us-20250820-q3-10q__143734.md,646
Analog Devices,ADI,2025-08-20,FY2025Q3,STRUCTURED_RESULT,q3-10q,"2023,  | 2023 | -07,  | 280 | 2023 | -07 ","In November 2023, the FASB issued ASU 2023-07, Segment Reporting (Topic 280): Improvements to Reportable Segment Disclosures, which enhances the disclosure requirements for reportable segments. ASU 2023-07 requires segment disclosure to include significant segment expense categories and amounts, and qualitative detail of other segment items. Disclosure of multiple measures of segment profit and lo",challenge/offline-data/analog-devices/filings/2025-08-20__adi-us-20250820-q3-10q__143734.md,654
Analog Devices,ADI,2025-08-20,FY2025Q3,STRUCTURED_RESULT,q3-10q,"2023,  | 2023 | -09,  | 740 | 2023 | -09 ","In December 2023, the FASB issued ASU 2023-09, Income Taxes (Topic 740): Improvements to Income Tax Disclosures. ASU 2023-09 requires the disaggregation of information in existing income tax disclosures related to the effective tax rate reconciliation and income taxes paid. ASU 2023-09 is effective for fiscal years beginning after December 15, 2024, with early adoption permitted. The Company is cu",challenge/offline-data/analog-devices/filings/2025-08-20__adi-us-20250820-q3-10q__143734.md,658
Analog Devices,ADI,2025-08-20,FY2025Q3,STRUCTURED_RESULT,q3-10q,"2024,  | 2024 | -03,  | 2024 | -03  | 15, ","In November 2024, the FASB issued ASU 2024-03, Disaggregation of Income Statement Expenses, requiring public companies to disaggregate key expense categories such as inventory purchases, employee compensation and depreciation in their financial statements. This aims to improve investor insights into company performance. ASU 2024-03 is effective for fiscal years beginning after December 15, 2026, a",challenge/offline-data/analog-devices/filings/2025-08-20__adi-us-20250820-q3-10q__143734.md,666
Analog Devices,ADI,2025-08-20,FY2025Q3,STRUCTURED_RESULT,q3-10q,"19,  | 2025,  | 0.99  | 16,  | 2025  | 2, ","On August 19, 2025, the Board of Directors of the Company declared a cash dividend of $0.99 per outstanding share of common stock. The dividend will be paid on September 16, 2025 to all shareholders of record at the close of business on September 2, 2025 and is expected to total approximately $487.0 million.",challenge/offline-data/analog-devices/filings/2025-08-20__adi-us-20250820-q3-10q__143734.md,672
Analog Devices,ADI,2025-08-20,FY2025Q3,STRUCTURED_RESULT,q3-10q,10 | 1995  | 1933  | 1934. ,"This Quarterly Report on Form 10-Q, including the following discussion, contains forward-looking statements regarding future events and our future results that are subject to the safe harbor created under the Private Securities Litigation Reform Act of 1995 and other safe harbors under the Securities Act of 1933 and the Securities Exchange Act of 1934. All statements other than statements of histo",challenge/offline-data/analog-devices/filings/2025-08-20__adi-us-20250820-q3-10q__143734.md,683
Analog Devices,ADI,2025-08-20,FY2025Q3,STRUCTURED_RESULT,q3-10q,1 | 10 | 2024. ,"The following important factors and uncertainties, among others, could cause actual results to differ materially from those described in the forward-looking statements: economic, political, legal and regulatory uncertainty or conflicts, including increased uncertainty and volatility with respect to tariffs, export controls and other trade restrictions, actions taken or which may be taken by the pr",challenge/offline-data/analog-devices/filings/2025-08-20__adi-us-20250820-q3-10q__143734.md,685
Analog Devices,ADI,2025-08-20,FY2025Q3,STRUCTURED_RESULT,q3-10q,"2,  | 2025, ","R&D expenses increased in the three- and nine-month periods ended August 2, 2025, as compared to the same periods of the prior fiscal year, primarily as a result of higher R&D employee-related variable compensation expenses and higher salary and benefit expenses. R&D expenses as a percentage of revenue will fluctuate from year-to-year depending on the amount of revenue and the success of new produ",challenge/offline-data/analog-devices/filings/2025-08-20__adi-us-20250820-q3-10q__143734.md,793
Analog Devices,ADI,2025-08-20,FY2025Q3,STRUCTURED_RESULT,q3-10q,"2,  | 2025,  | 3.5 billion | 2.3 billion","At August 2, 2025, our principal source of liquidity was $3.5 billion of cash, cash equivalents and short-term investments, of which approximately $2.3 billion was held in the United States, and the balance of which was held outside the United States in various foreign subsidiaries. We manage our worldwide cash requirements by, among other things, reviewing available funds held by our foreign subs",challenge/offline-data/analog-devices/filings/2025-08-20__adi-us-20250820-q3-10q__143734.md,868
Analog Devices,ADI,2025-08-20,FY2025Q3,STRUCTURED_RESULT,q3-10q,"2,  | 2025,  | 26.7 billion | 10.3 billion","As of August 2, 2025, our Board of Directors had authorized us to repurchase an aggregate of $26.7 billion of our common stock under our common stock repurchase program and $10.3 billion remained available for repurchases under the program. The repurchased shares are held as authorized but unissued shares of common stock. Unless terminated earlier by resolution of our Board of Directors, the repur",challenge/offline-data/analog-devices/filings/2025-08-20__adi-us-20250820-q3-10q__143734.md,959
Analog Devices,ADI,2025-08-20,FY2025Q3,STRUCTURED_RESULT,q3-10q,318.4 million | 2025.  | 2025  | 4% | 6% | 2025 ,"Net additions to property, plant and equipment were $318.4 million in the first nine months of fiscal 2025. We expect capital expenditures for fiscal 2025 to be between approximately 4% and 6% of fiscal 2025 revenue as spending returns to our long-term operating model. These capital expenditures will be funded with a combination of cash on hand and cash expected to be generated from future operati",challenge/offline-data/analog-devices/filings/2025-08-20__adi-us-20250820-q3-10q__143734.md,963
Analog Devices,ADI,2025-08-20,FY2025Q3,STRUCTURED_RESULT,q3-10q,"19,  | 2025,  | 0.99  | 16,  | 2025  | 2, ","On August 19, 2025, our Board of Directors declared a cash dividend of $0.99 per outstanding share of common stock. The dividend will be paid on September 16, 2025 to all shareholders of record at the close of business on September 2, 2025 and is expected to total approximately $487.0 million. We currently expect quarterly dividends to continue in future periods. The declaration of any future quar",challenge/offline-data/analog-devices/filings/2025-08-20__adi-us-20250820-q3-10q__143734.md,967
Analog Devices,ADI,2025-08-20,FY2025Q3,STRUCTURED_RESULT,q3-8k,2025 ,"CFO Richard Puccio added, 'We closed the third quarter with continued backlog growth and healthy bookings trends, notably in the Industrial end market. Our favorable third quarter results and outlook for continued growth in the fourth quarter, position us well to finish fiscal 2025 from a position of strength.'",challenge/offline-data/analog-devices/filings/2025-08-20__adi-us-20250820-q3-8k__155976.md,43
Analog Devices,ADI,2025-08-20,FY2025Q3,STRUCTURED_RESULT,q3-8k,2025,## Outlook for the Fourth Quarter of Fiscal Year 2025,challenge/offline-data/analog-devices/filings/2025-08-20__adi-us-20250820-q3-8k__155976.md,89
Analog Devices,ADI,2025-08-20,FY2025Q3,STRUCTURED_RESULT,q3-8k,"2025,  | 3.0 billion | 100 million | 30.5% | -150 bps | 43.5%","For the fourth quarter of fiscal 2025, we are forecasting revenue of $3.0 billion, +/- $100 million. At the midpoint of this revenue outlook, we expect reported operating margin of approximately 30.5%, +/-150 bps, and adjusted operating margin of approximately 43.5%, +/-100 bps. We are planning for reported EPS to be $1.53, +/-$0.10, and adjusted EPS to be $2.22, +/-$0.10.",challenge/offline-data/analog-devices/filings/2025-08-20__adi-us-20250820-q3-8k__155976.md,91
Analog Devices,ADI,2025-08-20,FY2025Q3,STRUCTURED_RESULT,q3-8k,2025  | 2025 ,"Our fourth quarter fiscal 2025 outlook is based on current expectations and actual results may differ materially as a result of, among other things, the important factors discussed at the end of this release. The statements about our fourth quarter fiscal 2025 outlook supersede all prior statements regarding our business outlook set forth in prior ADI news releases, and ADI disclaims any obligatio",challenge/offline-data/analog-devices/filings/2025-08-20__adi-us-20250820-q3-8k__155976.md,93
Analog Devices,ADI,2025-08-20,FY2025Q3,STRUCTURED_RESULT,q3-8k,2025  | 10 | 00 ,"ADI will host a conference call to discuss our third quarter fiscal 2025 results and short-term outlook today, beginning at 10:00 am ET. Investors may join via webcast, accessible at investor.analog.com.",challenge/offline-data/analog-devices/filings/2025-08-20__adi-us-20250820-q3-8k__155976.md,103
Analog Devices,ADI,2025-08-20,FY2025Q3,STRUCTURED_RESULT,q3-8k,10,"risks related to acquisitions or other strategic transactions; security breaches or other cyber incidents; risks related to the use of artificial intelligence in our business operations, products, and services; adverse results in litigation matters; reputational damage; changes in our estimates of our expected tax rates based on current tax law; risks related to our indebtedness; the discretion of",challenge/offline-data/analog-devices/filings/2025-08-20__adi-us-20250820-q3-8k__155976.md,149
Analog Devices,ADI,2025-05-22,FY2025Q2,EARNINGS_CALL,call-pres,10 ,"Unknown speaker: Thank you, Josh, and good morning, everyone. Before we start the formal part of our earnings call, I'd like to say a few words about Mike Lucarelli. As many of you may know, this will be Mike's last earnings call, as he will be leaving ADI at the end of May to pursue a new career opportunity. I want to thank Mike for his many contributions over his 10 years at Analog Devices. Mike",challenge/offline-data/analog-devices/call-transcripts/2025-05-22__adi-us-20250522-call-pres__40006.md,15
Analog Devices,ADI,2025-05-22,FY2025Q2,EARNINGS_CALL,call-pres,2024  | 2025. ,"Unknown speaker: Thanks very much, Jeff, and very good morning to you all. Our second quarter results exceeded our expectations, both on the top and bottom lines. Revenue growth was broad-based, with double-digit year-over-year growth across all end markets. Against a volatile operating backdrop, our favorable performance and positive outlook underscores the growing demand for our exceptional prod",challenge/offline-data/analog-devices/call-transcripts/2025-05-22__adi-us-20250522-call-pres__40006.md,25
Analog Devices,ADI,2025-05-22,FY2025Q2,EARNINGS_CALL,call-pres,2.64 billion | 9% | 22% | 44% | 8% | 17%,"Unknown speaker: Thank you, Vince. Second quarter revenue of $2.64 billion came in above the high end of our outlook, up 9% sequentially and 22% year-over-year. Industrial represented 44% of our second quarter revenue, finishing up 8% sequentially and 17% year-over-year. Our industrial recovery broadened with all subsectors and regions increasing sequentially. On a year-over-year basis, we continu",challenge/offline-data/analog-devices/call-transcripts/2025-05-22__adi-us-20250522-call-pres__40006.md,39
Analog Devices,ADI,2025-05-22,FY2025Q2,EARNINGS_CALL,call-pres,"1.85 | 32% | 2.4 billion | 1.  | 50 million | 169, ","Unknown speaker: All told, EPS was $1.85, up 32% year-over-year and above the high end of our guided range. Now I'd like to highlight a few items from our balance sheet and our cash flow statements. Cash and short-term investments finished the quarter at $2.4 billion, and our net leverage ratio decreased to 1. Inventory increased $50 million sequentially as we continue to invest in DIVANK to suppo",challenge/offline-data/analog-devices/call-transcripts/2025-05-22__adi-us-20250522-call-pres__40006.md,43
Analog Devices,ADI,2025-05-22,FY2025Q2,EARNINGS_CALL,call-pres,12  | 3.3 billion | 34% | 2.5 billion | 100% | 40%,"Unknown speaker: cash flow over the trailing 12 months was $3.3 billion, or 34% of revenue. During that same period, we have returned nearly $2.5 billion to shareholders through dividends and share repurchases. As a reminder, we target 100% free cash flow return over the long term, using 40%-60% for our dividend and the remainder for share count reduction. Before moving on to guidance for our fisc",challenge/offline-data/analog-devices/call-transcripts/2025-05-22__adi-us-20250522-call-pres__40006.md,45
Analog Devices,ADI,2025-05-22,FY2025Q2,EARNINGS_CALL,call-pres,"2024,  | 2.75 billion | 100 million | 41.5% | 100  | 11%","Unknown speaker: These signals support our view that our revenue bottomed in 2024, customer inventories are lean, and we are in a cyclical upturn. Now moving on to guidance. Third quarter revenue is expected to be $2.75 billion, plus or minus $100 million. On a sequential basis, at the midpoint, we expect industrial and consumer to lead our growth, communications to be up, and automotive to declin",challenge/offline-data/analog-devices/call-transcripts/2025-05-22__adi-us-20250522-call-pres__40006.md,47
Analog Devices,ADI,2025-05-22,FY2025Q2,EARNINGS_CALL,call-qna,"2  | 3,  | 3 ","Unknown speaker: Thanks, Joel. I'll take that one. Q2 was notably stronger than expected. Bookings were strong, turns were a lot higher than normal, and given some volatility saw within the quarter, we do think our auto results were aided by pull-in activity. While it's difficult to delineate what was pull-in versus normal, our estimate for pull-in upside is in the high single-digit range. However",challenge/offline-data/analog-devices/call-transcripts/2025-05-22__adi-us-20250522-call-qna__40024.md,15
Analog Devices,ADI,2025-05-22,FY2025Q2,EARNINGS_CALL,call-qna,25% | 20% | 2. ,"Unknown speaker: On the pull-ins, right around the 25% auto tariff news, we saw an acceleration in auto sell-through and orders, most notably in the Americas and in Europe, which were collectively up about 20% sequentially, much better than we had planned. At the industry level, we saw stronger SAR numbers than expected in the quarter, potentially also explained by consumers getting ahead of the h",challenge/offline-data/analog-devices/call-transcripts/2025-05-22__adi-us-20250522-call-qna__40024.md,17
Analog Devices,ADI,2025-05-22,FY2025Q2,EARNINGS_CALL,call-qna,10 | 10%,"Unknown speaker: Yeah, and Vivek, what I'd add is I would say from a consumption perspective, we're probably still shipping 10+% below end consumption. But if you think about the outlook, if you take our guide, embedded in that guide is about 10% in growth in industrial. And at that midpoint, we will be shipping to end demand. And as we talked about, we'll continue to balance the channel inventory",challenge/offline-data/analog-devices/call-transcripts/2025-05-22__adi-us-20250522-call-qna__40024.md,29
Analog Devices,ADI,2025-05-22,FY2025Q2,EARNINGS_CALL,call-qna,3. ,"Unknown speaker: We have continued to see growth. In fact, when we look at where we ended the quarter from an automation perspective, we actually have got a book-to-bill in excess of one. We continue to expect that growth to continue into Q3. In fact, if you look at our industrial business across all of the subsectors of industrial, we have positive book-to-bills in all of those areas above one. W",challenge/offline-data/analog-devices/call-transcripts/2025-05-22__adi-us-20250522-call-qna__40024.md,39
Analog Devices,ADI,2025-05-22,FY2025Q2,EARNINGS_CALL,call-qna,"25  | 26.  | 2 | 2.  | 3,  | 2.","Unknown speaker: All right, Chris, I'll take that one. I'll do the near-term first, and then I'll talk a little bit about '25 and what I think you might be able to expect in '26. Q2's operating margin was up sequentially despite the big acceleration in variable comp. In fact, our base OpEx was actually flat sequentially. That's what you saw in Q2. In Q3, we do expect to see some continued operatin",challenge/offline-data/analog-devices/call-transcripts/2025-05-22__adi-us-20250522-call-qna__40024.md,65
Analog Devices,ADI,2025-05-22,FY2025Q2,EARNINGS_CALL,call-qna,"2024,  | 2025,  | 2025  | 2026,  | 275  | 70%","Unknown speaker: If you think about it, just as a reminder for everybody, the mechanics of our variable comp plan, which is tied to year-over-year growth and operating margin, given the absence of revenue growth in 2024, it was a pretty low year for us. And considering our return to growth here in 2025, variable comp is going to grow and will continue to grow meaningfully. While we are optimistic,",challenge/offline-data/analog-devices/call-transcripts/2025-05-22__adi-us-20250522-call-qna__40024.md,67
Analog Devices,ADI,2025-05-22,FY2025Q2,EARNINGS_CALL,call-qna,"10% | 3,  | 70%","Unknown speaker: That baked into that assumption is that we will see the growth in industrial we're anticipating, which, as you guys know, is our most profitable. That has been one of our challenges we've talked about in getting additional leverage. If you look at just the most recent, the outperforming auto puts pressure on gross margin. As we see the industrial leading the charge coming out with",challenge/offline-data/analog-devices/call-transcripts/2025-05-22__adi-us-20250522-call-qna__40024.md,69
Analog Devices,ADI,2025-05-22,FY2025Q2,EARNINGS_CALL,call-qna,"2, ","Unknown speaker: What we saw was at the start of Q2, bookings sort of were progressing higher as we expected them to. Then toward the end of March, around the time we heard about the auto tariffs, we saw an acceleration in automotive. That lasted for a couple of weeks, as I mentioned, and since has normalized. When we look across the other end markets, we did not notice anything unusual from a boo",challenge/offline-data/analog-devices/call-transcripts/2025-05-22__adi-us-20250522-call-qna__40024.md,81
Analog Devices,ADI,2025-05-22,FY2025Q2,EARNINGS_CALL,call-qna,"3.  | 2.  | 3,  | 3.","Unknown speaker: Yes, thank you. Mike, all the best. Just a question regarding how all of this might affect the second half. Obviously, too early to provide guidance here. With respect to auto, with some of what you've seen now, as we go into the July quarter, do you think this has normalized such that whatever happens going into the second half is really a reflection of true demand? I guess the s",challenge/offline-data/analog-devices/call-transcripts/2025-05-22__adi-us-20250522-call-qna__40024.md,93
Analog Devices,ADI,2025-05-22,FY2025Q2,EARNINGS_CALL,call-qna,7 | -10% | 2  | 3 ,"Unknown speaker: Our outlook reflects the acceleration in our recovery, most notably, again, in the industrial market, where we're expecting a very strong quarter. We've got strong bookings momentum across all applications and geographies. As we think about the back half of the year, if you remember last quarter, we talked about hitting 7-10% for the full-year growth. With what we saw in Q2 and wh",challenge/offline-data/analog-devices/call-transcripts/2025-05-22__adi-us-20250522-call-qna__40024.md,95
Analog Devices,ADI,2025-05-22,FY2025Q2,EARNINGS_CALL,call-qna,"3,  | 3.","Unknown speaker: Thanks. I actually do not think we have seen signs of, I would not call it restocking. I do think that because they are coming off of inventory lows across most of our customer base. We know that because when we look at net new orders, we are seeing net new orders come in from the industrial customers. I do think that they have had lean inventory, and we have seen their purchasing",challenge/offline-data/analog-devices/call-transcripts/2025-05-22__adi-us-20250522-call-qna__40024.md,107
Analog Devices,ADI,2025-05-22,FY2025Q2,STRUCTURED_RESULT,q2-10q,"10 | 2,  | 2024  | 2024 | 1,  | 2025 ","In the opinion of management, the information furnished in the accompanying condensed consolidated financial statements reflects all normal recurring adjustments that are necessary to fairly state the results for these interim periods and should be read in conjunction with Analog Devices, Inc.'s (the Company) Annual Report on Form 10-K for the fiscal year ended November 2, 2024 (fiscal 2024) and r",challenge/offline-data/analog-devices/filings/2025-05-22__adi-us-20250522-q2-10q__102677.md,487
Analog Devices,ADI,2025-05-22,FY2025Q2,STRUCTURED_RESULT,q2-10q,"30,  | 2021  | 2021 | 2,  | 2019  | 2019","The Company has numerous audits ongoing throughout the world including: an IRS income tax audit for the fiscal years ended October 30, 2021 (fiscal 2021), November 2, 2019 (fiscal 2019) and November 3, 2018 (fiscal 2018); a pre-acquisition IRS income tax audit for Maxim Integrated Products, Inc.'s (Maxim) fiscal years ended June 27, 2015 through August 26, 2021; and various U.S. state and local au",challenge/offline-data/analog-devices/filings/2025-05-22__adi-us-20250522-q2-10q__102677.md,756
Analog Devices,ADI,2025-05-22,FY2025Q2,STRUCTURED_RESULT,q2-10q,"2025,  | 2018  | 2019,  | 267.0 million | 2018  | 2019 ","During the second quarter of fiscal 2025, the Company received an assessment from the U.S. Internal Revenue Service (IRS) for fiscal 2018 and fiscal 2019, totaling approximately $267.0 million. The assessment excludes any penalties and interest. The assessment pertains to transfer pricing arrangements between the Company and one of its wholly-owned foreign subsidiaries. The Company firmly disagree",challenge/offline-data/analog-devices/filings/2025-05-22__adi-us-20250522-q2-10q__102677.md,758
Analog Devices,ADI,2025-05-22,FY2025Q2,STRUCTURED_RESULT,q2-10q,"2023,  | 2023 | -07,  | 280 | 2023 | -07 ","In November 2023, the FASB issued ASU 2023-07, Segment Reporting (Topic 280): Improvements to Reportable Segment Disclosures , which enhances the disclosure requirements for reportable segments. ASU 2023-07 requires segment disclosure to include significant segment expense categories and amounts, and qualitative detail of other segment items. Disclosure of multiple measures of segment profit and l",challenge/offline-data/analog-devices/filings/2025-05-22__adi-us-20250522-q2-10q__102677.md,766
Analog Devices,ADI,2025-05-22,FY2025Q2,STRUCTURED_RESULT,q2-10q,"2023,  | 2023 | -09,  | 740 | 2023 | -09 ","In December 2023, the FASB issued ASU 2023-09, Income Taxes (Topic 740): Improvements to Income Tax Disclosures . ASU 2023-09 requires the disaggregation of information in existing income tax disclosures related to the effective tax rate reconciliation and income taxes paid. ASU 2023-09 is effective for fiscal years beginning after December 15, 2024, with early adoption permitted. The Company is c",challenge/offline-data/analog-devices/filings/2025-05-22__adi-us-20250522-q2-10q__102677.md,774
Analog Devices,ADI,2025-05-22,FY2025Q2,STRUCTURED_RESULT,q2-10q,"2024,  | 2024 | -03,  | 2024 | -03  | 15, ","In November 2024, the FASB issued ASU 2024-03, Disaggregation of Income Statement Expenses , requiring public companies to disaggregate key expense categories such as inventory purchases, employee compensation and depreciation in their financial statements. This aims to improve investor insights into company performance. ASU 2024-03 is effective for fiscal years beginning after December 15, 2026, ",challenge/offline-data/analog-devices/filings/2025-05-22__adi-us-20250522-q2-10q__102677.md,778
Analog Devices,ADI,2025-05-22,FY2025Q2,STRUCTURED_RESULT,q2-10q,"21,  | 2025,  | 0.99  | 18,  | 2025  | 4, ","On May 21, 2025, the Board of Directors of the Company declared a cash dividend of $0.99 per outstanding share of common stock. The dividend will be paid on June 18, 2025 to all shareholders of record at the close of business on June 4, 2025 and is expected to total approximately $491.3 million.",challenge/offline-data/analog-devices/filings/2025-05-22__adi-us-20250522-q2-10q__102677.md,782
Analog Devices,ADI,2025-05-22,FY2025Q2,STRUCTURED_RESULT,q2-10q,10 | 1995  | 1933  | 1934. ,"This Quarterly Report on Form 10-Q, including the following discussion, contains forward-looking statements regarding future events and our future results that are subject to the safe harbor created under the Private Securities Litigation Reform Act of 1995 and other safe harbors under the Securities Act of 1933 and the Securities Exchange Act of 1934. All statements other than statements of histo",challenge/offline-data/analog-devices/filings/2025-05-22__adi-us-20250522-q2-10q__102677.md,790
Analog Devices,ADI,2025-05-22,FY2025Q2,STRUCTURED_RESULT,q2-10q,1 | 10 | 2024. ,"The following important factors and uncertainties, among others, could cause actual results to differ materially from those described in the forward-looking statements: economic, political, legal and regulatory uncertainty or conflicts, including increased uncertainty and volatility with respect to tariffs, export controls and other trade restrictions, actions taken or which may be taken by the pr",challenge/offline-data/analog-devices/filings/2025-05-22__adi-us-20250522-q2-10q__102677.md,792
Analog Devices,ADI,2025-05-22,FY2025Q2,STRUCTURED_RESULT,q2-10q,"3,  | 2025, ","R&amp;D expenses increased in the three- and six-month periods ended May 3, 2025, as compared to the same periods of the prior fiscal year, primarily as a result of higher R&amp;D employee-related variable compensation expenses and higher salary and benefit expenses. R&amp;D expenses as a percentage of revenue will fluctuate from year-to-year depending on the amount of revenue and the success of n",challenge/offline-data/analog-devices/filings/2025-05-22__adi-us-20250522-q2-10q__102677.md,902
Analog Devices,ADI,2025-05-22,FY2025Q2,STRUCTURED_RESULT,q2-10q,"3,  | 2025,  | 2.4 billion | 1.1 billion","At May 3, 2025, our principal source of liquidity was $2.4 billion of cash and cash equivalents, of which approximately $1.1 billion was held in the United States, and the balance of which was held outside the United States in various foreign subsidiaries. We manage our worldwide cash requirements by, among other things, reviewing available funds held by our foreign subsidiaries and the cost effec",challenge/offline-data/analog-devices/filings/2025-05-22__adi-us-20250522-q2-10q__102677.md,971
Analog Devices,ADI,2025-05-22,FY2025Q2,STRUCTURED_RESULT,q2-10q,"3,  | 2025,  | 26.7 billion | 11.4 billion","As of May 3, 2025, our Board of Directors authorized us to repurchase $26.7 billion of our common stock under our common stock repurchase program and $11.4 billion remained available for repurchases under the program. The repurchased shares are held as authorized but unissued shares of common stock. Unless terminated earlier by resolution of our Board of Directors, the repurchase program will expi",challenge/offline-data/analog-devices/filings/2025-05-22__adi-us-20250522-q2-10q__102677.md,1056
Analog Devices,ADI,2025-05-22,FY2025Q2,STRUCTURED_RESULT,q2-10q,239.2 million | 2025.  | 2025  | 4% | 6% | 2025 ,"Net additions to property, plant and equipment were $239.2 million in the first six months of fiscal 2025. We expect capital expenditures for fiscal 2025 to be between approximately 4% and 6% of fiscal 2025 revenue as spending returns to our long-term operating model. These capital expenditures will be funded with a combination of cash on hand and cash expected to be generated from future operatio",challenge/offline-data/analog-devices/filings/2025-05-22__adi-us-20250522-q2-10q__102677.md,1062
Analog Devices,ADI,2025-05-22,FY2025Q2,STRUCTURED_RESULT,q2-10q,"21,  | 2025,  | 0.99  | 18,  | 2025  | 4, ","On May 21, 2025, our Board of Directors declared a cash dividend of $0.99 per outstanding share of common stock. The dividend will be paid on June 18, 2025 to all shareholders of record at the close of business on June 4, 2025 and is expected to total approximately $491.3 million. We currently expect quarterly dividends to continue in future periods. The payment of any future quarterly dividends, ",challenge/offline-data/analog-devices/filings/2025-05-22__adi-us-20250522-q2-10q__102677.md,1066
Analog Devices,ADI,2025-05-22,FY2025Q2,STRUCTURED_RESULT,q2-8k,"2,  | 3, ","fiscal Q2, support our outlook for continued growth in Q3, and reinforce our view that we are in a cyclical",challenge/offline-data/analog-devices/filings/2025-05-22__adi-us-20250522-q2-8k__102679.md,28
Analog Devices,ADI,2025-05-22,FY2025Q2,STRUCTURED_RESULT,q2-8k,"2,  | 3, ","CFO Richard Puccio added, 'Second quarter bookings accelerated across all end markets and all regions, resulting in continued sequential backlog growth. The improving demand signals we saw throughout our fiscal Q2, support our outlook for continued growth in Q3, and reinforce our view that we are in a cyclical upturn.'",challenge/offline-data/analog-devices/filings/2025-05-22__adi-us-20250522-q2-8k__102679.md,43
Analog Devices,ADI,2025-05-22,FY2025Q2,STRUCTURED_RESULT,q2-8k,2025,## Outlook for the Third Quarter of Fiscal Year 2025,challenge/offline-data/analog-devices/filings/2025-05-22__adi-us-20250522-q2-8k__102679.md,89
Analog Devices,ADI,2025-05-22,FY2025Q2,STRUCTURED_RESULT,q2-8k,"2025,  | 2.75 billion | 100 million | 27.2% | -150 bps | 41.5%","For the third quarter of fiscal 2025, we are forecasting revenue of $2.75 billion, +/- $100 million. At the midpoint of this revenue outlook, we expect reported operating margin of approximately 27.2%, +/-150 bps, and adjusted operating margin of approximately 41.5%, +/-100 bps. We are planning for reported EPS to be $1.23, +/-$0.10, and adjusted EPS to be $1.92, +/-$0.10.",challenge/offline-data/analog-devices/filings/2025-05-22__adi-us-20250522-q2-8k__102679.md,91
Analog Devices,ADI,2025-05-22,FY2025Q2,STRUCTURED_RESULT,q2-8k,2025  | 2025 ,"Our third quarter fiscal 2025 outlook is based on current expectations and actual results may differ materially as a result of, among other things, the important factors discussed at the end of this release. The statements about our third quarter fiscal 2025 outlook supersede all prior statements regarding our business outlook set forth in prior ADI news releases, and ADI disclaims any obligation ",challenge/offline-data/analog-devices/filings/2025-05-22__adi-us-20250522-q2-8k__102679.md,93
Analog Devices,ADI,2025-05-22,FY2025Q2,STRUCTURED_RESULT,q2-8k,2025  | 10 | 00 ,"ADI will host a conference call to discuss our second quarter fiscal 2025 results and short-term outlook today, beginning at 10:00 am ET. Investors may join via webcast, accessible at investor.analog.com.",challenge/offline-data/analog-devices/filings/2025-05-22__adi-us-20250522-q2-8k__102679.md,103
Analog Devices,ADI,2025-05-22,FY2025Q2,STRUCTURED_RESULT,q2-8k,10,"This press release contains forward-looking statements, which address a variety of subjects including, for example, our statements regarding future financial performance; impacts related to tariffs and other trade restrictions; economic uncertainty; macroeconomic, geopolitical, demand and other market conditions, business cycles, and supply chains; our hybrid manufacturing strategy; our capital al",challenge/offline-data/analog-devices/filings/2025-05-22__adi-us-20250522-q2-8k__102679.md,145
Analog Devices,ADI,2025-02-19,FY2025Q1,EARNINGS_CALL,call-pres,2025  | 21 | 16 billion | 15%,"Unknown speaker: Thanks very much, Mike, and a very good morning to you all. First quarter revenue, profitability, and earnings per share all finished above the midpoint of our outlook. While we continue to operate in a challenging macro and geopolitical environment, our first quarter results and outlook for double-digit year-over-year growth in our second quarter builds my confidence that 2025 wi",challenge/offline-data/analog-devices/call-transcripts/2025-02-19__adi-us-20250219-call-pres__40012.md,19
Analog Devices,ADI,2025-02-19,FY2025Q1,EARNINGS_CALL,call-pres,30% | 2025  | 2025.  | 2025.,"Unknown speaker: Customers are leveraging our solutions to increase channel density and throughput while reducing power demands by up to 30% per system. In light of increased hyperscaler CapEx, we expect our 2025 memory and high-performance compute test revenue to achieve strong growth. In our broad aerospace and defense portfolio, our modules, which support ASPs often into the hundreds of thousan",challenge/offline-data/analog-devices/call-transcripts/2025-02-19__adi-us-20250219-call-pres__40012.md,27
Analog Devices,ADI,2025-02-19,FY2025Q1,EARNINGS_CALL,call-pres,2024. ,"Unknown speaker: Finally, in consumer, design wins secured in recent years at multiple customers across numerous applications, including premium handsets, hearables, wearables, and gaming systems, began to drive robust diversified growth in the second half of fiscal 2024. With even more content in upcoming launches, we expect a strong year ahead and beyond in consumer. Collectively, we anticipate ",challenge/offline-data/analog-devices/call-transcripts/2025-02-19__adi-us-20250219-call-pres__40012.md,31
Analog Devices,ADI,2025-02-19,FY2025Q1,EARNINGS_CALL,call-pres,"2.42 billion | 1% | 4% | 1  | 2024,  | 1 ","Unknown speaker: Thank you, Vince. And let me add my welcome to our first quarter earnings call. First quarter revenue of $2.42 billion came in above the midpoint of our outlook for a 1% sequential decrease and a 4% decline year over year. Adjusting for the extra week in our fiscal Q1 2024, however, our Q1 25 performance represents a 4% increase in our first year-over-year growth since Q2 of 2023.",challenge/offline-data/analog-devices/call-transcripts/2025-02-19__adi-us-20250219-call-pres__40012.md,35
Analog Devices,ADI,2025-02-19,FY2025Q1,EARNINGS_CALL,call-pres,2025  | 2024  | 4% | 6% | 12  | 3.2 billion,"Unknown speaker: We continue to expect CapEx for fiscal 2025 to decrease from 2024 and fall within our long-term model of 4% to 6% of revenue. Free cash flow over the trailing 12 months was $3.2 billion, or 34% of revenue. And during the same time period, we have returned more than $2.4 billion to shareholders through dividends and share repurchases. As a reminder, we target 100% free cash flow re",challenge/offline-data/analog-devices/call-transcripts/2025-02-19__adi-us-20250219-call-pres__40012.md,41
Analog Devices,ADI,2025-02-19,FY2025Q1,EARNINGS_CALL,call-pres,40.5% | 100  | 11% | -13% | 1.68 | 0.10,"Unknown speaker: On a sequential basis, at the midpoint, we expect industrial to lead our growth and automotive to grow, while communications and consumer decline. Operating margin is expected to be 40.5% plus or minus 100 basis points, flat sequentially due to a notable uptick in variable compensation. Our tax rate is expected to be 11%-13%. Based on these inputs, adjusted EPS is expected to be $",challenge/offline-data/analog-devices/call-transcripts/2025-02-19__adi-us-20250219-call-pres__40012.md,43
Analog Devices,ADI,2025-02-19,FY2025Q1,EARNINGS_CALL,call-qna,"1,  | 2. ","Unknown speaker: Sure. Joe, I'll take that one. This is Rich. So let me give you a little color on what we're seeing in auto. Starting with Q1, revenue came in better than expected, driven by Asia, which we've talked about, continued strength in China. As we've talked about in our recent calls, we have flagged that we have stronger share and content position at major Chinese EV OEMs with multiple ",challenge/offline-data/analog-devices/call-transcripts/2025-02-19__adi-us-20250219-call-qna__40028.md,15
Analog Devices,ADI,2025-02-19,FY2025Q1,EARNINGS_CALL,call-qna,7% | -10% | 3 | 4 | 3 | 10 ,"Unknown speaker: Yeah. And Vivek, when I talk about the long-term model, I'm talking about the published range of 7%-10%, although I think as we've talked about, as the macros turn, I think there's opportunity for us to capture even more growth than that. And I think in your one-part, three-part question, Vivek, you talked about what do we think from here on kind of growth the back half of this ye",challenge/offline-data/analog-devices/call-transcripts/2025-02-19__adi-us-20250219-call-qna__40028.md,31
Analog Devices,ADI,2025-02-19,FY2025Q1,EARNINGS_CALL,call-qna,"2.  | 2,  | 1  | 1, ","Unknown speaker: Sure, Chris. I'll jump in on that. So on the industrial, if we take a step back, we've grown this business now sequentially for three straight quarters off of what we said was our trough in Q2. And then as for Q2, we actually expect industrial to be the fastest growing market. So we feel pretty good that our recovery is taking shape and really could accelerate if the macro improve",challenge/offline-data/analog-devices/call-transcripts/2025-02-19__adi-us-20250219-call-qna__40028.md,51
Analog Devices,ADI,2025-02-19,FY2025Q1,EARNINGS_CALL,call-qna,2025 ,"Unknown speaker: Hey, guys. Thank you for taking my question. I wanted to follow up on the previous one. I think you mentioned the prepared remarks. Inventory levels in the channel moved down, and I think they entered the quarter already below your seven to eight weeks target. Does either the April quarter guidance or the fiscal 2025 initial outlook of being in your target range include any sort o",challenge/offline-data/analog-devices/call-transcripts/2025-02-19__adi-us-20250219-call-qna__40028.md,61
Analog Devices,ADI,2025-02-19,FY2025Q1,EARNINGS_CALL,call-qna,2 ,"Unknown speaker: So the current guide for Q2 has us shipping to sell-through, so not adding into the channel. And I'll tell you, for me, for the benchmark, and we talk to our distribution partners pretty regularly, is if we're fulfilling customer requirements and we're not getting any escalations, we're feeling pretty comfortable right now operating below the seven to eight weeks we've had histori",challenge/offline-data/analog-devices/call-transcripts/2025-02-19__adi-us-20250219-call-qna__40028.md,65
Analog Devices,ADI,2025-02-19,FY2025Q1,STRUCTURED_RESULT,q1-10q,"10 | 2,  | 2024  | 2024 | 1,  | 2025 ","In the opinion of management, the information furnished in the accompanying condensed consolidated financial statements reflects all normal recurring adjustments that are necessary to fairly state the results for these interim periods and should be read in conjunction with Analog Devices, Inc.'s (the Company) Annual Report on Form 10-K for the fiscal year ended November 2, 2024 (fiscal 2024) and r",challenge/offline-data/analog-devices/filings/2025-02-19__adi-us-20250219-q1-10q__102664.md,329
Analog Devices,ADI,2025-02-19,FY2025Q1,STRUCTURED_RESULT,q1-10q,"2023,  | 2023 | -07,  | 280 | 2023 | -07 ","In November 2023, the FASB issued ASU 2023-07, Segment Reporting (Topic 280): Improvements to Reportable Segment Disclosures , which enhances the disclosure requirements for reportable segments. ASU 2023-07 requires segment disclosure to include significant segment expense categories and amounts, and qualitative detail of other segment items. Disclosure of multiple measures of segment profit and l",challenge/offline-data/analog-devices/filings/2025-02-19__adi-us-20250219-q1-10q__102664.md,581
Analog Devices,ADI,2025-02-19,FY2025Q1,STRUCTURED_RESULT,q1-10q,"2023,  | 2023 | -09,  | 740 | 2023 | -09 ","In December 2023, the FASB issued ASU 2023-09, Income Taxes (Topic 740): Improvements to Income Tax Disclosures . ASU 2023-09 requires the disaggregation of information in existing income tax disclosures related to the effective tax rate reconciliation and income taxes paid. ASU 2023-09 is effective for fiscal years beginning after December 15, 2024, with early adoption permitted. The Company is c",challenge/offline-data/analog-devices/filings/2025-02-19__adi-us-20250219-q1-10q__102664.md,585
Analog Devices,ADI,2025-02-19,FY2025Q1,STRUCTURED_RESULT,q1-10q,"2024,  | 2024 | -03,  | 2024 | -03  | 15, ","In November 2024, the FASB issued ASU 2024-03, Disaggregation of Income Statement Expenses , requiring public companies to disaggregate key expense categories such as inventory purchases, employee compensation and depreciation in their financial statements. This aims to improve investor insights into company performance. ASU 2024-03 is effective for fiscal years beginning after December 15, 2026, ",challenge/offline-data/analog-devices/filings/2025-02-19__adi-us-20250219-q1-10q__102664.md,589
Analog Devices,ADI,2025-02-19,FY2025Q1,STRUCTURED_RESULT,q1-10q,"18,  | 2025,  | 0.99  | 17,  | 2025  | 4, ","On February 18, 2025, the Board of Directors of the Company declared a cash dividend of $0.99 per outstanding share of common stock. The dividend will be paid on March 17, 2025 to all shareholders of record at the close of business on March 4, 2025 and is expected to total approximately $491.0 million.",challenge/offline-data/analog-devices/filings/2025-02-19__adi-us-20250219-q1-10q__102664.md,593
Analog Devices,ADI,2025-02-19,FY2025Q1,STRUCTURED_RESULT,q1-10q,10 | 1995  | 1933  | 1934. ,"This Quarterly Report on Form 10-Q, including the following discussion, contains forward-looking statements regarding future events and our future results that are subject to the safe harbor created under the Private Securities Litigation Reform Act of 1995 and other safe harbors under the Securities Act of 1933 and the Securities Exchange Act of 1934. All statements other than statements of histo",challenge/offline-data/analog-devices/filings/2025-02-19__adi-us-20250219-q1-10q__102664.md,603
Analog Devices,ADI,2025-02-19,FY2025Q1,STRUCTURED_RESULT,q1-10q,1 | 10 | 2024. ,"The following important factors and uncertainties, among others, could cause actual results to differ materially from those described in the forward-looking statements: economic, political, legal and regulatory uncertainty or conflicts, including actions taken or which may be taken by the presidential administration, executive offices of the U.S. government, or U.S. Congress, monetary policy, poli",challenge/offline-data/analog-devices/filings/2025-02-19__adi-us-20250219-q1-10q__102664.md,605
Analog Devices,ADI,2025-02-19,FY2025Q1,STRUCTURED_RESULT,q1-10q,"1,  | 2025,  | 2.7 billion | 1.4 billion","At February 1, 2025, our principal source of liquidity was $2.7 billion of cash, cash equivalents and short-term investments, of which approximately $1.4 billion was held in the United States, and the balance of which was held outside the United States in various foreign subsidiaries. We manage our worldwide cash requirements by, among other things, reviewing available funds held by our foreign su",challenge/offline-data/analog-devices/filings/2025-02-19__adi-us-20250219-q1-10q__102664.md,751
Analog Devices,ADI,2025-02-19,FY2025Q1,STRUCTURED_RESULT,q1-10q,149.0 million | 2025.  | 2025  | 4% | 6% | 2025 ,"Net additions to property, plant and equipment were $149.0 million in the first three months of fiscal 2025. We expect capital expenditures for fiscal 2025 to be between approximately 4% and 6% of fiscal 2025 revenue as spending returns to our long-term operating model. These capital expenditures will be funded with a combination of cash on hand and cash expected to be generated from future operat",challenge/offline-data/analog-devices/filings/2025-02-19__adi-us-20250219-q1-10q__102664.md,843
Analog Devices,ADI,2025-02-19,FY2025Q1,STRUCTURED_RESULT,q1-10q,"18,  | 2025,  | 0.99  | 17,  | 2025  | 4, ","On February 18, 2025, our Board of Directors declared a cash dividend of $0.99 per outstanding share of common stock. The dividend will be paid on March 17, 2025 to all shareholders of record at the close of business on March 4, 2025 and is expected to total approximately $491.0 million. We currently expect quarterly dividends to continue in future periods. The payment of any future quarterly divi",challenge/offline-data/analog-devices/filings/2025-02-19__adi-us-20250219-q1-10q__102664.md,847
Analog Devices,ADI,2025-02-19,FY2025Q1,STRUCTURED_RESULT,q1-8k,2025,## Outlook for the Second Quarter of Fiscal Year 2025,challenge/offline-data/analog-devices/filings/2025-02-19__adi-us-20250219-q1-8k__102670.md,137
Analog Devices,ADI,2025-02-19,FY2025Q1,STRUCTURED_RESULT,q1-8k,"2025,  | 2.50 billion | 100 million | 24.2% | -160 bps | 40.5%","For the second quarter of fiscal 2025, we are forecasting revenue of $2.50 billion, +/- $100 million. At the midpoint of this revenue outlook, we expect reported operating margin of approximately 24.2%, +/-160 bps, and adjusted operating margin of approximately 40.5%, +/-100 bps. We are planning for reported EPS to be $0.97, +/-$0.10, and adjusted EPS to be $1.68, +/-$0.10.",challenge/offline-data/analog-devices/filings/2025-02-19__adi-us-20250219-q1-8k__102670.md,139
Analog Devices,ADI,2025-02-19,FY2025Q1,STRUCTURED_RESULT,q1-8k,2025  | 2025 ,"Our second quarter fiscal 2025 outlook is based on current expectations and actual results may differ materially as a result of, among other things, the important factors discussed at the end of this release. The statements about our second quarter fiscal 2025 outlook supersede all prior statements regarding our business outlook set forth in prior ADI news releases, and ADI disclaims any obligatio",challenge/offline-data/analog-devices/filings/2025-02-19__adi-us-20250219-q1-8k__102670.md,141
Analog Devices,ADI,2025-02-19,FY2025Q1,STRUCTURED_RESULT,q1-8k,2025  | 10 | 00 ,"ADI will host a conference call to discuss our first quarter fiscal 2025 results and short-term outlook today, beginning at 10:00 am ET. Investors may join via webcast, accessible at investor.analog.com.",challenge/offline-data/analog-devices/filings/2025-02-19__adi-us-20250219-q1-8k__102670.md,151
Analog Devices,ADI,2025-02-19,FY2025Q1,STRUCTURED_RESULT,q1-8k,10,"This press release contains forward-looking statements, which address a variety of subjects including, for example, our statements regarding financial performance; economic uncertainty; macroeconomic, geopolitical, demand and other market conditions, business cycles, and supply chains; our capital allocation strategy, including future dividends, share repurchases, capital expenditures, investments",challenge/offline-data/analog-devices/filings/2025-02-19__adi-us-20250219-q1-8k__102670.md,191
Analog Devices,ADI,2024-11-26,FY2024Q4,EARNINGS_CALL,call-q4-pres,"4  | 2 | 2024  | 9,400,000,000  | 6.38  | 2024 ","Unknown speaker: Thanks very much, Mike, and a very good morning to you all. So our Q4 results reflected the continued steady recovery from our 2nd quarter cyclical bottom with revenue, operating margin and earnings per share all finishing above the midpoint of our outlook. For the full fiscal year, 2024 revenue finished at $9,400,000,000 with earnings per share of 6.38 dollars The headwinds we fa",challenge/offline-data/analog-devices/call-transcripts/2024-11-26__adi-us-20241126-call-q4-pres__39996.md,23
Analog Devices,ADI,2024-11-26,FY2024Q4,EARNINGS_CALL,call-q4-pres,2025  | 2 | 2024 ,"Unknown speaker: Within Automotive, the performance advantages of our battery management systems are driving substantial pipeline growth among OEMs. In addition, we're also seeing momentum for these solutions in electrical grid storage systems. These trends combined with recent wins give us confidence that our BMS revenues should return to growth in fiscal 2025 with meaningful contributions from o",challenge/offline-data/analog-devices/call-transcripts/2024-11-26__adi-us-20241126-call-q4-pres__39996.md,33
Analog Devices,ADI,2024-11-26,FY2024Q4,EARNINGS_CALL,call-q4-pres,2 | 2025. ,"Unknown speaker: Notably, we added to our portfolio of connectivity solutions by launching our Ethernet to the Edge Bus solution or E2B, which is an enabler of the software defined vehicle vision. And out of the gate, we have design wins with several major OEMs, including BMW. In communications, we've seen a positive inflection in the wireline market and expect that growth to continue in FY 'twent",challenge/offline-data/analog-devices/call-transcripts/2024-11-26__adi-us-20241126-call-q4-pres__39996.md,35
Analog Devices,ADI,2024-11-26,FY2024Q4,EARNINGS_CALL,call-q4-pres,"9,400,000,000  | 2023  | 67.9 percent | 40.9% | 6.38  | 4","Unknown speaker: $9,400,000,000 down from a record fiscal 2023 driven by broad based inventory digestion and sluggish end demand. Gross margin of 67.9 percent reflects lower revenue, factory utilization and mix headwinds. Declines in revenue and gross margins were partially offset by lower operating expenses, which resulted in an operating margin of 40.9% and EPS of $6.38 Moving to 4th quarter res",challenge/offline-data/analog-devices/call-transcripts/2024-11-26__adi-us-20241126-call-q4-pres__39996.md,47
Analog Devices,ADI,2024-11-26,FY2024Q4,EARNINGS_CALL,call-q4-pres,35% | 2023  | 29% | 4% | 2% | 2%,"Unknown speaker: For the full year, industrial decreased 35% from a record 2023 with every major application declining double digits except aerospace and defense, which significantly outperformed the rest of industrial. Automotive represented 29% of quarterly revenue, finishing up 4% sequentially and down 2% year over year. This was notably better than our original expectation due to steadily impr",challenge/offline-data/analog-devices/call-transcripts/2024-11-26__adi-us-20241126-call-q4-pres__39996.md,49
Analog Devices,ADI,2024-11-26,FY2024Q4,EARNINGS_CALL,call-q4-pres,"4 | 67.9% | 655,000,000  | 35,000,000  | 41.1 percent | 55,000,000 ","Unknown speaker: 4th quarter gross margin was 67.9%, flat sequentially as products mix headwinds offset modestly higher utilization rates. OpEx in the quarter was $655,000,000 up approximately $35,000,000 sequentially, driven primarily by merit increases, which resulted in an operating margin of 41.1 percent. Non operating expenses finished at $55,000,000 and the tax rate for the quarter was 12.1%",challenge/offline-data/analog-devices/call-transcripts/2024-11-26__adi-us-20241126-call-q4-pres__39996.md,53
Analog Devices,ADI,2024-11-26,FY2024Q4,EARNINGS_CALL,call-q4-pres,"2,400,000,000  | 1.2 | 20,000,000  | 3 | 11  | 167. ","Unknown speaker: We ended the quarter with approximately $2,400,000,000 in cash and short term investments and a net leverage ratio of 1.2. Inventory finished approximately $20,000,000 higher than the 3rd quarter, while days of inventory decreased 11 to 167. Channel inventory finished slightly below the low end of our 7 to 8 week target as we continue to prudently manage our supply. Operating cash",challenge/offline-data/analog-devices/call-transcripts/2024-11-26__adi-us-20241126-call-q4-pres__39996.md,55
Analog Devices,ADI,2024-11-26,FY2024Q4,EARNINGS_CALL,call-q4-pres,"2,400,000,000  | 1,800,000,000  | 600,000,000  | 1.  | 2,350,000,000  | 100,000,000 ","Unknown speaker: During the year, we returned $2,400,000,000 to shareholders via $1,800,000,000 in dividends and $600,000,000 in repurchases. Now moving on to guidance for the Q1. Revenues expected to be $2,350,000,000 plus or minus $100,000,000 Notably, this implies year over year growth when compared to a normalized 13 week Q1 of fiscal 2024, a good indication that we're past the trough and in g",challenge/offline-data/analog-devices/call-transcripts/2024-11-26__adi-us-20241126-call-q4-pres__39996.md,57
Analog Devices,ADI,2024-11-26,FY2024Q4,EARNINGS_CALL,call-q4-pres,15% | 40% | 100  | 12% | 14% | 1 ,"Unknown speaker: Industrial, Automotive and Communications are each expected to decline by low single digits with consumer down around 15%. Operating margin is expected to be approximately 40% plus or minus 100 basis points. Our tax rate is expected to be 12% to 14% and based on these inputs EPS is expected to be 1 point 53 dollars plus or minus $0.10 I'll conclude by noting a few items as we begi",challenge/offline-data/analog-devices/call-transcripts/2024-11-26__adi-us-20241126-call-q4-pres__39996.md,59
Analog Devices,ADI,2024-11-26,FY2024Q4,EARNINGS_CALL,call-q4-pres,"2025 | 100% | 2024 | 400,000,000  | 2025.  | 100%","Unknown speaker: We expect this normalized CapEx level and planned receipt of investment tax credits tied to both the U. S. And European chips acts will provide tailwinds to fiscal 2025's free cash flow. Importantly, while we have delivered on our commitment to return 100% free cash flow since our Maxim acquisition, fiscal 2024's return was lower due to our decision to increase balance sheet cash ",challenge/offline-data/analog-devices/call-transcripts/2024-11-26__adi-us-20241126-call-q4-pres__39996.md,61
Analog Devices,ADI,2024-11-26,FY2024Q4,EARNINGS_CALL,call-q4-qna,4  | 3  | 3  | 4 ,"Unknown speaker: So I'll give you a little bit of the perspective, Chris, on the auto near term. So on last call, we had expected the sequential decline in Q4 given the drop we talked about in bookings during Q3 and adjustment to production for multiple of our OEMs. However, toward the end of Q3 bookings started to improve and that continued throughout our Q4 with stronger demand in China reflecti",challenge/offline-data/analog-devices/call-transcripts/2024-11-26__adi-us-20241126-call-q4-qna__40013.md,19
Analog Devices,ADI,2024-11-26,FY2024Q4,EARNINGS_CALL,call-q4-qna,"1  | 2025, ","Unknown speaker: Yes. Thanks, TJ. So yes, obviously, we've already stated our Q1 will be down. So we expect to start getting back to a positive growth trajectory in the second quarter. I think during 2025, if I were to kind of rank the market recoveries, I think it will be led by industrial.",challenge/offline-data/analog-devices/call-transcripts/2024-11-26__adi-us-20241126-call-q4-qna__40013.md,35
Analog Devices,ADI,2024-11-26,FY2024Q4,EARNINGS_CALL,call-q4-qna,2024.  | 5 ,"Unknown speaker: So we're not seeing much on the wireless side. We've, I think, at a low point in wireless during 2024. So I think it will all depend on carrier CapEx investments in 5 gs moving ahead. Last but not least, the automotive sector. We expect to see continued momentum in areas of functionally safe power, the connectivity things that I spoke about.",challenge/offline-data/analog-devices/call-transcripts/2024-11-26__adi-us-20241126-call-q4-qna__40013.md,43
Analog Devices,ADI,2024-11-26,FY2024Q4,EARNINGS_CALL,call-q4-qna,"2024  | 2025,  | 2% | 2024, ","Unknown speaker: And essentially, we expect globally to be driving share and penetration across all the different types of platforms. So we've had a tough year in 2024 in BMS. 2025, we expect to see that get back to a better shape, get back to a growth pattern. And given that auto was down just 2% in 2024, it's a tough compare moving ahead. But overall, we feel that we'll be on a solid growth path",challenge/offline-data/analog-devices/call-transcripts/2024-11-26__adi-us-20241126-call-q4-qna__40013.md,45
Analog Devices,ADI,2024-11-26,FY2024Q4,EARNINGS_CALL,call-q4-qna,4  | 2025.  | 4  | 1 ,"Unknown speaker: Thanks for taking my question. My question is on Q4 Industrial and then how it sort of shapes fiscal 2025. I think for Q4 Industrial, if I'm not mistaken, you had expected sales to grow high single digit. I think they went up only modestly. And then you're guiding Q1 Industrial down again sequentially.",challenge/offline-data/analog-devices/call-transcripts/2024-11-26__adi-us-20241126-call-q4-qna__40013.md,51
Analog Devices,ADI,2024-11-26,FY2024Q4,EARNINGS_CALL,call-q4-qna,2025  | 2025 ,"Unknown speaker: So Vince, my question is industrial really out of the woods, what helps it grow above seasonal? Because just assuming seasonal growth for the rest of fiscal 2025 may not be sufficient, right, to really grow fiscal 2025 at a strong pace. So just maybe help us understanding what's happening in the industrial market and when do you expect it to start growing above seasonal trends nex",challenge/offline-data/analog-devices/call-transcripts/2024-11-26__adi-us-20241126-call-q4-qna__40013.md,53
Analog Devices,ADI,2024-11-26,FY2024Q4,EARNINGS_CALL,call-q4-qna,4,"Unknown speaker: So Vivek, I'll take that one. So 4Q, as you mentioned, was a bit lower than we expected, driven largely by weakness in the broad market and our decision to reduce channel inventory during the quarter. As you know, reducing channel inventory has an outsized impact on our industrial business. At the same time, we did see continued strength in ADEPS, instrumentation and test and a re",challenge/offline-data/analog-devices/call-transcripts/2024-11-26__adi-us-20241126-call-q4-qna__40013.md,55
Analog Devices,ADI,2024-11-26,FY2024Q4,EARNINGS_CALL,call-q4-qna,2  | 4,"Unknown speaker: So I'll break that into 2 pieces. I guess I'll talk about pricing first. So from a pricing perspective so far with customers, it's been largely as expected and continuing to exhibit the stability that we've talked about previously, right? We continue to focus on the high end where our customers value performance versus price. We can continue to command ASPs 4x the industry average",challenge/offline-data/analog-devices/call-transcripts/2024-11-26__adi-us-20241126-call-q4-qna__40013.md,67
Analog Devices,ADI,2024-11-26,FY2024Q4,EARNINGS_CALL,call-q4-qna,"4  | 1,  | 70%","Unknown speaker: Stacy, I'll take that one. So gross Q4 gross margin was lower than we had expected due to mix. So with consumer and auto being so much stronger, while industrial was weaker, that created some downward pressure because we had talked about a slight sequential increase, which we didn't see. For Q1, we expected slightly lower gross margin given sort of normal factory shutdowns around ",challenge/offline-data/analog-devices/call-transcripts/2024-11-26__adi-us-20241126-call-q4-qna__40013.md,99
Analog Devices,ADI,2024-11-26,FY2024Q4,EARNINGS_CALL,call-q4-qna,"2  | 2,700,000,000  | 70% | 2025  | 1 ","Unknown speaker: Right now, industrial is pretty low mix and utilization while no longer decreasing and coming off of our low points back in Q2 remains sort of well below optimal levels. If you want to think about it from a longer term perspective, from a revenue view, we'd likely need revenue in the $2,700,000,000 plus to start seeing 70%. From a 2025 sort of sequential perspective, as we do, as ",challenge/offline-data/analog-devices/call-transcripts/2024-11-26__adi-us-20241126-call-q4-qna__40013.md,101
Analog Devices,ADI,2024-11-26,FY2024Q4,EARNINGS_CALL,call-q4-qna,"3  | 1,  | 1","Unknown speaker: Yes. On the booking side, so, as we talked about after the decline in Q3 in auto, total bookings returned to growth driven by continued growth in industrial and a rebound in auto. Overall book to bill was slightly below 1, which we would say is pretty normal at this point, reflecting our seasonally lower 1Q outlook. Regionally, bookings were up everywhere, excluding the Americas, ",challenge/offline-data/analog-devices/call-transcripts/2024-11-26__adi-us-20241126-call-q4-qna__40013.md,121
Analog Devices,ADI,2024-11-26,FY2024Q4,EARNINGS_CALL,call-q4-qna,"2  | 2025, ","Unknown speaker: So we have seen 2 quarters of sequential modest, I would say, modest sequential increases in utilization. And as the revenue picks up as we work our way through fiscal year 2025, I expect that utilization to continue increase to continue.",challenge/offline-data/analog-devices/call-transcripts/2024-11-26__adi-us-20241126-call-q4-qna__40013.md,159
Analog Devices,ADI,2024-11-26,FY2024Q4,STRUCTURED_RESULT,q4-10k,10 | 1995  | 1933  | 1934.  | 1 | 10,"This Annual Report on Form 10-K, including 'Management's Discussion and Analysis of Financial Condition and Results of Operations,' contains forward-looking statements regarding future events and our future results that are subject to the safe harbor created under the Private Securities Litigation Reform Act of 1995 and other safe harbors under the Securities Act of 1933 and the Securities Exchang",challenge/offline-data/analog-devices/filings/2024-11-26__adi-us-20241126-q4-10k__102663.md,215
Analog Devices,ADI,2024-11-26,FY2024Q4,STRUCTURED_RESULT,q4-10k,"2,  | 2024,  | 24,000  | 13,000  | 62% | 38%","As of November 2, 2024, we had approximately 24,000 employees, of whom approximately 13,000 are in engineering roles. Approximately 62% of our workforce is male and 38% female. Our senior leadership team is 64% male and 36% female, while manager roles are approximately 75% male and 25% female. 36% of the members of our Board of Directors are female. For fiscal 2024, our voluntary employee turnover",challenge/offline-data/analog-devices/filings/2024-11-26__adi-us-20241126-q4-10k__102663.md,423
Analog Devices,ADI,2024-11-26,FY2024Q4,STRUCTURED_RESULT,q4-10k,"2022,  | 2022 ","We face intense competition in the semiconductor industry, and we expect this competition to increase in the future, including from companies located outside of the United States. Competition is generally based on innovation, design, quality and reliability of products, product performance, features and functionality, product pricing, availability and capacity, technological service and support an",challenge/offline-data/analog-devices/filings/2024-11-26__adi-us-20241126-q4-10k__102663.md,538
Analog Devices,ADI,2024-11-26,FY2024Q4,STRUCTURED_RESULT,q4-10k,"30,  | 2021,  | 2,  | 2019  | 2019 | 3, ","Tax legislation and regulation may require the collection of information not regularly produced by us, and therefore necessitate the use of estimates in our Consolidated Financial Statements and the exercise of significant judgment in accounting for its provisions, which may subject us to additional tax liability, tax examination and other risks. As regulations and guidance evolve with respect to ",challenge/offline-data/analog-devices/filings/2024-11-26__adi-us-20241126-q4-10k__102663.md,677
Analog Devices,ADI,2024-11-26,FY2024Q4,STRUCTURED_RESULT,q4-10k,15% | 1 billion | 15% | 2025. ,"We are also subject to laws and regulations in various jurisdictions that determine how much profit has been earned and when it is subject to taxation in that jurisdiction. In the United States, for example, the Inflation Reduction Act (IRA) imposes a 15% book minimum tax on corporations with three-year average annual adjusted financial statement income exceeding $1 billion. We do not believe that",challenge/offline-data/analog-devices/filings/2024-11-26__adi-us-20241126-q4-10k__102663.md,679
Analog Devices,ADI,2024-11-26,FY2024Q4,STRUCTURED_RESULT,q4-10k,"2039.  | 9,  | 8  | 10","In addition to the properties listed in the above tables, we also own or lease a number of other facilities in various locations in the United States and internationally that are used for manufacturing, engineering, sales and marketing and administration activities. Leases for these leased facilities expire at various dates through the year 2039. We do not anticipate experiencing significant diffi",challenge/offline-data/analog-devices/filings/2024-11-26__adi-us-20241126-q4-10k__102663.md,822
Analog Devices,ADI,2024-11-26,FY2024Q4,STRUCTURED_RESULT,q4-10k,"25,  | 2024,  | 0.92  | 20,  | 2024  | 9, ","On November 25, 2024, our Board of Directors declared a cash dividend of $0.92 per outstanding share of common stock. The dividend will be paid on December 20, 2024 to all shareholders of record at the close of business on December 9, 2024 and is expected to total approximately $456.6 million. We currently expect quarterly dividends to continue in future periods, although they remain subject to de",challenge/offline-data/analog-devices/filings/2024-11-26__adi-us-20241126-q4-10k__102663.md,866
Analog Devices,ADI,2024-11-26,FY2024Q4,STRUCTURED_RESULT,q4-10k,"2,  | 2024.  | 2004,  | 2,  | 2024,  | 207.7 million","The table below summarizes the activity related to stock repurchases for the three months ended November 2, 2024. We have an ongoing authorization, originally approved by our Board of Directors in 2004, and subsequently amended, to repurchase shares of our common stock in open market or negotiated transactions. As of November 2, 2024, the Company had repurchased a total of approximately 207.7 mill",challenge/offline-data/analog-devices/filings/2024-11-26__adi-us-20241126-q4-10k__102663.md,872
Analog Devices,ADI,2024-11-26,FY2024Q4,STRUCTURED_RESULT,q4-10k,"2,  | 2024  | 2024 | 28,  | 2023  | 2023","The following discussion includes results of operations and financial condition for the fiscal year ended November 2, 2024 (fiscal 2024) and the fiscal year ended October 28, 2023 (fiscal 2023) and year-over-year comparisons between fiscal 2024 and fiscal 2023. For discussion on results of operations and financial condition for fiscal 2023 and the fiscal year ended October 29, 2022 (fiscal 2022) a",challenge/offline-data/analog-devices/filings/2024-11-26__adi-us-20241126-q4-10k__102663.md,1227
Analog Devices,ADI,2024-11-26,FY2024Q4,STRUCTURED_RESULT,q4-10k,2024  | 2023 ,Geographic revenue information for fiscal 2024 and fiscal 2023 reflects the geographic location of the distributors or OEMs who purchased the Company's products. This may differ from the geographic location of the end customers particularly in cases where a thirdparty contract manufacturer purchases the Company's products through distributors.,challenge/offline-data/analog-devices/filings/2024-11-26__adi-us-20241126-q4-10k__102663.md,1283
Analog Devices,ADI,2024-11-26,FY2024Q4,STRUCTURED_RESULT,q4-10k,2024  | 2023  | 21% | 2024  | 2023  | 12.5%,Our effective tax rates for fiscal 2024 and fiscal 2023 were below the U.S. statutory rate of 21% due to lower statutory tax rates applicable to our operations in the foreign jurisdictions in which we earn income. For fiscal 2024 and fiscal 2023 our pretax income was primarily generated in Ireland at a tax rate of 12.5%. Our effective tax rate for fiscal 2023 was also impacted by a discrete income,challenge/offline-data/analog-devices/filings/2024-11-26__adi-us-20241126-q4-10k__102663.md,1387
Analog Devices,ADI,2024-11-26,FY2024Q4,STRUCTURED_RESULT,q4-10k,"2,  | 2024,  | 2.4 billion | 1.3 billion","At November 2, 2024, our principal source of liquidity was $2.4 billion of cash, cash equivalents and short-term investments, of which approximately $1.3 billion was held in the United States, with the balance held outside the United States in various foreign subsidiaries. We manage our worldwide cash requirements by, among other things, reviewing available funds held by our foreign subsidiaries a",challenge/offline-data/analog-devices/filings/2024-11-26__adi-us-20241126-q4-10k__102663.md,1404
Analog Devices,ADI,2024-11-26,FY2024Q4,STRUCTURED_RESULT,q4-10k,2024  | 2023  | 2024  | 2023.,The decrease in accounts receivable for fiscal 2024 compared to fiscal 2023 was primarily the result of variations in the timing of collections and billings and decreased revenue levels in the fourth quarter of fiscal 2024 as compared to the fourth quarter of fiscal 2023.,challenge/offline-data/analog-devices/filings/2024-11-26__adi-us-20241126-q4-10k__102663.md,1446
Analog Devices,ADI,2024-11-26,FY2024Q4,STRUCTURED_RESULT,q4-10k,"2,  | 2024,  | 1.7 billion","As of November 2, 2024, $1.7 billion remained available for repurchase under the current authorized program. The repurchased shares are held as authorized but unissued shares of common stock. Future repurchases of common stock will be dependent upon our financial position, results of operations, outlook, liquidity and other factors we deem relevant.",challenge/offline-data/analog-devices/filings/2024-11-26__adi-us-20241126-q4-10k__102663.md,1472
Analog Devices,ADI,2024-11-26,FY2024Q4,STRUCTURED_RESULT,q4-10k,730.5 million | 2024  | 2025  | 4% | 6% | 2025 ,"Net additions to property, plant and equipment were $730.5 million in fiscal 2024 as we invested to enhance our global resiliency and continue to diversify our global manufacturing footprint. We expect capital expenditures for fiscal 2025 to be between approximately 4% and 6% of fiscal 2025 revenue. These capital expenditures will be funded with a combination of cash on hand and cash expected to b",challenge/offline-data/analog-devices/filings/2024-11-26__adi-us-20241126-q4-10k__102663.md,1476
Analog Devices,ADI,2024-11-26,FY2024Q4,STRUCTURED_RESULT,q4-10k,"25,  | 2024,  | 0.92  | 20,  | 2024  | 9, ","On November 25, 2024, our Board of Directors declared a cash dividend of $0.92 per outstanding share of common stock. The dividend will be paid on December 20, 2024 to all shareholders of record at the close of business on December 9, 2024 and is expected to total approximately $456.6 million. We currently expect quarterly dividends to continue in future periods, although they remain subject to de",challenge/offline-data/analog-devices/filings/2024-11-26__adi-us-20241126-q4-10k__102663.md,1480
Analog Devices,ADI,2024-11-26,FY2024Q4,STRUCTURED_RESULT,q4-10k,"2,  | 2024,  | 185.8 million | 8  | 10","As of November 2, 2024, our total liabilities associated with uncertain tax positions was $185.8 million, which are included in noncurrent income taxes payable in our Consolidated Balance Sheets contained in Item 8 of this Annual Report on Form 10-K. Due to the complexity associated with our tax uncertainties, we cannot make a reasonably reliable estimate of the period in which we expect to settle",challenge/offline-data/analog-devices/filings/2024-11-26__adi-us-20241126-q4-10k__102663.md,1511
Analog Devices,ADI,2024-11-26,FY2024Q4,STRUCTURED_RESULT,q4-10k,1 | 2 | 3 | 4 | 5,Recognition of revenue occurs when a customer obtains control of promised goods or services in an amount that reflects the consideration to which the providing entity expects to be entitled in exchange for those goods or services. We recognize revenue upon transfer of control of promised products or services to customers in an amount that reflects the consideration that we expect to receive in exc,challenge/offline-data/analog-devices/filings/2024-11-26__adi-us-20241126-q4-10k__102663.md,1523
Analog Devices,ADI,2024-11-26,FY2024Q4,STRUCTURED_RESULT,q4-10k,50% | 50%,We account for uncertain tax positions by first determining if it is 'more likely than not' that a tax position will be sustained by the appropriate taxing authorities prior to recording any benefit in the financial statements. An uncertain income tax position is not recognized if it has less than a 50% likelihood of being sustained. For those tax positions where it is more likely than not that a ,challenge/offline-data/analog-devices/filings/2024-11-26__adi-us-20241126-q4-10k__102663.md,1565
Analog Devices,ADI,2024-11-26,FY2024Q4,STRUCTURED_RESULT,q4-10k,"2,  | 2024, ","The market risk associated with our derivative instruments results from currency exchange rates that are expected to offset the market risk of the underlying transactions, assets and liabilities being hedged. The counterparties to the agreements relating to our foreign exchange instruments consist of a number of major international financial institutions with high credit ratings. Based on the cred",challenge/offline-data/analog-devices/filings/2024-11-26__adi-us-20241126-q4-10k__102663.md,1617
Analog Devices,ADI,2024-11-26,FY2024Q4,STRUCTURED_RESULT,q4-10k,"2 | 2024,  | 5.5 billion | 2,  | 2024  | 508.7 million","Description of the Matter As described in Note 2n to the consolidated financial statements, the Company's sales contracts provide certain distributors with credits for price protection and rights of return, which results in variable consideration. During 2024, sales to distributors were $5.5 billion net of expected price protection credits and rights of return for which the liability balance as of",challenge/offline-data/analog-devices/filings/2024-11-26__adi-us-20241126-q4-10k__102663.md,1653
Analog Devices,ADI,2024-11-26,FY2024Q4,STRUCTURED_RESULT,q4-10k,"2,  | 2024  | 28,  | 2023, ","The market risk associated with the Company's derivative instruments results from currency exchange rate or interest rate movements that are expected to offset the market risk of the underlying transactions, assets and liabilities being hedged. The counterparties to the agreements relating to the Company's derivative instruments consist of a number of major international financial institutions wit",challenge/offline-data/analog-devices/filings/2024-11-26__adi-us-20241126-q4-10k__102663.md,2103
Analog Devices,ADI,2024-11-26,FY2024Q4,STRUCTURED_RESULT,q4-10k,1 | 2 | 3 | 4 | 5,Recognition of revenue occurs when a customer obtains control of promised goods or services in an amount that reflects the consideration to which the providing entity expects to be entitled in exchange for those goods or services. The Company recognizes revenue upon transfer of control of promised products or services to customers in an amount that reflects the consideration the Company expects to,challenge/offline-data/analog-devices/filings/2024-11-26__adi-us-20241126-q4-10k__102663.md,2322
Analog Devices,ADI,2024-11-26,FY2024Q4,STRUCTURED_RESULT,q4-10k,"2024  | 2023,  | 5.5 billion | 7.5 billion | 2,  | 2024 ",Transaction Price : The transaction price reflects the Company's expectations about the consideration it will be entitled to receive from the customer and may include fixed or variable amounts. Fixed consideration primarily includes sales to direct customers and sales to distributors in which both the sale to the distributor and the sale to the end customer occur within the same reporting period. ,challenge/offline-data/analog-devices/filings/2024-11-26__adi-us-20241126-q4-10k__102663.md,2336
Analog Devices,ADI,2024-11-26,FY2024Q4,STRUCTURED_RESULT,q4-10k,50% | 50%,The Company accounts for uncertain tax positions by first determining if it is 'more likely than not' that a tax position will be sustained by the appropriate taxing authorities prior to recording any benefit in the Consolidated Financial Statements. An uncertain income tax position is not recognized if it has less than a 50% likelihood of being sustained. For those tax positions where it is more ,challenge/offline-data/analog-devices/filings/2024-11-26__adi-us-20241126-q4-10k__102663.md,2383
Analog Devices,ADI,2024-11-26,FY2024Q4,STRUCTURED_RESULT,q4-10k,"25% | 2018,  | 20%","Stock-based compensation is measured at the grant date based on the grant-date fair value of the awards ultimately expected to vest and is recognized as an expense on a straight-line basis over the vesting period, which is generally four years for stock options and restricted stock units, or in annual installments of 25% on each of the first, second, third and fourth anniversaries of the date of g",challenge/offline-data/analog-devices/filings/2024-11-26__adi-us-20241126-q4-10k__102663.md,2417
Analog Devices,ADI,2024-11-26,FY2024Q4,STRUCTURED_RESULT,q4-10k,"2021,  | 2021 | -08,  | 805 | 805 | -20","In October 2021, the Financial Accounting Standards Board (FASB) issued Accounting Standards Update (ASU) 2021-08, Business Combinations (Topic 805): Accounting for Acquired Contract Assets and Contract Liabilities . Under this guidance (ASC 805-20-30-28), the acquirer should determine what contract assets and/or contract liabilities it would have recorded under ASC 606 (the revenue guidance) as o",challenge/offline-data/analog-devices/filings/2024-11-26__adi-us-20241126-q4-10k__102663.md,2439
Analog Devices,ADI,2024-11-26,FY2024Q4,STRUCTURED_RESULT,q4-10k,"2023,  | 2023 | -07,  | 280 | 2023 | -07 ","In November 2023, the FASB issued ASU 2023-07, Segment Reporting (Topic 280): Improvements to Reportable Segment Disclosures , which enhances the disclosure requirements for reportable segments. ASU 2023-07 requires segment disclosure to include significant segment expense categories and amounts, and qualitative detail of other segment items. Disclosure of multiple measures of segment profit and l",challenge/offline-data/analog-devices/filings/2024-11-26__adi-us-20241126-q4-10k__102663.md,2445
Analog Devices,ADI,2024-11-26,FY2024Q4,STRUCTURED_RESULT,q4-10k,"2023,  | 2023 | -09,  | 740 | 2023 | -09 ","In December 2023, the FASB issued ASU 2023-09, Income Taxes (Topic 740): Improvements to Income Tax Disclosures . ASU 2023-09 requires the disaggregation of information in existing income tax disclosures related to the effective tax rate reconciliation and income taxes paid. ASU 2023-09 is effective for fiscal years beginning after December 15, 2024, with early adoption permitted. The Company is c",challenge/offline-data/analog-devices/filings/2024-11-26__adi-us-20241126-q4-10k__102663.md,2449
Analog Devices,ADI,2024-11-26,FY2024Q4,STRUCTURED_RESULT,q4-10k,"2024,  | 2024 | -03,  | 2024 | -03  | 15, ","In November 2024, the FASB issued ASU 2024-03, Disaggregation of Income Statement Expenses, requiring public companies to disaggregate key expense categories such as inventory purchases, employee compensation and depreciation in their financial statements. This aims to improve investor insights into company performance. ASU 2024-03 is effective for fiscal years beginning after December 15, 2024, a",challenge/offline-data/analog-devices/filings/2024-11-26__adi-us-20241126-q4-10k__102663.md,2453
Analog Devices,ADI,2024-11-26,FY2024Q4,STRUCTURED_RESULT,q4-10k,"5.0% | 2,  | 2024. ","The amount of stock-based compensation expense recognized during a period is based on the value of the awards that are ultimately expected to vest. Forfeitures are estimated at the time of grant and revised, if necessary, in subsequent periods if actual forfeitures differ from those estimates. The term 'forfeitures' is distinct from 'cancellations' or 'expirations' and represents only the unvested",challenge/offline-data/analog-devices/filings/2024-11-26__adi-us-20241126-q4-10k__102663.md,2479
Analog Devices,ADI,2024-11-26,FY2024Q4,STRUCTURED_RESULT,q4-10k,1,"(1) In addition to the vested options, the Company expects a portion of the unvested options to vest at some point in the future. The number of options expected to vest is calculated by applying an estimated forfeiture rate to the unvested options.",challenge/offline-data/analog-devices/filings/2024-11-26__adi-us-20241126-q4-10k__102663.md,2514
Analog Devices,ADI,2024-11-26,FY2024Q4,STRUCTURED_RESULT,q4-10k,"2,  | 2024,  | 607.8 million | 1.5  | 2024,  | 2023 ","As of November 2, 2024, there was $607.8 million of total unrecognized compensation cost related to unvested stock-based awards comprised of stock options, restricted stock awards and restricted stock unit awards. That cost is expected to be recognized over a weighted-average period of 1.5 years. The total grant-date fair value of awards that vested during fiscal 2024, fiscal 2023 and fiscal 2022 ",challenge/offline-data/analog-devices/filings/2024-11-26__adi-us-20241126-q4-10k__102663.md,2528
Analog Devices,ADI,2024-11-26,FY2024Q4,STRUCTURED_RESULT,q4-10k,"2024,  | 2023  | 2022 ","Geographic revenue information for fiscal 2024, fiscal 2023 and fiscal 2022 reflects the geographic location of the distributors or OEMs who purchased the Company's products. This may differ from the geographic location of the end customers particularly in cases where a third-party contract manufacturer purchases the Company's products through distributors. In all periods presented, the predominan",challenge/offline-data/analog-devices/filings/2024-11-26__adi-us-20241126-q4-10k__102663.md,2603
Analog Devices,ADI,2024-11-26,FY2024Q4,STRUCTURED_RESULT,q4-10k,"31,  | 2,  | 2024  | 2024  | 28,  | 2023 ","The Company's funding policy for its foreign defined benefit pension plans is consistent with the local requirements of each country. The plans' assets consist primarily of U.S. and non-U.S. equity securities, bonds, property and cash. The Company has elected to measure defined benefit plan assets and obligations as of October 31, which is the month-end that is closest to its fiscal year-ends, whi",challenge/offline-data/analog-devices/filings/2024-11-26__adi-us-20241126-q4-10k__102663.md,2782
Analog Devices,ADI,2024-11-26,FY2024Q4,STRUCTURED_RESULT,q4-10k,"2024,  | 2023  | 2022 ","Net annual periodic benefit cost of the Company's pension and postretirement benefit plans for fiscal 2024, fiscal 2023 and fiscal 2022 is presented in the following table:",challenge/offline-data/analog-devices/filings/2024-11-26__adi-us-20241126-q4-10k__102663.md,2788
Analog Devices,ADI,2024-11-26,FY2024Q4,STRUCTURED_RESULT,q4-10k,"2024,  | 2023  | 2022 ","The Company's effective tax rate reflects the applicable tax rate in effect in the various tax jurisdictions around the world where the Company's income is earned. The reconciliation of income tax computed at the U.S. federal statutory rates to income tax expense for fiscal 2024, fiscal 2023 and fiscal 2022 is as follows:",challenge/offline-data/analog-devices/filings/2024-11-26__adi-us-20241126-q4-10k__102663.md,2959
Analog Devices,ADI,2024-11-26,FY2024Q4,STRUCTURED_RESULT,q4-10k,"2024,  | 2023  | 2022 ","Income before income taxes for fiscal 2024, fiscal 2023 and fiscal 2022 includes the following components:",challenge/offline-data/analog-devices/filings/2024-11-26__adi-us-20241126-q4-10k__102663.md,2978
Analog Devices,ADI,2024-11-26,FY2024Q4,STRUCTURED_RESULT,q4-10k,2023  | 81.7 million,The Company's effective tax rate for fiscal 2023 was impacted by a discrete income tax benefit recorded of $81.7 million resulting from the approval granted by the Joint Committee on Taxation of its federal corporate income tax relief claim which reduced the amount of transition tax owed under the Tax Cuts and Jobs Act.,challenge/offline-data/analog-devices/filings/2024-11-26__adi-us-20241126-q4-10k__102663.md,3015
Analog Devices,ADI,2024-11-26,FY2024Q4,STRUCTURED_RESULT,q4-10k,2022  | 2024,The following table summarizes the changes in the total amounts of unrealized tax benefits for fiscal 2022 through fiscal 2024:,challenge/offline-data/analog-devices/filings/2024-11-26__adi-us-20241126-q4-10k__102663.md,3067
Analog Devices,ADI,2024-11-26,FY2024Q4,STRUCTURED_RESULT,q4-10k,"30,  | 2021  | 2021 | 2,  | 2019  | 2019","The Company has numerous audits ongoing at any time throughout the world including: an IRS income tax audit for the fiscal years ended October 30, 2021 (fiscal 2021), November 2, 2019 (fiscal 2019) and November 3, 2018 (fiscal 2018); a pre-Acquisition IRS income tax audit for Maxim's fiscal years ended June 27, 2015 through August 26, 2021; and various U.S. state and local tax audits and internati",challenge/offline-data/analog-devices/filings/2024-11-26__adi-us-20241126-q4-10k__102663.md,3088
Analog Devices,ADI,2024-11-26,FY2024Q4,STRUCTURED_RESULT,q4-10k,"25,  | 2024,  | 0.92  | 20,  | 2024  | 9, ","On November 25, 2024, the Board of Directors of the Company declared a cash dividend of $0.92 per outstanding share of common stock. The dividend will be paid on December 20, 2024 to all shareholders of record at the close of business on December 9, 2024 and is expected to total approximately $456.6 million.",challenge/offline-data/analog-devices/filings/2024-11-26__adi-us-20241126-q4-10k__102663.md,3180
Analog Devices,ADI,2024-11-26,FY2024Q4,STRUCTURED_RESULT,q4-8k,2.4 billion,"* Fourth quarter revenue of more than $2.4 billion, above the midpoint of guidance with sequential growth",challenge/offline-data/analog-devices/filings/2024-11-26__adi-us-20241126-q4-8k__102666.md,15
Analog Devices,ADI,2024-11-26,FY2024Q4,STRUCTURED_RESULT,q4-8k,2.4 billion,"- Fourth quarter revenue of more than $2.4 billion, above the midpoint of guidance with sequential growth across all end markets",challenge/offline-data/analog-devices/filings/2024-11-26__adi-us-20241126-q4-8k__102666.md,39
Analog Devices,ADI,2024-11-26,FY2024Q4,STRUCTURED_RESULT,q4-8k,2025,## Outlook for the First Quarter of Fiscal Year 2025,challenge/offline-data/analog-devices/filings/2024-11-26__adi-us-20241126-q4-8k__102666.md,150
Analog Devices,ADI,2024-11-26,FY2024Q4,STRUCTURED_RESULT,q4-8k,"2025,  | 2.35 billion | 100 million | 22.0% | 130 bps | 40.0%","For the first quarter of fiscal 2025, we are forecasting revenue of $2.35 billion, +/- $100 million. At the midpoint of this revenue outlook, we expect reported operating margin of approximately 22.0%, +/- 130 bps, and adjusted operating margin of approximately 40.0%, +/- 100 bps. We are planning for reported EPS to be $0.80, +/- $0.10, and adjusted EPS to be $1.53, +/- $0.10.",challenge/offline-data/analog-devices/filings/2024-11-26__adi-us-20241126-q4-8k__102666.md,152
Analog Devices,ADI,2024-11-26,FY2024Q4,STRUCTURED_RESULT,q4-8k,2025 ,"Our first quarter fiscal 2025 outlook is based on current expectations and actual results may differ materially as a result of, among other things, the important factors discussed at the end of this release. These statements supersede all prior statements regarding our business outlook set forth in prior ADI news releases, and ADI disclaims any obligation to update these forward-looking statements",challenge/offline-data/analog-devices/filings/2024-11-26__adi-us-20241126-q4-8k__102666.md,154
Analog Devices,ADI,2024-11-26,FY2024Q4,STRUCTURED_RESULT,q4-8k,2024  | 10 | 00 ,"ADI will host a conference call to discuss our fourth quarter and fiscal 2024 results and short-term outlook today, beginning at 10:00 am ET. Investors may join via webcast, accessible at investor.analog.com.",challenge/offline-data/analog-devices/filings/2024-11-26__adi-us-20241126-q4-8k__102666.md,164
Analog Devices,ADI,2024-11-26,FY2024Q4,STRUCTURED_RESULT,q4-8k,2025  | 10,"This press release contains forward-looking statements, which address a variety of subjects including, for example, our statements regarding our 2025 financial performance; expected revenue, operating margin, nonoperating expenses, tax rate, earnings per share, free cash flow returns, and other financial results; customer inventory rationalization; economic uncertainty, geopolitical conditions, de",challenge/offline-data/analog-devices/filings/2024-11-26__adi-us-20241126-q4-8k__102666.md,212
Analog Devices,ADI,2024-08-21,FY2024Q3,EARNINGS_CALL,call-q3-pres,"3 | 2,300,000,000  | 41 percent | 1.58  | 2 ","Unknown speaker: Thanks very much, Mike, and a very good morning to you all. Well, stronger demand for our high performance product portfolio and skillful execution resulted in 3rd quarter revenue of more than 2,300,000,000 dollars operating margin north of 41 percent and EPS of $1.58 all above the midpoint of our outlook. These favorable results combined with improved customer inventory levels an",challenge/offline-data/analog-devices/call-transcripts/2024-08-21__adi-us-20240821-call-q3-pres__40037.md,21
Analog Devices,ADI,2024-08-21,FY2024Q3,EARNINGS_CALL,call-q3-pres,30% | 2025 ,"Unknown speaker: To illustrate the power and potential of our industrial franchise, let me share with you a few examples of how our recent innovations are unlocking new revenue streams and positioning us for strong growth in the years ahead. For example, our instrumentation and test business, which includes scientific instruments, electronic test and measurement and automated test equipment is ess",challenge/offline-data/analog-devices/call-transcripts/2024-08-21__adi-us-20240821-call-q3-pres__40037.md,25
Analog Devices,ADI,2024-08-21,FY2024Q3,EARNINGS_CALL,call-q3-pres,"1,000,000,000 ","Unknown speaker: What is additionally exciting about these advances is their broad applicability beyond factories such as surgical robots and imaging systems in healthcare. ADI's products have the potential to dramatically improve a surgeon's effectiveness through a more precise surgical experience with lower latency connectivity. Additionally, patients gain the potential benefits of shorter hospi",challenge/offline-data/analog-devices/call-transcripts/2024-08-21__adi-us-20240821-call-q3-pres__40037.md,31
Analog Devices,ADI,2024-08-21,FY2024Q3,EARNINGS_CALL,call-q3-pres,"3  | 3 | 2,310,000,000  | 7% | 25% | 46%","Unknown speaker: Thank you, Vince. Let me add my welcome to our Q3 earnings call. 3rd quarter revenue of $2,310,000,000 came in above the midpoint of our outlook finishing up 7% sequentially and down 25% year over year. Industrial represented 46% of revenue in the 3rd quarter, finishing up 6% sequentially and down 37% year over year. Every major application increased sequentially except for automa",challenge/offline-data/analog-devices/call-transcripts/2024-08-21__adi-us-20240821-call-q3-pres__40037.md,39
Analog Devices,ADI,2024-08-21,FY2024Q3,EARNINGS_CALL,call-q3-pres,"41.2% | 70,000,000  | 10.8% | 1.58  | 3  | 2,500,000,000 ","Unknown speaker: Operating margin of 41.2% exceeded the high end of our outlook. Non operating expenses finished at $70,000,000 and the tax rate for the quarter was 10.8%. The net result was EPS of $1.58 which finished near the high end of our outlook. Our financial position is solid, and I'd like to call out a few items from our balance sheet and cash flow statement. We ended Q3 with more than $2",challenge/offline-data/analog-devices/call-transcripts/2024-08-21__adi-us-20240821-call-q3-pres__40037.md,45
Analog Devices,ADI,2024-08-21,FY2024Q3,EARNINGS_CALL,call-q3-pres,"51,000,000  | 178  | 192.  | 7  | 8  | 12 ","Unknown speaker: Inventory decreased $51,000,000 sequentially and days declined to 178 from 192. As planned, we reduced channel inventory further this quarter with weeks ending near the low end of our 7 to 8 week target. Operating cash flow for the quarter and trailing 12 months was $900,000,000 $4,000,000,000 respectively. CapEx for the quarter and trailing 12 months was $154,000,000 $1,000,000,0",challenge/offline-data/analog-devices/call-transcripts/2024-08-21__adi-us-20240821-call-q3-pres__40037.md,47
Analog Devices,ADI,2024-08-21,FY2024Q3,EARNINGS_CALL,call-q3-pres,"100% | 4 | 2,500,000,000  | 100,000,000  | 4%","Unknown speaker: As a reminder, our strategy is to return 100% of our free cash flow to our shareholders over the long term. Now I'll turn to the 4th quarter outlook. Revenue is expected to be $2,500,000,000 plus or minus $100,000,000 up 4% sequentially at the midpoint. We expect sell through to be roughly equal to sell in this quarter. At the midpoint on a sequential basis, we expect industrial a",challenge/offline-data/analog-devices/call-transcripts/2024-08-21__adi-us-20240821-call-q3-pres__40037.md,51
Analog Devices,ADI,2024-08-21,FY2024Q3,EARNINGS_CALL,call-q3-pres,41% | 100  | 11% | 13% | 1.63  | 0.10 ,"Unknown speaker: Operating margin is expected to be 41%, plus or minus 100 basis points. Our tax rate is expected to be between 11% 13%, and based on these inputs, EPS is expected to be $1.63 plus or minus 0.10 In closing, our Q3 results and Q4 outlook support our view that we have passed this cycle's trough. However, challenging economic and geopolitical conditions are limiting a faster demand re",challenge/offline-data/analog-devices/call-transcripts/2024-08-21__adi-us-20240821-call-q3-pres__40037.md,53
Analog Devices,ADI,2024-08-21,FY2024Q3,EARNINGS_CALL,call-q3-qna,"2 | 3 | 2025,  | 4, ","Unknown speaker: And my confidence has increased since last quarter that indeed 2Q was the cyclical bottom. We've exited 3Q with very, very lean channel inventory. We've taken inventory off our own balance sheet though. We're positioned with a very, very healthy backlog of inventory on our own balance sheet so that the anticipated demand upsurge that we expect in 2025, we're very, very well equipp",challenge/offline-data/analog-devices/call-transcripts/2024-08-21__adi-us-20240821-call-q3-qna__40055.md,21
Analog Devices,ADI,2024-08-21,FY2024Q3,EARNINGS_CALL,call-q3-qna,2  | 4,"Unknown speaker: We're seeing our customers pull back on their production. And at this point, we're seeing them start to choose to burn off some inventory. So we are seeing that, right? The softness is evidenced in our results, but auto has been down year over year for 2 straight quarters, and we expect it will be down again in 4Q. And from a bookings perspective, we did see a decline in bookings ",challenge/offline-data/analog-devices/call-transcripts/2024-08-21__adi-us-20240821-call-q3-qna__40055.md,33
Analog Devices,ADI,2024-08-21,FY2024Q3,EARNINGS_CALL,call-q3-qna,4,"Unknown speaker: In particular, we've seen inventory digestion in our legacy auto and in our BMS portfolios, and we expect that that's going to continue into at least the 4th quarter, particularly when you consider the challenging purchasing environment that currently exists for customers. However, to your question around the peak to trough, unless SAAR returns to pandemic levels, we don't see the",challenge/offline-data/analog-devices/call-transcripts/2024-08-21__adi-us-20240821-call-q3-qna__40055.md,35
Analog Devices,ADI,2024-08-21,FY2024Q3,EARNINGS_CALL,call-q3-qna,1  | 2025.,"Unknown speaker: Yes. Well, at this point, it's hard to call given that the environment is still a little, let's say, a bit of disequilibrium. But I think generally speaking, we would probably expect to see a bit of a seasonal decline in the Q1 and then a bounce back in the second. And I think that's the sentiment. But overall, I maintain my outlook that we will see a brisk growth here in 2025.",challenge/offline-data/analog-devices/call-transcripts/2024-08-21__adi-us-20240821-call-q3-qna__40055.md,49
Analog Devices,ADI,2024-08-21,FY2024Q3,EARNINGS_CALL,call-q3-qna,"3,  | 4.  | 1.  | 5% | 6% | 1.","Unknown speaker: Thanks a lot. I just wanted to ask on that answer. So you were above seasonal in fiscal Q3, you're above seasonal in fiscal Q4. It sounds like you're not willing to commit that you're going to be above seasonal in fiscal Q1. The Street's modeling like 5% or 6% above seasonal for fiscal Q1.",challenge/offline-data/analog-devices/call-transcripts/2024-08-21__adi-us-20240821-call-q3-qna__40055.md,61
Analog Devices,ADI,2024-08-21,FY2024Q3,EARNINGS_CALL,call-q3-qna,1 | 1 | 4 | 1 | 90  | 25 ,"Unknown speaker: I'll start out on the Street expectations and then Rick talked a little about bookings. We never guided 1Q. I think the Street makes up the Street expectation for 1Q. I think the Street is up, everyone, better than seasonal for our calendar 4Q or fiscal 1Q on the hope of a snapback. I would say, yes, there are things that have changed in 90 days, but we're optimistic about 25 in t",challenge/offline-data/analog-devices/call-transcripts/2024-08-21__adi-us-20240821-call-q3-qna__40055.md,65
Analog Devices,ADI,2024-08-21,FY2024Q3,EARNINGS_CALL,call-q3-qna,25. ,Unknown speaker: We just don't know if it's above seasonal in that outlook for a good year in 25. I'll pass it to Rich to go through some of the bookings dynamics.,challenge/offline-data/analog-devices/call-transcripts/2024-08-21__adi-us-20240821-call-q3-qna__40055.md,67
Analog Devices,ADI,2024-08-21,FY2024Q3,EARNINGS_CALL,call-q3-qna,3  | 4 | 85% | 90%,"Unknown speaker: to give an outlook on utilization nor do we give the rate. I would say they were lower last quarter, moving higher here in 3 and 4Q. And they were well off the normal levels of, I'll call it, 85% to 90% utilization. And then you can",challenge/offline-data/analog-devices/call-transcripts/2024-08-21__adi-us-20240821-call-q3-qna__40055.md,93
Analog Devices,ADI,2024-08-21,FY2024Q3,EARNINGS_CALL,call-q3-qna,10%,"Unknown speaker: Sure, Stacy. I'll grab that one. Yes, so let's start consumer. You're right. Consumer is up about double digits again, 10% or so embedded in our outlook.",challenge/offline-data/analog-devices/call-transcripts/2024-08-21__adi-us-20240821-call-q3-qna__40055.md,107
Analog Devices,ADI,2024-08-21,FY2024Q3,EARNINGS_CALL,call-q3-qna,"3,  | 4  | 4. ","Unknown speaker: So Stacy, I'll take that one. So obviously, we exceeded the high end of our outlook in the Q3, given the beat on gross margin and revenue as well as our continued cost management. Our Q4 guide obviously does imply a modest margin contraction sequentially, despite our expectation for higher revenue and gross margin. The main driver of that is our increase for merit increases that w",challenge/offline-data/analog-devices/call-transcripts/2024-08-21__adi-us-20240821-call-q3-qna__40055.md,115
Analog Devices,ADI,2024-08-21,FY2024Q3,EARNINGS_CALL,call-q3-qna,4 | 5%,"Unknown speaker: For our 4th quarter outlook, I would say the sequential increase in OpEx is around 5%.",challenge/offline-data/analog-devices/call-transcripts/2024-08-21__adi-us-20240821-call-q3-qna__40055.md,125
Analog Devices,ADI,2024-08-21,FY2024Q3,EARNINGS_CALL,call-q3-qna,"2023,  | 18%","Unknown speaker: Good morning. Thanks for taking my question. So for fiscal 2023, China domestic consumption it's about 18% of your total revenues. It was the worst performing geography. Last couple of quarters, right, bookings in China have been growing sequentially.",challenge/offline-data/analog-devices/call-transcripts/2024-08-21__adi-us-20240821-call-q3-qna__40055.md,151
Analog Devices,ADI,2024-08-21,FY2024Q3,STRUCTURED_RESULT,q3-10q,"10 | 28,  | 2023  | 2023 | 2,  | 2024 ","In the opinion of management, the information furnished in the accompanying condensed consolidated financial statements reflects all normal recurring adjustments that are necessary to fairly state the results for these interim periods and should be read in conjunction with Analog Devices, Inc.'s (the Company) Annual Report on Form 10-K for the fiscal year ended October 28, 2023 (fiscal 2023) and r",challenge/offline-data/analog-devices/filings/2024-08-21__adi-us-20240821-q3-10q__102682.md,557
Analog Devices,ADI,2024-08-21,FY2024Q3,STRUCTURED_RESULT,q3-10q,"3,  | 2024,  | 207.4 million | 14.9 billion | 3,  | 2024, ","As of August 3, 2024, the Company had repurchased a total of approximately 207.4 million shares of its common stock for approximately $14.9 billion under the Company's share repurchase program. As of August 3, 2024, an additional $1.7 billion remains available for repurchase of shares under the current authorized program. The Company also repurchases shares in settlement of employee tax withholdin",challenge/offline-data/analog-devices/filings/2024-08-21__adi-us-20240821-q3-10q__102682.md,563
Analog Devices,ADI,2024-08-21,FY2024Q3,STRUCTURED_RESULT,q3-10q,"2021,  | 2021 | -08,  | 805 | 805 | -20","In October 2021, the Financial Accounting Standards Board (FASB) issued Accounting Standards Update (ASU) 2021-08, Business Combinations (Topic 805): Accounting for Acquired Contract Assets and Contract Liabilities . Under this guidance (ASC 805-20-30-28), the acquirer should determine what contract assets and/or contract liabilities it would have recorded under ASC 606 (the revenue guidance) as o",challenge/offline-data/analog-devices/filings/2024-08-21__adi-us-20240821-q3-10q__102682.md,849
Analog Devices,ADI,2024-08-21,FY2024Q3,STRUCTURED_RESULT,q3-10q,"2023,  | 2023 | -07,  | 280 | 2023 | -07 ","In November 2023, the FASB issued ASU 2023-07, Segment Reporting (Topic 280): Improvements to Reportable Segment Disclosures , which enhances the disclosure requirements for reportable segments. ASU 2023-07 requires segment disclosure to include significant segment expense categories and amounts, and qualitative detail of other segment items. Disclosure of multiple measures of segment profit and l",challenge/offline-data/analog-devices/filings/2024-08-21__adi-us-20240821-q3-10q__102682.md,857
Analog Devices,ADI,2024-08-21,FY2024Q3,STRUCTURED_RESULT,q3-10q,"2023,  | 2023 | -09,  | 740 | 2023 | -09 ","In December 2023, the FASB issued ASU 2023-09, Income Taxes (Topic 740): Improvements to Income Tax Disclosures . ASU 2023-09 requires the disaggregation of information in existing income tax disclosures related to the effective tax rate reconciliation and income taxes paid. ASU 2023-09 is effective for fiscal years beginning after December 15, 2024, with early adoption permitted. The Company is c",challenge/offline-data/analog-devices/filings/2024-08-21__adi-us-20240821-q3-10q__102682.md,861
Analog Devices,ADI,2024-08-21,FY2024Q3,STRUCTURED_RESULT,q3-10q,"20,  | 2024,  | 0.92  | 17,  | 2024  | 3, ","On August 20, 2024, the Board of Directors of the Company declared a cash dividend of $0.92 per outstanding share of common stock. The dividend will be paid on September 17, 2024 to all shareholders of record at the close of business on September 3, 2024 and is expected to total approximately $456.8 million.",challenge/offline-data/analog-devices/filings/2024-08-21__adi-us-20240821-q3-10q__102682.md,865
Analog Devices,ADI,2024-08-21,FY2024Q3,STRUCTURED_RESULT,q3-10q,10 | 1995  | 1933  | 1934.  | 4  | 2023 ,"This Quarterly Report on Form 10-Q, including the following discussion, contains forward-looking statements regarding future events and our future results that are subject to the safe harbor created under the Private Securities Litigation Reform Act of 1995 and other safe harbors under the Securities Act of 1933 and the Securities Exchange Act of 1934. All statements other than statements of histo",challenge/offline-data/analog-devices/filings/2024-08-21__adi-us-20240821-q3-10q__102682.md,873
Analog Devices,ADI,2024-08-21,FY2024Q3,STRUCTURED_RESULT,q3-10q,1 | 10 | 2023. ,"The following important factors and uncertainties, among others, could cause actual results to differ materially from those described in the forward-looking statements: economic, political, legal and regulatory uncertainty or conflicts; changes in demand for semiconductor products; manufacturing delays, product and raw materials availability and supply chain disruptions; products that may be diver",challenge/offline-data/analog-devices/filings/2024-08-21__adi-us-20240821-q3-10q__102682.md,875
Analog Devices,ADI,2024-08-21,FY2024Q3,STRUCTURED_RESULT,q3-10q,"3,  | 2024,  | 2.5 billion | 1.4 billion","At August 3, 2024, our principal source of liquidity was $2.5 billion of cash, cash equivalents and short-term investments, of which approximately $1.4 billion was held in the United States, and the balance of our cash, cash equivalents and short-term investments was held outside the United States in various foreign subsidiaries. We manage our worldwide cash requirements by, among other things, re",challenge/offline-data/analog-devices/filings/2024-08-21__adi-us-20240821-q3-10q__102682.md,1068
Analog Devices,ADI,2024-08-21,FY2024Q3,STRUCTURED_RESULT,q3-10q,"16.7 billion | 3,  | 2024,  | 1.7 billion","In the aggregate, our Board of Directors has authorized us to repurchase $16.7 billion of our common stock under our common stock repurchase program. Unless terminated earlier by resolution of our Board of Directors, the repurchase program will expire when we have repurchased all shares authorized under the program. As of August 3, 2024, an additional $1.7 billion remains available for repurchase ",challenge/offline-data/analog-devices/filings/2024-08-21__adi-us-20240821-q3-10q__102682.md,1155
Analog Devices,ADI,2024-08-21,FY2024Q3,STRUCTURED_RESULT,q3-10q,565.1 million | 2024.  | 2024  | 650 million | 750 million,"Net additions to property, plant and equipment were $565.1 million in the first nine months of fiscal 2024. We expect capital expenditures for fiscal 2024 to be between approximately $650 million and $750 million. These capital expenditures will be funded with a combination of cash on hand and cash expected to be generated from future operations, together with existing and anticipated available sh",challenge/offline-data/analog-devices/filings/2024-08-21__adi-us-20240821-q3-10q__102682.md,1159
Analog Devices,ADI,2024-08-21,FY2024Q3,STRUCTURED_RESULT,q3-10q,"20,  | 2024,  | 0.92  | 17,  | 2024  | 3, ","On August 20, 2024, our Board of Directors declared a cash dividend of $0.92 per outstanding share of common stock. The dividend will be paid on September 17, 2024 to all shareholders of record at the close of business on September 3, 2024 and is expected to total approximately $456.8 million. We currently expect quarterly dividends to continue in future periods. The payment of any future quarterl",challenge/offline-data/analog-devices/filings/2024-08-21__adi-us-20240821-q3-10q__102682.md,1163
Analog Devices,ADI,2024-08-21,FY2024Q3,STRUCTURED_RESULT,q3-8k,2.31 billion,"* Revenue of $2.31 billion, above the midpoint of our outlook with sequential growth in Industrial,",challenge/offline-data/analog-devices/filings/2024-08-21__adi-us-20240821-q3-8k__102648.md,15
Analog Devices,ADI,2024-08-21,FY2024Q3,STRUCTURED_RESULT,q3-8k,2.31 billion,"- Revenue of $2.31 billion, above the midpoint of our outlook with sequential growth in Industrial, Consumer, and Communications",challenge/offline-data/analog-devices/filings/2024-08-21__adi-us-20240821-q3-8k__102648.md,34
Analog Devices,ADI,2024-08-21,FY2024Q3,STRUCTURED_RESULT,q3-8k,2024,## Outlook for the Fourth Quarter of Fiscal Year 2024,challenge/offline-data/analog-devices/filings/2024-08-21__adi-us-20240821-q3-8k__102648.md,88
Analog Devices,ADI,2024-08-21,FY2024Q3,STRUCTURED_RESULT,q3-8k,"2024,  | 2.40 billion | 100 million | 22.3% | -180 bps | 41.0%","For the fourth quarter of fiscal 2024, we are forecasting revenue of $2.40 billion, +/- $100 million. At the midpoint of this revenue outlook, we expect reported operating margin of approximately 22.3%, +/-180 bps, and adjusted operating margin of approximately 41.0%, +/-100 bps. We are planning for reported EPS to be $0.85, +/-$0.10, and adjusted EPS to be $1.63, +/-$0.10.",challenge/offline-data/analog-devices/filings/2024-08-21__adi-us-20240821-q3-8k__102648.md,90
Analog Devices,ADI,2024-08-21,FY2024Q3,STRUCTURED_RESULT,q3-8k,2024 ,"Our fourth quarter fiscal 2024 outlook is based on current expectations and actual results may differ materially as a result of, among other things, the important factors discussed at the end of this release. These statements supersede all prior statements regarding our business outlook set forth in prior ADI news releases, and ADI disclaims any obligation to update these forward-looking statement",challenge/offline-data/analog-devices/filings/2024-08-21__adi-us-20240821-q3-8k__102648.md,92
Analog Devices,ADI,2024-08-21,FY2024Q3,STRUCTURED_RESULT,q3-8k,2024  | 10 | 00 ,"ADI will host a conference call to discuss our third quarter fiscal 2024 results and short-term outlook today, beginning at 10:00 am ET. Investors may join via webcast, accessible at investor.analog.com.",challenge/offline-data/analog-devices/filings/2024-08-21__adi-us-20240821-q3-8k__102648.md,102
Analog Devices,ADI,2024-08-21,FY2024Q3,STRUCTURED_RESULT,q3-8k,10,"This press release contains forward-looking statements, which address a variety of subjects including, for example, our statements regarding financial performance; customer inventory rationalization; economic uncertainty, geopolitical conditions, demand and other market conditions, business cycles, and supply chains; capital expenditures and investments; expected revenue, operating margin, nonoper",challenge/offline-data/analog-devices/filings/2024-08-21__adi-us-20240821-q3-8k__102648.md,146
Analog Devices,ADI,2024-05-22,FY2024Q2,EARNINGS_CALL,call-pres,2.16 billion | 2,"Unknown speaker: Thanks very much, Mike. Good morning, and a big welcome to you all. So in the second quarter, a strong focus on execution resulted in revenue of $2.16 billion, with profitability and earnings per share finishing above the high end of our outlook. With 2Q now behind us, we believe we've passed the low point of this cycle. Notably, global manufacturing PMIs, which are highly correla",challenge/offline-data/analog-devices/call-transcripts/2024-05-22__adi-us-20240522-call-pres__40060.md,21
Analog Devices,ADI,2024-05-22,FY2024Q2,EARNINGS_CALL,call-pres,"2024,  | 14 | 2.16 billion | 34% | 47% | 44%","Unknown speaker: Thank you, Vince, and let me add my welcome to our second quarter earnings call. As a reminder, our first quarter, 2024, was a 14-week quarter, so we are going to limit our comparisons this quarter to year-over-year only. Second quarter revenue of $2.16 billion finished above the midpoint of our outlook. This result was down 34% year-over-year. Industrial represented 47% of revenu",challenge/offline-data/analog-devices/call-transcripts/2024-05-22__adi-us-20240522-call-pres__40060.md,57
Analog Devices,ADI,2024-05-22,FY2024Q2,EARNINGS_CALL,call-pres,30% | 10% | 11% | 45%,"Unknown speaker: As expected, all applications were impacted by inventory digestion. However, aerospace and defense revenues outperformed broader industrial. Automotive represented 30% of revenue and was down 10% year-over-year. Continued growth in our leading connectivity and functionally safe power franchises balanced broad-based declines elsewhere.... Communications represented 11% of revenue a",challenge/offline-data/analog-devices/call-transcripts/2024-05-22__adi-us-20240522-call-pres__40060.md,59
Analog Devices,ADI,2024-05-22,FY2024Q2,EARNINGS_CALL,call-pres,598 million | 39% | 64 million | 10.6%,"Unknown speaker: Operating expenses in the quarter were $598 million, down significantly year-over-year, driven by lower variable compensation and strong organization-wide execution on cost control. Operating margin of 39% exceeded the high end of our outlook. Non-operating expenses finished at $64 million, and the tax rate for the quarter was 10.6%.",challenge/offline-data/analog-devices/call-transcripts/2024-05-22__adi-us-20240522-call-pres__40060.md,63
Analog Devices,ADI,2024-05-22,FY2024Q2,EARNINGS_CALL,call-pres,1.40 | 2  | 2.3 billion | 1.1,"Unknown speaker: The net result was EPS of $1.40, above the high end of our outlook. Our financial position is solid, and I'd like to call out a few items from our balance sheet and cash flow statement. We ended Q2 with more than $2.3 billion of cash and short-term investments and a net leverage ratio of 1.1.",challenge/offline-data/analog-devices/call-transcripts/2024-05-22__adi-us-20240522-call-pres__40060.md,65
Analog Devices,ADI,2024-05-22,FY2024Q2,EARNINGS_CALL,call-pres,"188 million | 1.2 billion | 2024  | 700 million | 45% | 2023, ","Unknown speaker: CapEx for the quarter and trailing twelve months was $188 million and $1.2 billion, respectively. We continue to expect fiscal 2024 CapEx to be roughly $700 million, which is a reduction of approximately 45% versus 2023, as our hybrid manufacturing investment cycle tapers. Not included in these figures are the benefits from both the European and U.S.",challenge/offline-data/analog-devices/call-transcripts/2024-05-22__adi-us-20240522-call-pres__40060.md,69
Analog Devices,ADI,2024-05-22,FY2024Q2,EARNINGS_CALL,call-pres,3.1 billion | 29% | 100% | -110% | 100%,"Unknown speaker: CHIPS Acts. During the last twelve months, we generated $3.1 billion of free cash flow, or 29% of revenue. Over the same time period, we have returned roughly 100%-110% of our free cash flow via dividends and share repurchases. As a reminder, our policy is to return 100% of free cash flow to our shareholders over the long term. Now I'll turn to the third quarter outlook.",challenge/offline-data/analog-devices/call-transcripts/2024-05-22__adi-us-20240522-call-pres__40060.md,71
Analog Devices,ADI,2024-05-22,FY2024Q2,EARNINGS_CALL,call-pres,2.27 billion | 100 million | 5% | 2 | 40% | -100 ,"Unknown speaker: Revenue is expected to be $2.27 billion +-$100 million, up 5% sequentially at the midpoint. Once again, we expect sell-through to be higher than sell-in. At the midpoint, we expect all B2B markets to increase sequentially with the fastest growth in industrial, and for consumer to exhibit seasonal strength. Operating margin is expected to be 40% +-100 basis points. Our tax rate is ",challenge/offline-data/analog-devices/call-transcripts/2024-05-22__adi-us-20240522-call-pres__40060.md,73
Analog Devices,ADI,2024-05-22,FY2024Q2,EARNINGS_CALL,call-qna,"3, ","Unknown speaker: Yes, thank you, and congratulations on finding the recovery here. I had a question about the outlook for Q3, specifically in industrial. I think you indicated that you expect industrial to be the strongest performer this quarter. I was hoping you could talk a little bit about what's behind that strength between, you know, end market demand, inventory replenishment, and if there's ",challenge/offline-data/analog-devices/call-transcripts/2024-05-22__adi-us-20240522-call-qna__40076.md,15
Analog Devices,ADI,2024-05-22,FY2024Q2,EARNINGS_CALL,call-qna,2  | 3,"Unknown speaker: Sure, Tore. This is Rich, and I'll take that one. So industrial, obviously, is our most diversified and profitable end market, and it's weathered an unprecedented broad-based inventory correction over the past year. Importantly, we expect Q2 was the bottom for industrial, and it will grow in the second half, starting here in 3Q.",challenge/offline-data/analog-devices/call-transcripts/2024-05-22__adi-us-20240522-call-qna__40076.md,17
Analog Devices,ADI,2024-05-22,FY2024Q2,EARNINGS_CALL,call-qna,2 | 3 | 10% | 3,"Unknown speaker: Tore, on the outlook comment, you're right, that just to clarify what we said, of the B2B markets, industrial will grow the fastest, consumer will grow faster than industrial in 3Q. So if you wanna just kinda back it down a little bit, consumer is probably growing about 10% sequentially, and industrial is probably closer to mid-single digits, and the other two markets are probably",challenge/offline-data/analog-devices/call-transcripts/2024-05-22__adi-us-20240522-call-qna__40076.md,23
Analog Devices,ADI,2024-05-22,FY2024Q2,EARNINGS_CALL,call-qna,"2025, ","Unknown speaker: So, and as we've said now a few times, bookings and backlog coverage out, you know, for the next several months beyond this quarter, would give us strong indications that we expect continued growth during the second half of the year. I'll also point out, I think, you know, for 2025, we will have a brisk growth year. That's my sense.",challenge/offline-data/analog-devices/call-transcripts/2024-05-22__adi-us-20240522-call-qna__40076.md,47
Analog Devices,ADI,2024-05-22,FY2024Q2,EARNINGS_CALL,call-qna,"1  | 2.  | 3,  | 67%","Unknown speaker: Sure, sure, I'll take, I'll take that one. From a gross margin and utilization perspective, you know, and we talked a little bit about this in the Q1 call. We expect both utilization and gross margin bottomed in our Q2. However, we do expect the pace of gross margin expansion in the second half to be modest, and specifically for Q3, we anticipate gross margin a bit above 67%.",challenge/offline-data/analog-devices/call-transcripts/2024-05-22__adi-us-20240522-call-qna__40076.md,89
Analog Devices,ADI,2024-05-22,FY2024Q2,EARNINGS_CALL,call-qna,"3,  | 70 million | 2.  | 2.","Unknown speaker: Looking from here, gross margins expansion is gonna be dictated by continued revenue growth, mix of business, and utilization. You know, from a balance sheet perspective, since our peak in Q3, we've reduced balance sheet inventory significantly, including over $70 million in Q2. For the third quarter, we expect to reduce inventory again by a lesser amount than in Q2.",challenge/offline-data/analog-devices/call-transcripts/2024-05-22__adi-us-20240522-call-qna__40076.md,91
Analog Devices,ADI,2024-05-22,FY2024Q2,EARNINGS_CALL,call-qna,100 million | 3  | 7 | -8 ,"Unknown speaker: We've done that effectively, which is why we called the floor on utilization. So I expect that utilization, as the demand continues to increase, will start to increase and aid in our margin expansion. You know, as Mike mentioned, from a channel perspective, our goal was to reduce by $100 million, which we achieved. We will reduce an additional amount in Q3 to a lesser degree. You ",challenge/offline-data/analog-devices/call-transcripts/2024-05-22__adi-us-20240522-call-qna__40076.md,95
Analog Devices,ADI,2024-05-22,FY2024Q2,EARNINGS_CALL,call-qna,3 ,Unknown speaker: We expect to reduce both balance sheet and channel inventory further in Q3 while growing.,challenge/offline-data/analog-devices/call-transcripts/2024-05-22__adi-us-20240522-call-qna__40076.md,153
Analog Devices,ADI,2024-05-22,FY2024Q2,EARNINGS_CALL,call-qna,40 | 40%,"Unknown speaker: Great, thank you. I wanted to also touch on your margin profile. You used to peak with operating margins in kind of the low 40s, and now you're, you know, as you said you would, in a very difficult trough, you're troughing it for the full year, probably above 40%. So that's pretty good structural improvement. Can you talk about that? You know, what's been--what's going on, if you ",challenge/offline-data/analog-devices/call-transcripts/2024-05-22__adi-us-20240522-call-qna__40076.md,163
Analog Devices,ADI,2024-05-22,FY2024Q2,STRUCTURED_RESULT,q2-10q,"10 | 28,  | 2023  | 2023 | 2,  | 2024 ","In the opinion of management, the information furnished in the accompanying condensed consolidated financial statements reflects all normal recurring adjustments that are necessary to fairly state the results for these interim periods and should be read in conjunction with Analog Devices, Inc.'s (the Company) Annual Report on Form 10-K for the fiscal year ended October 28, 2023 (fiscal 2023) and r",challenge/offline-data/analog-devices/filings/2024-05-22__adi-us-20240522-q2-10q__102688.md,486
Analog Devices,ADI,2024-05-22,FY2024Q2,STRUCTURED_RESULT,q2-10q,"4,  | 2024,  | 207.0 million | 14.8 billion | 4,  | 2024, ","As of May 4, 2024, the Company had repurchased a total of approximately 207.0 million shares of its common stock for approximately $14.8 billion under the Company's share repurchase program. As of May 4, 2024, an additional $1.8 billion remains available for repurchase of shares under the current authorized program. The Company also repurchases shares in settlement of employee tax withholding obli",challenge/offline-data/analog-devices/filings/2024-05-22__adi-us-20240522-q2-10q__102688.md,492
Analog Devices,ADI,2024-05-22,FY2024Q2,STRUCTURED_RESULT,q2-10q,"2021,  | 2021 | -08,  | 805 | 805 | -20","In October 2021, the Financial Accounting Standards Board (FASB) issued Accounting Standards Update (ASU) 2021-08, Business Combinations (Topic 805): Accounting for Acquired Contract Assets and Contract Liabilities . Under this guidance (ASC 805-20-30-28), the acquirer should determine what contract assets and/or contract liabilities it would have recorded under ASC 606 (the revenue guidance) as o",challenge/offline-data/analog-devices/filings/2024-05-22__adi-us-20240522-q2-10q__102688.md,765
Analog Devices,ADI,2024-05-22,FY2024Q2,STRUCTURED_RESULT,q2-10q,"2023,  | 2023 | -07,  | 280 | 2023 | -07 ","In November 2023, the FASB issued ASU 2023-07, Segment Reporting (Topic 280): Improvements to Reportable Segment Disclosures , which enhances the disclosure requirements for reportable segments. ASU 2023-07 requires segment disclosure to include significant segment expense categories and amounts, and qualitative detail of other segment items. Disclosure of multiple measures of segment profit and l",challenge/offline-data/analog-devices/filings/2024-05-22__adi-us-20240522-q2-10q__102688.md,771
Analog Devices,ADI,2024-05-22,FY2024Q2,STRUCTURED_RESULT,q2-10q,"2023,  | 2023 | -09,  | 740 | 2023 | -09 ","In December 2023, the FASB issued ASU 2023-09, Income Taxes (Topic 740): Improvements to Income Tax Disclosures . ASU 2023-09 requires the disaggregation of information in existing income tax disclosures related to the effective tax rate reconciliation and income taxes paid. ASU 2023-09 is effective for fiscal years beginning after December 15, 2024, with early adoption permitted. The Company is c",challenge/offline-data/analog-devices/filings/2024-05-22__adi-us-20240522-q2-10q__102688.md,775
Analog Devices,ADI,2024-05-22,FY2024Q2,STRUCTURED_RESULT,q2-10q,"21,  | 2024,  | 0.92  | 17,  | 2024  | 4, ","On May 21, 2024, the Board of Directors of the Company declared a cash dividend of $0.92 per outstanding share of common stock. The dividend will be paid on June 17, 2024 to all shareholders of record at the close of business on June 4, 2024 and is expected to total approximately $456.5 million.",challenge/offline-data/analog-devices/filings/2024-05-22__adi-us-20240522-q2-10q__102688.md,779
Analog Devices,ADI,2024-05-22,FY2024Q2,STRUCTURED_RESULT,q2-10q,10 | 1995  | 1933  | 1934.  | 4  | 2023 ,"This Quarterly Report on Form 10-Q, including the following discussion, contains forward-looking statements regarding future events and our future results that are subject to the safe harbor created under the Private Securities Litigation Reform Act of 1995 and other safe harbors under the Securities Act of 1933 and the Securities Exchange Act of 1934. All statements other than statements of histo",challenge/offline-data/analog-devices/filings/2024-05-22__adi-us-20240522-q2-10q__102688.md,787
Analog Devices,ADI,2024-05-22,FY2024Q2,STRUCTURED_RESULT,q2-10q,1 | 10 | 2023. ,"The following important factors and uncertainties, among others, could cause actual results to differ materially from those described in the forward-looking statements: economic, political, legal and regulatory uncertainty or conflicts; changes in demand for semiconductor products; manufacturing delays, product and raw materials availability and supply chain disruptions; products that may be diver",challenge/offline-data/analog-devices/filings/2024-05-22__adi-us-20240522-q2-10q__102688.md,789
Analog Devices,ADI,2024-05-22,FY2024Q2,STRUCTURED_RESULT,q2-10q,"4,  | 2024,  | 2.4 billion | 1.5 billion","At May 4, 2024, our principal source of liquidity was $2.4 billion of cash, cash equivalents and short-term investments, of which approximately $1.5 billion was held in the United States, and the balance of our cash, cash equivalents and short-term investments was held outside the United States in various foreign subsidiaries. We manage our worldwide cash requirements by, among other things, revie",challenge/offline-data/analog-devices/filings/2024-05-22__adi-us-20240522-q2-10q__102688.md,984
Analog Devices,ADI,2024-05-22,FY2024Q2,STRUCTURED_RESULT,q2-10q,"16.7 billion | 4,  | 2024,  | 1.8 billion","In the aggregate, our Board of Directors has authorized us to repurchase $16.7 billion of our common stock under our common stock repurchase program. Unless terminated earlier by resolution of our Board of Directors, the repurchase program will expire when we have repurchased all shares authorized under the program. As of May 4, 2024, an additional $1.8 billion remains available for repurchase und",challenge/offline-data/analog-devices/filings/2024-05-22__adi-us-20240522-q2-10q__102688.md,1071
Analog Devices,ADI,2024-05-22,FY2024Q2,STRUCTURED_RESULT,q2-10q,411.2 million | 2024.  | 2024  | 600 million | 800 million,"Net additions to property, plant and equipment were $411.2 million in the first six months of fiscal 2024. We expect capital expenditures for fiscal 2024 to be between approximately $600 million and $800 million. These capital expenditures will be funded with a combination of cash on hand and cash expected to be generated from future operations, together with existing and anticipated available sho",challenge/offline-data/analog-devices/filings/2024-05-22__adi-us-20240522-q2-10q__102688.md,1075
Analog Devices,ADI,2024-05-22,FY2024Q2,STRUCTURED_RESULT,q2-10q,"21,  | 2024,  | 0.92  | 17,  | 2024  | 4, ","On May 21, 2024, our Board of Directors declared a cash dividend of $0.92 per outstanding share of common stock. The dividend will be paid on June 17, 2024 to all shareholders of record at the close of business on June 4, 2024 and is expected to total approximately $456.5 million. We currently expect quarterly dividends to continue in future periods. The payment of any future quarterly dividends, ",challenge/offline-data/analog-devices/filings/2024-05-22__adi-us-20240522-q2-10q__102688.md,1079
Analog Devices,ADI,2024-05-22,FY2024Q2,STRUCTURED_RESULT,q2-8k,2.16 billion,"Revenue of $2.16 billion, above the midpoint of our outlook",challenge/offline-data/analog-devices/filings/2024-05-22__adi-us-20240522-q2-8k__102675.md,15
Analog Devices,ADI,2024-05-22,FY2024Q2,STRUCTURED_RESULT,q2-8k,2.16 billion,"- Revenue of $2.16 billion, above the midpoint of our outlook",challenge/offline-data/analog-devices/filings/2024-05-22__adi-us-20240522-q2-8k__102675.md,61
Analog Devices,ADI,2024-05-22,FY2024Q2,STRUCTURED_RESULT,q2-8k,2024,## Outlook for the Third Quarter of Fiscal Year 2024,challenge/offline-data/analog-devices/filings/2024-05-22__adi-us-20240522-q2-8k__102675.md,139
Analog Devices,ADI,2024-05-22,FY2024Q2,STRUCTURED_RESULT,q2-8k,"2024,  | 2.27 billion | 100 million | 20.1% | -200 bps | 40.0%","For the third quarter of fiscal 2024, we are forecasting revenue of $2.27 billion, +/- $100 million. At the midpoint of this revenue outlook, we expect reported operating margin of approximately 20.1%, +/-200 bps, and adjusted operating margin of approximately 40.0%, +/-100 bps. We are planning for reported EPS to be $0.71, +/-$0.10, and adjusted EPS to be $1.50, +/-$0.10.",challenge/offline-data/analog-devices/filings/2024-05-22__adi-us-20240522-q2-8k__102675.md,141
Analog Devices,ADI,2024-05-22,FY2024Q2,STRUCTURED_RESULT,q2-8k,2024 ,"Our third quarter fiscal 2024 outlook is based on current expectations and actual results may differ materially as a result of, among other things, the important factors discussed at the end of this release. These statements supersede all prior statements regarding our business outlook set forth in prior ADI news releases, and ADI disclaims any obligation to update these forward-looking statements",challenge/offline-data/analog-devices/filings/2024-05-22__adi-us-20240522-q2-8k__102675.md,143
Analog Devices,ADI,2024-05-22,FY2024Q2,STRUCTURED_RESULT,q2-8k,2024  | 10 | 00 ,"ADI will host a conference call to discuss our second quarter fiscal 2024 results and short-term outlook today, beginning at 10:00 am ET. Investors may join via webcast, accessible at investor.analog.com.",challenge/offline-data/analog-devices/filings/2024-05-22__adi-us-20240522-q2-8k__102675.md,153
Analog Devices,ADI,2024-05-22,FY2024Q2,STRUCTURED_RESULT,q2-8k,10,"This press release contains forward-looking statements, which address a variety of subjects including, for example, our statements regarding financial performance; customer inventory rationalization; economic uncertainty, demand, business cycles, and supply chains; capital expenditures and investments; expected revenue, operating margin, nonoperating expenses, tax rate, earnings per share, and oth",challenge/offline-data/analog-devices/filings/2024-05-22__adi-us-20240522-q2-8k__102675.md,195
Analog Devices,ADI,2024-02-21,FY2024Q1,EARNINGS_CALL,call-pres,2.5 billion | 42% | 1.73,"Unknown speaker: Thank you very much, Mike, and good morning to you all. Well, before I begin, I'd like to welcome ADI's new CFO, Richard Puccio, to the call, which is only a few weeks in, but we're very excited to have him on board. He brings tremendous financial experience and capability from complex technology sectors, which I think will be very valuable as we continue to extend our leadership ",challenge/offline-data/analog-devices/call-transcripts/2024-02-21__adi-us-20240221-call-pres__40063.md,19
Analog Devices,ADI,2024-02-21,FY2024Q1,EARNINGS_CALL,call-pres,2023  | 7% | 2024  | 20,"Unknown speaker: As we previously discussed, the inventory rationalization at our customers that began during the middle of 2023 is expected to continue through our second quarter. Encouragingly, first quarter bookings improved sequentially, growing our confidence that inventory-related headwinds will largely subside this quarter. That said, the macro situation remains challenging, and the shape a",challenge/offline-data/analog-devices/call-transcripts/2024-02-21__adi-us-20240221-call-pres__40063.md,21
Analog Devices,ADI,2024-02-21,FY2024Q1,EARNINGS_CALL,call-pres,3  | 3 ,"Unknown speaker: This system approach enables us to capture 3 times more value, and we expect additional design wins due to high customer interest globally. In the automotive sector, we've aligned our business to the secular trends of electrification, advanced safety systems, and immersive digital in-cabin experience. For example, our Gigabit Multimedia Serial Link, or GMSL, solution continues to ",challenge/offline-data/analog-devices/call-transcripts/2024-02-21__adi-us-20240221-call-pres__40063.md,27
Analog Devices,ADI,2024-02-21,FY2024Q1,EARNINGS_CALL,call-pres,8% | 23% | 48% | 12% | 31% | 29%,"Unknown speaker: Thank you, Vince. Let me add my welcome to our first quarter earnings call. I'm excited to have joined ADI and look forward to helping the company navigate the near term while ensuring we are well-positioned to capitalize on the tremendous opportunities ahead of us. Despite continued challenging business conditions, we achieved first-quarter revenue which was slightly above the mi",challenge/offline-data/analog-devices/call-transcripts/2024-02-21__adi-us-20240221-call-pres__40063.md,35
Analog Devices,ADI,2024-02-21,FY2024Q1,EARNINGS_CALL,call-pres,12% | 10% | 37% | 5 | 11% | 7%,"Unknown speaker: Communications, which represented 12% of revenue, declined 10% sequentially and 37% year-over-year. On a sequential basis, wireline fared relatively well, driven by AI-related demand, while wireless decreased as global investments in 5G remained depressed. And lastly, consumer represented 11% of revenue, down 7% sequentially and 22% year-over-year, driven by continued sluggish end",challenge/offline-data/analog-devices/call-transcripts/2024-02-21__adi-us-20240221-call-pres__40063.md,37
Analog Devices,ADI,2024-02-21,FY2024Q1,EARNINGS_CALL,call-pres,1.73 | 340 million | 1.3 billion | 1.  | 90 million | 201 ,"Unknown speaker: All told, EPS was $1.73, slightly above the guided midpoint. Now onto the balance sheet. Cash and equivalents increased more than $340 million sequentially and ended the quarter at $1.3 billion. Our net leverage ratio remained below 1. Inventory decreased nearly $90 million sequentially, driven primarily by finished goods, while days increased to 201 due to lower revenue. Channel ",challenge/offline-data/analog-devices/call-transcripts/2024-02-21__adi-us-20240221-call-pres__40063.md,39
Analog Devices,ADI,2024-02-21,FY2024Q1,EARNINGS_CALL,call-pres,12  | 3.2 billion | 28% | 4.2 billion | 12 billion | 130%,"Unknown speaker: Over the last 12 months, we generated $3.2 billion of free cash flow, or 28% of revenue. During the same time period, we have returned more than $4.2 billion through dividends and share repurchases. Since our Maxim acquisition, we have returned nearly $12 billion, or more than 130% of free cash flow, to shareholders, reducing share count by 8% while also increasing our dividend pe",challenge/offline-data/analog-devices/call-transcripts/2024-02-21__adi-us-20240221-call-pres__40063.md,41
Analog Devices,ADI,2024-02-21,FY2024Q1,EARNINGS_CALL,call-pres,37% | 100  | 11% | -13% | 1.26  | 0.10,"Unknown speaker: At the midpoint, we expect all end markets to decline sequentially, with the largest decline in industrial as we continue to meaningfully reduce channel inventory. Operating margin is expected to be 37% +- 100 basis points. This includes the impact of unfavorable mix and lower utilization as we further reduce balance sheet inventory. Our tax rate is expected to be 11%-13%, and bas",challenge/offline-data/analog-devices/call-transcripts/2024-02-21__adi-us-20240221-call-pres__40063.md,43
Analog Devices,ADI,2024-02-21,FY2024Q1,EARNINGS_CALL,call-qna,"-30% | 2001,  | 2009, ","Unknown speaker: Great. Thank you. To the extent you guys are guiding down now, mid-30% year-over-year, if I go back to historic drawdowns, you haven't seen revenue fall that far other than 2001, 2009, where we had kind of significant demand destruction. So it kind of looks like the worst inventory correction maybe we've ever seen. Can you just talk to that? Does that reflect how much inventory ex",challenge/offline-data/analog-devices/call-transcripts/2024-02-21__adi-us-20240221-call-qna__40081.md,15
Analog Devices,ADI,2024-02-21,FY2024Q1,EARNINGS_CALL,call-qna,68% | -69% | 90 million | 2 | 67% | 2,"Unknown speaker: Vivek, I'll give you a little more color on the gross margin outlook. In the last call, we talked about gross margin will be 68%-69%. We came in at the high end, good result given the large drop in industrial that we've been talking about, and with an inventory takedown of almost $90 million quarter-over-quarter. The 2Q outlook implies 67% +-, a bit lower than what we thought woul",challenge/offline-data/analog-devices/call-transcripts/2024-02-21__adi-us-20240221-call-qna__40081.md,61
Analog Devices,ADI,2024-02-21,FY2024Q1,EARNINGS_CALL,call-qna,13  | 2 | 3 | 2,"Unknown speaker: And Vivek, because you asked a three-part question, I'll chime in as well for third quarter outlook. I knew you'd give me the outlook-outlook question. So it's hard to say, right? Our lead times are 13 weeks or lower. So we don't really have visibility into the third quarter today. But if you look back over our history, over the past decade, our B2B markets are about flattish sequ",challenge/offline-data/analog-devices/call-transcripts/2024-02-21__adi-us-20240221-call-qna__40081.md,65
Analog Devices,ADI,2024-02-21,FY2024Q1,EARNINGS_CALL,call-qna,"2023,  | 18% | 13%","Unknown speaker: Hi. Good morning. Thanks for taking my question. So if I look at fiscal 2023, China was about 18% of your total revenues. It was the worst performing geography, down about 13% for the full year. Because Lunar New Year was so late this year, it feels like this did add a little bit of uncertainty at the beginning of this year, but obviously, now we're post-Lunar New Year. What are t",challenge/offline-data/analog-devices/call-transcripts/2024-02-21__adi-us-20240221-call-qna__40081.md,73
Analog Devices,ADI,2024-02-21,FY2024Q1,EARNINGS_CALL,call-qna,50 million | 100 million,"Unknown speaker: Sure. I'll grab the first part of that on the sell-in and sell-through part of it, Toshi. So sell-in and sell-through really relates to the channel. We reduced our channel inventory dollars the past two quarters. I would call it around a $50 million reduction plus or minus per quarter over the last two quarters. Looking at embedding our guidance is a much bigger reduction of chann",challenge/offline-data/analog-devices/call-transcripts/2024-02-21__adi-us-20240221-call-qna__40081.md,83
Analog Devices,ADI,2024-02-21,FY2024Q1,EARNINGS_CALL,call-qna,74% | 67% | 2,"Unknown speaker: So I think your question is on how much of the impact on our Gross Margin is underutilization versus mix. I think if you look here, our peak Gross Margin, we're about 74%. Our outlook, as Rich pointed out, embeds about 67%. That decline is really mix and underutilization about equal parts, I'll call it. As you look to the back half of this year, it depends what mix is going to do.",challenge/offline-data/analog-devices/call-transcripts/2024-02-21__adi-us-20240221-call-qna__40081.md,119
Analog Devices,ADI,2024-02-21,FY2024Q1,EARNINGS_CALL,call-qna,2,"Unknown speaker: Yeah. Sure. From the auto standpoint, CJ, I would say, yeah, there is definitely an inventory correction going on in auto, like all our markets. Vince pointed that out. The supply fracture hit everyone. It's to a lesser degree than auto than other markets, but it's not really because of the inventory. It's because of the growth drivers in that business, whether it's BMS, GMSL, A2B",challenge/offline-data/analog-devices/call-transcripts/2024-02-21__adi-us-20240221-call-qna__40081.md,137
Analog Devices,ADI,2024-02-21,FY2024Q1,EARNINGS_CALL,call-qna,2 | 2024. ,"Unknown speaker: But it really depends on how strong the growth is in the growth areas and how much of the overhang on the inventory side is. But net-net, we do feel good about auto being our best performing end market here in 2Q and for the full year 2024. All right. Thank you, CJ. And thanks, everyone, for joining our call this morning. A copy of the transcript will be available on the website. ",challenge/offline-data/analog-devices/call-transcripts/2024-02-21__adi-us-20240221-call-qna__40081.md,139
Analog Devices,ADI,2024-02-21,FY2024Q1,STRUCTURED_RESULT,q1-10q,"10 | 28,  | 2023  | 2023 | 2,  | 2024 ","In the opinion of management, the information furnished in the accompanying condensed consolidated financial statements reflects all normal recurring adjustments that are necessary to fairly state the results for these interim periods and should be read in conjunction with Analog Devices, Inc.'s (the Company) Annual Report on Form 10-K for the fiscal year ended October 28, 2023 (fiscal 2023) and r",challenge/offline-data/analog-devices/filings/2024-02-21__adi-us-20240221-q1-10q__102660.md,372
Analog Devices,ADI,2024-02-21,FY2024Q1,STRUCTURED_RESULT,q1-10q,"3,  | 2024,  | 206.2 million | 14.7 billion | 3,  | 2024, ","As of February 3, 2024, the Company had repurchased a total of approximately 206.2 million shares of its common stock for approximately $14.7 billion under the Company's share repurchase program. As of February 3, 2024, an additional $2.0 billion remains available for repurchase of shares under the current authorized program. The Company also repurchases shares in settlement of employee tax withho",challenge/offline-data/analog-devices/filings/2024-02-21__adi-us-20240221-q1-10q__102660.md,378
Analog Devices,ADI,2024-02-21,FY2024Q1,STRUCTURED_RESULT,q1-10q,"2021,  | 2021 | -08,  | 805 | 805 | -20","In October 2021, the Financial Accounting Standards Board (FASB) issued Accounting Standards Update (ASU) 2021-08, Business Combinations (Topic 805): Accounting for Acquired Contract Assets and Contract Liabilities . Under this guidance (ASC 805-20-30-28), the acquirer should determine what contract assets and/or contract liabilities it would have recorded under ASC 606 (the revenue guidance) as o",challenge/offline-data/analog-devices/filings/2024-02-21__adi-us-20240221-q1-10q__102660.md,615
Analog Devices,ADI,2024-02-21,FY2024Q1,STRUCTURED_RESULT,q1-10q,"2023,  | 2023 | -07,  | 280 | 2023 | -07 ","In November 2023, the FASB issued ASU 2023-07, Segment Reporting (Topic 280): Improvements to Reportable Segment Disclosures , which enhances the disclosure requirements for reportable segments. ASU 2023-07 requires segment disclosure to include significant segment expense categories and amounts, and qualitative detail of other segment items. Disclosure of multiple measures of segment profit and l",challenge/offline-data/analog-devices/filings/2024-02-21__adi-us-20240221-q1-10q__102660.md,621
Analog Devices,ADI,2024-02-21,FY2024Q1,STRUCTURED_RESULT,q1-10q,"2023,  | 2023 | -09,  | 740 | 2023 | -09 ","In December 2023, the FASB issued ASU 2023-09, Income Taxes (Topic 740): Improvements to Income Tax Disclosures . ASU 2023-09 requires the disaggregation of information in existing income tax disclosures related to the effective tax rate reconciliation and income taxes paid. ASU 2023-09 is effective for fiscal years beginning after December 15, 2024, with early adoption permitted. The Company is c",challenge/offline-data/analog-devices/filings/2024-02-21__adi-us-20240221-q1-10q__102660.md,625
Analog Devices,ADI,2024-02-21,FY2024Q1,STRUCTURED_RESULT,q1-10q,"20,  | 2024,  | 0.92  | 15,  | 2024  | 5, ","On February 20, 2024, the Board of Directors of the Company declared a cash dividend of $0.92 per outstanding share of common stock. The dividend will be paid on March 15, 2024 to all shareholders of record at the close of business on March 5, 2024 and is expected to total approximately $456.2 million.",challenge/offline-data/analog-devices/filings/2024-02-21__adi-us-20240221-q1-10q__102660.md,629
Analog Devices,ADI,2024-02-21,FY2024Q1,STRUCTURED_RESULT,q1-10q,10 | 1995  | 1933  | 1934.  | 4  | 2023 ,"This Quarterly Report on Form 10-Q, including the following discussion, contains forward-looking statements regarding future events and our future results that are subject to the safe harbor created under the Private Securities Litigation Reform Act of 1995 and other safe harbors under the Securities Act of 1933 and the Securities Exchange Act of 1934. All statements other than statements of histo",challenge/offline-data/analog-devices/filings/2024-02-21__adi-us-20240221-q1-10q__102660.md,637
Analog Devices,ADI,2024-02-21,FY2024Q1,STRUCTURED_RESULT,q1-10q,1 | 10 | 2023. ,"The following important factors and uncertainties, among others, could cause results to differ materially from those described in the forward-looking statements: economic, political, legal and regulatory uncertainty or conflicts; changes in demand for semiconductor products; manufacturing delays, product and raw materials availability and supply chain disruptions; products that may be diverted fro",challenge/offline-data/analog-devices/filings/2024-02-21__adi-us-20240221-q1-10q__102660.md,639
Analog Devices,ADI,2024-02-21,FY2024Q1,STRUCTURED_RESULT,q1-10q,"3,  | 2024,  | 1.3 billion | 597.8 million","At February 3, 2024, our principal source of liquidity was $1.3 billion of cash and cash equivalents, of which approximately $597.8 million was held in the United States, and the balance of our cash and cash equivalents was held outside the United States in various foreign subsidiaries. We manage our worldwide cash requirements by, among other things, reviewing available funds held by our foreign ",challenge/offline-data/analog-devices/filings/2024-02-21__adi-us-20240221-q1-10q__102660.md,798
Analog Devices,ADI,2024-02-21,FY2024Q1,STRUCTURED_RESULT,q1-10q,"16.7 billion | 3,  | 2024,  | 2.0 billion","In the aggregate, our Board of Directors has authorized us to repurchase $16.7 billion of our common stock under our common stock repurchase program. Unless terminated earlier by resolution of our Board of Directors, the repurchase program will expire when we have repurchased all shares authorized under the program. As of February 3, 2024, an additional $2.0 billion remains available for repurchas",challenge/offline-data/analog-devices/filings/2024-02-21__adi-us-20240221-q1-10q__102660.md,881
Analog Devices,ADI,2024-02-21,FY2024Q1,STRUCTURED_RESULT,q1-10q,223.0 million | 2024.  | 2024  | 600 million | 800 million,"Net additions to property, plant and equipment were $223.0 million in the first three months of fiscal 2024. We expect capital expenditures for fiscal 2024 to be between approximately $600 million and $800 million. These capital expenditures will be funded with a combination of cash on hand and cash expected to be generated from future operations, together with existing and anticipated available s",challenge/offline-data/analog-devices/filings/2024-02-21__adi-us-20240221-q1-10q__102660.md,885
Analog Devices,ADI,2024-02-21,FY2024Q1,STRUCTURED_RESULT,q1-10q,"20,  | 2024,  | 0.92  | 15,  | 2024  | 5, ","On February 20, 2024, our Board of Directors declared a cash dividend of $0.92 per outstanding share of common stock. The dividend will be paid on March 15, 2024 to all shareholders of record at the close of business on March 5, 2024 and is expected to total approximately $456.2 million. We currently expect quarterly dividends to continue in future periods. The payment of any future quarterly divi",challenge/offline-data/analog-devices/filings/2024-02-21__adi-us-20240221-q1-10q__102660.md,889
Analog Devices,ADI,2024-02-21,FY2024Q1,STRUCTURED_RESULT,q1-8k,2024,## Outlook for the Second Quarter of Fiscal Year 2024,challenge/offline-data/analog-devices/filings/2024-02-21__adi-us-20240221-q1-8k__102673.md,94
Analog Devices,ADI,2024-02-21,FY2024Q1,STRUCTURED_RESULT,q1-8k,"2024,  | 2.10 billion | 100 million | 15.1% | -200 bps | 37.0%","For the second quarter of fiscal 2024, we are forecasting revenue of $2.10 billion, +/- $100 million. At the midpoint of this revenue outlook, we expect reported operating margin of approximately 15.1%, +/-200 bps, and adjusted operating margin of approximately 37.0%, +/-100 bps. We are planning for reported EPS to be $0.46, +/-$0.10, and adjusted EPS to be $1.26, +/-$0.10.",challenge/offline-data/analog-devices/filings/2024-02-21__adi-us-20240221-q1-8k__102673.md,96
Analog Devices,ADI,2024-02-21,FY2024Q1,STRUCTURED_RESULT,q1-8k,2024 ,"Our second quarter fiscal 2024 outlook is based on current expectations and actual results may differ materially as a result of, among other things, the important factors discussed at the end of this release. These statements supersede all prior statements regarding our business outlook set forth in prior ADI news releases, and ADI disclaims any obligation to update these forward-looking statement",challenge/offline-data/analog-devices/filings/2024-02-21__adi-us-20240221-q1-8k__102673.md,98
Analog Devices,ADI,2024-02-21,FY2024Q1,STRUCTURED_RESULT,q1-8k,2024  | 10 | 00 ,"ADI will host a conference call to discuss our first quarter fiscal 2024 results and short-term outlook today, beginning at 10:00 am ET. Investors may join via webcast, accessible at investor.analog.com.",challenge/offline-data/analog-devices/filings/2024-02-21__adi-us-20240221-q1-8k__102673.md,108
Analog Devices,ADI,2024-02-21,FY2024Q1,STRUCTURED_RESULT,q1-8k,1  | 1  | 2  | 3  | 1  | 2 ,Management uses non-GAAP measures internally to evaluate the Company's operating performance from continuing operations against past periods and to budget and allocate resources in future periods. These non-GAAP measures also assist management in evaluating the Company's core business and trends across different reporting periods on a consistent basis. Management also uses these non-GAAP measures ,challenge/offline-data/analog-devices/filings/2024-02-21__adi-us-20240221-q1-8k__102673.md,114
Analog Devices,ADI,2024-02-21,FY2024Q1,STRUCTURED_RESULT,q1-8k,10,"This press release contains forward-looking statements, which address a variety of subjects including, for example, our statements regarding financial performance; customer inventory rationalization; economic uncertainty, demand, business cycles, and supply chains; capital expenditures; expected revenue, operating margin, nonoperating expenses, tax rate, earnings per share, and other financial res",challenge/offline-data/analog-devices/filings/2024-02-21__adi-us-20240221-q1-8k__102673.md,173
Analog Devices,ADI,2023-11-21,FY2023Q4,EARNINGS_CALL,call-pres,"4.6 billion | 2023,  | 100% | 12 billion | 15% | 6%","Unknown speaker: Notably, we returned a record $4.6 billion to shareholders in 2023, exceeding our 100% free cash flow return target. Since the closing of Maxim just over two years ago, ADI has returned roughly $12 billion to shareholders, or nearly 15% of our market cap. Over this same time, we've reduced our share count by more than 6% and increased our dividend per share by 25%. Now, looking to",challenge/offline-data/analog-devices/call-transcripts/2023-11-21__adi-us-20231121-call-pres__40059.md,23
Analog Devices,ADI,2023-11-21,FY2023Q4,EARNINGS_CALL,call-pres,"2023.  | 2025,  | 1 billion | 2027.  | 75,000 ","Unknown speaker: Despite the near-term challenges, they share our optimism that the Intelligent Edge is enabling a future replete with opportunity, and they are clear about the expanding role that they expect ADI to play in their success. Our customers' optimism is reflected in the continued expansion of our design win pipeline, which increased by double digits again in 2023. That growth was enhan",challenge/offline-data/analog-devices/call-transcripts/2023-11-21__adi-us-20231121-call-pres__40059.md,27
Analog Devices,ADI,2023-11-21,FY2023Q4,EARNINGS_CALL,call-pres,2023  | 2% | 12.3 billion | 72.5% | 73.6% | 48.9%,"Unknown speaker: Thank you for that introduction, Vince. I'm excited to be here today, and let me add my welcome to our fourth quarter earnings call. Starting with a brief recap of fiscal 2023 results. Revenue increased 2% to $12.3 billion, marking ADI's third consecutive record year. Gross margin of 72.5%, moderated from last year's record result of 73.6%. Operating margin of 48.9% decreased 50 b",challenge/offline-data/analog-devices/call-transcripts/2023-11-21__adi-us-20231121-call-pres__40059.md,39
Analog Devices,ADI,2023-11-21,FY2023Q4,EARNINGS_CALL,call-pres,50% | 19% | 20% | 6% | 27% | 14%,"Unknown speaker: Industrial represented 50% of quarterly revenue, declining 19% sequentially and 20% year-over-year. As expected, we experienced broad-based weakness as inventory adjustments continued across our diverse customer base. For the full year, industrial increased 6%, achieving its third straight record result, with strength across instrumentation, test, energy, and aerospace and defense",challenge/offline-data/analog-devices/call-transcripts/2023-11-21__adi-us-20231121-call-pres__40059.md,41
Analog Devices,ADI,2023-11-21,FY2023Q4,EARNINGS_CALL,call-pres,"13% | 11% | 6% | 28% | 20% | 2023, ","Unknown speaker: For the year, communications decreased 13%, with steeper declines in wireless versus wireline. Lastly, consumer represented 11% of quarterly revenue, down 6% sequentially and 28% year-over-year. Consumer decreased 20% in fiscal 2023, driven by industry-wide weaker demand and ongoing inventory corrections. Now on to the rest of the P&L. Fourth quarter gross margin was 70.2%, down s",challenge/offline-data/analog-devices/call-transcripts/2023-11-21__adi-us-20231121-call-pres__40059.md,43
Analog Devices,ADI,2023-11-21,FY2023Q4,EARNINGS_CALL,call-pres,"2.01 | 1 billion | 0.9 | 70 million | 188,  | 7","Unknown speaker: All told, EPS was $2.01, slightly above our outlook. Now on to the balance sheet. We ended the quarter with approximately $1 billion of cash and cash equivalents, and a net leverage ratio of 0.9x. Inventory decreased nearly $70 million sequentially, driven by finished goods. Channel inventory also declined as we actively managed sell-in to be less than sell-through. Given lower re",challenge/offline-data/analog-devices/call-transcripts/2023-11-21__adi-us-20231121-call-pres__40059.md,45
Analog Devices,ADI,2023-11-21,FY2023Q4,EARNINGS_CALL,call-pres,3.6 billion | 29% | 130% | 3 billion | 1.7 billion | 14,"Unknown speaker: These CapEx numbers are gross figures, which do not include the benefits of the investment tax credits or grants related to both the U.S. and European CHIPS Acts. Full-year free cash flow was $3.6 billion, or 29% of revenue. During the year, we returned 130% of free cash flow via roughly $3 billion in share repurchases and $1.7 billion in dividends. Now moving on to the guidance f",challenge/offline-data/analog-devices/call-transcripts/2023-11-21__adi-us-20231121-call-pres__40059.md,47
Analog Devices,ADI,2023-11-21,FY2023Q4,EARNINGS_CALL,call-pres,41.5% | -70  | 11% | -13% | 1.70  | -10 ,"Unknown speaker: Operating margin is expected to be 41.5% +-70 basis points. Our tax rate is expected to be 11%-13%, and based on these inputs, adjusted EPS is expected to be $1.70 +-10 cents. I will conclude my remarks with a brief update on the current operating backdrop. As Vince mentioned, we continue to see broad-based weakness across markets and geographies as customers work to reduce invent",challenge/offline-data/analog-devices/call-transcripts/2023-11-21__adi-us-20231121-call-pres__40059.md,49
Analog Devices,ADI,2023-11-21,FY2023Q4,EARNINGS_CALL,call-pres,2024  | 600 million | 800 million | 45% | 2023. ,"Unknown speaker: ... Our hybrid manufacturing model and ability to swing in external wafers will help us moderate the decline in factory starts. The unique ability positions us to deliver healthy gross margins despite the significant revenue decline from a year ago. Given the enhancements made to our hybrid manufacturing model over the last two years, we now plan to slow the expansion of our inter",challenge/offline-data/analog-devices/call-transcripts/2023-11-21__adi-us-20231121-call-pres__40059.md,53
Analog Devices,ADI,2023-11-21,FY2023Q4,EARNINGS_CALL,call-qna,"2024,  | 2024.","Unknown speaker: So my own sense is that, you know, against what could be a very challenging macro backdrop during 2024, that, of all the elements of our portfolio, automotive, we expect, will fare best of them all. And, you know, we still have, pretty strong confidence that we'll grow in 2024.",challenge/offline-data/analog-devices/call-transcripts/2023-11-21__adi-us-20231121-call-qna__40074.md,21
Analog Devices,ADI,2023-11-21,FY2023Q4,EARNINGS_CALL,call-qna,7.5%,"Unknown speaker: Thank you for taking my question. Vince, I'm trying to reconcile the comments that were made about some stabilization in bookings. That sounds like a positive. But I think in the prepared remarks, you also said some headwinds that could persist through the first half of the fiscal year, suggesting that April could be a sub-seasonal quarter. I know you're not, you know, guiding spe",challenge/offline-data/analog-devices/call-transcripts/2023-11-21__adi-us-20231121-call-qna__40074.md,29
Analog Devices,ADI,2023-11-21,FY2023Q4,EARNINGS_CALL,call-qna,13 | 30%,"Unknown speaker: Yeah, Stacy, it's Jim. Let me take that. Let me take the margin one first, and then I'll talk about the OpEx for the quarter. There's many inputs, there's many levers to the gross margin. There's revenue, there's price, there's mix, there's factory loading, utilization levels. And let me just try to unpack that a bit. Vince mentioned on the pricing side, basically, that's stable, ",challenge/offline-data/analog-devices/call-transcripts/2023-11-21__adi-us-20231121-call-qna__40074.md,63
Analog Devices,ADI,2023-11-21,FY2023Q4,EARNINGS_CALL,call-qna,19% | 20% | 70% | 68% | -69% | 4 ,"Unknown speaker: As you heard in my prepared remarks, industrial was down 19% and 20% last quarter on a year-over-year and sequential basis, and that will be down again in first quarter. So mix is a headwind for us. When you put all those puts and takes together, we'd expect basically gross margin will fall below 70% in the first half of the year at these trough levels. I think if you think about ",challenge/offline-data/analog-devices/call-transcripts/2023-11-21__adi-us-20231121-call-qna__40074.md,65
Analog Devices,ADI,2023-11-21,FY2023Q4,EARNINGS_CALL,call-qna,1 | 1% | -2% | 1 | 2 | 2,"Unknown speaker: This was the combination of reducing discretionary spend and of course, a much lower variable comp. Looking into 1Q, we expect that to be down again, even with the extra week, and it's fair to say that probably you can think about 1%-2% there. This reduction relates to the actions that we structurally took to reduce OpEx, as well as a lower typical seasonal spend in 1Q as well. We",challenge/offline-data/analog-devices/call-transcripts/2023-11-21__adi-us-20231121-call-qna__40074.md,67
Analog Devices,ADI,2023-11-21,FY2023Q4,EARNINGS_CALL,call-qna,"4  | 2023  | 2  | 2024,  | 2  | 4 ","Unknown speaker: When you're looking at Q4 2023 versus Q2 2024, given some of the structural modest reductions we had made, we'd expect OpEx on Q2 to be down a few% from the Q4 operating levels. So I hope that helps.",challenge/offline-data/analog-devices/call-transcripts/2023-11-21__adi-us-20231121-call-qna__40074.md,69
Analog Devices,ADI,2023-11-21,FY2023Q4,EARNINGS_CALL,call-qna,70% | 2024,"Unknown speaker: Hey, thanks, gang. I guess just a question on industrial. You know, historically, this has been a pretty strong sector for you guys, but it seems like it's the revenue decline in industrial is worse than the overall company. Can you just talk about why that is? And maybe broader speaking, you know, is -- are the, are the bookings or the revenue falling more because the macro is wo",challenge/offline-data/analog-devices/call-transcripts/2023-11-21__adi-us-20231121-call-qna__40074.md,77
Analog Devices,ADI,2023-11-21,FY2023Q4,EARNINGS_CALL,call-qna,"2023,  | 2024, ","Unknown speaker: Yeah. Thanks, Chris. So yeah, look, we've come off a record year for ADI and for the industrial sector. But I'd say in the second half of 2023, we began to see momentum slow on the order side of things. And you know, in the fourth quarter, it's true to say that weakness in the industrial sector broadened and hit all the various market segments, with one exception, the aerospace an",challenge/offline-data/analog-devices/call-transcripts/2023-11-21__adi-us-20231121-call-qna__40074.md,79
Analog Devices,ADI,2023-11-21,FY2023Q4,EARNINGS_CALL,call-qna,68% | -69% | 70% | 4.  | 1.  | 70 million,"Unknown speaker: Yeah, Chris, I think just a couple points there. Vince talked about at the trough revenue, you know, gross margins in the 68%-69% range. Gross margins at 70% for the year, I think that was the first part of your question as well. A lot of that will depend upon when the demand comes back in terms of, so we don't really guide for the year there, but that's probably dependent upon re",challenge/offline-data/analog-devices/call-transcripts/2023-11-21__adi-us-20231121-call-qna__40074.md,85
Analog Devices,ADI,2023-11-21,FY2023Q4,EARNINGS_CALL,call-qna,1 | 2,"Unknown speaker: You can expect that inventory to be reduced at a similar level in 1Q and again in 2Q. And what we're also doing now is we're activating a hybrid manufacturing strategy, so we're actually swinging wafers from external back in-house, which moderates the factory load, which gives us a little bit of a cushion on that gross margin side as well. So just a little bit more color as what y",challenge/offline-data/analog-devices/call-transcripts/2023-11-21__adi-us-20231121-call-qna__40074.md,87
Analog Devices,ADI,2023-11-21,FY2023Q4,EARNINGS_CALL,call-qna,500 million | 2024.  | 2025.  | 2024 ,"Unknown speaker: So from a CapEx viewpoint, we're gonna expect that to drop by about $500 million in our FY 2024. And as I noted, this figure doesn't reflect any of the benefit from either the U.S. or European CHIPS Act. From a capacity viewpoint, what does that mean? That basically means that we'll be able to still double our internal capacity footprint by 2025. Originally, we were thinking that ",challenge/offline-data/analog-devices/call-transcripts/2023-11-21__adi-us-20231121-call-qna__40074.md,103
Analog Devices,ADI,2023-11-21,FY2023Q4,EARNINGS_CALL,call-qna,"70 million | 1 | 2 | 2024,  | 200 million","Unknown speaker: Hey, Timothy. Let me take that. Just to be clear, let me kind of step that back, what I said. So basically, inventory in fourth quarter was down $70 million, and that was on a quarter-on-quarter compare. That was almost all at the finished goods level. In 1Q, we plan to take inventory down by a similar amount, and then we'll do that again in 2Q. That's on a dollar basis, not on a ",challenge/offline-data/analog-devices/call-transcripts/2023-11-21__adi-us-20231121-call-qna__40074.md,123
Analog Devices,ADI,2023-11-21,FY2023Q4,EARNINGS_CALL,call-qna,50 million,"Unknown speaker: In terms of the channel, as I mentioned, our sell-in to the channel is lower than our sell-through. And in fourth quarter, that was in the $50 million range, and I'd probably expect, you know, probably a similar number there in first quarter. Yeah. And with that, thanks, Tim.",challenge/offline-data/analog-devices/call-transcripts/2023-11-21__adi-us-20231121-call-qna__40074.md,125
Analog Devices,ADI,2023-11-21,FY2023Q4,STRUCTURED_RESULT,q4-10k,10 | 1995  | 1933  | 1934.  | 4  | 2023 ,"This Annual Report on Form 10-K, including 'Management's Discussion and Analysis of Financial Condition and Results of Operations,' contains forward-looking statements regarding future events and our future results that are subject to the safe harbor created under the Private Securities Litigation Reform Act of 1995 and other safe harbors under the Securities Act of 1933 and the Securities Exchang",challenge/offline-data/analog-devices/filings/2023-11-21__adi-us-20231121-q4-10k__102669.md,229
Analog Devices,ADI,2023-11-21,FY2023Q4,STRUCTURED_RESULT,q4-10k,"28,  | 2023,  | 26,000  | 13,000  | 60% | 40%","As of October 28, 2023, we had approximately 26,000 employees, of whom approximately 13,000 are in engineering roles. Approximately 60% of our workforce is male and 40% female. Our senior leadership team is 73% male and 27% female, while manager roles are approximately 75% male and 25% female. 33% of the members of our Board of Directors are female. For fiscal 2023, our voluntary employee turnover",challenge/offline-data/analog-devices/filings/2023-11-21__adi-us-20231121-q4-10k__102669.md,453
Analog Devices,ADI,2023-11-21,FY2023Q4,STRUCTURED_RESULT,q4-10k,"2021, ","In August 2021, we completed our acquisition of Maxim, which we refer to as the acquisition or the merger. The ultimate success of the merger will depend on, among other things, the ability to continue to combine the two businesses in a manner that facilitates growth opportunities. Further, there are a large number of processes, policies, procedures, operations, technologies and systems that must ",challenge/offline-data/analog-devices/filings/2023-11-21__adi-us-20231121-q4-10k__102669.md,602
Analog Devices,ADI,2023-11-21,FY2023Q4,STRUCTURED_RESULT,q4-10k,"2039.  | 9,  | 8  | 10","In addition to the properties listed in the above tables, we also own or lease a number of other facilities in various locations in the United States and internationally that are used for manufacturing, engineering, sales and marketing and administration activities. Leases for these leased facilities expire at various dates through the year 2039. We do not anticipate experiencing significant diffi",challenge/offline-data/analog-devices/filings/2023-11-21__adi-us-20231121-q4-10k__102669.md,831
Analog Devices,ADI,2023-11-21,FY2023Q4,STRUCTURED_RESULT,q4-10k,"20,  | 2023,  | 0.86  | 14,  | 2023  | 4, ","On November 20, 2023, our Board of Directors declared a cash dividend of $0.86 per outstanding share of common stock. The dividend will be paid on December 14, 2023 to all shareholders of record at the close of business on December 4, 2023 and is expected to total approximately $426.8 million. We currently expect quarterly dividends to continue in future periods, although they remain subject to de",challenge/offline-data/analog-devices/filings/2023-11-21__adi-us-20231121-q4-10k__102669.md,875
Analog Devices,ADI,2023-11-21,FY2023Q4,STRUCTURED_RESULT,q4-10k,"28,  | 2023.  | 2004,  | 28,  | 2023,  | 205.3 million","The table below summarizes the activity related to stock repurchases for the three months ended October 28, 2023. We have an ongoing authorization, originally approved by our Board of Directors in 2004, and subsequently amended, to repurchase shares of our common stock in open market or negotiated transactions. As of October 28, 2023, the Company had repurchased a total of approximately 205.3 mill",challenge/offline-data/analog-devices/filings/2023-11-21__adi-us-20231121-q4-10k__102669.md,881
Analog Devices,ADI,2023-11-21,FY2023Q4,STRUCTURED_RESULT,q4-10k,"2022  | 30,  | 2021  | 2021","discussion on results of operations and financial condition for fiscal 2022 and the fiscal year ended October 30, 2021 (fiscal 2021) and",challenge/offline-data/analog-devices/filings/2023-11-21__adi-us-20231121-q4-10k__102669.md,979
Analog Devices,ADI,2023-11-21,FY2023Q4,STRUCTURED_RESULT,q4-10k,7  | 10 | 2022 ,"Condition and Results of Operations in Part II, Item 7 of our Annual Report on Form 10-K for fiscal 2022 filed with the Securities and",challenge/offline-data/analog-devices/filings/2023-11-21__adi-us-20231121-q4-10k__102669.md,981
Analog Devices,ADI,2023-11-21,FY2023Q4,STRUCTURED_RESULT,q4-10k,"28,  | 2023  | 2023 | 29,  | 2022  | 2022","The following discussion includes results of operations and financial condition for the fiscal year ended October 28, 2023 (fiscal 2023) and the fiscal year ended October 29, 2022 (fiscal 2022) and year-over-year comparisons between fiscal 2023 and fiscal 2022. For discussion on results of operations and financial condition for fiscal 2022 and the fiscal year ended October 30, 2021 (fiscal 2021) a",challenge/offline-data/analog-devices/filings/2023-11-21__adi-us-20231121-q4-10k__102669.md,1027
Analog Devices,ADI,2023-11-21,FY2023Q4,STRUCTURED_RESULT,q4-10k,2023  | 2022 ,"Revenue by geographic region, based upon the geographic location of the distributors or OEMs who purchased the Company's products, for fiscal 2023 and fiscal 2022 was as follows:",challenge/offline-data/analog-devices/filings/2023-11-21__adi-us-20231121-q4-10k__102669.md,1083
Analog Devices,ADI,2023-11-21,FY2023Q4,STRUCTURED_RESULT,q4-10k,2023  | 2022  | 21% | 2023  | 2022  | 12.5%,Our effective tax rates for fiscal 2023 and fiscal 2022 were below the U.S. statutory rate of 21% due to lower statutory tax rates applicable to our operations in the foreign jurisdictions in which we earn income. For fiscal 2023 and fiscal 2022 our pretax income was primarily generated in Ireland at a tax rate of 12.5%. Our effective tax rate for fiscal 2023 also included the effects of the manda,challenge/offline-data/analog-devices/filings/2023-11-21__adi-us-20231121-q4-10k__102669.md,1189
Analog Devices,ADI,2023-11-21,FY2023Q4,STRUCTURED_RESULT,q4-10k,"28,  | 2023,  | 958.1 million | 201.1 million","At October 28, 2023, our principal source of liquidity was $958.1 million of cash and cash equivalents, of which approximately $201.1 million was held in the United States and the balance of our cash and cash equivalents was held outside the United States in various foreign subsidiaries. We manage our worldwide cash requirements by, among other things, reviewing available funds held by our foreign",challenge/offline-data/analog-devices/filings/2023-11-21__adi-us-20231121-q4-10k__102669.md,1206
Analog Devices,ADI,2023-11-21,FY2023Q4,STRUCTURED_RESULT,q4-10k,2023  | 2022  | 2023  | 2022.,The decrease in accounts receivable for fiscal 2023 compared to fiscal 2022 was primarily the result of variations in the timing of collections and billings and decreased revenue levels in the fourth quarter of fiscal 2023 as compared to the fourth quarter of fiscal 2022.,challenge/offline-data/analog-devices/filings/2023-11-21__adi-us-20231121-q4-10k__102669.md,1248
Analog Devices,ADI,2023-11-21,FY2023Q4,STRUCTURED_RESULT,q4-10k,"28,  | 2023,  | 2.1 billion","As of October 28, 2023, $2.1 billion remained available for repurchase under the current authorized program. The repurchased shares are held as authorized but unissued shares of common stock. We also repurchase shares in settlement of employee tax withholding obligations due upon the vesting of restricted stock units/awards or the exercise of stock options. Future repurchases of common stock will ",challenge/offline-data/analog-devices/filings/2023-11-21__adi-us-20231121-q4-10k__102669.md,1274
Analog Devices,ADI,2023-11-21,FY2023Q4,STRUCTURED_RESULT,q4-10k,1.3 billion | 2023  | 2024  | 600.0 million | 800.0 million,"Net additions to property, plant and equipment were $1.3 billion in fiscal 2023 as we invested to enhance our global resiliency. We expect capital expenditures for fiscal 2024 to be between approximately $600.0 million and $800.0 million. These capital expenditures will be funded with a combination of cash on hand and cash expected to be generated from future operations, together with existing and",challenge/offline-data/analog-devices/filings/2023-11-21__adi-us-20231121-q4-10k__102669.md,1278
Analog Devices,ADI,2023-11-21,FY2023Q4,STRUCTURED_RESULT,q4-10k,"20,  | 2023,  | 0.86  | 14,  | 2023  | 4, ","On November 20, 2023, our Board of Directors declared a cash dividend of $0.86 per outstanding share of common stock. The dividend will be paid on December 14, 2023 to all shareholders of record at the close of business on December 4, 2023 and is expected to total approximately $426.8 million. We currently expect quarterly dividends to continue in future periods, although they remain subject to de",challenge/offline-data/analog-devices/filings/2023-11-21__adi-us-20231121-q4-10k__102669.md,1282
Analog Devices,ADI,2023-11-21,FY2023Q4,STRUCTURED_RESULT,q4-10k,"28,  | 2023,  | 186.2 million | 8  | 10","As of October 28, 2023, our total liabilities associated with uncertain tax positions was $186.2 million, which are included in noncurrent income taxes payable in our Consolidated Balance Sheets contained in Item 8 of this Annual Report on Form 10-K. Due to the complexity associated with our tax uncertainties, we cannot make a reasonably reliable estimate of the period in which we expect to settle",challenge/offline-data/analog-devices/filings/2023-11-21__adi-us-20231121-q4-10k__102669.md,1310
Analog Devices,ADI,2023-11-21,FY2023Q4,STRUCTURED_RESULT,q4-10k,1 | 2 | 3 | 4 | 5,Recognition of revenue occurs when a customer obtains control of promised goods or services in an amount that reflects the consideration to which the providing entity expects to be entitled in exchange for those goods or services. We recognize revenue upon transfer of control of promised products or services to customers in an amount that reflects the consideration that we expect to receive in exc,challenge/offline-data/analog-devices/filings/2023-11-21__adi-us-20231121-q4-10k__102669.md,1322
Analog Devices,ADI,2023-11-21,FY2023Q4,STRUCTURED_RESULT,q4-10k,50% | 50%,We account for uncertain tax positions by first determining if it is 'more likely than not' that a tax position will be sustained by the appropriate taxing authorities prior to recording any benefit in the financial statements. An uncertain income tax position is not recognized if it has less than a 50% likelihood of being sustained. For those tax positions where it is more likely than not that a ,challenge/offline-data/analog-devices/filings/2023-11-21__adi-us-20231121-q4-10k__102669.md,1380
Analog Devices,ADI,2023-11-21,FY2023Q4,STRUCTURED_RESULT,q4-10k,"28,  | 2023, ","The market risk associated with our derivative instruments results from currency exchange rates that are expected to offset the market risk of the underlying transactions, assets and liabilities being hedged. The counterparties to the agreements relating to our foreign exchange instruments consist of a number of major international financial institutions with high credit ratings. Based on the cred",challenge/offline-data/analog-devices/filings/2023-11-21__adi-us-20231121-q4-10k__102669.md,1441
Analog Devices,ADI,2023-11-21,FY2023Q4,STRUCTURED_RESULT,q4-10k,"2 | 2023,  | 7.5 billion | 28,  | 2023  | 525.4 million","Description of the Matter As described in Note 2n to the consolidated financial statements, the Company's sales contracts provide certain distributors with credits for price protection and rights of return, which results in variable consideration. During 2023, sales to distributors were $7.5 billion net of expected price protection credits and rights of return for which the liability balance as of",challenge/offline-data/analog-devices/filings/2023-11-21__adi-us-20231121-q4-10k__102669.md,1477
Analog Devices,ADI,2023-11-21,FY2023Q4,STRUCTURED_RESULT,q4-10k,1 | 2023.,(1) Certain amounts previously reported between machinery and equipment and office equipment have been reclassified to conform to the presentation for fiscal 2023.,challenge/offline-data/analog-devices/filings/2023-11-21__adi-us-20231121-q4-10k__102669.md,1792
Analog Devices,ADI,2023-11-21,FY2023Q4,STRUCTURED_RESULT,q4-10k,"28,  | 2023  | 29,  | 2022, ","The market risk associated with the Company's derivative instruments results from currency exchange rate or interest rate movements that are expected to offset the market risk of the underlying transactions, assets and liabilities being hedged. The counterparties to the agreements relating to the Company's derivative instruments consist of a number of major international financial institutions wit",challenge/offline-data/analog-devices/filings/2023-11-21__adi-us-20231121-q4-10k__102669.md,1950
Analog Devices,ADI,2023-11-21,FY2023Q4,STRUCTURED_RESULT,q4-10k,"2023  | 2022, ","provisions the Company has made based on its historical estimates. For fiscal 2023 and fiscal 2022, sales to distributors were",challenge/offline-data/analog-devices/filings/2023-11-21__adi-us-20231121-q4-10k__102669.md,2134
Analog Devices,ADI,2023-11-21,FY2023Q4,STRUCTURED_RESULT,q4-10k,1 | 2 | 3 | 4 | 5,Recognition of revenue occurs when a customer obtains control of promised goods or services in an amount that reflects the consideration to which the providing entity expects to be entitled in exchange for those goods or services. The Company recognizes revenue upon transfer of control of promised products or services to customers in an amount that reflects the consideration the Company expects to,challenge/offline-data/analog-devices/filings/2023-11-21__adi-us-20231121-q4-10k__102669.md,2148
Analog Devices,ADI,2023-11-21,FY2023Q4,STRUCTURED_RESULT,q4-10k,"2023,  | 2022  | 2021 ","Performance Obligations : Substantially all of the Company's contracts with customers contain a single performance obligation, the sale of mixed-signal integrated circuit products. Such sales represent a single performance obligation because the sale is one type of good or includes multiple goods that are neither capable of being distinct nor separable from the other promises in the contract. This",challenge/offline-data/analog-devices/filings/2023-11-21__adi-us-20231121-q4-10k__102669.md,2152
Analog Devices,ADI,2023-11-21,FY2023Q4,STRUCTURED_RESULT,q4-10k,"2023  | 2022,  | 7.5 billion | 7.5 billion",Transaction Price : The transaction price reflects the Company's expectations about the consideration it will be entitled to receive from the customer and may include fixed or variable amounts. Fixed consideration primarily includes sales to direct customers and sales to distributors in which both the sale to the distributor and the sale to the end customer occur within the same reporting period. ,challenge/offline-data/analog-devices/filings/2023-11-21__adi-us-20231121-q4-10k__102669.md,2154
Analog Devices,ADI,2023-11-21,FY2023Q4,STRUCTURED_RESULT,q4-10k,50% | 50%,The Company accounts for uncertain tax positions by first determining if it is 'more likely than not' that a tax position will be sustained by the appropriate taxing authorities prior to recording any benefit in the Consolidated Financial Statements. An uncertain income tax position is not recognized if it has less than a 50% likelihood of being sustained. For those tax positions where it is more ,challenge/offline-data/analog-devices/filings/2023-11-21__adi-us-20231121-q4-10k__102669.md,2205
Analog Devices,ADI,2023-11-21,FY2023Q4,STRUCTURED_RESULT,q4-10k,"12, ","In the ordinary course of global business, there are many transactions and calculations where the ultimate tax outcome is uncertain. Some of these uncertainties arise as a consequence of cost reimbursement and royalty arrangements among related entities. Although the Company believes its estimates are reasonable, no assurance can be given that the final tax outcome of these matters will not be dif",challenge/offline-data/analog-devices/filings/2023-11-21__adi-us-20231121-q4-10k__102669.md,2207
Analog Devices,ADI,2023-11-21,FY2023Q4,STRUCTURED_RESULT,q4-10k,"25% | 2018,  | 20%","Stock-based compensation is measured at the grant date based on the grant-date fair value of the awards ultimately expected to vest and is recognized as an expense on a straight-line basis over the vesting period, which is generally four years for stock options and restricted stock units, or in annual installments of 25% on each of the first, second, third and fourth anniversaries of the date of g",challenge/offline-data/analog-devices/filings/2023-11-21__adi-us-20231121-q4-10k__102669.md,2247
Analog Devices,ADI,2023-11-21,FY2023Q4,STRUCTURED_RESULT,q4-10k,"2021,  | 2021 | -08,  | 805 | 805 | -20","In October 2021, the FASB issued ASU No. 2021-08, Business Combinations (Topic 805): Accounting for Acquired Contract Assets and Contract Liabilities. Under the new guidance (ASC 805-20-30-28), the acquirer should determine what contract assets and/or contract liabilities it would have recorded under ASC 606 (the revenue guidance) as of the acquisition date, as if the acquirer had entered into the",challenge/offline-data/analog-devices/filings/2023-11-21__adi-us-20231121-q4-10k__102669.md,2267
Analog Devices,ADI,2023-11-21,FY2023Q4,STRUCTURED_RESULT,q4-10k,1 | 2 | 3 | 4,"Expected volatility - The Company is responsible for estimating volatility and has considered a number of factors, including thirdparty estimates. The Company currently believes that the exclusive use of implied volatility results in the best estimate of the grant-date fair value of employee stock options because it reflects the market's current expectations of future volatility. In evaluating the",challenge/offline-data/analog-devices/filings/2023-11-21__adi-us-20231121-q4-10k__102669.md,2304
Analog Devices,ADI,2023-11-21,FY2023Q4,STRUCTURED_RESULT,q4-10k,"5.0% | 28,  | 2023. ","The amount of stock-based compensation expense recognized during a period is based on the value of the awards that are ultimately expected to vest. Forfeitures are estimated at the time of grant and revised, if necessary, in subsequent periods if actual forfeitures differ from those estimates. The term 'forfeitures' is distinct from 'cancellations' or 'expirations' and represents only the unvested",challenge/offline-data/analog-devices/filings/2023-11-21__adi-us-20231121-q4-10k__102669.md,2318
Analog Devices,ADI,2023-11-21,FY2023Q4,STRUCTURED_RESULT,q4-10k,1,"(1) In addition to the vested options, the Company expects a portion of the unvested options to vest at some point in the future. The number of options expected to vest is calculated by applying an estimated forfeiture rate to the unvested options.",challenge/offline-data/analog-devices/filings/2023-11-21__adi-us-20231121-q4-10k__102669.md,2353
Analog Devices,ADI,2023-11-21,FY2023Q4,STRUCTURED_RESULT,q4-10k,"28,  | 2023,  | 545.9 million | 1.4  | 2023,  | 2022 ","As of October 28, 2023, there was $545.9 million of total unrecognized compensation cost related to unvested stock-based awards comprised of stock options, restricted stock awards and restricted stock unit awards. That cost is expected to be recognized over a weighted-average period of 1.4 years. The total grant-date fair value of awards that vested during fiscal 2023, fiscal 2022 and fiscal 2021 ",challenge/offline-data/analog-devices/filings/2023-11-21__adi-us-20231121-q4-10k__102669.md,2367
Analog Devices,ADI,2023-11-21,FY2023Q4,STRUCTURED_RESULT,q4-10k,"2004.  | 16.7 billion | 8.5 billion | 25,  | 2021.  | 28, ","The Company's share repurchase program has been in place since August 2004. In the aggregate, the Board of Directors has authorized the Company to repurchase $16.7 billion of the Company's common stock under the program, which includes the $8.5 billion authorization approved by the Board of Directors on August 25, 2021. The Company may repurchase outstanding shares of its common stock from time to",challenge/offline-data/analog-devices/filings/2023-11-21__adi-us-20231121-q4-10k__102669.md,2379
Analog Devices,ADI,2023-11-21,FY2023Q4,STRUCTURED_RESULT,q4-10k,"2023,  | 2022  | 2021 ","Geographic revenue information for fiscal 2023, fiscal 2022 and fiscal 2021 reflects the geographic location of the distributors or OEMs who purchased the Company's products. This may differ from the geographic location of the end customers. In all periods presented, the predominant regions comprising 'Rest of North and South America' are Canada and Mexico; the predominant regions comprising 'Euro",challenge/offline-data/analog-devices/filings/2023-11-21__adi-us-20231121-q4-10k__102669.md,2445
Analog Devices,ADI,2023-11-21,FY2023Q4,STRUCTURED_RESULT,q4-10k,"2023,  | 4  | 2023  | 4  | 2023  | 114.0 million","In the fourth quarter of fiscal 2023, the Company committed to a plan to reorganize its business (the Q4 2023 Plan). The Q4 2023 Plan, consisting of voluntary and involuntary reductions-in-force and other cost-savings initiatives, was commenced to adjust the Company's cost structure and business activities to better align with weaker market demand and continued economic uncertainty in its end mark",challenge/offline-data/analog-devices/filings/2023-11-21__adi-us-20231121-q4-10k__102669.md,2507
Analog Devices,ADI,2023-11-21,FY2023Q4,STRUCTURED_RESULT,q4-10k,0.6300  | 2021.  | 2021  | 558.8 million | 2021 ,"On the Acquisition Date, the Company completed its acquisition of all of the voting interests of Maxim, an independent manufacturer of innovative analog and mixed-signal products and technologies. Under the terms of the agreement pursuant to which the Company acquired Maxim (Merger Agreement), Maxim stockholders received, for each outstanding share of Maxim common stock, 0.6300 of a share of the C",challenge/offline-data/analog-devices/filings/2023-11-21__adi-us-20231121-q4-10k__102669.md,2529
Analog Devices,ADI,2023-11-21,FY2023Q4,STRUCTURED_RESULT,q4-10k,"30,  | 2021  | 2021  | 26,  | 2021,  | 3, ","The following unaudited pro forma consolidated financial information for the twelve months ended October 30, 2021 combines the results of the Company for fiscal 2021 and the unaudited results of Maxim for the corresponding period through the Acquisition Date. The unaudited pro forma consolidated financial information assumes that the Acquisition, which closed on August 26, 2021, was completed on N",challenge/offline-data/analog-devices/filings/2023-11-21__adi-us-20231121-q4-10k__102669.md,2589
Analog Devices,ADI,2023-11-21,FY2023Q4,STRUCTURED_RESULT,q4-10k,"5,  | 2023  | 12.9 million","The Company enters into operating leases which primarily relate to certain facilities and, to a lesser extent, finance leases. Finance leases were not a material component of the Company's lease portfolio in the periods presented. The Company determines whether an arrangement is or contains a lease based on the unique facts and circumstances present at the inception of an arrangement. Lease assets",challenge/offline-data/analog-devices/filings/2023-11-21__adi-us-20231121-q4-10k__102669.md,2627
Analog Devices,ADI,2023-11-21,FY2023Q4,STRUCTURED_RESULT,q4-10k,"31,  | 28,  | 2023  | 2023  | 29,  | 2022 ","The Company's funding policy for its foreign defined benefit pension plans is consistent with the local requirements of each country. The plans' assets consist primarily of U.S. and non-U.S. equity securities, bonds, property and cash. The Company has elected to measure defined benefit plan assets and obligations as of October 31, which is the month-end that is closest to its fiscal year-ends, whi",challenge/offline-data/analog-devices/filings/2023-11-21__adi-us-20231121-q4-10k__102669.md,2714
Analog Devices,ADI,2023-11-21,FY2023Q4,STRUCTURED_RESULT,q4-10k,"2023,  | 2022  | 2021 ","Net annual periodic benefit cost of the Company's pension and postretirement benefit plans for fiscal 2023, fiscal 2022 and fiscal 2021 is presented in the following table:",challenge/offline-data/analog-devices/filings/2023-11-21__adi-us-20231121-q4-10k__102669.md,2720
Analog Devices,ADI,2023-11-21,FY2023Q4,STRUCTURED_RESULT,q4-10k,"2023,  | 2022  | 2021 ","The Company's effective tax rate reflects the applicable tax rate in effect in the various tax jurisdictions around the world where the Company's income is earned. The reconciliation of income tax computed at the U.S. federal statutory rates to income tax expense for fiscal 2023, fiscal 2022 and fiscal 2021 is as follows:",challenge/offline-data/analog-devices/filings/2023-11-21__adi-us-20231121-q4-10k__102669.md,2883
Analog Devices,ADI,2023-11-21,FY2023Q4,STRUCTURED_RESULT,q4-10k,"2023,  | 2022  | 2021 ","Income before income taxes for fiscal 2023, fiscal 2022 and fiscal 2021 includes the following components:",challenge/offline-data/analog-devices/filings/2023-11-21__adi-us-20231121-q4-10k__102669.md,2904
Analog Devices,ADI,2023-11-21,FY2023Q4,STRUCTURED_RESULT,q4-10k,2023  | 81.7 million,The Company's effective tax rate for fiscal 2023 was impacted by a discrete income tax benefit recorded of $81.7 million resulting from the approval granted by the Joint Committee on Taxation of its federal corporate income tax relief claim which reduced the amount of transition tax owed under the Tax Cuts and Jobs Act.,challenge/offline-data/analog-devices/filings/2023-11-21__adi-us-20231121-q4-10k__102669.md,2941
Analog Devices,ADI,2023-11-21,FY2023Q4,STRUCTURED_RESULT,q4-10k,2023  | 2022 ,The significant components of the Company's deferred tax assets and liabilities for fiscal 2023 and fiscal 2022 are as follows:,challenge/offline-data/analog-devices/filings/2023-11-21__adi-us-20231121-q4-10k__102669.md,2953
Analog Devices,ADI,2023-11-21,FY2023Q4,STRUCTURED_RESULT,q4-10k,2021  | 2023,The following table summarizes the changes in the total amounts of unrealized tax benefits for fiscal 2021 through fiscal 2023:,challenge/offline-data/analog-devices/filings/2023-11-21__adi-us-20231121-q4-10k__102669.md,2994
Analog Devices,ADI,2023-11-21,FY2023Q4,STRUCTURED_RESULT,q4-10k,"2,  | 2019  | 2019 | 3,  | 2018  | 2018","The Company has numerous audits ongoing at any time throughout the world including: an IRS income tax audit for fiscal year ended November 2, 2019 (fiscal 2019) and fiscal year ended November 3, 2018 (fiscal 2018), a pre-Acquisition IRS income tax audit for Maxim's fiscal years ended June 27, 2015 through August 26, 2021, and various U.S. state and local tax audits and international audits, includ",challenge/offline-data/analog-devices/filings/2023-11-21__adi-us-20231121-q4-10k__102669.md,3018
Analog Devices,ADI,2023-11-21,FY2023Q4,STRUCTURED_RESULT,q4-10k,"20,  | 2023,  | 0.86  | 14,  | 2023  | 4, ","On November 20, 2023, the Board of Directors of the Company declared a cash dividend of $0.86 per outstanding share of common stock. The dividend will be paid on December 14, 2023 to all shareholders of record at the close of business on December 4, 2023 and is expected to total approximately $426.8 million.",challenge/offline-data/analog-devices/filings/2023-11-21__adi-us-20231121-q4-10k__102669.md,3107
Analog Devices,ADI,2023-11-21,FY2023Q4,STRUCTURED_RESULT,q4-8k,2023 ,"'For the fourth quarter, ADI delivered revenue and profitability above the midpoint of our outlook, despite the difficult macroeconomic environment. For the year, 2023 was our third consecutive year of record revenue, led by the strength of our Industrial and Automotive businesses,' said Vincent Roche, CEO and Chair. 'As outlined last quarter, we expect customer inventory digestion to persist into",challenge/offline-data/analog-devices/filings/2023-11-21__adi-us-20231121-q4-8k__102653.md,47
Analog Devices,ADI,2023-11-21,FY2023Q4,STRUCTURED_RESULT,q4-8k,14 | 2024,## Outlook for the 14-week First Quarter of Fiscal Year 2024,challenge/offline-data/analog-devices/filings/2023-11-21__adi-us-20231121-q4-8k__102653.md,151
Analog Devices,ADI,2023-11-21,FY2023Q4,STRUCTURED_RESULT,q4-8k,"2024,  | 2.5 billion | 100 million | 14 | 23.1% | 130 bps","For the first quarter of fiscal 2024, we are forecasting revenue of $2.5 billion, +/- $100 million, which includes the benefit of a 14th week in the quarter. At the midpoint of this revenue outlook, we expect reported operating margin of approximately 23.1%, +/- 130 bps, and adjusted operating margin of approximately 41.5%, +/- 70 bps. We are planning for reported EPS to be $0.91, +/- $0.10, and a",challenge/offline-data/analog-devices/filings/2023-11-21__adi-us-20231121-q4-8k__102653.md,153
Analog Devices,ADI,2023-11-21,FY2023Q4,STRUCTURED_RESULT,q4-8k,2024 ,"Our first quarter fiscal 2024 outlook is based on current expectations and actual results may differ materially as a result of, among other things, the important factors discussed at the end of this release. These statements supersede all prior statements regarding our business outlook set forth in prior ADI news releases, and ADI disclaims any obligation to update these forward-looking statements",challenge/offline-data/analog-devices/filings/2023-11-21__adi-us-20231121-q4-8k__102653.md,155
Analog Devices,ADI,2023-11-21,FY2023Q4,STRUCTURED_RESULT,q4-8k,2023  | 10 | 00 ,"ADI will host a conference call to discuss our fourth quarter and fiscal 2023 results and short-term outlook today, beginning at 10:00 am ET. Investors may join via webcast, accessible at investor.analog.com.",challenge/offline-data/analog-devices/filings/2023-11-21__adi-us-20231121-q4-8k__102653.md,165
Analog Devices,ADI,2023-11-21,FY2023Q4,STRUCTURED_RESULT,q4-8k,1  | 1  | 2  | 3  | 1  | 2 ,Management uses non-GAAP measures internally to evaluate the Company's operating performance from continuing operations against past periods and to budget and allocate resources in future periods. These non-GAAP measures also assist management in evaluating the Company's core business and trends across different reporting periods on a consistent basis. Management also uses these non-GAAP measures ,challenge/offline-data/analog-devices/filings/2023-11-21__adi-us-20231121-q4-8k__102653.md,171
Analog Devices,ADI,2023-11-21,FY2023Q4,STRUCTURED_RESULT,q4-8k,2024 ,"statements regarding our 2024 performance, momentum, and business resilience; expected revenue, operating",challenge/offline-data/analog-devices/filings/2023-11-21__adi-us-20231121-q4-8k__102653.md,198
Analog Devices,ADI,2023-11-21,FY2023Q4,STRUCTURED_RESULT,q4-8k,2024  | 10,"This release contains forward-looking statements, which address a variety of subjects including, for example, our statements regarding our 2024 performance, momentum, and business resilience; expected revenue, operating margin, nonoperating expenses, tax rate, earnings per share and other financial results; industry, market and investment trends, including growth projections; long-term value and g",challenge/offline-data/analog-devices/filings/2023-11-21__adi-us-20231121-q4-8k__102653.md,229
Analog Devices,ADI,2023-08-23,FY2023Q3,EARNINGS_CALL,call-pres,7% | -10%,"Unknown speaker: Importantly, we believe we shipped below end market consumption in the third quarter and expect to do so again in the fourth. This will help normalize our customers' inventory more quickly and position us to return to growth more quickly in the coming quarters. Stepping back, while near-term dynamics are turbulent, our long-term confidence remains undiminished. Over the last sever",challenge/offline-data/analog-devices/call-transcripts/2023-08-23__adi-us-20230823-call-pres__40066.md,21
Analog Devices,ADI,2023-08-23,FY2023Q3,EARNINGS_CALL,call-pres,51  | 75% | 50% | 2050. ,"Unknown speaker: One area underpinning this growth outlook are the applications tied to sustainable use cases, which currently represent about one-third of our total revenue. Today, I want to unpack a vital part of this, the evolving electrification ecosystem that is driving growth in our industrial and automotive markets. As the world marches to net zero, we need to eliminate 51 gigatons of globa",challenge/offline-data/analog-devices/call-transcripts/2023-08-23__adi-us-20230823-call-pres__40066.md,23
Analog Devices,ADI,2023-08-23,FY2023Q3,EARNINGS_CALL,call-pres,4 ,"Unknown speaker: We're currently sampling our eighth generation solution, which utilizes software and algorithms to enable physical measurement capabilities all the way into the battery cell. These advances in edge processing change the game in how the internal battery health is managed, supporting faster charging and better range prediction. An extension of this is our Wireless BMS solution, a fi",challenge/offline-data/analog-devices/call-transcripts/2023-08-23__adi-us-20230823-call-pres__40066.md,31
Analog Devices,ADI,2023-08-23,FY2023Q3,EARNINGS_CALL,call-pres,3.1 billion | 53% | 7% | 13  | 4% | 24%,"Unknown speaker: Thank you, Vince. Let me add my welcome to our third quarter earnings call. My comments today, with the exception of revenue, will be on an adjusted basis, which excludes special items outlined in today's press release. While demand continued to soften throughout the quarter, ADI delivered nearly $3.1 billion revenue, in line with our guidance. This was driven by continued year-ov",challenge/offline-data/analog-devices/call-transcripts/2023-08-23__adi-us-20230823-call-pres__40066.md,37
Analog Devices,ADI,2023-08-23,FY2023Q3,EARNINGS_CALL,call-pres,30% | 12% | 10% | 15% | 21% | 72.2%,"Unknown speaker: We saw continued outsized growth for ADI's leading battery management and in-cabin connectivity solutions, which collectively increased nearly 30% year-over-year. Communications, which represented 12% of revenue, decreased double digits, both sequentially and year-over-year, due to the broad-based inventory correction we flagged previously. Lastly, consumer, which represented 10% ",challenge/offline-data/analog-devices/call-transcripts/2023-08-23__adi-us-20230823-call-pres__40066.md,39
Analog Devices,ADI,2023-08-23,FY2023Q3,EARNINGS_CALL,call-pres,47.8% | 230  | 57 million | 11.2% | 2.49  | 1.1 billion,"Unknown speaker: Operating margin of 47.8% contracted 230 basis points year-over-year, roughly in line with the gross margin decline. Non-OpEx expenses were $57 million. Our tax rate was 11.2%. All told, EPS came in at $2.49 within our guidance range. Moving to the balance sheet, we ended the quarter with over $1.1 billion of cash and a net leverage ratio of 0.8. Given the revenue pressures and ou",challenge/offline-data/analog-devices/call-transcripts/2023-08-23__adi-us-20230823-call-pres__40066.md,41
Analog Devices,ADI,2023-08-23,FY2023Q3,EARNINGS_CALL,call-pres,325 million | 2023  | 2024.  | 12  | 3.7 billion | 29%,"Unknown speaker: CapEx was $325 million for the quarter as we invest to enhance ADI's global resiliency and offer our customers options on where their products are sourced. 2023 should represent the high watermark for CapEx, and we expect it to decline in 2024. Importantly, our investments do not include the benefits of tax credits and grant funds that we anticipate from both the U.S. and the Euro",challenge/offline-data/analog-devices/call-transcripts/2023-08-23__adi-us-20230823-call-pres__40066.md,43
Analog Devices,ADI,2023-08-23,FY2023Q3,EARNINGS_CALL,call-pres,4  | 2.7 billion | 100 million | 44% | 70  | 11%,"Unknown speaker: Turning to the Q4 guidance, we expect the fourth quarter revenue to be $2.7 billion +- $100 million. This outlook assumes sell-in to be below sell-through. At the midpoint of our outlook, we expect all markets to be down sequentially, given the broad-based inventory correction. On a relative basis, auto and consumer should perform a bit better than industrial and comms. Operating ",challenge/offline-data/analog-devices/call-transcripts/2023-08-23__adi-us-20230823-call-pres__40066.md,45
Analog Devices,ADI,2023-08-23,FY2023Q3,EARNINGS_CALL,call-pres,85% | 13  | 35% | 70%,"Unknown speaker: Our revenue outlook reflects the broad-based macro softness across all end markets, all geographies, and customers, both large and small. We are also strategically improving lead times to get a better view into demand and enhance customer satisfaction. Today, we're shipping over 85% of our products within 13 weeks, this is up from 35% a year ago. As Vince mentioned, we are seeing ",challenge/offline-data/analog-devices/call-transcripts/2023-08-23__adi-us-20230823-call-pres__40066.md,47
Analog Devices,ADI,2023-08-23,FY2023Q3,EARNINGS_CALL,call-qna,"2021,  | 2022,  | 2022. ","Unknown speaker: Yes, thank you. I have a question for, for Vince. I know you're not ready to call a bottom, but some industry observers would say that this sort of inventory build started maybe late 2021, early 2022, 2022. Based on your guidance, for the October quarter, you're sort of back to that level. Vince, you know, you've, you've seen these cycles, you've seen many of them, they're all dif",challenge/offline-data/analog-devices/call-transcripts/2023-08-23__adi-us-20230823-call-qna__40085.md,15
Analog Devices,ADI,2023-08-23,FY2023Q3,EARNINGS_CALL,call-qna,4 ,"Unknown speaker: Sure. Why, why don't I take that, Vivek? First, some quick comments just to make sure everyone has the Q4 guide correct. On the channel, as I said in the prepared remarks, we are shipping in below the forecast we have from our channel partners, so we're intentionally bringing channel inventories down to help set us up for some better strength. The included in the guide is the back",challenge/offline-data/analog-devices/call-transcripts/2023-08-23__adi-us-20230823-call-qna__40085.md,33
Analog Devices,ADI,2023-08-23,FY2023Q3,EARNINGS_CALL,call-qna,"1,  | 1,  | 14 | 1  | 2024.","Unknown speaker: As you know, we don't guide out further than, than the current quarter, but some color is, I think you, you essentially have it right. There's no reason to think that first quarter would not be down seasonal, on a, you know, which we call it mid-single digit quarter-over-quarter. That our view is gonna be driven by the holidays and the customer decisions to reduce inventory as the",challenge/offline-data/analog-devices/call-transcripts/2023-08-23__adi-us-20230823-call-qna__40085.md,35
Analog Devices,ADI,2023-08-23,FY2023Q3,EARNINGS_CALL,call-qna,"1  | 10% | 1,  | 1  | 4.","Unknown speaker: For Q1 gross margins, my best sense now would be that we are likely to face a little more challenge on the utilization level as we bring inventory levels down. We have been very successful in activating our swing capacity. We're actually doing about 10% better on utilizations because we have swing than if we hadn't activated it. It's a, it's been a very powerful lever for us, and ",challenge/offline-data/analog-devices/call-transcripts/2023-08-23__adi-us-20230823-call-qna__40085.md,39
Analog Devices,ADI,2023-08-23,FY2023Q3,EARNINGS_CALL,call-qna,1 | 2 | 5,"Unknown speaker: You know, we think we'll see that, you know, that we expect to see CapEx somewhat recover in that space, to be able to catch up with the needs, for example, driven by the explosion in, in computing power that's required to handle the AI inflection here, for example. My sense is the wireline part will probably start its recovery in the 1st, 2nd quarter of the year. Wireless is a li",challenge/offline-data/analog-devices/call-transcripts/2023-08-23__adi-us-20230823-call-qna__40085.md,53
Analog Devices,ADI,2023-08-23,FY2023Q3,EARNINGS_CALL,call-qna,"700 million | 4.  | 2024  | 2023, ","Unknown speaker: Okay. Thank you. I just wanted to ask about OpEx into next year. It sounds like you're guiding it to about $700 million into Q4. How do I think about it next year into a revenue year that's likely to be down potentially reasonably materially? Like, how should we think about OpEx just year-over-year for fiscal 2024 versus 2023, or the drivers?",challenge/offline-data/analog-devices/call-transcripts/2023-08-23__adi-us-20230823-call-qna__40085.md,87
Analog Devices,ADI,2023-08-23,FY2023Q3,EARNINGS_CALL,call-qna,2024.  | 2024 ,"Unknown speaker: Yeah, I think, I think, Stacy, as we've always said, we, we run this business for the long term. We're gonna make the adjustments that are prudent to make on the discretionary side, adjusting the variable comp and where, where we can. The, the value of this company comes from its innovation, so I wouldn't expect meaningfully more attack on the spending into 2024. Remember that our",challenge/offline-data/analog-devices/call-transcripts/2023-08-23__adi-us-20230823-call-qna__40085.md,89
Analog Devices,ADI,2023-08-23,FY2023Q3,EARNINGS_CALL,call-qna,70% | 70% | 42% | -45%,"Unknown speaker: That's, that's not, that's not a crazy level to think about for the year. I think if, if you take a step back and look at kinda what we're trying to manage, which is our control, we talked about gross margins maintaining that 70% a trailing twelve-month basis. For the full year, I think we can do 70% gross margins, and our goal is to maintain our operating margins within our, our ",challenge/offline-data/analog-devices/call-transcripts/2023-08-23__adi-us-20230823-call-qna__40085.md,93
Analog Devices,ADI,2023-08-23,FY2023Q3,EARNINGS_CALL,call-qna,12  | 2,"Unknown speaker: Yeah. All right. Thanks, thank you for the question. Chris, I think, we're gonna see you in a couple of weeks in New York. On auto, just, just some, some context first. We've grown for 12 consecutive quarters year-over-year, and, including the fourth quarter, we're gonna be up again. We said in the prepared comments that the lead times and the confidence in supply is driving some ",challenge/offline-data/analog-devices/call-transcripts/2023-08-23__adi-us-20230823-call-qna__40085.md,105
Analog Devices,ADI,2023-08-23,FY2023Q3,STRUCTURED_RESULT,q3-10q,"10 | 29,  | 2022  | 2022 | 28,  | 2023 ","In the opinion of management, the information furnished in the accompanying condensed consolidated financial statements reflects all normal recurring adjustments that are necessary to fairly state the results for these interim periods and should be read in conjunction with Analog Devices, Inc.'s (the Company) Annual Report on Form 10-K for the fiscal year ended October 29, 2022 (fiscal 2022) and r",challenge/offline-data/analog-devices/filings/2023-08-23__adi-us-20230823-q3-10q__102684.md,453
Analog Devices,ADI,2023-08-23,FY2023Q3,STRUCTURED_RESULT,q3-10q,"29,  | 2023,  | 202.9 million | 14.1 billion | 29,  | 2023, ","As of July 29, 2023, the Company had repurchased a total of approximately 202.9 million shares of its common stock for approximately $14.1 billion under the Company's share repurchase program. As of July 29, 2023, an additional $2.6 billion remains available for repurchase of shares under the current authorized program. The Company also repurchases shares in settlement of employee tax withholding ",challenge/offline-data/analog-devices/filings/2023-08-23__adi-us-20230823-q3-10q__102684.md,459
Analog Devices,ADI,2023-08-23,FY2023Q3,STRUCTURED_RESULT,q3-10q,"2 | 10 | 2022,  | 22,  | 2022, ","In addition to the methods and assumptions used by the Company in estimating its fair value disclosure for financial instruments disclosed in Note 2j, Summary of Significant Accounting Policies, in the Company's Annual Report on Form 10-K for fiscal 2022, which was filed with the Securities and Exchange Commission on November 22, 2022, the following methods and assumptions were used by the Company",challenge/offline-data/analog-devices/filings/2023-08-23__adi-us-20230823-q3-10q__102684.md,642
Analog Devices,ADI,2023-08-23,FY2023Q3,STRUCTURED_RESULT,q3-10q,"2021,  | 2021 | -08,  | 805 | 805 | -20","In October 2021, the Financial Accounting Standards Board issued Accounting Standards Update (ASU) No. 2021-08, Business Combinations (Topic 805): Accounting for Acquired Contract Assets and Contract Liabilities. Under the new guidance (ASC 805-20-3028), the acquirer should determine what contract assets and/or contract liabilities it would have recorded under ASC 606 (the revenue guidance) as of ",challenge/offline-data/analog-devices/filings/2023-08-23__adi-us-20230823-q3-10q__102684.md,750
Analog Devices,ADI,2023-08-23,FY2023Q3,STRUCTURED_RESULT,q3-10q,"22,  | 2023,  | 0.86  | 14,  | 2023  | 5, ","On August 22, 2023, the Board of Directors of the Company declared a cash dividend of $0.86 per outstanding share of common stock. The dividend will be paid on September 14, 2023 to all shareholders of record at the close of business on September 5, 2023 and is expected to total approximately $428.6 million.",challenge/offline-data/analog-devices/filings/2023-08-23__adi-us-20230823-q3-10q__102684.md,756
Analog Devices,ADI,2023-08-23,FY2023Q3,STRUCTURED_RESULT,q3-10q,10 | 1995  | 1933  | 1934. ,"This Quarterly Report on Form 10-Q, including the following discussion, contains forward-looking statements regarding future events and our future results that are subject to the safe harbor created under the Private Securities Litigation Reform Act of 1995 and other safe harbors under the Securities Act of 1933 and the Securities Exchange Act of 1934. All statements other than statements of histo",challenge/offline-data/analog-devices/filings/2023-08-23__adi-us-20230823-q3-10q__102684.md,764
Analog Devices,ADI,2023-08-23,FY2023Q3,STRUCTURED_RESULT,q3-10q,1 | 10 | 2022  | 1 | 10,"The following important factors and uncertainties, among others, could cause results to differ materially from those described in the forward-looking statements: political and economic uncertainty, including any faltering in global economic conditions or the stability of credit and financial markets; erosion of consumer confidence and declines in customer spending or cancellations of orders for ou",challenge/offline-data/analog-devices/filings/2023-08-23__adi-us-20230823-q3-10q__102684.md,766
Analog Devices,ADI,2023-08-23,FY2023Q3,STRUCTURED_RESULT,q3-10q,"29,  | 2023,  | 1,149.2 million | 253.9 million","At July 29, 2023, our principal source of liquidity was $1,149.2 million of cash and cash equivalents, of which approximately $253.9 million was held in the United States, and the balance of our cash and cash equivalents was held outside the United States in various foreign subsidiaries. We manage our worldwide cash requirements by, among other things, reviewing available funds held by our foreign",challenge/offline-data/analog-devices/filings/2023-08-23__adi-us-20230823-q3-10q__102684.md,966
Analog Devices,ADI,2023-08-23,FY2023Q3,STRUCTURED_RESULT,q3-10q,"16.7 billion | 29,  | 2023,  | 2.6 billion","In the aggregate, our Board of Directors has authorized us to repurchase $16.7 billion of our common stock under our common stock repurchase program. Unless terminated earlier by resolution of our Board of Directors, the repurchase program will expire when we have repurchased all shares authorized under the program. As of July 29, 2023, an additional $2.6 billion remains available for repurchase u",challenge/offline-data/analog-devices/filings/2023-08-23__adi-us-20230823-q3-10q__102684.md,1050
Analog Devices,ADI,2023-08-23,FY2023Q3,STRUCTURED_RESULT,q3-10q,785.1 million | 2023.  | 2023  | 7% | 9%,"Net additions to property, plant and equipment were $785.1 million in the first nine months of fiscal 2023. We expect capital expenditures for fiscal 2023 to be between approximately 7% to 9% of revenue, which is above our historical levels primarily due to our plans to expand internal manufacturing capacity. These capital expenditures will be funded with a combination of cash on hand and cash exp",challenge/offline-data/analog-devices/filings/2023-08-23__adi-us-20230823-q3-10q__102684.md,1054
Analog Devices,ADI,2023-08-23,FY2023Q3,STRUCTURED_RESULT,q3-10q,"22,  | 2023,  | 0.86  | 14,  | 2023  | 5, ","On August 22, 2023, our Board of Directors declared a cash dividend of $0.86 per outstanding share of common stock. The dividend will be paid on September 14, 2023 to all shareholders of record at the close of business on September 5, 2023 and is expected to total approximately $428.6 million. We currently expect quarterly dividends to continue in future periods. The payment of any future quarterl",challenge/offline-data/analog-devices/filings/2023-08-23__adi-us-20230823-q3-10q__102684.md,1058
Analog Devices,ADI,2023-08-23,FY2023Q3,STRUCTURED_RESULT,q3-8k,4.0,"Roche continued, 'Our tremendous optimism in ADI's long-term outlook is undiminished. In this rapidly digitalizing world, our portfolio is aligned to an unprecedented number of secular trends, including Industry 4.0, Electrification, Digital Healthcare, Immersive Consumer, and Advanced Connectivity. These trends, coupled with our cutting-edge solutions, will enable ADI to empower the next waves of",challenge/offline-data/analog-devices/filings/2023-08-23__adi-us-20230823-q3-8k-2__488074.md,48
Analog Devices,ADI,2023-08-23,FY2023Q3,STRUCTURED_RESULT,q3-8k,2023,## Outlook for the Fourth Quarter of Fiscal Year 2023,challenge/offline-data/analog-devices/filings/2023-08-23__adi-us-20230823-q3-8k-2__488074.md,92
Analog Devices,ADI,2023-08-23,FY2023Q3,STRUCTURED_RESULT,q3-8k,"2023,  | 2.70 billion | 100 million | 26.8% | -130 bps | 44.0%","For the fourth quarter of fiscal 2023, we are forecasting revenue of $2.70 billion, +/- $100 million.  At the midpoint of this revenue outlook, we expect reported operating margin of approximately 26.8%, +/-130 bps, and adjusted operating margin of approximately 44.0%, +/-70 bps. We are planning for reported EPS to be $1.19, +/-$0.10, and adjusted EPS to be $2.00, +/-$0.10.",challenge/offline-data/analog-devices/filings/2023-08-23__adi-us-20230823-q3-8k-2__488074.md,94
Analog Devices,ADI,2023-08-23,FY2023Q3,STRUCTURED_RESULT,q3-8k,2023 ,"Our fourth quarter fiscal 2023 outlook is based on current expectations and actual results may differ materially, as a result of, among other things, the important factors discussed at the end of this release. These statements supersede all prior statements regarding our business outlook set forth in prior ADI news releases, and ADI disclaims any obligation to update these forward-looking statemen",challenge/offline-data/analog-devices/filings/2023-08-23__adi-us-20230823-q3-8k-2__488074.md,96
Analog Devices,ADI,2023-08-23,FY2023Q3,STRUCTURED_RESULT,q3-8k,2023  | 10 | 00 ,"ADI will host a conference call to discuss our third quarter fiscal 2023 results and short-term outlook today, beginning at 10:00 am ET. Investors may join via webcast, accessible at investor.analog.com.",challenge/offline-data/analog-devices/filings/2023-08-23__adi-us-20230823-q3-8k-2__488074.md,106
Analog Devices,ADI,2023-08-23,FY2023Q3,STRUCTURED_RESULT,q3-8k,10,"This press release contains forward-looking statements, which address a variety of subjects including, for example, our statements regarding financial performance; economic uncertainty, business cycles, and demand and supply chains; capital expenditures; expected revenue, operating margin, tax rate, earnings per share, and other financial results; expected market trends and acceleration of those t",challenge/offline-data/analog-devices/filings/2023-08-23__adi-us-20230823-q3-8k-2__488074.md,148
Analog Devices,ADI,2023-08-23,FY2023Q3,STRUCTURED_RESULT,q3-8k,2023 ,# Fiscal 2023 Fourth Quarter and Full Year Financial Results,challenge/offline-data/analog-devices/filings/2023-08-23__adi-us-20230823-q3-8k__102685.md,12
Analog Devices,ADI,2023-08-23,FY2023Q3,STRUCTURED_RESULT,q3-8k,2023 ,"Electromed, Inc. Announces Fiscal 2023 Fourth Quarter and Full Year Financial Results",challenge/offline-data/analog-devices/filings/2023-08-23__adi-us-20230823-q3-8k__102685.md,15
Analog Devices,ADI,2023-08-23,FY2023Q3,STRUCTURED_RESULT,q3-8k,21% | 15%,-- Fourth Quarter Revenue Increased 21% Year-Over-Year; Full Year Revenue Increased 15% --,challenge/offline-data/analog-devices/filings/2023-08-23__adi-us-20230823-q3-8k__102685.md,19
Analog Devices,ADI,2023-08-23,FY2023Q3,STRUCTURED_RESULT,q3-8k,4  | 2023,"innovative airway clearance technologies, today announced financial results for the three months (""Q4 FY 2023"") and full year (""FY",challenge/offline-data/analog-devices/filings/2023-08-23__adi-us-20230823-q3-8k__102685.md,22
Analog Devices,ADI,2023-08-23,FY2023Q3,STRUCTURED_RESULT,q3-8k,2023 ,"## Electromed, Inc. Announces Fiscal 2023 Fourth Quarter and Full Year Financial Results",challenge/offline-data/analog-devices/filings/2023-08-23__adi-us-20230823-q3-8k__102685.md,61
Analog Devices,ADI,2023-08-23,FY2023Q3,STRUCTURED_RESULT,q3-8k,21% | 15%,-- Fourth Quarter Revenue Increased 21% Year-Over-Year; Full Year Revenue Increased 15% --,challenge/offline-data/analog-devices/filings/2023-08-23__adi-us-20230823-q3-8k__102685.md,65
Analog Devices,ADI,2023-08-23,FY2023Q3,STRUCTURED_RESULT,q3-8k,"4  | 2023 | 2023 | 30,  | 2023.","NEW PRAGUE, Minn.--(BUSINESS WIRE)-- Electromed, Inc. ('Electromed' or the 'Company') (NYSE American: ELMD), a leader in innovative airway clearance technologies, today announced financial results for the three months ('Q4 FY 2023') and full year ('FY 2023') ended June 30, 2023.",challenge/offline-data/analog-devices/filings/2023-08-23__adi-us-20230823-q3-8k__102685.md,67
Analog Devices,ADI,2023-08-23,FY2023Q3,STRUCTURED_RESULT,q3-8k,"30,  | 2023  | 2023 | 20.8% | 13.6 million | 11.3 million","Net revenue in the fourth quarter of the Company's fiscal year ending June 30, 2023 ('fiscal 2023') increased 20.8% to $13.6 million, from $11.3 million in the fourth quarter of the Company's fiscal year ended June 30, 2022 ('fiscal 2022'), primarily driven by 22.8% growth in the home care business which benefitted from an increase in direct sales representatives, increased sales representative pr",challenge/offline-data/analog-devices/filings/2023-08-23__adi-us-20230823-q3-8k__102685.md,92
Analog Devices,ADI,2023-08-23,FY2023Q3,STRUCTURED_RESULT,q3-8k,48.1 million | 5.9 million | 15.6% | 44.0 million | 2023  | 2022. ,"Net revenue for the full year was $48.1 million led by Homecare revenue which increased by $5.9 million or 15.6%, to $44.0 million in fiscal 2023 compared to fiscal 2022. The revenue increase compared to fiscal 2022 was primarily due to increases in referrals and approvals. The increase in referrals was primarily due to an increase in direct sales representatives, increased sales representative pr",challenge/offline-data/analog-devices/filings/2023-08-23__adi-us-20230823-q3-8k__102685.md,104
Analog Devices,ADI,2023-08-23,FY2023Q3,STRUCTURED_RESULT,q3-8k,"-19  | 4  | 11,  | 2023.","The CMS waiver benefited the non-commercial Medicare portion of our home care revenue by increasing the number of referrals and the approval percentage for previously non-covered diagnoses. We believe that our ongoing sales team execution, along with the expected return to pre-COVID-19 levels of patient face-to-face engagement with physicians and clinic access for our sales team mitigated the Q4 h",challenge/offline-data/analog-devices/filings/2023-08-23__adi-us-20230823-q3-8k__102685.md,108
Analog Devices,ADI,2023-08-23,FY2023Q3,STRUCTURED_RESULT,q3-8k,2023  | 3.2 million | 0.36  | 2.3 million | 0.26  | 2022. ,"Net income for fiscal 2023 was $3.2 million, or $0.36 per diluted share, compared to net income of $2.3 million, or $0.26 per diluted share, in fiscal 2022. The increase in current year net income was primarily due to stronger home care and distributor revenue growth.",challenge/offline-data/analog-devices/filings/2023-08-23__adi-us-20230823-q3-8k__102685.md,122
Analog Devices,ADI,2023-08-23,FY2023Q3,STRUCTURED_RESULT,q3-8k,1995.  | -19  | 10 | 10 | 8,"Certain statements in this press release constitute forward-looking statements as defined in the U.S. Private Securities Litigation Reform Act of 1995. Forward-looking statements can generally be identified by words such as 'anticipate,' 'believe,' 'estimate,' 'expect,' 'intend,' 'may,' 'plan' 'potential,' 'should,' 'will,' and similar expressions, including the negative of these terms, but they a",challenge/offline-data/analog-devices/filings/2023-08-23__adi-us-20230823-q3-8k__102685.md,142
Analog Devices,ADI,2023-06-22,FY2023Q2,EARNINGS_CALL,call-pres,5% | 20 ,"Unknown speaker: Many cases, it's in-line instruments that will be deployed to make sure that the uniformity of coding is better. It's a mission-critical instrument that will be deployed. This is targeting as much as a 5% yield loss, so you can imagine how much that's worth to the end customer. Secondly, battery formation. You know, we have already got a very strong technology deployed in Automoti",challenge/offline-data/analog-devices/call-transcripts/2023-06-22__adi-us-20230622-call-pres-3__686405.md,51
Analog Devices,ADI,2023-06-22,FY2023Q2,EARNINGS_CALL,call-pres,1.4 billion | 25% | 3 | -5 ,"Unknown speaker: Perfect. Well, we'll now dive into the Q&A. I have several questions lined up for you. That was just a great presentation. Back at your Analyst Day in April of last year, you know, you talked about, the team talked about factory automation revenue at about $1.4 billion sort of annualized run rate, about 25% of your Industrial business at that time. Can you just give us an update s",challenge/offline-data/analog-devices/call-transcripts/2023-06-22__adi-us-20230622-call-pres-3__686405.md,113
Analog Devices,ADI,2023-06-22,FY2023Q2,EARNINGS_CALL,call-pres,25%,"Unknown speaker: Perfect. Near to midterm, you know, we are in the midst of a down cycle, but your Industrial franchise has performed extremely well, right over sort of trailing four quarters. Your business franchise is up 25% year-over-year on a pro forma basis, that's including Maxim. Looks like the team is on track to sustain sort of a flattish revenue profile in your Industrial business this y",challenge/offline-data/analog-devices/call-transcripts/2023-06-22__adi-us-20230622-call-pres-3__686405.md,337
Analog Devices,ADI,2023-05-24,FY2023Q2,EARNINGS_CALL,call-pres,2023. ,"Unknown speaker: This is most pronounced in Asia, while North America and Europe demand is moderating, but at a more measured pace. We expect this normalization of revenue will persist through the second half of 2023. Importantly, given our customer conversations and proactive decisions to improve lead times and right-size our backlog, we're in a position to deliver on our goal of delivering a sof",challenge/offline-data/analog-devices/call-transcripts/2023-05-24__adi-us-20230524-call-pres__40022.md,21
Analog Devices,ADI,2023-05-24,FY2023Q2,EARNINGS_CALL,call-pres,3.26 billion | 13 | 10% | 53% | 3% | 16%,"Unknown speaker: Record revenue of $3.26 billion exceeded the midpoint of guidance and represented ADI's 13th consecutive quarter of sequential growth. On a year-over-year basis, we grew 10%, led once again by all-time highs in industrial and automotive. Breaking it down by market, industrial, our most diverse and profitable business, represented 53% of revenue and finished up 3% sequentially. Yea",challenge/offline-data/analog-devices/call-transcripts/2023-05-24__adi-us-20230524-call-pres__40022.md,41
Analog Devices,ADI,2023-05-24,FY2023Q2,EARNINGS_CALL,call-pres,"2.83 | 18% | 1.2 billion | 0.8 | 168,  | 284 million","Unknown speaker: All told, EPS came in at $2.83, up an impressive 18% year-over-year. Moving to the balance sheet. We ended the quarter with approximately $1.2 billion of cash and a net leverage ratio of 0.8. We've discussed many times our decision to hold more finished goods inventory versus restocking the channel. Our days of inventory increased to 168, and channel inventory weeks were basically",challenge/offline-data/analog-devices/call-transcripts/2023-05-24__adi-us-20230524-call-pres__40022.md,45
Analog Devices,ADI,2023-05-24,FY2023Q2,EARNINGS_CALL,call-pres,"2023,  | 12  | 4 billion | 31%","Unknown speaker: As a reminder, we outlined at our Investor Day that we expect CapEx to be high single digits as a percentage of sales in 2023, and then decline in subsequent years to our longer-term target of mid-single digits. These investments will support our long-term growth plans and enable strategic swing capacity between our fabs and our foundry partners. The flexibility of our hybrid mode",challenge/offline-data/analog-devices/call-transcripts/2023-05-24__adi-us-20230524-call-pres__40022.md,47
Analog Devices,ADI,2023-05-24,FY2023Q2,EARNINGS_CALL,call-pres,5.1 billion | 1.6 billion | 100% | 70% | 13 ,"Unknown speaker: We've returned $5.1 billion to shareholders, three and a half in buybacks and $1.6 billion via dividends. We remain committed to our shareholder-friendly policy of returning 100% of free cash flow over the long term. Now, before moving to the outlook, I do want to provide some additional details on the evolving business conditions. As Vince shared in his remarks, customers are adj",challenge/offline-data/analog-devices/call-transcripts/2023-05-24__adi-us-20230524-call-pres__40022.md,49
Analog Devices,ADI,2023-05-24,FY2023Q2,EARNINGS_CALL,call-pres,2 | 3.1 billion | 100 million | 10% | 48.5% | 70 ,"Unknown speaker: As a result, total backlog continues to decline, but at just under a year of revenue, it's still 2x regular levels. Lastly, after a strong start to the second quarter, demand quickly deteriorated in Asia, impacting channel sell-through. As a result, we plan to reduce channel inventory in this region. In the third quarter, we are planning for sell-in to be below sell-through for th",challenge/offline-data/analog-devices/call-transcripts/2023-05-24__adi-us-20230524-call-pres__40022.md,51
Analog Devices,ADI,2023-05-24,FY2023Q2,EARNINGS_CALL,call-pres,11% | 13% | 2.52  | 0.10,"Unknown speaker: The decline in op margin relates to our annual merit increases, changing product mix, and a reduction of manufacturing utilizations given the softer environment. Our tax rate, again, between 11% and 13%. Based on these inputs, adjusted EPS is expected to be $2.52 +-$0.10. While the near-term operating environment is a difficult one, our diversification and exposure to key secular ",challenge/offline-data/analog-devices/call-transcripts/2023-05-24__adi-us-20230524-call-pres__40022.md,53
Analog Devices,ADI,2023-05-24,FY2023Q2,EARNINGS_CALL,call-qna,50 ,"Unknown speaker: Yes. Thank you. Thank you, Vivek. It's been a pleasure to work with you, and we still have a few quarters together. Everyone is focused on the quarter-over-quarter. Before I get to your answer, I do wanna take a step back and look at the year-over-year because I do think that tells the story of share gains and the increasing content per dollar of CapEx, which is what we believe de",challenge/offline-data/analog-devices/call-transcripts/2023-05-24__adi-us-20230524-call-qna__40039.md,17
Analog Devices,ADI,2023-05-24,FY2023Q2,EARNINGS_CALL,call-qna,48.5% | 4 | 3,"Unknown speaker: To just give a little context, in the outlook we gave, we talk about 48.5% operating margins. That assumes gross margins come down from where they are today. That's mix, and also it is utilizations, Prashanth mentioned. OpEx goes up a little bit in the third quarter based on merit increase, offset some by the variable compensation. That's how, kind of the math around that. As you ",challenge/offline-data/analog-devices/call-transcripts/2023-05-24__adi-us-20230524-call-qna__40039.md,35
Analog Devices,ADI,2023-05-24,FY2023Q2,EARNINGS_CALL,call-qna,4 | 4 | 1,"Unknown speaker: Yeah, I'll go to the first part, Ross. I mean, I gave a little bit of comments around kind of what I thought would be 4Q our fiscal 4Q and fiscal 1Q outlook based on kind of normalization. You can kind of take from that and parse that with your question about is it fiscal second half or calendar second half and put it along that. It's both. With that, I'll pass it to Vince on the ",challenge/offline-data/analog-devices/call-transcripts/2023-05-24__adi-us-20230524-call-qna__40039.md,115
Analog Devices,ADI,2023-05-24,FY2023Q2,EARNINGS_CALL,call-qna,10 ,"Unknown speaker: I'll take it. All right. Yeah. Look, we've grown 10 quarters in a row, and the growth was for the last quarter was very broad-based, again, across all applications. As we think about the outlook, we are beginning to see some softening, though, the underlying content growth continue and our top line should still prove to be a strong multiple of SAAR. There is some decline that rela",challenge/offline-data/analog-devices/call-transcripts/2023-05-24__adi-us-20230524-call-qna__40039.md,117
Analog Devices,ADI,2023-05-24,FY2023Q2,STRUCTURED_RESULT,q2-10q,"10 | 29,  | 2022  | 2022 | 28,  | 2023 ","In the opinion of management, the information furnished in the accompanying condensed consolidated financial statements reflects all normal recurring adjustments that are necessary to fairly state the results for these interim periods and should be read in conjunction with Analog Devices, Inc.'s (the Company) Annual Report on Form 10-K for the fiscal year ended October 29, 2022 (fiscal 2022) and r",challenge/offline-data/analog-devices/filings/2023-05-24__adi-us-20230524-q2-10q__102647.md,446
Analog Devices,ADI,2023-05-24,FY2023Q2,STRUCTURED_RESULT,q2-10q,"29,  | 2023,  | 199.3 million | 13.4 billion | 29,  | 2023, ","As of April 29, 2023, the Company had repurchased a total of approximately 199.3 million shares of its common stock for approximately $13.4 billion under the Company's share repurchase program. As of April 29, 2023, an additional $3.2 billion remains available for repurchase of shares under the current authorized program. The Company also repurchases shares in settlement of employee tax withholdin",challenge/offline-data/analog-devices/filings/2023-05-24__adi-us-20230524-q2-10q__102647.md,452
Analog Devices,ADI,2023-05-24,FY2023Q2,STRUCTURED_RESULT,q2-10q,"2 | 10 | 2022,  | 22,  | 2022, ","In addition to the methods and assumptions used by the Company in estimating its fair value disclosure for financial instruments disclosed in Note 2j, Summary of Significant Accounting Policies, in the Company's Annual Report on Form 10-K for fiscal 2022, which was filed with the Securities and Exchange Commission on November 22, 2022, the following methods and assumptions were used by the Company",challenge/offline-data/analog-devices/filings/2023-05-24__adi-us-20230524-q2-10q__102647.md,621
Analog Devices,ADI,2023-05-24,FY2023Q2,STRUCTURED_RESULT,q2-10q,"2021,  | 2021 | -08,  | 805 | 805 | -20","In October 2021, the Financial Accounting Standards Board issued Accounting Standards Update (ASU) No. 2021-08, Business Combinations (Topic 805): Accounting for Acquired Contract Assets and Contract Liabilities. Under the new guidance (ASC 805-20-3028), the acquirer should determine what contract assets and/or contract liabilities it would have recorded under ASC 606 (the revenue guidance) as of ",challenge/offline-data/analog-devices/filings/2023-05-24__adi-us-20230524-q2-10q__102647.md,721
Analog Devices,ADI,2023-05-24,FY2023Q2,STRUCTURED_RESULT,q2-10q,"23,  | 2023,  | 0.86  | 14,  | 2023  | 5, ","On May 23, 2023, the Board of Directors of the Company declared a cash dividend of $0.86 per outstanding share of common stock. The dividend will be paid on June 14, 2023 to all shareholders of record at the close of business on June 5, 2023 and is expected to total approximately $431.2 million.",challenge/offline-data/analog-devices/filings/2023-05-24__adi-us-20230524-q2-10q__102647.md,725
Analog Devices,ADI,2023-05-24,FY2023Q2,STRUCTURED_RESULT,q2-10q,10 | 1995  | 1933  | 1934.  | 1 | 10,"This Quarterly Report on Form 10-Q, including the following discussion, contains forward-looking statements regarding future events and our future results that are subject to the safe harbor created under the Private Securities Litigation Reform Act of 1995 and other safe harbors under the Securities Act of 1933 and the Securities Exchange Act of 1934. All statements other than statements of histo",challenge/offline-data/analog-devices/filings/2023-05-24__adi-us-20230524-q2-10q__102647.md,733
Analog Devices,ADI,2023-05-24,FY2023Q2,STRUCTURED_RESULT,q2-10q,"29,  | 2023,  | 1,177.6 million | 339.4 million","At April 29, 2023, our principal source of liquidity was $1,177.6 million of cash and cash equivalents, of which approximately $339.4 million was held in the United States, and the balance of our cash and cash equivalents was held outside the United States in various foreign subsidiaries. We manage our worldwide cash requirements by, among other things, reviewing available funds held by our foreig",challenge/offline-data/analog-devices/filings/2023-05-24__adi-us-20230524-q2-10q__102647.md,927
Analog Devices,ADI,2023-05-24,FY2023Q2,STRUCTURED_RESULT,q2-10q,"16.7 billion | 29,  | 2023,  | 3.2 billion","In the aggregate, our Board of Directors has authorized us to repurchase $16.7 billion of our common stock under our common stock repurchase program. Unless terminated earlier by resolution of our Board of Directors, the repurchase program will expire when we have repurchased all shares authorized under the program. As of April 29, 2023, an additional $3.2 billion remains available for repurchase ",challenge/offline-data/analog-devices/filings/2023-05-24__adi-us-20230524-q2-10q__102647.md,1007
Analog Devices,ADI,2023-05-24,FY2023Q2,STRUCTURED_RESULT,q2-10q,460.5 million | 2023.  | 2023  | 7% | 9%,"Net additions to property, plant and equipment were $460.5 million in the first six months of fiscal 2023. We expect capital expenditures for fiscal 2023 to be between approximately 7% to 9% of revenue, which is above our historical levels primarily due to our plans to expand internal manufacturing capacity. These capital expenditures will be funded with a combination of cash on hand and cash expe",challenge/offline-data/analog-devices/filings/2023-05-24__adi-us-20230524-q2-10q__102647.md,1011
Analog Devices,ADI,2023-05-24,FY2023Q2,STRUCTURED_RESULT,q2-10q,"23,  | 2023,  | 0.86  | 14,  | 2023  | 5, ","On May 23, 2023, our Board of Directors declared a cash dividend of $0.86 per outstanding share of common stock. The dividend will be paid on June 14, 2023 to all shareholders of record at the close of business on June 5, 2023 and is expected to total approximately $431.2 million. We currently expect quarterly dividends to continue in future periods. The payment of any future quarterly dividends, ",challenge/offline-data/analog-devices/filings/2023-05-24__adi-us-20230524-q2-10q__102647.md,1015
Analog Devices,ADI,2023-05-24,FY2023Q2,STRUCTURED_RESULT,q2-8k,2023,## Outlook for the Third Quarter of Fiscal Year 2023,challenge/offline-data/analog-devices/filings/2023-05-24__adi-us-20230524-q2-8k__102668.md,117
Analog Devices,ADI,2023-05-24,FY2023Q2,STRUCTURED_RESULT,q2-8k,"2023,  | 3.10 billion | 100 million | 31.9% | -130 bps | 48.5%","For the third quarter of fiscal 2023, we are forecasting revenue of $3.10 billion, +/- $100 million. At the midpoint of this revenue outlook, we expect reported operating margin of approximately 31.9%, +/-130 bps, and adjusted operating margin of approximately 48.5%, +/-70 bps. We are planning for reported EPS to be $1.64, +/-$0.12, and adjusted EPS to be $2.52, +/-$0.10.",challenge/offline-data/analog-devices/filings/2023-05-24__adi-us-20230524-q2-8k__102668.md,119
Analog Devices,ADI,2023-05-24,FY2023Q2,STRUCTURED_RESULT,q2-8k,2023 ,"Our third quarter fiscal 2023 outlook is based on current expectations and actual results may differ materially, as a result of, among other things, the important factors discussed at the end of this release. These statements supersede all prior statements regarding our business outlook set forth in prior ADI news releases, and ADI disclaims any obligation to update these forward-looking statement",challenge/offline-data/analog-devices/filings/2023-05-24__adi-us-20230524-q2-8k__102668.md,121
Analog Devices,ADI,2023-05-24,FY2023Q2,STRUCTURED_RESULT,q2-8k,2023  | 10 | 00 ,"ADI will host a conference call to discuss our second quarter fiscal 2023 results and short-term outlook today, beginning at 10:00 am ET. Investors may join via webcast, accessible at investor.analog.com.",challenge/offline-data/analog-devices/filings/2023-05-24__adi-us-20230524-q2-8k__102668.md,133
Analog Devices,ADI,2023-05-24,FY2023Q2,STRUCTURED_RESULT,q2-8k,-19  | 10,"This press release contains forward-looking statements, which address a variety of subjects including, for example, our statements regarding financial performance; economic uncertainty, business cycles, and demand and supply chains; capital expenditures; expected revenue, operating margin, earnings per share, and other financial results; expected market trends and acceleration of those trends, mar",challenge/offline-data/analog-devices/filings/2023-05-24__adi-us-20230524-q2-8k__102668.md,175
Analog Devices,ADI,2023-02-15,FY2023Q1,EARNINGS_CALL,call-pres,1  | 1  | 2 | 89% | 25% | 2%,"Unknown speaker: Thank you, Vince. Let me add my welcome to our Q1 earnings call. My comments today, with the exception of revenue, will be on an adjusted basis, which excludes special items outlined in today's press release. Q1 revenue of three and a quarter billion finished at the high end of our outlook, driven by continued share gains in Industrial and Automotive. Our B2B markets represented 8",challenge/offline-data/analog-devices/call-transcripts/2023-02-15__adi-us-20230215-call-pres__40044.md,33
Analog Devices,ADI,2023-02-15,FY2023Q1,EARNINGS_CALL,call-pres,22% | 29% | 6% | 15% | 18% | 5,"Unknown speaker: Automotive, which represented 22% of revenue, also achieved another record, increasing 29% quarter-over-quarter and 6% sequentially. All applications grew double digits quarter-over-quarter as our market leading positions across battery management and in-cabin connectivity continued to deliver significant growth. Communications, which represented 15% of revenue, grew 18% quarter-o",challenge/offline-data/analog-devices/call-transcripts/2023-02-15__adi-us-20230215-call-pres__40044.md,35
Analog Devices,ADI,2023-02-15,FY2023Q1,EARNINGS_CALL,call-pres,"176 million | 764 million | 12  | 6% | 2023, ","Unknown speaker: Recall last quarter we outlined our strategy to rebuild strategic die bank and hold more finished goods inventory on our balance sheet as we moderate shipment into the channel during this time of inflection. Moving on to cash flow, CapEx for the quarter was $176 million and $764 million over the trailing 12 months, representing 6% of revenue. We continue to expect CapEx to be high",challenge/offline-data/analog-devices/call-transcripts/2023-02-15__adi-us-20230215-call-pres__40044.md,41
Analog Devices,ADI,2023-02-15,FY2023Q1,EARNINGS_CALL,call-pres,13  | 1 ,"Unknown speaker: Similar to prior quarters, I'd like to give a brief update on the operating backdrop. On markets. Industrial orders, as Vince highlighted, remain the strongest, followed by automotive, while comms and consumer remain weak. Given the rapidly changing environment, we are diligently working with our customers to remove orders that they may no longer require. At the same time, we have",challenge/offline-data/analog-devices/call-transcripts/2023-02-15__adi-us-20230215-call-pres__40044.md,45
Analog Devices,ADI,2023-02-15,FY2023Q1,EARNINGS_CALL,call-pres,2  | 3.2 billion | 100 million | 2 | 10% | 51%,"Unknown speaker: Given these dynamics, we are guiding Q2 revenue to be $3.2 billion +- $100 million. We expect continued sequential growth in our industrial and automotive markets and another sequential decline in our communications and consumer markets. At the midpoint of our outlook, revenue will be up high single digits quarter-over-quarter, with our B2B markets up over 10% once again. Operatin",challenge/offline-data/analog-devices/call-transcripts/2023-02-15__adi-us-20230215-call-pres__40044.md,47
Analog Devices,ADI,2023-02-15,FY2023Q1,EARNINGS_CALL,call-pres,2.75  | 0.10 | 75%,"Unknown speaker: Based on these inputs, adjusted EPS is expected to be $2.75 +-$0.10. In all, the macro backdrop remains uncertain. We remain cautiously optimistic on the near term, given the resilient strength across our industrial and auto businesses, which represent over 75% of our revenue. Longer term, we remain well positioned to drive growth enabled by our diverse high-performance portfolio ",challenge/offline-data/analog-devices/call-transcripts/2023-02-15__adi-us-20230215-call-pres__40044.md,49
Analog Devices,ADI,2023-02-15,FY2023Q1,EARNINGS_CALL,call-qna,1. ,"Unknown speaker: Okay. Yes. Vivek, let me maybe take a walk through cancellations, backlog, lead times to help answer that. I do wanna clarify, you said on book-to-bill. Our book-to-bill is sub one. I thought I heard you say it was 1. Our book-to-bill is sub one. We told you that was happening a couple months ago, and I'd expect that to carry for another quarter or two as we get through this backl",challenge/offline-data/analog-devices/call-transcripts/2023-02-15__adi-us-20230215-call-qna__40062.md,33
Analog Devices,ADI,2023-02-15,FY2023Q1,EARNINGS_CALL,call-qna,"2  | 75% | 2, ","Unknown speaker: Let's see. I don't wanna, I don't wanna go out too far, but I'll just give you a couple comments here, and if Vince wants to make any long-term comments. We feel good about the out-outlook for the Q2 given the resiliency in auto and industrial. As I said, 75% of our sales come from those two segments, and we still have a year's worth of backlog. Beyond the Q2, it's hard on the one",challenge/offline-data/analog-devices/call-transcripts/2023-02-15__adi-us-20230215-call-qna__40062.md,41
Analog Devices,ADI,2023-02-15,FY2023Q1,EARNINGS_CALL,call-qna,1 billion,"Unknown speaker: Yes, thank you, and congratulations on the results. On Maxim, now that we're sort of moving from the cost synergies to the revenue synergies, are there any particular areas that we should keep an eye on there, whether end markets or product categories, where you expect to see that $1 billion in synergies?",challenge/offline-data/analog-devices/call-transcripts/2023-02-15__adi-us-20230215-call-qna__40062.md,57
Analog Devices,ADI,2023-02-15,FY2023Q1,EARNINGS_CALL,call-qna,13  | 3 ,"Unknown speaker: Hey, thanks, guys. Just a little more clarification on the lead times and the shortages. You mentioned that half of the portfolio has lead times of less than 13 weeks right now. Can you talk about what that was 3 months ago? When would you expect the lead times to, I guess, quote-unquote, ""largely,"" normalized and, you know, with a couple of flat quarters, and, you know, it seems ",challenge/offline-data/analog-devices/call-transcripts/2023-02-15__adi-us-20230215-call-qna__40062.md,71
Analog Devices,ADI,2023-02-15,FY2023Q1,EARNINGS_CALL,call-qna,13  | 13,"Unknown speaker: Hi, guys. Thanks for taking my question. maybe it's a dumb question, but I'm having a little bit of trouble squaring, you know, the majority of the portfolio getting to be, you know, within 13 weekly times together with a year's worth of backlog. How do I square those two things? It feels like the backlog should be shorter if the lead times are actually, like, getting back to norm",challenge/offline-data/analog-devices/call-transcripts/2023-02-15__adi-us-20230215-call-qna__40062.md,83
Analog Devices,ADI,2023-02-15,FY2023Q1,EARNINGS_CALL,call-qna,20% | 2023.  | 7% | -10%,"Unknown speaker: Ambrish, Krishank, maybe just two things to add. First, our long-term growth model is built on all of our segments. Industrial certainly is an important, very important part of it, but we look for all of our operating segments to be able to contribute to that. We've had two consecutive record years with greater than 20% growth. You know, with the numbers that we've shared today, w",challenge/offline-data/analog-devices/call-transcripts/2023-02-15__adi-us-20230215-call-qna__40062.md,125
Analog Devices,ADI,2023-02-15,FY2023Q1,EARNINGS_CALL,call-qna,2  | 3,"Unknown speaker: Out there. You know, we're, for the year, I expect us to kinda be 2 to 3x, wherever that lands.",challenge/offline-data/analog-devices/call-transcripts/2023-02-15__adi-us-20230215-call-qna__40062.md,165
Analog Devices,ADI,2023-02-15,FY2023Q1,STRUCTURED_RESULT,q1-10q,"10 | 29,  | 2022  | 2022 | 28,  | 2023 ","In the opinion of management, the information furnished in the accompanying condensed consolidated financial statements reflects all normal recurring adjustments that are necessary to fairly state the results for these interim periods and should be read in conjunction with Analog Devices, Inc.'s (the Company) Annual Report on Form 10-K for the fiscal year ended October 29, 2022 (fiscal 2022) and r",challenge/offline-data/analog-devices/filings/2023-02-15__adi-us-20230215-q1-10q__102683.md,377
Analog Devices,ADI,2023-02-15,FY2023Q1,STRUCTURED_RESULT,q1-10q,"28,  | 2023,  | 193.6 million | 12.4 billion | 28,  | 2023, ","As of January 28, 2023, the Company had repurchased a total of approximately 193.6 million shares of its common stock for approximately $12.4 billion under the Company's share repurchase program. As of January 28, 2023, an additional $4.3 billion remains available for repurchase of shares under the current authorized program. The Company also repurchases shares in settlement of employee tax withho",challenge/offline-data/analog-devices/filings/2023-02-15__adi-us-20230215-q1-10q__102683.md,383
Analog Devices,ADI,2023-02-15,FY2023Q1,STRUCTURED_RESULT,q1-10q,"2021,  | 2021 | -08,  | 805 | 805 | -20","In October 2021, the Financial Accounting Standards Board issued Accounting Standards Update (ASU) No. 2021-08, Business Combinations (Topic 805): Accounting for Acquired Contract Assets and Contract Liabilities. Under the new guidance (ASC 805-20-3028), the acquirer should determine what contract assets and/or contract liabilities it would have recorded under ASC 606 (the revenue guidance) as of ",challenge/offline-data/analog-devices/filings/2023-02-15__adi-us-20230215-q1-10q__102683.md,614
Analog Devices,ADI,2023-02-15,FY2023Q1,STRUCTURED_RESULT,q1-10q,"14,  | 2023,  | 0.86  | 8,  | 2023  | 27, ","On February 14, 2023, the Board of Directors of the Company declared a cash dividend of $0.86 per outstanding share of common stock. The dividend will be paid on March 8, 2023 to all shareholders of record at the close of business on February 27, 2023 and is expected to total approximately $435.0 million.",challenge/offline-data/analog-devices/filings/2023-02-15__adi-us-20230215-q1-10q__102683.md,618
Analog Devices,ADI,2023-02-15,FY2023Q1,STRUCTURED_RESULT,q1-10q,10 | 1995  | 1933  | 1934.  | 1 | 10,"This Quarterly Report on Form 10-Q, including the following discussion, contains forward-looking statements regarding future events and our future results that are subject to the safe harbor created under the Private Securities Litigation Reform Act of 1995 and other safe harbors under the Securities Act of 1933 and the Securities Exchange Act of 1934. All statements other than statements of histo",challenge/offline-data/analog-devices/filings/2023-02-15__adi-us-20230215-q1-10q__102683.md,626
Analog Devices,ADI,2023-02-15,FY2023Q1,STRUCTURED_RESULT,q1-10q,"28,  | 2023,  | 1,670.5 million | 386.6 million","At January 28, 2023, our principal source of liquidity was $1,670.5 million of cash and cash equivalents, of which approximately $386.6 million was held in the United States and the balance of our cash and cash equivalents was held outside the United States in various foreign subsidiaries. We manage our worldwide cash requirements by, among other things, reviewing available funds held by our forei",challenge/offline-data/analog-devices/filings/2023-02-15__adi-us-20230215-q1-10q__102683.md,778
Analog Devices,ADI,2023-02-15,FY2023Q1,STRUCTURED_RESULT,q1-10q,"16.7 billion | 28,  | 2023,  | 4.3 billion","In the aggregate, our Board of Directors has authorized us to repurchase $16.7 billion of our common stock under our common stock repurchase program. Unless terminated earlier by resolution of our Board of Directors, the repurchase program will expire when we have repurchased all shares authorized under the program. As of January 28, 2023, an additional $4.3 billion remains available for repurchas",challenge/offline-data/analog-devices/filings/2023-02-15__adi-us-20230215-q1-10q__102683.md,857
Analog Devices,ADI,2023-02-15,FY2023Q1,STRUCTURED_RESULT,q1-10q,176.2 million | 2023  | 2023  | 6% | 8%,"Net additions to property, plant and equipment were $176.2 million in the first three months of fiscal 2023 and were funded with a combination of cash on hand and cash generated from operations. We expect capital expenditures for fiscal 2023 to be between approximately 6% and 8% of revenue, which is above our historical levels primarily due to our plans to expand internal manufacturing capacity. T",challenge/offline-data/analog-devices/filings/2023-02-15__adi-us-20230215-q1-10q__102683.md,863
Analog Devices,ADI,2023-02-15,FY2023Q1,STRUCTURED_RESULT,q1-10q,"14,  | 2023,  | 0.86  | 8,  | 2023  | 27, ","On February 14, 2023, our Board of Directors declared a cash dividend of $0.86 per outstanding share of common stock. The dividend will be paid on March 8, 2023 to all shareholders of record at the close of business on February 27, 2023 and is expected to total approximately $435.0 million. We currently expect quarterly dividends to continue in future periods. The payment of any future quarterly d",challenge/offline-data/analog-devices/filings/2023-02-15__adi-us-20230215-q1-10q__102683.md,867
Analog Devices,ADI,2023-02-15,FY2023Q1,STRUCTURED_RESULT,q1-8k,2023 ,# First Quarter Fiscal 2023 Financial Results and Second Quarter Outlook,challenge/offline-data/analog-devices/filings/2023-02-15__adi-us-20230215-q1-8k__102661.md,12
Analog Devices,ADI,2023-02-15,FY2023Q1,STRUCTURED_RESULT,q1-8k,2023,## Outlook for the Second Quarter of Fiscal Year 2023,challenge/offline-data/analog-devices/filings/2023-02-15__adi-us-20230215-q1-8k__102661.md,89
Analog Devices,ADI,2023-02-15,FY2023Q1,STRUCTURED_RESULT,q1-8k,"2023,  | 3.20 billion | 100 million | 34.7% | -130 bps | 51.0%","For the second quarter of fiscal 2023, we are forecasting revenue of $3.20 billion, +/- $100 million. At the midpoint of this revenue outlook, we expect reported operating margin of approximately 34.7%, +/-130 bps, and adjusted operating margin of approximately 51.0%, +/-70 bps. We are planning for reported EPS to be $1.85, +/-$0.10, and adjusted EPS to be $2.75, +/-$0.10.",challenge/offline-data/analog-devices/filings/2023-02-15__adi-us-20230215-q1-8k__102661.md,91
Analog Devices,ADI,2023-02-15,FY2023Q1,STRUCTURED_RESULT,q1-8k,2023 ,"Our second quarter fiscal 2023 outlook is based on current expectations and actual results may differ materially, as a result of, among other things, the important factors discussed at the end of this release. These statements supersede all prior statements regarding our business outlook set forth in prior ADI news releases, and ADI disclaims any obligation to update these forward-looking statemen",challenge/offline-data/analog-devices/filings/2023-02-15__adi-us-20230215-q1-8k__102661.md,93
Analog Devices,ADI,2023-02-15,FY2023Q1,STRUCTURED_RESULT,q1-8k,2023  | 10 | 00 ,"ADI will host a conference call to discuss our first quarter fiscal 2023 results and short-term outlook today, beginning at 10:00 am ET. Investors may join via webcast, accessible at investor.analog.com.",challenge/offline-data/analog-devices/filings/2023-02-15__adi-us-20230215-q1-8k__102661.md,103
Analog Devices,ADI,2023-02-15,FY2023Q1,STRUCTURED_RESULT,q1-8k,-19  | 10,"This press release contains forward-looking statements, which address a variety of subjects including, for example, our statements regarding sustained performance; demand and supply; expected revenue, operating margin, earnings per share, and other financial results; expected market trends and acceleration of those trends, market share gains, long-term growth; expected customer demand for our prod",challenge/offline-data/analog-devices/filings/2023-02-15__adi-us-20230215-q1-8k__102661.md,145
