company,ticker,published_at,stated_in_period,doc_class,doc_kind,figures,quote,source_file,line_no
Hays plc,HAS,2026-07-10,FY2026H2,EARNINGS_CALL,call-pres,5% | 3% | 7% | 2026 ,"Unknown speaker: Thank you, Kean. Good morning, everyone, thanks for joining us today. I'll present the key points and regional details of today's trading update before taking questions. As usual, all net fee growth percentages are on a like-for-like basis versus prior year, unless stated otherwise. Consequently, exclude our previously communicated exits from operations in four countries and our d",challenge/offline-data/hays/call-transcripts/2026-07-10__has-ln-20260710-call-pres__1573113.md,19
Hays plc,HAS,2026-07-10,FY2026H2,EARNINGS_CALL,call-pres,"50 million | 2026,  | 45 million | 2029,  | 115 million | 2024. ","Unknown speaker: Altogether, we have achieved GBP 50 million per annum savings in FY 2026, exceeding our target of GBP 45 million per annum by FY 2029, three years ahead of schedule. In total, we have now delivered GBP 115 million per annum of structural savings since the start of FY 2024. Our non-consultant headcount exited the quarter down 13% year-on-year. As a result of the acceleration of our",challenge/offline-data/hays/call-transcripts/2026-07-10__has-ln-20260710-call-pres__1573113.md,25
Hays plc,HAS,2026-07-10,FY2026H2,EARNINGS_CALL,call-pres,6% | 2% | 1% | 8% | 8% | 9%,"Unknown speaker: Poland grew by 6%. In the Americas, net fees decreased by 2%. Momentum improved through the quarter in the U.S., which was down 1%, and Canada was down 8%. We have previously highlighted a substantial bid pipeline with large enterprise clients in North America, and we expect recent wins to mobilize over the coming quarters. Asia net fees increased again by 8%. Japan grew by 9%, dr",challenge/offline-data/hays/call-transcripts/2026-07-10__has-ln-20260710-call-pres__1573113.md,39
Hays plc,HAS,2026-07-10,FY2026H2,EARNINGS_CALL,call-pres,8% | 11  | 45 million,"Unknown speaker: Consultant fee productivity accelerated 8% in the quarter, and has increased now for a sector-leading 11 consecutive quarters, driven by careful allocation of consultants to business lines with the most attractive productivity and long-term structural growth opportunity, together with greater focus from our consultants on higher skilled roles and our investments to provide them wi",challenge/offline-data/hays/call-transcripts/2026-07-10__has-ln-20260710-call-pres__1573113.md,43
Hays plc,HAS,2026-07-10,FY2026H2,EARNINGS_CALL,call-pres,20,"Unknown speaker: Client feedback is consistent across permanent recruitment and Temp & Contracting. They value recruitment agencies whose consultants provide deep specialism expertise and access to high-quality candidates. In every market we compete in, our ambition is clear: to grow, to achieve leadership, and deliver the benefits that come with it through faster matching, greater exposure to hig",challenge/offline-data/hays/call-transcripts/2026-07-10__has-ln-20260710-call-pres__1573113.md,47
Hays plc,HAS,2026-07-10,FY2026H2,EARNINGS_CALL,call-pres,2.  | 2026  | 37 million | 46 million | 4.,"Unknown speaker: Moving on to current trading and guidance. Our actions to deliver strong consultant net fee productivity growth and cost discipline continue to offset our lower net fees in H2. We currently expect FY 2026 pre-exceptional operating profit will be at the top of the GBP 37 million-GBP 46 million profit consensus range. To date, we have observed minimal direct impact from the developm",challenge/offline-data/hays/call-transcripts/2026-07-10__has-ln-20260710-call-pres__1573113.md,49
Hays plc,HAS,2026-07-10,FY2026H2,EARNINGS_CALL,call-pres,1  | 2027  | 1  | 2027. ,"Unknown speaker: We believe our group consultant headcount capacity is appropriate for the current market conditions, therefore expect it to remain broadly stable in Q1 2027 as we balance focused investment in high-performing and high-potential business lines with improving productivity in more challenging areas. We will continue to structurally reduce our cost base to support our investments in d",challenge/offline-data/hays/call-transcripts/2026-07-10__has-ln-20260710-call-pres__1573113.md,51
Hays plc,HAS,2026-07-10,FY2026H2,EARNINGS_CALL,call-qna,"37 | 46.  | 43,  | 30% | 2  | 15 million","Unknown speaker: Thanks, James. I'll pick up the profit and the cost question first. Yeah, we've guided towards the top end of the range for the full year, which is the GBP 37-GBP 46. I think consensus was about GBP 43, so ahead of where the market is. Actually, interestingly, if you think about where that is from a year-on-year perspective, it means that this second half profit performance is up ",challenge/offline-data/hays/call-transcripts/2026-07-10__has-ln-20260710-call-qna__1573114.md,35
Hays plc,HAS,2026-07-10,FY2026H2,EARNINGS_CALL,call-qna,"5% | 5% | 5% | 6% | 3% | 4, ",Unknown speaker: We'd like to keep ourselves focused on delivering real cost savings from the underlying cost structures of the business. Hopefully that was clear. Just moving on to the question around outlook and temp and perm. It's a fair question. Our exit rate overall was at 5%. June performance was consistent with where we were overall as a business. We were 5% down in the quarter and 5% down,challenge/offline-data/hays/call-transcripts/2026-07-10__has-ln-20260710-call-qna__1573114.md,39
Hays plc,HAS,2026-07-10,FY2026H2,EARNINGS_CALL,call-qna,20,"Unknown speaker: Hi. Good morning, gentlemen. Two questions if I may. First one is on the portfolio reshaping. Could you walk us through the specific criteria used to classify a country as core versus non-core? Beyond the seven countries already on review, are there any additional markets currently on the table? Should we expect further portfolio announcements before the full year results on the 2",challenge/offline-data/hays/call-transcripts/2026-07-10__has-ln-20260710-call-qna__1573114.md,51
Hays plc,HAS,2026-07-10,FY2026H2,EARNINGS_CALL,call-qna,"1,000 ","Unknown speaker: They've got work to do, and we've actually seen more inbound business in the last three or four months there than we had in the last two, three years, which is quite encouraging. Look, I think it's been a pretty stable outlook. We've got the countries, Rory, where we're really starting to put the hammer down and grow. We've seen some fantastic growth in Spain, in Poland, in Japan.",challenge/offline-data/hays/call-transcripts/2026-07-10__has-ln-20260710-call-qna__1573114.md,71
Hays plc,HAS,2026-07-10,FY2026H2,EARNINGS_CALL,call-qna,12  | 1  | 27.  | 12 ,"Unknown speaker: I don't have the answer to that, Karl. I'll have to get back to you. I can't do the math in my head that quick. The enterprise businesses, as I said previously on the last couple of calls, has had a really good pipeline over the last 12 months. Really encouraging number of wins we've had, particularly in North America. Several of those are now moving towards implementation and wil",challenge/offline-data/hays/call-transcripts/2026-07-10__has-ln-20260710-call-qna__1573114.md,101
Hays plc,HAS,2026-07-10,FY2026H2,EARNINGS_CALL,call-qna,20,"Unknown speaker: Thank you, all. If that's all we have for questions, I'd like to thank you again for joining today's call. I look forward to speaking to you next as our full year results on the 20th of August. Should anyone have any follow-up questions, Kean, Prash, and myself will be available to take calls for the rest of the day. Thank you.",challenge/offline-data/hays/call-transcripts/2026-07-10__has-ln-20260710-call-qna__1573114.md,109
Hays plc,HAS,2026-07-10,FY2026H2,STRUCTURED_RESULT,q4-8k,2  | 26  | 26  | 37.0  | -46.0 | 2,- Our actions to deliver strong consultant net fee productivity growth and cost discipline continued to offset our lower net fees in H2 26 and we currently expect FY26 pre -exceptional operating profit will be at the top of the £37.0 -46.0m consensus range (2),challenge/offline-data/hays/filings/2026-07-10__has-ln-20260710-q4-8k__1572805.md,71
Hays plc,HAS,2026-07-10,FY2026H2,STRUCTURED_RESULT,q4-8k,5% | 4  | 26 ,' The YoY decline in Group net fees eased to 5% in Q4 driven by good Temp &amp; Contracting growth in several of our countries and  stable average hours worked in Germany despite slightly softer Perm  activity through the quarter . We continue to make strong progress with our structural cost and productivity initiatives and currently expect FY26 pre -exceptional operating profit will be at the top,challenge/offline-data/hays/filings/2026-07-10__has-ln-20260710-q4-8k__1572805.md,75
Hays plc,HAS,2026-07-10,FY2026H2,STRUCTURED_RESULT,q4-8k,13 % | 26  | 40  | 30,"Our n on-consultant headcount exited the quarter down  13 %  YoY .  As a result of the acceleration of our cost programme   in FY26 , w e expect to incur a  c.£40 m  exceptional restructuring charge ,  with  a further c.£30m impairment of right -of-use assets as a result of our work to consolidate a significant number of offices globally . In addition, we have incurred a modest  non-cash loss on  ",challenge/offline-data/hays/filings/2026-07-10__has-ln-20260710-q4-8k__1572805.md,120
Hays plc,HAS,2026-07-10,FY2026H2,STRUCTURED_RESULT,q4-8k,2  | 26  | 26  | 37  | 0 | -46 ,Our actions to deliver s trong consultant net fee productivity growth and cost discipline continue d to offset our lower net fees in H2 26 and w e currently expect FY26 pre -exceptional operating profit will be  at the top of the £37 .0-46 .0m consensus rang e  (2) .,challenge/offline-data/hays/filings/2026-07-10__has-ln-20260710-q4-8k__1572805.md,124
Hays plc,HAS,2026-07-10,FY2026H2,STRUCTURED_RESULT,q4-8k,4  | 1  | 27  ,We were pleased once again with our net fee productivity through Q 4 and believe our Group consultant headcount capacity is appropriate for current market conditions and therefore expect it to remain broadly stable in Q 1 27  as we balance focused investment in high performing and potential business lines with improving productivity in more challenging areas.,challenge/offline-data/hays/filings/2026-07-10__has-ln-20260710-q4-8k__1572805.md,128
Hays plc,HAS,2026-07-10,FY2026H2,STRUCTURED_RESULT,q4-8k,21  | 2000. ,"This Quarterly Update (the 'Report') has been prepared in accordance with the Disclosure Guidance and Transparency Rules of the UK Financial Conduct Authority and is not audited. No representation or warranty, express or implied, is or will be made in rela tion to the accuracy, fairness or completeness of the information or opinions contained in this Report. Statements in this Report reflect the k",challenge/offline-data/hays/filings/2026-07-10__has-ln-20260710-q4-8k__1572805.md,256
Hays plc,HAS,2026-04-16,FY2026Q3,EARNINGS_CALL,call-pres,8% | 6% | 12% | 2026 ,"Unknown speaker: Thank you, Kean. Good morning, everyone, and thanks for joining us today. I'll present the key points and regional details of today's trading update before taking questions. As usual, all net fee growth percentages are on a like-for-like basis versus prior year, unless stated otherwise, and consequently exclude our previously communicated exits from operations in Chile, Colombia, ",challenge/offline-data/hays/call-transcripts/2026-04-16__has-ln-20260416-call-pres__956114.md,19
Hays plc,HAS,2026-04-16,FY2026Q3,EARNINGS_CALL,call-pres,2% | 1% | 6% | 1% | 6% | 21%,"Unknown speaker: As expected, our sustained focus on cost discipline, including ongoing initiatives to optimize our office portfolio and de-layer management, has driven a further structural improvement in costs. We've made good progress towards building a higher quality, focused business and consequently anticipate improved profitability in the second half. In ANZ, fees decreased by 2% year-on-yea",challenge/offline-data/hays/call-transcripts/2026-04-16__has-ln-20260416-call-pres__956114.md,31
Hays plc,HAS,2026-04-16,FY2026Q3,EARNINGS_CALL,call-pres,17% | 2.  | 17% | 6% | 2% | 7%,"Unknown speaker: France, our largest rest of the world country, remained tough and loss-making, with fees down 17%. Our actions to address productivity and costs are being delivered on plan, and we continue to expect an improved performance in H2. Southern Europe performed strongly, with Spain and Portugal again achieving record quarterly net fees, up 17% and 6% respectively, and Poland grew by 2%",challenge/offline-data/hays/call-transcripts/2026-04-16__has-ln-20260416-call-pres__956114.md,35
Hays plc,HAS,2026-04-16,FY2026Q3,EARNINGS_CALL,call-pres,7% | 10  | 3.  | 65% | 95 million | 2024.,"Unknown speaker: Consultant fee productivity up 7% in the quarter has increased for a sector-leading 10 consecutive quarters, driven by careful allocation of consultants to business lines with the most attractive productivity and long-term structural growth opportunities, greater focus from our consultants on high-skilled roles, and our investments to provide them with the best tools. Within Temp ",challenge/offline-data/hays/call-transcripts/2026-04-16__has-ln-20260416-call-pres__956114.md,39
Hays plc,HAS,2026-04-16,FY2026Q3,EARNINGS_CALL,call-pres,3  | 4 ,"Unknown speaker: We continue to make strong progress with our initiatives and expect the full financial benefits to build over time. Moving on to current trading and guidance. To date, we have observed minimal impact from developments in the Middle East, but we remain vigilant. Although we have limited forward visibility, given the heightened levels of global macroeconomic uncertainty, we expect n",challenge/offline-data/hays/call-transcripts/2026-04-16__has-ln-20260416-call-pres__956114.md,41
Hays plc,HAS,2026-04-16,FY2026Q3,EARNINGS_CALL,call-pres,4.  | 20 million | 2026.  | 4  | 2026. ,"Unknown speaker: We will continue to structurally reduce our cost base to position Hays strongly for when end markets recover and expect to make further substantial progress in Q4. As a result of the acceleration of our cost program, we have incurred around GBP 20 million of exceptional restructuring costs to date in fiscal 2026. Finally, there are no material working day impacts anticipated in Q4",challenge/offline-data/hays/call-transcripts/2026-04-16__has-ln-20260416-call-pres__956114.md,43
Hays plc,HAS,2026-04-16,FY2026Q3,EARNINGS_CALL,call-qna,70 ,"Unknown speaker: Thanks, Rory. I'll start off with the first one around the impacts in the Middle East. Look, standing back from this, the first, an immediate priority for us has been the safety and the well-being of our 70 or so colleagues over in the region, specifically in the UAE. As I put in the statement and in the script, we have seen to date little to no impact at all in either our fees or",challenge/offline-data/hays/call-transcripts/2026-04-16__has-ln-20260416-call-qna__956116.md,17
Hays plc,HAS,2026-04-16,FY2026Q3,EARNINGS_CALL,call-qna,12 ,"Unknown speaker: We really made some investments in both of those markets, which are really coming through quite nicely. The way we run our business, as you know, is really to map our resource allocation to both the long-term opportunities for us to grow. Also, we have to manage it within the markets we're in and have to respond to current levels of demand and activity. That's how we do that at an",challenge/offline-data/hays/call-transcripts/2026-04-16__has-ln-20260416-call-qna__956116.md,29
Hays plc,HAS,2026-04-16,FY2026Q3,EARNINGS_CALL,call-qna,15 million,"Unknown speaker: Clearly, as all our markets, it's subject to current levels of demand. Other things being equal, I'd expect to be back into a positive position there as we exit the financial year, which is important for us because France is an important market for us. Not so long ago, we were making GBP 15 million+ of profit there. Let's not forget. It is an important market for us. It's been thr",challenge/offline-data/hays/call-transcripts/2026-04-16__has-ln-20260416-call-qna__956116.md,41
Hays plc,HAS,2026-04-16,FY2026Q3,EARNINGS_CALL,call-qna,"2, ","Unknown speaker: Yeah. Thank you very much. Good morning to both of you. Just a quick question to see if you've got anything incremental you can say around permanent CEO appointment in terms of how the process is unfolding there. Secondly, just technically, an update on what you'd expect exceptional restructuring charges to look like in the second half. You said that you expect to incur increased ",challenge/offline-data/hays/call-transcripts/2026-04-16__has-ln-20260416-call-qna__956116.md,55
Hays plc,HAS,2026-04-16,FY2026Q3,EARNINGS_CALL,call-qna,4 ,"Unknown speaker: I think I got it, Karl. You were a little bit faint, so if I miss anything in your questions, just please shout. I think the first question was around the permanent CEO appointment. Although clearly Mark stepped into the role in February on an interim basis, and it's very much BAU. As you can imagine, we're focused on driving performance, on making sure we've got the right busines",challenge/offline-data/hays/call-transcripts/2026-04-16__has-ln-20260416-call-qna__956116.md,57
Hays plc,HAS,2026-04-16,FY2026Q3,EARNINGS_CALL,call-qna,"10 million | 1,  | 3.  | 4. ","Unknown speaker: Working with Mark, it's very much business as usual, and we're very clear on what we're doing, and we're cracking on with that. The second question was around the restructuring work that we're doing and any update on restructuring costs in the second half. We had about GBP 10 million or so of restructuring charges in H1, and I expect a similar level in Q3. Bearing in mind we've ac",challenge/offline-data/hays/call-transcripts/2026-04-16__has-ln-20260416-call-qna__956116.md,59
Hays plc,HAS,2026-04-16,FY2026Q3,EARNINGS_CALL,call-qna,4. ,"Unknown speaker: Congratulations to the team over in Japan. It's been a really good quarter, and I expect to see another one in Q4. Moving on to the headcount question, and again, looking out to next quarter. We've put the guidance in the statement as we expect it to be pretty flat overall. I think there was an earlier question that talked around resource allocation and how we manage that. It does",challenge/offline-data/hays/call-transcripts/2026-04-16__has-ln-20260416-call-qna__956116.md,81
Hays plc,HAS,2026-04-16,FY2026Q3,STRUCTURED_RESULT,q3-8k,8% | 26  | 2,"- Net fee s declined by 8%  in March . Although  near term market conditions are likely  to remain  challenging , we currently expect FY26 pre-exceptional  operating profit will be in line with consensus (2)",challenge/offline-data/hays/filings/2026-04-16__has-ln-20260416-q3-8k-2__955907.md,70
Hays plc,HAS,2026-04-16,FY2026Q3,STRUCTURED_RESULT,q3-8k,7% | 2   | 26.,"Our n on-consultant headcount exited the quarter down 7% YoY .  As a result of the acceleration of our cost programme, w e expect to incur an increased  exceptional restructuring charge  in H2  26.",challenge/offline-data/hays/filings/2026-04-16__has-ln-20260416-q3-8k-2__955907.md,127
Hays plc,HAS,2026-04-16,FY2026Q3,STRUCTURED_RESULT,q3-8k,2  | 6  | 45.  | 2 | 2,"Although we have limited forward visibility, we  are mindful of heightened global macro -economic uncertainty and expect near term market conditions to remain challenging , with greater resilience in Temp &amp; Contracting than in Perm . FY2 6 pre-exceptional  operating profit is expected to be in line with market consensus expectations of £45. 2m (2) .",challenge/offline-data/hays/filings/2026-04-16__has-ln-20260416-q3-8k-2__955907.md,131
Hays plc,HAS,2026-04-16,FY2026Q3,STRUCTURED_RESULT,q3-8k,3  | 4 ,We were pleased once again with our net fee productivity through Q 3 and believe our Group consultant headcount capacity is appropriate for current market conditions and therefore expect it to remain broadly stable in Q 4 as we balance focused investment in high performing and potential business lines with improving productivity in more challenging areas.,challenge/offline-data/hays/filings/2026-04-16__has-ln-20260416-q3-8k-2__955907.md,133
Hays plc,HAS,2026-04-16,FY2026Q3,STRUCTURED_RESULT,q3-8k,4% | 16% | 1  | 1% | 2   | 26.,"We reduced c onsultant headcount by 4% in the quarter and by 16% year -on-year. C onsultant net fee productivity increased by 1 1% YoY  and  we  made  further  good progress in improving operational efficiency. As expected, our sustained focus on cost discipline, including ongoing initiatives to optimise our office portfolio and delayer management , will drive a further structural improvement in c",challenge/offline-data/hays/filings/2026-04-16__has-ln-20260416-q3-8k-2__955907.md,168
Hays plc,HAS,2026-04-16,FY2026Q3,STRUCTURED_RESULT,q3-8k,65 % | 8% | 17% | 2  | 26  | 17 %,"EMEA ex -Germany (65 % of RoW) net fees decreased by 8%. France, our largest RoW country, remained  tough and loss -making  with net fees down 17% but our actions to address productivity and costs are being delivered on plan and we expect  an improved performance in H2 26 . Spain and Portugal again  performed strongly and achieved record quarterly net fees , up 17 % and  6% respectively , and  Pol",challenge/offline-data/hays/filings/2026-04-16__has-ln-20260416-q3-8k-2__955907.md,190
Hays plc,HAS,2026-04-16,FY2026Q3,STRUCTURED_RESULT,q3-8k,21  | 2000. ,"This Quarterly Update (the 'Report') has been prepared in accordance with the Disclosure Guidance and Transparency Rules of the UK Financial Conduct Authority and is not audited. No representation or warranty, express or implied, is or will be made in rela tion to the accuracy, fairness or completeness of the information or opinions contained in this Report. Statements in this Report reflect the k",challenge/offline-data/hays/filings/2026-04-16__has-ln-20260416-q3-8k-2__955907.md,261
Hays plc,HAS,2026-02-27,FY2026H1,EARNINGS_CALL,call-pres,1% | 18% | 2.  | 9% | 453 million | 25%,"Unknown speaker: The U.S. was impacted by the loss of a material RPO contract, which was taken back in-house. Asia was mixed, with China and Hong Kong back in growth and Japan solid and up 1%, Malaysia more challenging and down 18%. We took decisive action in the half to return the rest of the world division to profitability, notably in France, where we are delivering on plan. We expect an improve",challenge/offline-data/hays/call-transcripts/2026-02-27__has-ln-20260227-call-pres__643384.md,29
Hays plc,HAS,2026-02-27,FY2026H1,EARNINGS_CALL,call-pres,"50 million | 1,  | 2029  | 45 million | 80 million | 2. ","Unknown speaker: We delivered a further GBP 50 million per annum savings in H1, therefore made strong progress against the FY 2029 target of GBP 45 million we set ourselves in August. We've now delivered GBP 80 million per annum over the last two and a half years and expect to make substantial further progress in H2. As we'll explore later, our new Hays Digitise program will further improve our ef",challenge/offline-data/hays/call-transcripts/2026-02-27__has-ln-20260227-call-pres__643384.md,39
Hays plc,HAS,2026-02-27,FY2026H1,EARNINGS_CALL,call-pres,"6.7 million | 2026  | 13 million | 2025,  | 13 percent | 44.8%","Unknown speaker: Our net finance charge for the half increased slightly to GBP 6.7 million, due to the modestly higher average drawings on the group's revolving credit facility. We expect the net finance charge for FY 2026 to be GBP 13 million, slightly below FY 2025, due to the positive impact of the defined benefit pension buy-in and improving working capital. Our pre-exceptional tax rate increa",challenge/offline-data/hays/call-transcripts/2026-02-27__has-ln-20260227-call-pres__643384.md,41
Hays plc,HAS,2026-02-27,FY2026H1,EARNINGS_CALL,call-pres,80 million | 30 million | 2026  | 35 million | 40 million | 2025 ,"Unknown speaker: The cash flow benefited significantly year-on-year, following the full pension buy-in that previously required deficit funding contributions of circa GBP 80 million per annum. In addition, the cost of our technology investment has been lower than initially expected, and we now anticipate GBP 30 million CapEx in FY 2026 versus our previous guidance of GBP 35 million. We ended the h",challenge/offline-data/hays/call-transcripts/2026-02-27__has-ln-20260227-call-pres__643384.md,45
Hays plc,HAS,2026-02-27,FY2026H1,EARNINGS_CALL,call-pres,3 ,"Unknown speaker: Our group consultant headcount capacity is appropriate for current market conditions, and we expect it to remain broadly stable in Q3 as we balance focused investments, with improving productivity in more challenging areas. We'll also continue to deliver on our structural efficiency programs, which will further reduce our cost base in the second half. Our strategy will build a str",challenge/offline-data/hays/call-transcripts/2026-02-27__has-ln-20260227-call-pres__643384.md,51
Hays plc,HAS,2026-02-27,FY2026H1,EARNINGS_CALL,call-qna,47 million | 5 million | 2 ,"Unknown speaker: Thanks, Rory. I'll kick off with the first question on the profit performance and the profit outlook for the second half. You're absolutely right. We're, you know, in some respects, pleased that we defended a GBP 47 million decline in net fees to a GBP 5 million reduction in operating profit. You know, it's like stated, it's not where we want to be, our ambition is to move that pr",challenge/offline-data/hays/call-transcripts/2026-02-27__has-ln-20260227-call-qna__643383.md,17
Hays plc,HAS,2026-02-27,FY2026H1,EARNINGS_CALL,call-qna,46 million | 26 million,"Unknown speaker: We have a full year consensus at GBP 46 million, which means we need to deliver GBP 26 million in the second half to do that. If you think about the phasing of our year, we typically, in a relatively flat world of where things have been, you know, as you mentioned, aren't necessarily improving from a market perspective, just through the phasing of the working day pattern, we gener",challenge/offline-data/hays/call-transcripts/2026-02-27__has-ln-20260227-call-qna__643383.md,19
Hays plc,HAS,2026-02-27,FY2026H1,EARNINGS_CALL,call-qna,3. ,"Unknown speaker: I mean, to be honest, Rory, it's as you know, it's always hard to give much guidance out there beyond a few weeks, and we've been through a relatively critical period on our return to work. We're quite pleased with that. If you've seen, we're in line with where we were last year overall and where we expected to be. Perm activities come back at levels that we were expecting as well",challenge/offline-data/hays/call-transcripts/2026-02-27__has-ln-20260227-call-qna__643383.md,23
Hays plc,HAS,2026-02-27,FY2026H1,EARNINGS_CALL,call-qna,26 million,"Unknown speaker: We've made a decent start to the second half. Cost base is in good shape. I expect it to come down a little bit through the half as we crack on with our programs. Overall, we're comfortable with where the market position is, which is at GBP 26 million for the second half. Second question was around the Hays digital platform, where we've made substantial progress, actually, over th",challenge/offline-data/hays/call-transcripts/2026-02-27__has-ln-20260227-call-qna__643383.md,25
Hays plc,HAS,2026-02-27,FY2026H1,EARNINGS_CALL,call-qna,20 | -30 ,"Unknown speaker: That gives more flexibility to embed AI agents into our workflows. We are live across many parts of the business now with a number of those agents, which is really quite encouraging. We're seeing quite a lot of reduction in admin burden, as you would expect. For example, the meetings application that I mentioned in the script saves about 20-30 minutes of admin time for each indivi",challenge/offline-data/hays/call-transcripts/2026-02-27__has-ln-20260227-call-qna__643383.md,29
Hays plc,HAS,2026-02-27,FY2026H1,EARNINGS_CALL,call-qna,"2,  | 2. ","Unknown speaker: Why is that? We're still seeing a soft market in automotive, and that's the reason why our temp business return to work is a little bit behind where we would normally expect it to be. Contracting volumes are in line. We're still seeing the hours issue that we saw in Q2, in our January numbers and so far in February. It's a consistent theme for Q2. We've not seen any reverse of tha",challenge/offline-data/hays/call-transcripts/2026-02-27__has-ln-20260227-call-qna__643383.md,53
Hays plc,HAS,2026-02-27,FY2026H1,EARNINGS_CALL,call-qna,3.5 million,"Unknown speaker: Right. Thanks, Karl. I'll pick up the question on France first. In the first half, we lost about GBP 3.5 million in France, and that was before any allocation of central overhead. It gives you a sort of a feel for where we are. Now, the cost base has come down through the first half, as you would expect, as we've cracked on and done, you know, plenty of work in bringing the cost b",challenge/offline-data/hays/call-transcripts/2026-02-27__has-ln-20260227-call-qna__643383.md,65
Hays plc,HAS,2026-02-27,FY2026H1,STRUCTURED_RESULT,h1-8k,30  | 2026  | 26,Full-year results for the year ending 30 June 2026 (FY26),challenge/offline-data/hays/filings/2026-02-27__has-ln-20260227-h1-8k__642921.md,106
Hays plc,HAS,2026-02-27,FY2026H1,STRUCTURED_RESULT,h1-8k,3  ,We believe our Group consultant headcount capacity is appropriate for current market conditions and therefore expect it to remain  broadly  stable  in  Q3  as  we  balance  focused  investment  in  high  performing  and  potential  business  lines  with improving productivity in more challenging areas.,challenge/offline-data/hays/filings/2026-02-27__has-ln-20260227-h1-8k__642921.md,130
Hays plc,HAS,2026-02-27,FY2026H1,STRUCTURED_RESULT,h1-8k,1  | 26. ,"Enterprise Solutions has performed strongly and remained more resilient than the rest of our business with stable net fees in H1 26. Good growth in UK&amp;I and ANZ was offset by contract losses in North America and Switzerland, including an RPO contract taken back in-house but where we remain responsible for the MSP. We continue to expect a resilient performance in the second half underpinned by ",challenge/offline-data/hays/filings/2026-02-27__has-ln-20260227-h1-8k__642921.md,192
Hays plc,HAS,2026-02-27,FY2026H1,STRUCTURED_RESULT,h1-8k,+11%,"- Japan (+11%) driven by higher volumes in Technology and Life Sciences, rising Contractor fees, and selective additions to consultant headcount. We expect new client wins to positively impact net fees in the second half.",challenge/offline-data/hays/filings/2026-02-27__has-ln-20260227-h1-8k__642921.md,205
Hays plc,HAS,2026-02-27,FY2026H1,STRUCTURED_RESULT,h1-8k,8.8 million | 3 | 3.  | 2  | 26.,"As a result of these actions, we incurred an exceptional restructuring charge of £8.8 million (3) , detailed in note 3. Due to the ongoing and multi-year nature of our restructuring and transformation programmes, which are strategically reshaping the business in line with our Five Levers strategy, we expect to incur further exceptional costs in H2 26.",challenge/offline-data/hays/filings/2026-02-27__has-ln-20260227-h1-8k__642921.md,256
Hays plc,HAS,2026-02-27,FY2026H1,STRUCTURED_RESULT,h1-8k,"26  | 13 million | 25  | 2  | 26, ","We expect the net finance charge for FY26 to be c.£13 million, slightly below FY25 due to the impact of the defined benefit pension buy-in and lower utilisation of our revolving credit facility in H2 26, driven by improving working capital.",challenge/offline-data/hays/filings/2026-02-27__has-ln-20260227-h1-8k__642921.md,322
Hays plc,HAS,2026-02-27,FY2026H1,STRUCTURED_RESULT,h1-8k,26  | 45%,"We expect the Group's ETR in FY26 to be c.45%, consistent with the first half, assuming no material change in geographic mix of profits, and to reduce as profits rebuild over time.",challenge/offline-data/hays/filings/2026-02-27__has-ln-20260227-h1-8k__642921.md,328
Hays plc,HAS,2026-02-27,FY2026H1,STRUCTURED_RESULT,h1-8k,10.6 million | 1  | 25 | 6.6 million | 10.1 million | 1 ,"Cash tax paid in the half-year was £10.6 million (H1 25: £6.6 million). Capital expenditure was £10.1 million (H1 25: £9.9 million), with continued investments in our Hays Digital Platform, technology infrastructure and cyber security. To date, the cost of our technology investment has been lower than initially expected and consequently we now anticipate c.£30 million capital expenditure in FY26 v",challenge/offline-data/hays/filings/2026-02-27__has-ln-20260227-h1-8k__642921.md,338
Hays plc,HAS,2026-02-27,FY2026H1,STRUCTURED_RESULT,h1-8k,3  | 26.,"Given our focus on consultant net fee productivity by targeting higher skilled/higher paid roles and the most in-demand industries and markets, we will continue to review our consultant capacity to ensure it is appropriate for current market conditions. We expect overall Group consultant headcount will remain broadly stable in Q3 26.",challenge/offline-data/hays/filings/2026-02-27__has-ln-20260227-h1-8k__642921.md,372
Hays plc,HAS,2026-02-27,FY2026H1,STRUCTURED_RESULT,h1-8k,85% | 9% | 9% | 3% | 3%,"Temp &amp; Contracting, (85% of Germany net fees), decreased by 9%. This was driven by a 9% YoY decline in volumes, although sequential trends were stable through the half, and 3% from lower average hours worked. The decline in working hours was driven by cost control measures predominantly by our Enterprise clients in the construction, infrastructure, and public sectors. This was partially offset",challenge/offline-data/hays/filings/2026-02-27__has-ln-20260227-h1-8k__642921.md,412
Hays plc,HAS,2026-02-27,FY2026H1,STRUCTURED_RESULT,h1-8k,22% | 12  | 15% | 1  | 26.  | 1 ,"Period-end consultant headcount decreased by 22% YoY. We have taken decisive action over the last 12 months to improve consultant net fee productivity, with growth accelerating to 15% YoY in H1 26. As expected, our sustained focus on cost discipline,  including  initiatives  to  delayer  management  and  optimise  our  office  portfolio,  has  driven  a  further  structural improvement in costs in",challenge/offline-data/hays/filings/2026-02-27__has-ln-20260227-h1-8k__642921.md,446
Hays plc,HAS,2026-02-27,FY2026H1,STRUCTURED_RESULT,h1-8k,7% | 1  | 26  | 223%,"Driven by our focus on resource allocation, consultant net fee productivity grew by 7% YoY in H1 26 and, supported by our structural cost initiatives, pre-exceptional operating profit increased by 223%. We expect that that when client and candidate confidence improves and the cycle recovers, we will deliver a healthy drop through of net fee growth to operating profit.",challenge/offline-data/hays/filings/2026-02-27__has-ln-20260227-h1-8k__642921.md,470
Hays plc,HAS,2026-02-27,FY2026H1,STRUCTURED_RESULT,h1-8k,62% | 12% | 20% | 12% | 10% | 18%,"EMEA ex-Germany (62% of RoW) net fees decreased by 12%. France, our largest RoW country, remained tough and loss-making with net fees down 20% but our actions to address productivity and costs are being delivered on plan so we expect  an  improved  performance  in  the  second  half.  Spain  and  Portugal  again  performed  strongly,  up  12%  and  10% respectively to all-time record performances,",challenge/offline-data/hays/filings/2026-02-27__has-ln-20260227-h1-8k__642921.md,494
Hays plc,HAS,2026-02-27,FY2026H1,STRUCTURED_RESULT,h1-8k,54  | 78  | 25 ,"As  a  business  with  people  at  its  core,  we  recognise  we  have  an  important  responsibility  to  our  candidates,  clients, colleagues and communities. We are committed to sustainability in its widest sense, as defined by the United Nations Sustainable Development Goals (UN SDGs) and our participation in the United Nations Global Compact, which together form the foundation of how we work",challenge/offline-data/hays/filings/2026-02-27__has-ln-20260227-h1-8k__642921.md,508
Hays plc,HAS,2026-02-27,FY2026H1,STRUCTURED_RESULT,h1-8k,21  | 2000. ,"This Interim Report (the 'Report') has been prepared in accordance with the Disclosure Guidance and Transparency Rules of the UK Financial Conduct Authority and is not audited. No representation or warranty, express or implied, is or will be made  in  relation  to  the  accuracy,  fairness  or  completeness  of  the  information  or  opinions  contained  in  this  Report. Statements in this Report",challenge/offline-data/hays/filings/2026-02-27__has-ln-20260227-h1-8k__642921.md,546
Hays plc,HAS,2026-02-27,FY2026H1,STRUCTURED_RESULT,h1-8k,"34,  ","Based on our review, nothing has come to our attention that causes us to believe that the interim financial statements are not  prepared,  in  all  material  respects,  in  accordance  with  UK  adopted  International  Accounting  Standard  34,  'Interim Financial Report ing' and the Disclosure Guidance and Transparency Rules sourcebook of the United Kingdom's Financial Conduct Authority.",challenge/offline-data/hays/filings/2026-02-27__has-ln-20260227-h1-8k__642921.md,564
Hays plc,HAS,2026-02-27,FY2026H1,STRUCTURED_RESULT,h1-8k,"34,  ","The interim financial statements included in the Half-Year Report of Hays plc have been prepared in accordance with UK adopted  International  Accounting  Standard  34,  'Interim  Financial  Reporting'  and  the  Disclosure  Guidance  and Transparency Rules sourcebook of the United Kingdom's Financial Conduct Authority.",challenge/offline-data/hays/filings/2026-02-27__has-ln-20260227-h1-8k__642921.md,574
Hays plc,HAS,2026-02-27,FY2026H1,STRUCTURED_RESULT,h1-8k,"31  | 2025.  | 34, ","The condensed Consolidated Interim Financial Statements ('Interim Financial Statements') are the results for the six months ended 31 December 2025. The Interim Financial Statements have been prepared in accordance with UK adopted International Accounting Standard 34, 'Interim Financial Reporting' and the Disclosure Guidance and Transparency Rules (DTR) sourcebook of the United Kingdom's Financial ",challenge/offline-data/hays/filings/2026-02-27__has-ln-20260227-h1-8k__642921.md,824
Hays plc,HAS,2026-02-27,FY2026H1,STRUCTURED_RESULT,h1-8k,12 ,"The Board approves an annual budget and reviews monthly management reports and quarterly forecasts. The output of the planning and budgeting processes has been used to forecast the Group's cash flow throughout the Going Concern period, being at least 12 months from the date of approval of the Interim Financial Statements.",challenge/offline-data/hays/filings/2026-02-27__has-ln-20260227-h1-8k__642921.md,862
Hays plc,HAS,2026-02-27,FY2026H1,STRUCTURED_RESULT,h1-8k,31  | 2025  | 95.3% | 31  | 2024 | 67%,"The Group's effective tax rate for the six months ended 31 December 2025 on a post-exceptionals basis was 95.3% (31 December 2024: 67%, 30 June 2025: 620%).  The Group's effective tax rate on a pre -exceptional basis for the six months ended 31 December 2025 was 44.8% (31 December 2024: 32.1%, 30 June 2025: 35.1%) and is based on the forecasted pre-exceptional effective tax rate for the full year.",challenge/offline-data/hays/filings/2026-02-27__has-ln-20260227-h1-8k__642921.md,961
Hays plc,HAS,2026-01-14,FY2026H1,EARNINGS_CALL,call-pres,2025.  | 10% | 8% | 14% | 20 million,"Unknown speaker: Thank you, Kean. Good morning, everyone, and thanks for joining us today. I'll present the key points and regional details of today's trading update before taking questions. As usual, all net fee growth percentages are on a like-for-like basis versus prior year, unless stated otherwise, and consequently exclude our operations in Chile and Colombia, which, as we've previously commu",challenge/offline-data/hays/call-transcripts/2026-01-14__has-ln-20260114-call-pres__401052.md,19
Hays plc,HAS,2026-01-14,FY2026H1,EARNINGS_CALL,call-pres,"1% | 15% | 18 million | 2029,  | 35 million | 2025 ","Unknown speaker: Consultant headcount reduced by 1% in the quarter and by 15% versus prior year. We will deliver circa GBP 18 million per annum structural cost savings by the end of FY 2029, comprising the GBP 35 million delivered in FY 2025 and the additional GBP 45 million target we communicated at our full-year results. We've made strong progress towards the latter, with circa GBP 15 million an",challenge/offline-data/hays/call-transcripts/2026-01-14__has-ln-20260114-call-pres__401052.md,23
Hays plc,HAS,2026-01-14,FY2026H1,EARNINGS_CALL,call-pres,5% | 2.  | 26  | 11% | 2% | 17%,"Unknown speaker: As with the U.K. and Ireland, a key driver of our profit recovery has been our greater focus from our consultants on high-skilled roles. As a result, year-on-year growth in the average salary of our PERM placements accelerated to 5% in Q2. In our Rest of World division comprising 26 countries, like-for-like fees decreased by 11%. TEMP fees decreased by 2%, but PERM was tougher and",challenge/offline-data/hays/call-transcripts/2026-01-14__has-ln-20260114-call-pres__401052.md,33
Hays plc,HAS,2026-01-14,FY2026H1,EARNINGS_CALL,call-pres,1  | 20 million | 5 million | 9% | 45 million | 15 million,"Unknown speaker: H1 reinforces our confidence in this view. Pre-exceptional operating profit is expected to be circa GBP 20 million, down GBP 5 million year-on-year, despite a 9% or GBP 45 million net fee decline, with the U.K. and Ireland back in profit and Australia and New Zealand up year-on-year. Our programs to structurally reduce our cost base are performing well, and we secured circa GBP 15",challenge/offline-data/hays/call-transcripts/2026-01-14__has-ln-20260114-call-pres__401052.md,39
Hays plc,HAS,2026-01-14,FY2026H1,EARNINGS_CALL,call-pres,2  | 3  | 3  | 4. ,Unknown speaker: We were pleased once again with our net fee productivity through Q2 and believe our group consultant headcount capacity is appropriate for current market conditions and therefore expect it to remain broadly stable in Q3 as we balance focused investment in high-performing and potential business lines with improving productivity in more challenging areas. We will continue to structu,challenge/offline-data/hays/call-transcripts/2026-01-14__has-ln-20260114-call-pres__401052.md,41
Hays plc,HAS,2026-01-14,FY2026H1,EARNINGS_CALL,call-qna,20 million | 50 million | 30 million,"Unknown speaker: Then my second sort of related question to that is, at the current levels of activity, when in this year or which quarter in this year, this calendar year, would you expect to return to break-even or positive net fee growth? And my final question is, on the adjusting operating profit, I think as you guide to GBP 20 million in the first half, but consensus sits at GBP 50 million fo",challenge/offline-data/hays/call-transcripts/2026-01-14__has-ln-20260114-call-qna__401059.md,17
Hays plc,HAS,2026-01-14,FY2026H1,EARNINGS_CALL,call-qna,"1  | 2  | 1  | 2, ","Unknown speaker: I think the material swing factor between Q1 and Q2 was the working hours in Germany. I think in our other larger businesses around the world, we actually saw some positive movements between Q1 and Q2, notably Australia, which improved versus the first quarter, and actually getting back into the year-on-year growth in PERM was pretty encouraging, and we saw forward momentum in TEM",challenge/offline-data/hays/call-transcripts/2026-01-14__has-ln-20260114-call-qna__401059.md,21
Hays plc,HAS,2026-01-14,FY2026H1,EARNINGS_CALL,call-qna,20 million | 20 million,"Unknown speaker: When you put that all together, our profits at circa GBP 20 million, we've offset most of that top line weakness year-on-year through the cost initiatives. So GBP 20 million is broadly where we expected to be in the first half. In terms of the second half and what we expect for that, I mean, it's really quite difficult at this time of year to be accurately predicting the top line.",challenge/offline-data/hays/call-transcripts/2026-01-14__has-ln-20260114-call-qna__401059.md,23
Hays plc,HAS,2026-01-14,FY2026H1,EARNINGS_CALL,call-qna,2.5% | 48.5 million,"Unknown speaker: That's an economy running at 2.5% GDP, and you can see the performance coming through in a business like that. So I think a lot of it depends on the wider world as well. Regarding second half from a consensus perspective, we've got a consensus at the moment, which is about GBP 48.5 million, something like that, for the full year, which means clearly we've got to do a slightly bett",challenge/offline-data/hays/call-transcripts/2026-01-14__has-ln-20260114-call-qna__401059.md,27
Hays plc,HAS,2026-01-14,FY2026H1,EARNINGS_CALL,call-qna,2. ,"Unknown speaker: Right. Thanks, Simon. I'll take the first one on consultant capacity in H2. Relatively simplistically, we're pretty happy with where we are as per guidance, and so next quarter, we expect it to be broadly stable. And therefore, for the second half, I expect it to be broadly stable unless things change materially from where we are now. And as I've just highlighted, clearly, we're i",challenge/offline-data/hays/call-transcripts/2026-01-14__has-ln-20260114-call-qna__401059.md,41
Hays plc,HAS,2026-01-14,FY2026H1,EARNINGS_CALL,call-qna,30%,"Unknown speaker: Provided we perform in line with our expectations, I'd expect that to be pretty stable over the half. Doesn't mean that we won't see some mixed changes between that because what we're doing continually is investing in some parts of the business, and we may be scaling back in others. But I think net net, I expect things to stay pretty flat because we're happy with the overall level",challenge/offline-data/hays/call-transcripts/2026-01-14__has-ln-20260114-call-qna__401059.md,43
Hays plc,HAS,2026-01-14,FY2026H1,EARNINGS_CALL,call-qna,2.  | 10 million | 15 million,"Unknown speaker: So I do expect the business to move forward in the second half, so I'm not overly concerned about that. Second question on one-off costs. It's really difficult for me to estimate that in H2. Clearly, in the first half, we've got about GBP 10 million of exceptional costs with over about GBP 15 million annualized savings. So it's difficult for me to predict exactly what it will be i",challenge/offline-data/hays/call-transcripts/2026-01-14__has-ln-20260114-call-qna__401059.md,65
Hays plc,HAS,2026-01-14,FY2026H1,EARNINGS_CALL,call-qna,"15 million | 1,  | 20 million | 1,  | 2, ","Unknown speaker: You commented on the GBP 15 million annualized savings by the end of H1, but can you clarify the actual savings contributing to the GBP 20 million EBIT in H1, and how much do you expect for H2, please? Thank you.",challenge/offline-data/hays/call-transcripts/2026-01-14__has-ln-20260114-call-qna__401059.md,91
Hays plc,HAS,2026-01-14,FY2026H1,EARNINGS_CALL,call-qna,15 million | 30 million | 17.5 million | 12.5 million | 35 million,"Unknown speaker: Simon, thanks. Yes, so the GBP 15 million annualized savings is what we've delivered through this half. In terms of the actual half and the full year in-year cost benefit, we expect to be about GBP 30 million or so in-year benefit from a P&L perspective. And it will be pretty broadly split between the two, slightly more in the first half, slightly less in the second half, about GB",challenge/offline-data/hays/call-transcripts/2026-01-14__has-ln-20260114-call-qna__401059.md,93
Hays plc,HAS,2026-01-14,FY2026H1,STRUCTURED_RESULT,q2-8k,1 | 20 | 2,"""Amidst  ongoing  macroeconomic uncertainty , challenging Perm conditions ,  and  weaker average hours worked in Germany , we are executing well against our strategy and continue to make significant operational progress . We were pleased to deliver resilient net fee s with Enterprise clients and good Temp &amp; Contracting net fee growth in several of our Focus countries (1) during the quarter. St",challenge/offline-data/hays/filings/2026-01-14__has-ln-20260114-q2-8k__401006.md,73
Hays plc,HAS,2026-01-14,FY2026H1,STRUCTURED_RESULT,q2-8k,"80  | 2  | 9,  | 35 | 25  | 45","We will deliver c.£ 80 m per annum structural cost savings by the end of FY2 9, compris ing the c.£35m delivered in FY25 and the additional c.£45m target we communicated at our full year results . We have made s trong progress towards the latter,  with c.£15m annualised savings already  secured in H1 26 . Our non-consultant headcount exited the quarter down  5% YoY .",challenge/offline-data/hays/filings/2026-01-14__has-ln-20260114-q2-8k__401006.md,123
Hays plc,HAS,2026-01-14,FY2026H1,STRUCTURED_RESULT,q2-8k,10  | 1  | 26.,We expect to incur a c.£ 10 m exceptional restructuring charge in H1 26.,challenge/offline-data/hays/filings/2026-01-14__has-ln-20260114-q2-8k__401006.md,125
Hays plc,HAS,2026-01-14,FY2026H1,STRUCTURED_RESULT,q2-8k,2  | 3 ,We were pleased  once again  with our net fee  productivity through Q2 and believe our Group consultant headcount capacity is appropriate for current market conditions  and  therefore expect it to remain broadly stable in Q 3 as we balance focused investment in high performing and potential business lines with improving productivity in more challenging areas.,challenge/offline-data/hays/filings/2026-01-14__has-ln-20260114-q2-8k__401006.md,131
Hays plc,HAS,2026-01-14,FY2026H1,STRUCTURED_RESULT,q2-8k,"2% | 22 % | 12   | 15 % | 2,  | 1  ","We reduced c onsultant headcount by  2% in the quarter and by 22 % year-on-year. We have taken decisive  action over the last 12  months to improve consultant net fee productivity , with growth accelerating to 15 % YoY in Q 2, and have made good  progress  in improving operational efficiency . As expected,  our sustained focus on  cost discipline, including initiatives to delayer management and op",challenge/offline-data/hays/filings/2026-01-14__has-ln-20260114-q2-8k__401006.md,168
Hays plc,HAS,2026-01-14,FY2026H1,STRUCTURED_RESULT,q2-8k,6  | 3 % | 12% | 21% | 2  | 26 ,"EMEA ex -Germany (6 3 % of RoW) net fees decreased by 12%. France, our largest RoW country, remained  tough and loss -making  with net fees down 21% but our actions to address productivity and costs are being delivered on plan so we expect  an improved performance in H2 26 . Portugal  and  Spain  again  performed  strongly , up 1 6 % and 7% respectively , Poland  returned  to YoY  growth , up 3 %,",challenge/offline-data/hays/filings/2026-01-14__has-ln-20260114-q2-8k__401006.md,190
Hays plc,HAS,2025-10-10,FY2026Q1,EARNINGS_CALL,call-q1-pres,"2025,  | 4% | 15% | 18 million | 2029,  | 35 million","Unknown speaker: This continues the encouraging trend we have demonstrated through FY 2025, and on a seasonally adjusted basis, productivity has increased now for eight consecutive quarters. Consultant headcount was reduced by 4% in the quarter and is now down 15% versus prior year. Our program to deliver GBP 18 million per annum in structural cost savings by the end of FY 2029, which comprises th",challenge/offline-data/hays/call-transcripts/2025-10-10__has-ln-20251010-call-q1-pres-2__148165.md,25
Hays plc,HAS,2025-10-10,FY2026Q1,EARNINGS_CALL,call-q1-pres,13% | 20% | 18% | 5% | 10% | 6%,"Unknown speaker: In EMEA ex-Germany, net fees were down 13%. France, our largest rest of the world country, remained tough and loss-making, with net fees down 20%, but our actions to address productivity and costs are being delivered on plan. Southern Europe was stronger, with Spain and Portugal up 18% and 5% respectively. In the Americas, net fees were down 10%, and following a subdued summer, bu",challenge/offline-data/hays/call-transcripts/2025-10-10__has-ln-20251010-call-q1-pres-2__148165.md,35
Hays plc,HAS,2025-10-10,FY2026Q1,EARNINGS_CALL,call-q1-pres,4% | 13% | 2026.  | 1  | 2  | 1 ,"Unknown speaker: For the rest of the world as a whole, consultant headcount decreased by 4% in the quarter and was down 13% year-on-year. Moving on to current trading and guidance, I'd like to highlight the following. Given ongoing macro-economic uncertainty, we expect near-term market conditions to remain challenging, and although we have limited forward visibility, we continue to believe this is",challenge/offline-data/hays/call-transcripts/2025-10-10__has-ln-20251010-call-q1-pres-2__148165.md,37
Hays plc,HAS,2025-10-10,FY2026Q1,EARNINGS_CALL,call-q1-pres,"8% | 1,  | 3% | 4%","Unknown speaker: Overall for the group, as we highlighted in the statement, we're pretty pleased with where we've landed from a profit perspective. Whilst top line is down 8% overall at the group level, we're there or thereabouts on profit in Q1, which is, you know, it's got us off to a decent start for the year. Picking up the second question on the U.S. We had a bit of a subdued July and early A",challenge/offline-data/hays/call-transcripts/2025-10-10__has-ln-20251010-call-q1-pres-2__148165.md,49
Hays plc,HAS,2025-10-10,FY2026Q1,EARNINGS_CALL,call-q1-pres,51 million | 12 ,"Unknown speaker: Great. Thanks, Simon. First question on full-year consensus. I think it's around GBP 51 million, as you highlighted. We're very early, obviously, in the year. We're three months in, and I think there's a lot of road ahead of us to get over the next nine months to see where we get to. At this stage, Simon, I'm comfortable with where the market is. I don't really see it either way, ",challenge/offline-data/hays/call-transcripts/2025-10-10__has-ln-20251010-call-q1-pres-2__148165.md,61
Hays plc,HAS,2025-10-10,FY2026Q1,EARNINGS_CALL,call-q1-pres,70% | 70% | -75% | 20%,"Unknown speaker: There's a lot of instability. There's a general lack of business confidence. We, like many of our competitors, are finding that a very challenging market to operate in. Our business in France is around 70%, 70%-75% perm. Clearly, it has an impact. We were down 20% year-on-year in the quarter, which is representative of that. We're not seeing any pickup at all. Top line is still re",challenge/offline-data/hays/call-transcripts/2025-10-10__has-ln-20251010-call-q1-pres-2__148165.md,63
Hays plc,HAS,2025-10-10,FY2026Q1,EARNINGS_CALL,call-q1-pres,4%,"Unknown speaker: Morning, Rory here. Two questions, please. You've already given the exit rate in September, but could you talk about how some of the KPIs within that look at the moment? You know, temp and contractor, starters versus finishers, and maybe anything on perm job flow. I guess September can kind of set the tone for the rest of the year. Just interested to know if there's anything worth",challenge/offline-data/hays/call-transcripts/2025-10-10__has-ln-20251010-call-q1-pres-2__148165.md,73
Hays plc,HAS,2025-10-10,FY2026Q1,EARNINGS_CALL,call-q1-pres,4%,"Unknown speaker: Just your question on consultant headcount. We were down 4% in the quarter. I'll be honest, it's probably a percentage point or two higher than where I expected it to be, but these things are never an exact science. What we are doing is very much balancing investment in areas where we've got high performance and high potential. We're still throttling back on areas where we're seei",challenge/offline-data/hays/call-transcripts/2025-10-10__has-ln-20251010-call-q1-pres-2__148165.md,81
Hays plc,HAS,2025-10-10,FY2026Q1,EARNINGS_CALL,call-q1-pres,45 million | 40 million,"Unknown speaker: Morning, James. Morning, Kean. Two questions, please. Firstly, regarding the remaining GBP 45 million cost savings that's targeted, could you help us quantify the amount of exceptional costs you'd expect to come with that? Secondly, the GBP 40 million of net debt is a little more elevated than we expected. Could you maybe elaborate on the moving parts there and help us understand ",challenge/offline-data/hays/call-transcripts/2025-10-10__has-ln-20251010-call-q1-pres-2__148165.md,95
Hays plc,HAS,2025-10-10,FY2026Q1,EARNINGS_CALL,call-q1-pres,35 million | 30 million | 40 million,"Unknown speaker: Sure. Thanks, Zach. On the exceptional cost, it's really hard to call how much that will be because clearly it's over a timeline of three to four years. It also depends on where it is. I wouldn't want to get drawn too much on it. What I would highlight is last year we saved about GBP 35 million in structural costs, and we incurred a GBP 30 million exceptional. It wasn't quite one-",challenge/offline-data/hays/call-transcripts/2025-10-10__has-ln-20251010-call-q1-pres-2__148165.md,97
Hays plc,HAS,2025-10-10,FY2026Q1,EARNINGS_CALL,call-q1-pres,1.  | 50 million | 75 million | 37 million | 15 million,"Unknown speaker: We normally do see a cash outflow in Q1. It's normally more around GBP 50 million or so, but clearly this time it's a bit higher. It's about GBP 75 million. Part of that actually was that we slightly overshot in June. If I look back to where we landed at GBP 37 million, it was probably GBP 15 million better than I was expecting. We've seen that reverse through this quarter. I don'",challenge/offline-data/hays/call-transcripts/2025-10-10__has-ln-20251010-call-q1-pres-2__148165.md,99
Hays plc,HAS,2025-10-10,FY2026Q1,EARNINGS_CALL,call-q1-pres,"1,  | 2. ","Unknown speaker: Yeah, thanks very much. Good morning. Just a couple of remaining questions from me. You talked obviously about the cadence of profitability in the U.K. and Australia between H1, H2. Just at the group level, very broadly, what kind of percentage split would you expect to see based on current consensus between the first and second halves? The second question, just going back to this",challenge/offline-data/hays/call-transcripts/2025-10-10__has-ln-20251010-call-q1-pres-2__148165.md,107
Hays plc,HAS,2025-10-10,FY2026Q1,EARNINGS_CALL,call-q1-pres,"10 million | 6,500 ","Unknown speaker: If the world was stable and we saw stability through the year, I'd expect generally to make about GBP 10 million more profit in the second half than in the first half. On the second question, that's a challenge. I'd have to sit there and look at all sort of 6,500 consultants and figure out who's up and who's down. Joking aside, what we are doing is managing our business on a very ",challenge/offline-data/hays/call-transcripts/2025-10-10__has-ln-20251010-call-q1-pres-2__148165.md,111
Hays plc,HAS,2025-10-10,FY2026Q1,STRUCTURED_RESULT,q1-8k,8%,- The September net fee growth rate was in line with the quarter at minus 8% working day adjusted and we continue to expect near term market conditions to remain challenging,challenge/offline-data/hays/filings/2025-10-10__has-ln-20251010-q1-8k__148167.md,85
Hays plc,HAS,2025-10-10,FY2026Q1,STRUCTURED_RESULT,q1-8k,"80 | 29,  | 35 | 25  | 45 | 17%","Our programme to deliver c.£80m per annum structural cost savings by the end of FY29, comprising the c.£35m delivered in FY25 and the additional c.£45m target we communicated at our full year results, continues to progress well and our non-consultant headcount exited the quarter down 17% YoY. Consequently, our cost base on a periodic and constant currency basis has improved to c.£74m from c.£75m i",challenge/offline-data/hays/filings/2025-10-10__has-ln-20251010-q1-8k__148167.md,155
Hays plc,HAS,2025-10-10,FY2026Q1,STRUCTURED_RESULT,q1-8k,26.,"Given ongoing macroeconomic uncertainty, we expect near term market conditions to remain challenging and, although we have limited forward visibility, we believe this is likely to persist through FY26.",challenge/offline-data/hays/filings/2025-10-10__has-ln-20251010-q1-8k__148167.md,159
Hays plc,HAS,2025-10-10,FY2026Q1,STRUCTURED_RESULT,q1-8k,1  | 2 ,We were pleased with our net fee productivity through Q1 and believe our Group consultant headcount capacity is appropriate for current market conditions and therefore expect it to remain broadly stable in Q2 as we balance focused investment in high performing and potential business lines with improving productivity in more challenging areas.,challenge/offline-data/hays/filings/2025-10-10__has-ln-20251010-q1-8k__148167.md,161
Hays plc,HAS,2025-10-10,FY2026Q1,STRUCTURED_RESULT,q1-8k,20% | 10% | 6% | 18% | 14%,"The Americas (20% of RoW) net fees decreased by 10%. Following a subdued summer but stronger September and improving outlook, the US and Canada were down 6% and 18% respectively. Latam, down 14%, was again challenging but stable.",challenge/offline-data/hays/filings/2025-10-10__has-ln-20251010-q1-8k__148167.md,238
Hays plc,HAS,2025-08-21,FY2025H2,EARNINGS_CALL,call-h2-pres,"2026,  | 45,000,000  | 13,400,000.0 | 3,300,000.0  | 26  | 12,000,000 ","Unknown speaker: Due to the ongoing nature of our restructuring and transformation programs, we expect to incur further exceptional restructuring costs in FY 2026, as we expect to make significant progress towards our $45,000,000 per annum structural cost saving ambition. Moving on to interest and tax, our net finance charge for the year increased to 13,400,000.0, driven by a 3,300,000.0 increase ",challenge/offline-data/hays/call-transcripts/2025-08-21__has-ln-20250821-call-h2-pres-2__143887.md,57
Hays plc,HAS,2025-08-21,FY2025H2,EARNINGS_CALL,call-h2-pres,"620% | 4,100,000  | 2,100,000.0  | 2026  | 38% | 2 ","Unknown speaker: On a post exceptional basis, the effective tax rate was 620%, in which a 4,100,000 tax credit in respect of exceptional items was offset by a 2,100,000.0 tax charge arising from the derecognition of a deferred tax asset following the defined benefit pension buy in. Based on our latest view of profit, we expect the group's ETR for FY 2026 to be circa 38%, consistent with the ETR fr",challenge/offline-data/hays/call-transcripts/2025-08-21__has-ln-20250821-call-h2-pres-2__143887.md,59
Hays plc,HAS,2025-08-21,FY2025H2,EARNINGS_CALL,call-h2-pres,"281% | 58,100,000  | 12,900,000  | 7,300,000.0  | 29,900,000  | 78,200,000 ","Unknown speaker: This represented a conversion of pre exceptional operating profit into cash from operations of 281%. Our working capital inflow was £58,100,000 driven by a reduction in temp fees and placements, partially offset by an increase in our debtor days to thirty seven days due to the greater resilience in our enterprise business clients, which have longer payment terms than the group ave",challenge/offline-data/hays/call-transcripts/2025-08-21__has-ln-20250821-call-h2-pres-2__143887.md,61
Hays plc,HAS,2025-08-21,FY2025H2,EARNINGS_CALL,call-h2-pres,"23,100,000  | 8,400,000  | 12,600,000  | 2,100,000  | 4,000,000  | 2026, ","Unknown speaker: Company pension contributions in the year were $23,100,000 which comprised $8,400,000 in respect of normal pension deficit contributions, and $12,600,000 related to the full pension buy in. In addition, we incurred $2,100,000 post buy in admin costs, and we anticipate a circa further $4,000,000 post buy in expenses and true up costs through to the final scheme buyout, which is exp",challenge/offline-data/hays/call-transcripts/2025-08-21__has-ln-20250821-call-h2-pres-2__143887.md,65
Hays plc,HAS,2025-08-21,FY2025H2,EARNINGS_CALL,call-h2-pres,"1.24 | 100,000,000  | 11%","Unknown speaker: This brings the full year dividend to 1.24p per share, and we expect to be at the higher end of the two to three times cover range going forwards. The group maintains a clear capital allocation framework and priorities for the use of the group's cash flow going forward. These are to fund the group's investment and development requirements, to maintain a strong balance sheet, to fu",challenge/offline-data/hays/call-transcripts/2025-08-21__has-ln-20250821-call-h2-pres-2__143887.md,67
Hays plc,HAS,2025-08-21,FY2025H2,EARNINGS_CALL,call-h2-pres,4 ,"Unknown speaker: Finally, have rebased the dividend and revised our capital allocation policy to provide greater balance sheet flexibility going forward. This will ensure we maintain a strong balance sheet, fund our long term growth initiatives and generate attractive returns to shareholders. Despite the difficult trading environment, I'm confident our actions have better positioned Hayes to benef",challenge/offline-data/hays/call-transcripts/2025-08-21__has-ln-20250821-call-h2-pres-2__143887.md,71
Hays plc,HAS,2025-08-21,FY2025H2,EARNINGS_CALL,call-h2-pres,1  | 1.  | 2026. ,"Unknown speaker: At a group level, there are no material working day effects in either H1 twenty six or in the full year. Given our ongoing focus on driving consultant productivity, we expect overall group consultant headcount will remain broadly stable in Q1. We will also continue to deliver on our structural efficiency programs, which will further reduce our cost base per period through FY 2026.",challenge/offline-data/hays/call-transcripts/2025-08-21__has-ln-20250821-call-h2-pres-2__143887.md,73
Hays plc,HAS,2025-08-21,FY2025H2,EARNINGS_CALL,call-h2-qna,"25,000,000  | 22,000,000 ","Unknown speaker: Andy, perhaps if I pick up the first question on CapEx and cover that one first, and then I'll hand over to Dirk for the second one. Clearly, had slightly lower CapEx than we guided this financial year. I think we were guiding about $25,000,000 and we did $22,000,000 so slightly behind. The step up next year is driven by two parts. One is technology investment in our infrastructur",challenge/offline-data/hays/call-transcripts/2025-08-21__has-ln-20250821-call-h2-qna__143888.md,17
Hays plc,HAS,2025-08-21,FY2025H2,EARNINGS_CALL,call-h2-qna,"11, ","Unknown speaker: So we're migrating the business over to Windows 11, and also a lot of work on our migration from our data center to the cloud. So that is more one off in nature. But the other part of our increased CapEx this financial year is being driven by investment in our programs around data and AI, which we see as the start of a multi year program and I expect that to carry on at a higher l",challenge/offline-data/hays/call-transcripts/2025-08-21__has-ln-20250821-call-h2-qna__143888.md,19
Hays plc,HAS,2025-08-21,FY2025H2,EARNINGS_CALL,call-h2-qna,"10,000,000 ","Unknown speaker: So there's quite a bit of foundation work required in that, but then obviously the ROI on use cases of AI deployment come later off the back of that. So I do expect it to continue for several years. But about $10,000,000 of CapEx this year is infrastructure related, which is much more one off in nature.",challenge/offline-data/hays/call-transcripts/2025-08-21__has-ln-20250821-call-h2-qna__143888.md,21
Hays plc,HAS,2025-08-21,FY2025H2,EARNINGS_CALL,call-h2-qna,2026  | 2025,"Unknown speaker: But overall, would you expect cash to be lower by the year end of FY 2026 than it was at FY 2025?",challenge/offline-data/hays/call-transcripts/2025-08-21__has-ln-20250821-call-h2-qna__143888.md,51
Hays plc,HAS,2025-08-21,FY2025H2,EARNINGS_CALL,call-h2-qna,"30,000,000  | 35,000,000  | 45,000,000 ","Unknown speaker: I think looking forward to next year, clearly we've had conversation around the CapEx and the guidance we've given there. Restructuring costs, we do expect to make progress next year, significant progress towards our longer term ambitions and that will incur some one off costs as well. And I think perhaps as a good rule of thumb, if you look at this financial year, we've incurred ",challenge/offline-data/hays/call-transcripts/2025-08-21__has-ln-20250821-call-h2-qna__143888.md,55
Hays plc,HAS,2025-08-21,FY2025H2,EARNINGS_CALL,call-h2-qna,"45,000,000 ","Unknown speaker: Good morning, gentlemen, and thank you for taking my question. I have a question on the cost saving program. Could you touch a little bit more on the 45,000,000 cost saving program? Where do you see room to generate more cost savings? Do you expect this to be more front end or back end loaded?",challenge/offline-data/hays/call-transcripts/2025-08-21__has-ln-20250821-call-h2-qna__143888.md,71
Hays plc,HAS,2025-08-21,FY2025H2,STRUCTURED_RESULT,h2-8k,4.   | 3  | 3  | 3 ,4.  Selected scope 3 emissions guiding our investment in beyond value-chain mitigation carbon-related projects. Includes our scope 3 business travel and scope 3 fuel and energy-related activities.,challenge/offline-data/hays/filings/2025-08-21__has-ln-20250821-h2-8k-2__671218.md,150
Hays plc,HAS,2025-08-21,FY2025H2,STRUCTURED_RESULT,h2-8k,2 | -3,"Our business model remains capital-light and highly cashgenerative, with clear cash flow priorities. However, faced with a second year running where core dividend cover would be below our 2-3x target range, as well as an uncertain trading outlook, the Board has proposed a reduction in the final dividend payment.",challenge/offline-data/hays/filings/2025-08-21__has-ln-20250821-h2-8k-2__671218.md,230
Hays plc,HAS,2025-08-21,FY2025H2,STRUCTURED_RESULT,h2-8k,8% | 320 billion | 0.5% | 31  | 21 ,"Hays has a leading position in the large, fragmented global professional recruitment market which will benefit from long-term structural growth drivers and is expected to grow by 8% annually over the next five years to $320 billion and; at a mid-teen rate with global enterprises through managed service provider (MSP) and recruitment process outsourcing (RPO) agreements. Hays currently has a mere 0",challenge/offline-data/hays/filings/2025-08-21__has-ln-20250821-h2-8k-2__671218.md,256
Hays plc,HAS,2025-08-21,FY2025H2,STRUCTURED_RESULT,h2-8k,26 ,Operating profit contributions from the UK&amp;I and France disappointed during the year and we took decisive action to reposition these businesses under new leadership and with greater alignment to our Five Lever strategy. I expect improved performance in FY26 from both businesses.,challenge/offline-data/hays/filings/2025-08-21__has-ln-20250821-h2-8k-2__671218.md,428
Hays plc,HAS,2025-08-21,FY2025H2,STRUCTURED_RESULT,h2-8k,2 | -3 | 2 | -3 | 100 million,"Faced with a second consecutive year where our core dividend cover would be below our 2-3x target range, together with an uncertain trading outlook, the Board has proposed a reduction in the final dividend payment that more appropriately aligns to the Group's current level of profitability and affordability. Our business model remains highly cash-generative and the Board's views on priorities for ",challenge/offline-data/hays/filings/2025-08-21__has-ln-20250821-h2-8k-2__671218.md,434
Hays plc,HAS,2025-08-21,FY2025H2,STRUCTURED_RESULT,h2-8k,"25,  | 5% | 75 | 35 | 45 | 29.","Given challenging markets, we focused on improving consultant productivity and carefully managing costs. In FY25, our consultant productivity grew by 5% and we delivered c.£75m in annualised savings, c.£35m of which are structural. Looking ahead, our ongoing efficiency programmes are expected to deliver a further c.£45m in structural savings by FY29.'",challenge/offline-data/hays/filings/2025-08-21__has-ln-20250821-h2-8k-2__671218.md,484
Hays plc,HAS,2025-08-21,FY2025H2,STRUCTURED_RESULT,h2-8k,26  | 12 million | 25 ,"We expect the net finance charge for FY26 to be c.£12 million, slightly below FY25 due to the impact of the defined benefit pension buy-in and lower utilisation of our revolving credit facility driven by improving working capital.",challenge/offline-data/hays/filings/2025-08-21__has-ln-20250821-h2-8k-2__671218.md,530
Hays plc,HAS,2025-08-21,FY2025H2,STRUCTURED_RESULT,h2-8k,"26  | 38% | 2  | 25, ","We expect the Group's ETR in FY26 to be c.38%, consistent with H2 FY25, assuming no material change in geographic mix of profits, and to reduce as profits rebuild over time.",challenge/offline-data/hays/filings/2025-08-21__has-ln-20250821-h2-8k-2__671218.md,540
Hays plc,HAS,2025-08-21,FY2025H2,STRUCTURED_RESULT,h2-8k,12.9 million | 24 | 26.4 million | 22.7 million | 24 | 23.4 million,"Cash tax paid in the year was £12.9 million (FY24: £26.4 million). Net capital expenditure was £22.7 million (FY24: £23.4 million), with continued investments in infrastructure and cyber security. We expect capital expenditure will be higher at c.£35 million in FY26 driven by our Hays Data and AI programme together with ongoing technology infrastructure investment.",challenge/offline-data/hays/filings/2025-08-21__has-ln-20250821-h2-8k-2__671218.md,558
Hays plc,HAS,2025-08-21,FY2025H2,STRUCTURED_RESULT,h2-8k,2 | -3,"Faced with a second consecutive year where our core dividend cover would be below our 2-3x target range, together with an uncertain trading outlook, the Board has proposed a reduction in the final dividend payment that more appropriately aligns to the Group's current level of profitability and affordability.",challenge/offline-data/hays/filings/2025-08-21__has-ln-20250821-h2-8k-2__671218.md,582
Hays plc,HAS,2025-08-21,FY2025H2,STRUCTURED_RESULT,h2-8k,0.29  | 3 | 25  | 1.24 ,"The final dividend proposed of 0.29 pence per share is calculated on 3x FY25 pre-exceptional earnings cover, and applying our historic one-third/two-thirds interim/final split. This brings the full year dividend to 1.24 pence per share.",challenge/offline-data/hays/filings/2025-08-21__has-ln-20250821-h2-8k-2__671218.md,584
Hays plc,HAS,2025-08-21,FY2025H2,STRUCTURED_RESULT,h2-8k,8% | 320 billion | 0.5%,The global recruitment market is expected to grow by 8% annually over the next five years to $320 billion and at a mid-teen rate with complex global enterprises through MSP and RPO agreements. Hays currently has a mere 0.5% market share of the global market and a strong competitive position with large clients though our Enterprise Solutions offering.,challenge/offline-data/hays/filings/2025-08-21__has-ln-20250821-h2-8k-2__671218.md,614
Hays plc,HAS,2025-08-21,FY2025H2,STRUCTURED_RESULT,h2-8k,25% | 22 | -25%,"We expect all business lines to be able to deliver a conversion rate of at least 25% (pre-central costs) in normal market conditions, with an overall Group conversion rate of 22-25%.",challenge/offline-data/hays/filings/2025-08-21__has-ln-20250821-h2-8k-2__671218.md,957
Hays plc,HAS,2025-08-21,FY2025H2,STRUCTURED_RESULT,h2-8k,2019 ,"From a Hays perspective, our new job inflow has not declined materially compared with 2019 but time-to-hire has lengthened. This is driven by client indecision, higher bid back rates, and a general increase in candidate hesitancy. In time, we expect to see an increase in professionals moving jobs as candidates once again look for career progression whether through greater responsibility, promotion",challenge/offline-data/hays/filings/2025-08-21__has-ln-20250821-h2-8k-2__671218.md,979
Hays plc,HAS,2025-08-21,FY2025H2,STRUCTURED_RESULT,h2-8k,3 | 3,"'Hays' expertise and strategic guidance were instrumental in successfully navigating the complexities of 3M MSP deployment. Their proactive approach, attention to detail and commitment to excellence helped us exceed our cost, capacity, and capability expectations. Throughout the process Hays maintained open and transparent communication, proactively addressing issues or concerns. They offered comp",challenge/offline-data/hays/filings/2025-08-21__has-ln-20250821-h2-8k-2__671218.md,1201
Hays plc,HAS,2025-08-21,FY2025H2,STRUCTURED_RESULT,h2-8k,"62% | 59% | 24, ","Through our strategy, we expect to increase the proportion of Temporary &amp; Contracting net fees in our businesses. Temporary &amp; Contracting net fees were relatively resilient through the year, and the contribution to Group net fees increased to 62% from 59% in FY24, whereas Permanent markets became increasingly challenging in most of our major countries.",challenge/offline-data/hays/filings/2025-08-21__has-ln-20250821-h2-8k-2__671218.md,1225
Hays plc,HAS,2025-08-21,FY2025H2,STRUCTURED_RESULT,h2-8k,84% | 8% | 4% | 5% | 1%,"We continue to see greater resilience in Contracting, with volumes remaining solid overall throughout the year as fewer finishers offset a lower number of starters, but more challenging markets in Temporary where we have greater exposure to the Automotive sector. Temporary &amp; Contracting (84% of Germany net fees) decreased by 8%. This was driven by 4% decline in volumes and 5% from lower averag",challenge/offline-data/hays/filings/2025-08-21__has-ln-20250821-h2-8k-2__671218.md,1874
Hays plc,HAS,2025-08-21,FY2025H2,STRUCTURED_RESULT,h2-8k,22% | 1% | 10% | 3% | 38% | 24 ,"The Americas (22% of RoW) was resilient with net fees up 1% YoY, led by growth in North America where markets remained stable with Canada and the US, up 10% and 3% respectively. After a refocusing of the US business, productivity increased 38% YoY, taking the business from loss making in FY24 to consistent monthly profitability in FY25. Latam markets were more challenging, down 20% YoY. North Amer",challenge/offline-data/hays/filings/2025-08-21__has-ln-20250821-h2-8k-2__671218.md,2006
Hays plc,HAS,2025-08-21,FY2025H2,STRUCTURED_RESULT,h2-8k,3 ,"In preparing the Consolidated Financial Statements, the Directors have considered the impact of climate change on the Group and have concluded that there is currently no material impact on financial reporting judgements and estimates (as discussed in note 3 to the Consolidated Financial Statements). This follows assessment by the Climate Committee of climate impacts evident during the year, the cl",challenge/offline-data/hays/filings/2025-08-21__has-ln-20250821-h2-8k-2__671218.md,2848
Hays plc,HAS,2025-08-21,FY2025H2,STRUCTURED_RESULT,h2-8k,-19  | 24  | -36 ,"Following a strong economic recovery after the COVID-19 pandemic, the global economic outlook has further deteriorated over the last 24 -36 months, with significant concerns that this could lead to a global recession/economic slowdown.",challenge/offline-data/hays/filings/2025-08-21__has-ln-20250821-h2-8k-2__671218.md,3109
Hays plc,HAS,2025-08-21,FY2025H2,STRUCTURED_RESULT,h2-8k,"25, ","Set against these downside trading scenarios, the Board also considered key mitigating factors including the geographic and sectoral diversity of the Group, its balanced business model across Temporary, Permanent and Contract recruitment services, and the focus on building a more resilient business, underpinned by the Group's clear strategy and focus on operational rigour. Furthermore, whilst our ",challenge/offline-data/hays/filings/2025-08-21__has-ln-20250821-h2-8k-2__671218.md,3410
Hays plc,HAS,2025-08-21,FY2025H2,STRUCTURED_RESULT,h2-8k,"1999  | 2008.  | 2012,  | 2023, ","Christoph joined Hays in 1999 as an Account Manager in Germany, progressing to Director of Contracting in 2008. In 2012, he became Chief Operating Officer, overseeing operations in Germany, Switzerland, Austria, Denmark, and Sweden, and played an instrumental role in building our outsourced services business in Germany. Since 2023, Christoph has served as Managing Director for the EMEA region, wor",challenge/offline-data/hays/filings/2025-08-21__has-ln-20250821-h2-8k-2__671218.md,3942
Hays plc,HAS,2025-08-21,FY2025H2,STRUCTURED_RESULT,h2-8k,20  | 2024  | 107.,"Our Designated Non-Executive Director for Workforce Engagement is Helen Cunningham, who was appointed on 20 November 2024 when MT Rainey stepped down from the Board. Helen regularly engages with the workforce through various formal and informal sessions and serves as the 'employee voice' in the boardroom. During the year, with support from Joe Hurd, Helen has held workforce engagement sessions in ",challenge/offline-data/hays/filings/2025-08-21__has-ln-20250821-h2-8k-2__671218.md,4310
Hays plc,HAS,2025-08-21,FY2025H2,STRUCTURED_RESULT,h2-8k,2025 ,"The 2025 Review took place soon after the change of Chair, during a period when the Board was adapting to new leadership against a challenging market backdrop. The Review adopted a slightly lighter-touch, proportionate approach that was respectful of the Directors' time commitment during this period, while still bringing a strong external lens through tailored scoping and independent analysis of t",challenge/offline-data/hays/filings/2025-08-21__has-ln-20250821-h2-8k-2__671218.md,4399
Hays plc,HAS,2025-08-21,FY2025H2,STRUCTURED_RESULT,h2-8k,25  | 26 ,"As well as this regular monitoring, the annual effectiveness review in respect of FY25 was conducted during the year under the guidance of the Committee Chair, on behalf of the Committee, and covered amongst other things a review of the audit partners, audit resource, planning and execution, Committee support and communications, and PwC's independence and objectivity. Overall feedback was positive",challenge/offline-data/hays/filings/2025-08-21__has-ln-20250821-h2-8k-2__671218.md,4861
Hays plc,HAS,2025-08-21,FY2025H2,STRUCTURED_RESULT,h2-8k,1  | 3 ,"In reviewing both the half-year and full-year Financial Statements, the following issues of significance were considered by the Committee and addressed as described. These matters are described in more detail in notes 1 to 3 of the Consolidated Financial Statements.",challenge/offline-data/hays/filings/2025-08-21__has-ln-20250821-h2-8k-2__671218.md,4873
Hays plc,HAS,2025-08-21,FY2025H2,STRUCTURED_RESULT,h2-8k,"25, ","However, as stated above, the external trading environment proved more difficult than expected in FY25, most notably in our Permanent recruitment business which became more challenging across the majority of our markets. Despite the decisive management action taken through the year to right-size the business, restructure operations and closely manage costs, ultimately the Group's profit performanc",challenge/offline-data/hays/filings/2025-08-21__has-ln-20250821-h2-8k-2__671218.md,5117
Hays plc,HAS,2025-08-21,FY2025H2,STRUCTURED_RESULT,h2-8k,"26.  | 25  | 24,  | 26 ","The Committee has taken considerable time to think carefully about the Profit targets for FY26. The extreme volatility of the economic markets makes it very challenging to accurately forecast potential outcomes. While the Company has control over its internal strategic changes and efficiencies, it is hard to predict the external trading situation given the ever-changing geo-political landscape. Th",challenge/offline-data/hays/filings/2025-08-21__has-ln-20250821-h2-8k-2__671218.md,5183
Hays plc,HAS,2025-08-21,FY2025H2,STRUCTURED_RESULT,h2-8k,2023  | 2022 ,"Both the CEO and CFO were recently appointed to the Board (in September 2023 and October 2022 respectively), and are therefore expected to build up their shareholdings over the course of their tenure.",challenge/offline-data/hays/filings/2025-08-21__has-ln-20250821-h2-8k-2__671218.md,5274
Hays plc,HAS,2025-08-21,FY2025H2,STRUCTURED_RESULT,h2-8k,3.  | 24.  | 25 ,3. Dirk Hahn's benefits were pro-rated in line with his service for FY24. FY25 shows full year figures. The amount shown for his PMI is a mandatory figure set by the German authorities and which forms part of the mandatory Company German social security payment.,challenge/offline-data/hays/filings/2025-08-21__has-ln-20250821-h2-8k-2__671218.md,5387
Hays plc,HAS,2025-08-21,FY2025H2,STRUCTURED_RESULT,h2-8k,24  | 25 ,- c)  Percentage changes in NED fees are because of pro-rating due to service in FY24 whereas FY25 represents a full year or because of a change of responsibilities during the year resulting in changes to fees. Please see footnotes.,challenge/offline-data/hays/filings/2025-08-21__has-ln-20250821-h2-8k-2__671218.md,5859
Hays plc,HAS,2025-08-21,FY2025H2,STRUCTURED_RESULT,h2-8k,"24,  | 1  | 2023.  | 25.","- d)  For FY24, Dirk Hahn's remuneration was pro-rated in line with his appointment to the Board on 1 September 2023. He has served a full year in FY25.",challenge/offline-data/hays/filings/2025-08-21__has-ln-20250821-h2-8k-2__671218.md,5860
Hays plc,HAS,2025-08-21,FY2025H2,STRUCTURED_RESULT,h2-8k,25  | 24.  | 25  | 24.,Cheryl Millington was SID for the full year in FY25 versus part of the year in FY24. Zarin Patel was Chair of the Audit and Risk Committee for the full year in FY25 versus part of the year in FY24.,challenge/offline-data/hays/filings/2025-08-21__has-ln-20250821-h2-8k-2__671218.md,5890
Hays plc,HAS,2025-08-21,FY2025H2,STRUCTURED_RESULT,h2-8k,144  | 145. ,"We are committed to providing a total reward package for our employees that is competitive. The structure of remuneration for employees is shown on pages 144 and 145. We anticipate that the ratio may vary significantly year to year as it will be influenced by the level of variable pay earned such as commission and Annual Bonus and, in the case of PSP awards, by the level of vesting and share price",challenge/offline-data/hays/filings/2025-08-21__has-ln-20250821-h2-8k-2__671218.md,5916
Hays plc,HAS,2025-08-21,FY2025H2,STRUCTURED_RESULT,h2-8k,10%,The current Investment Association (IA) guidance on dilution limits provides that the overall dilution under all share plans operated by a company should not exceed 10% over a ten-year period in relation to the Company's share capital. The Company's share plans operate within IA recommended guidelines on dilution limits.,challenge/offline-data/hays/filings/2025-08-21__has-ln-20250821-h2-8k-2__671218.md,6347
Hays plc,HAS,2025-08-21,FY2025H2,STRUCTURED_RESULT,h2-8k,4.1 | 15 | 4.1 | 18,The Company is required by the Financial Conduct Authority Disclosure Guidance and Transparency Rules to include these financial statements in an annual financial report prepared under the structured digital format required by DTR 4.1.15R - 4.1.18R and filed on the National Storage Mechanism of the Financial Conduct Authority. This auditors' report provides no assurance over whether the structured,challenge/offline-data/hays/filings/2025-08-21__has-ln-20250821-h2-8k-2__671218.md,6750
Hays plc,HAS,2025-08-21,FY2025H2,STRUCTURED_RESULT,h2-8k,"25, ","Set against these downside trading scenarios, the Board also considered key mitigating factors including the geographic and sectoral diversity of the Group, its balanced business model across Temporary, Permanent and Contracting recruitment services, and the focus on building a more resilient business, underpinned by the Group's clear strategy and focus on operational rigour. Furthermore, whilst o",challenge/offline-data/hays/filings/2025-08-21__has-ln-20250821-h2-8k-2__671218.md,7043
Hays plc,HAS,2025-08-21,FY2025H2,STRUCTURED_RESULT,h2-8k,70,"In preparing the Consolidated Financial Statements, the Directors have considered the impact of Climate Change on the Group and have concluded that there is no material impact on financial reporting judgments and estimates (further information is provided in the Strategic Report on page 70). This is consistent with the assertion that risks associated with Climate Change are not expected to have a ",challenge/offline-data/hays/filings/2025-08-21__has-ln-20250821-h2-8k-2__671218.md,7263
Hays plc,HAS,2025-08-21,FY2025H2,STRUCTURED_RESULT,h2-8k,18 ,"As described in note 18 to the Consolidated Financial Statements, expected credit loss of trade receivables and accrued income have been made. In reviewing the appropriateness of these provisions, consideration has been given to the ageing of the debt and the potential likelihood of default, taking into account current and future economic conditions.",challenge/offline-data/hays/filings/2025-08-21__has-ln-20250821-h2-8k-2__671218.md,7283
Hays plc,HAS,2025-08-21,FY2025H2,STRUCTURED_RESULT,h2-8k,"30  | 2024,  | 80.0 million | 27.9 million | 31  | 2023","During the year ended 30 June 2024, the Group incurred an exceptional charge of £80.0 million (of which £27.9 million was incurred in the six months ended 31 December 2023). Following the appointment of the new CEO, Dirk Hahn, and in response to increasingly challenging market conditions and a clear slowdown in most markets, we restructured the business operations of many countries across the Grou",challenge/offline-data/hays/filings/2025-08-21__has-ln-20250821-h2-8k-2__671218.md,7363
Hays plc,HAS,2025-08-21,FY2025H2,STRUCTURED_RESULT,h2-8k,"1.0 million | 30  | 2025  | 30  | 2025, ","As mentioned above, the Group recognised an impairment charge of £1.0 million during year ended 30 June 2025 in respect of the Fairer Consulting Limited CGU, included within the UK segment. Management revised its cash flow forecast as at 30 June 2025, which resulted in a reduction of its recoverable amount below the carrying amount and a strategic decision to divest.",challenge/offline-data/hays/filings/2025-08-21__has-ln-20250821-h2-8k-2__671218.md,7676
Hays plc,HAS,2025-08-21,FY2025H2,STRUCTURED_RESULT,h2-8k,"15.3 million | 30  | 2024,  | 30  | 2025, ","In the prior year, the Group recognised an impairment charge of £15.3 million (recorded under exceptional items) in respect of the US CGU, included within the Rest of World segment. Management revised it's cash flow forecast for the US CGU as at 30 June 2024, which resulted in a reduction of its recoverable amount below the carrying amount. During the year ended 30 June 2025, the perfomance of the",challenge/offline-data/hays/filings/2025-08-21__has-ln-20250821-h2-8k-2__671218.md,7678
Hays plc,HAS,2025-08-21,FY2025H2,STRUCTURED_RESULT,h2-8k,11.9 million,"The overall deferred tax asset has increased primarily following the buy-in transaction Hays plc entered into in relation to the Hays Pension Scheme, resulting in the deferred tax liability moving into a deferred tax asset position, together with an additional £11.9 million deferred tax asset for losses recognised in the UK, on the basis of forecast future taxable profits.",challenge/offline-data/hays/filings/2025-08-21__has-ln-20250821-h2-8k-2__671218.md,7845
Hays plc,HAS,2025-08-21,FY2025H2,STRUCTURED_RESULT,h2-8k,1.24  | 1.1 | 2.0  | 3.0,"Whilst the Group proposed core full year dividend of 1.24 pence per share represents a dividend cover of 1.1x earnings, the Group target core full year cover range remains 2.0 to 3.0x earnings.",challenge/offline-data/hays/filings/2025-08-21__has-ln-20250821-h2-8k-2__671218.md,7979
Hays plc,HAS,2025-08-21,FY2025H2,STRUCTURED_RESULT,h2-8k,9.,Intercompany and other receivables are initially measured at fair value. Subsequent to initial recognition these assets are measured at amortised cost less any provision for impairment losses. The Company measures impairment losses using the expected credit loss model in accordance with IFRS 9.,challenge/offline-data/hays/filings/2025-08-21__has-ln-20250821-h2-8k-2__671218.md,8605
Hays plc,HAS,2025-08-21,FY2025H2,STRUCTURED_RESULT,h2-8k,65.7 million | 350,"During the year the Company recognised an impairment charge of £65.7 million in respect of its investment in Hays Specialist Recruitment (Holdings) Limited. As a result of prolonged challenging market conditions in the UK recruitment market, during the year management revised its cash flow forecast of the Company's investment in the UK business, which resulted in a reduction of its recoverable amo",challenge/offline-data/hays/filings/2025-08-21__has-ln-20250821-h2-8k-2__671218.md,8680
Hays plc,HAS,2025-08-21,FY2025H2,STRUCTURED_RESULT,h2-8k,"35 million | 25,  | 45 million | 29","- Delivering efficiencies through focus on costs driven by c.£35 million per annum structural cost savings realised in FY25, ahead of target. Targeting further c.£45 million per annum structural cost savings by FY29",challenge/offline-data/hays/filings/2025-08-21__has-ln-20250821-h2-8k__143890.md,57
Hays plc,HAS,2025-08-21,FY2025H2,STRUCTURED_RESULT,h2-8k,45 million | 29. ,"Against this backdrop we continued to execute against our objectives and are incredibly grateful for the ongoing commitment of our colleagues. We maintained strong cost-discipline, generated good progress in consultant fee productivity, grew our Enterprise business, and improved our business mix. Our strategy, targeting the most in-demand sectors, roles and geographies, building stronger client re",challenge/offline-data/hays/filings/2025-08-21__has-ln-20250821-h2-8k__143890.md,66
Hays plc,HAS,2025-08-21,FY2025H2,STRUCTURED_RESULT,h2-8k,1  | 26.  | 26. ,"Given our ongoing focus on driving consultant productivity, we expect overall Group consultant headcount will remain broadly stable in Q1 26. We will also continue to deliver on our structural efficiency programmes which will further reduce our cost base per period in FY26. Overall, our current capacity has significant scope to deliver material net fee and profit growth when our key markets recove",challenge/offline-data/hays/filings/2025-08-21__has-ln-20250821-h2-8k__143890.md,152
Hays plc,HAS,2025-08-21,FY2025H2,STRUCTURED_RESULT,h2-8k,"62% | 59% | 24, ","Through our strategy, we expect to increase the proportion of Temp &amp; Contracting net fees in our businesses. Temp &amp; Contracting net fees were relatively resilient through the year, and the contribution to Group net fees increased to 62% from 59% in FY24, whereas Perm markets became increasingly challenging in most of our major countries.",challenge/offline-data/hays/filings/2025-08-21__has-ln-20250821-h2-8k__143890.md,244
Hays plc,HAS,2025-08-21,FY2025H2,STRUCTURED_RESULT,h2-8k,30.7 million | 2 | 8.  | 26.,"As a result of these actions, we incurred exceptional restructuring charges of £30.7 million (2) , detailed on page 8. Due to the ongoing and multi-year nature of our restructuring and transformation programmes, which are strategically reshaping the business in line with our Five Levers strategy, we expect to incur further exceptional costs in FY26.",challenge/offline-data/hays/filings/2025-08-21__has-ln-20250821-h2-8k__143890.md,274
Hays plc,HAS,2025-08-21,FY2025H2,STRUCTURED_RESULT,h2-8k,2 | -3,"Faced with a second consecutive year where our core dividend cover would be below our 2-3x target range, together with an uncertain trading outlook, the Board has proposed a reduction in the final dividend payment that more appropriately aligns to the Group's current level of profitability and affordability.",challenge/offline-data/hays/filings/2025-08-21__has-ln-20250821-h2-8k__143890.md,302
Hays plc,HAS,2025-08-21,FY2025H2,STRUCTURED_RESULT,h2-8k,0.29  | 3 | 25  | 1.24 ,"The final dividend proposed of 0.29 pence per share is calculated on 3x FY25 pre-exceptional earnings cover, and applying our historic one-third/two-thirds interim/final split. This brings the full year dividend to 1.24 pence per share.",challenge/offline-data/hays/filings/2025-08-21__has-ln-20250821-h2-8k__143890.md,304
Hays plc,HAS,2025-08-21,FY2025H2,STRUCTURED_RESULT,h2-8k,26  | 12 million | 25 ,"We expect the net finance charge for FY26 to be c.£12 million, slightly below FY25 due to the impact of the defined benefit pension buy-in and lower utilisation of our revolving credit facility, driven by improving working capital.",challenge/offline-data/hays/filings/2025-08-21__has-ln-20250821-h2-8k__143890.md,382
Hays plc,HAS,2025-08-21,FY2025H2,STRUCTURED_RESULT,h2-8k,"26  | 38% | 2  | 25, ","We expect the Group's ETR in FY26 to be c.38%, consistent with H2 FY25, assuming no material change in geographic mix of profits, and to reduce as profits rebuild over time.",challenge/offline-data/hays/filings/2025-08-21__has-ln-20250821-h2-8k__143890.md,388
Hays plc,HAS,2025-08-21,FY2025H2,STRUCTURED_RESULT,h2-8k,12.9 million | 24 | 26.4 million | 22.7 million | 24 | 23.4 million,"Cash tax paid in the year was £12.9 million (FY24: £26.4 million). Net capital expenditure was £22.7 million (FY24: £23.4 million), with continued investments in infrastructure and cyber security. We expect capital expenditure will be higher at c.£35 million in FY26 driven by our Hays Data and AI investment programmes together with ongoing technology infrastructure investment.",challenge/offline-data/hays/filings/2025-08-21__has-ln-20250821-h2-8k__143890.md,414
Hays plc,HAS,2025-08-21,FY2025H2,STRUCTURED_RESULT,h2-8k,2 | -3,"Faced with a second consecutive year where our core dividend cover would be below our 2-3x target range, together with an uncertain trading outlook, the Board has proposed a reduction in the final dividend payment that more appropriately aligns to the Group's current level of profitability and affordability.",challenge/offline-data/hays/filings/2025-08-21__has-ln-20250821-h2-8k__143890.md,430
Hays plc,HAS,2025-08-21,FY2025H2,STRUCTURED_RESULT,h2-8k,0.29  | 3 | 25  | 1.24 ,"The final dividend proposed of 0.29 pence per share is calculated on 3x FY25 pre-exceptional earnings cover, and applying our historic one-third/two-thirds interim/final split. This brings the full year dividend to 1.24 pence per share.",challenge/offline-data/hays/filings/2025-08-21__has-ln-20250821-h2-8k__143890.md,432
Hays plc,HAS,2025-08-21,FY2025H2,STRUCTURED_RESULT,h2-8k,1  | 26.,"Given our focus on consultant net fee productivity by targeting higher skilled/higher paid roles and the most in-demand industries and markets, we will continue to review our consultant capacity to ensure it is appropriate for current market conditions. We expect total Group headcount will continue to decrease modestly as our multi-year programme to transform our front, middle and back-office func",challenge/offline-data/hays/filings/2025-08-21__has-ln-20250821-h2-8k__143890.md,462
Hays plc,HAS,2025-08-21,FY2025H2,STRUCTURED_RESULT,h2-8k,84% | 8% | 4% | 5% | 1%,"We continue to see greater resilience in Contracting, with volumes remaining solid overall throughout the year as fewer finishers offset a lower number of starters, but more challenging markets in Temp where we have greater exposure to the Automotive sector. Temp &amp; Contracting, (84% of Germany net fees), decreased by 8%. This was driven by a 4% decline in volumes and 5% from lower average hour",challenge/offline-data/hays/filings/2025-08-21__has-ln-20250821-h2-8k__143890.md,510
Hays plc,HAS,2025-08-21,FY2025H2,STRUCTURED_RESULT,h2-8k,"22% | 1% | 10% | 3% | 24,  | 38%","The Americas (22% of RoW) was resilient with net fees up 1% YoY, led by growth in North America where Canada and the US were up 10% and 3% respectively. After a refocusing of the US business in FY24, productivity increased 38% YoY, returning to profitability from a loss-making position in the prior year. Latam markets were more challenging, down 20% YoY, we have now completed the closure of our Ch",challenge/offline-data/hays/filings/2025-08-21__has-ln-20250821-h2-8k__143890.md,622
Hays plc,HAS,2025-08-21,FY2025H2,STRUCTURED_RESULT,h2-8k,21  | 2000. ,"This Preliminary Report (the 'Report') has been prepared in accordance with the Disclosure Guidance and Transparency Rules of the UK Financial Conduct Authority and is not audited. No representation or warranty, express or implied, is or will be made in relation to the accuracy, fairness or completeness of the information or opinions contained in this Report. Statements in this Report reflect the ",challenge/offline-data/hays/filings/2025-08-21__has-ln-20250821-h2-8k__143890.md,684
Hays plc,HAS,2025-08-21,FY2025H2,STRUCTURED_RESULT,h2-8k,"25, ","Set against these downside trading scenarios, the Board also considered key mitigating factors including the geographic and sectoral diversity of the Group, its balanced business model across Temporary, Permanent and Contract recruitment services, and the focus on building a more resilient business, underpinned by the Group's clear strategy and focus on operational rigour. Furthermore, whilst our ",challenge/offline-data/hays/filings/2025-08-21__has-ln-20250821-h2-8k__143890.md,1000
Hays plc,HAS,2025-08-21,FY2025H2,STRUCTURED_RESULT,h2-8k,"30  | 2024,  | 80.0 million | 27.9 million | 31  | 2023","During the year ended 30 June 2024, the Group incurred an exceptional charge of £80.0 million (of which £27.9 million was incurred in the six months ended 31 December 2023). Following the appointment of the new CEO, Dirk Hahn, and in response to increasingly challenging market conditions and a clear slowdown in most markets, we restructured the business operations of many countries across the Grou",challenge/offline-data/hays/filings/2025-08-21__has-ln-20250821-h2-8k__143890.md,1094
Hays plc,HAS,2025-06-19,FY2025H2,EARNINGS_CALL,call-pres,"3,  | 9% | 4,  | 8% | 5% | 4 ","Unknown speaker: Following a sequentially stable period of trading in Q3, net fees reduced sequentially through our fourth quarter, primarily driven by a broad-based weakness in perm activity globally, reflecting low levels of client and candidate confidence as a result of macroeconomic uncertainty. Based on our current expectations for June, like-for-like net fees are expected to decline by 9% ye",challenge/offline-data/hays/call-transcripts/2025-06-19__has-ln-20250619-call-pres__74991.md,21
Hays plc,HAS,2025-06-19,FY2025H2,EARNINGS_CALL,call-pres,75 million | 76 million | 3.  | 2025  | 45 million | 2025 ,"Unknown speaker: Our current cost base on a periodic and constant currency basis has improved to GBP 75 million per period from GBP 76 million in Q3. Given the largely fixed short-term nature of our cost base, there has been a high drop-through of lower net fees to profitability, and as a result, we currently expect FY 2025 pre-exceptional operating profits of GBP 45 million. At this level of prof",challenge/offline-data/hays/call-transcripts/2025-06-19__has-ln-20250619-call-pres__74991.md,23
Hays plc,HAS,2025-06-19,FY2025H2,EARNINGS_CALL,call-pres,3% | 17% | 13% | 12% | 14% | 9%,"Unknown speaker: The year-on-year decline in temp and contracting fees is expected to moderate slightly to 3%. Volumes remain solid overall in contracting, but conditions remain weak in temp, where we have a greater exposure to the automotive sector. Perm remains challenging, and we expect fees to decrease by 17%. In the U.K. and Ireland, we expect fees to decrease by 13%. Temp and contracting fee",challenge/offline-data/hays/call-transcripts/2025-06-19__has-ln-20250619-call-pres__74991.md,25
Hays plc,HAS,2025-06-19,FY2025H2,EARNINGS_CALL,call-pres,26  | 9% | 30% | 3% | 1% | 5%,"Unknown speaker: In our rest-of-world division comprising 26 countries, we expect fees to decrease by 9%. In ME/EGG Germany, with expected net fees down 30%, has experienced challenging perm conditions, particularly in France. Asia, with expected fees down 3%, is stable overall, and we expect net fees to decline by 1% in the Americas, with 5% year-on-year growth in North America, where markets rem",challenge/offline-data/hays/call-transcripts/2025-06-19__has-ln-20250619-call-pres__74991.md,27
Hays plc,HAS,2025-06-19,FY2025H2,EARNINGS_CALL,call-pres,2026  | 30 million | 2027  | 75 million | 76 million | 3. ,"Unknown speaker: Our enterprise business has maintained good net fee growth, driven by headcount investment in existing clients, higher fill rates, and new contract wins, and we enter FY 2026 with a healthy bid pipeline. Our initiatives to deliver structural savings of circa GBP 30 million per annum by the end of FY 2027 continue to progress well, and consequently, our current cost base on a perio",challenge/offline-data/hays/call-transcripts/2025-06-19__has-ln-20250619-call-pres__74991.md,29
Hays plc,HAS,2025-06-19,FY2025H2,EARNINGS_CALL,call-qna,5% | 10%,"Unknown speaker: Thanks, Simon. I'll pick each of those up in terms. The first one is kind of how did this quarter pan out versus our expectations? I think coming into the quarter, we were expecting fees to be down year-on-year, but probably more in the region around 5% year-on-year. As I said in the trading update, the weakness has been, the vast majority of it has been perm-led, with our temp an",challenge/offline-data/hays/call-transcripts/2025-06-19__has-ln-20250619-call-qna__75009.md,15
Hays plc,HAS,2025-06-19,FY2025H2,EARNINGS_CALL,call-qna,"100 million | 4,  | 10 million","Unknown speaker: This time last year, we did about GBP 100 million of perm fees in Q4, and clearly that creates about a GBP 10 million gap on perm fees versus where we expected to be. As you well know, Simon, the vast majority of that drops through to the bottom line in the immediate short term because the only saves we have on the cost base in the immediate term is the commission saves with the r",challenge/offline-data/hays/call-transcripts/2025-06-19__has-ln-20250619-call-qna__75009.md,17
Hays plc,HAS,2025-06-19,FY2025H2,EARNINGS_CALL,call-qna,5% | 9% | 4% | 12 million,"Unknown speaker: Overall, I was expecting to be about 5% down year-on-year this quarter, and coming in at 9% is clearly 4% behind where we expected to be, and it is about GBP 12 million of fees. Perm, where are we seeing the weakness? If I start geographically, where we have seen the most challenging perm markets have been in Northern Europe and in the U.K. You can see in the statement that German",challenge/offline-data/hays/call-transcripts/2025-06-19__has-ln-20250619-call-qna__75009.md,19
Hays plc,HAS,2025-06-19,FY2025H2,EARNINGS_CALL,call-qna,"1  | 2026  | 20 million | 2,  | 4. ","Unknown speaker: Morning, it's Rory here. I'll just start with two, please. Firstly, on the perm deterioration, is it fair to say that jobs will worsen through the quarter? Can you help us think about the exit rate into Q1 2026 and any kind of comparatives to think about there? Secondly, about, I guess, the exit rate on profitability. Your guidance implies around GBP 20 million in H2, which I gues",challenge/offline-data/hays/call-transcripts/2025-06-19__has-ln-20250619-call-qna__75009.md,35
Hays plc,HAS,2025-06-19,FY2025H2,EARNINGS_CALL,call-qna,45 million | 25 million | 20 million | 20 million | 3  | 4.,"Unknown speaker: In terms of exit rate, I'm not going to get too drawn into exit rates for this quarter clearly because I haven't closed the books yet for June, so it would be slightly early for me to try and comment on that. I would just reiterate the point that the trends that we have seen through the quarter, both in terms of perm and temp, are consistent with what I expect the numbers to be in",challenge/offline-data/hays/call-transcripts/2025-06-19__has-ln-20250619-call-qna__75009.md,39
Hays plc,HAS,2025-06-19,FY2025H2,EARNINGS_CALL,call-qna,12 ,"Unknown speaker: Despite our efforts to, and I think we have made substantial progress in bringing the cost base down through the year, we are materially lower than where we were 12 months ago. A good proportion of that is in the structural areas as well as managing our capacity appropriately as you would expect us to do. In terms of how that goes forward, I do not have a June headcount yet, but I",challenge/offline-data/hays/call-transcripts/2025-06-19__has-ln-20250619-call-qna__75009.md,41
Hays plc,HAS,2025-06-19,FY2025H2,EARNINGS_CALL,call-qna,26. ,"Unknown speaker: I'll give an update on that in August when we do our prelims instead because then I'll have a firm June number which I can kind of work from. Our actual initiatives to drive efficiencies in some of the overhead areas and the structural areas of the business continue at a pace, actually. I'm very pleased with how we're continuing to make progress on that. I expect to continue to ma",challenge/offline-data/hays/call-transcripts/2025-06-19__has-ln-20250619-call-qna__75009.md,43
Hays plc,HAS,2025-06-19,FY2025H2,EARNINGS_CALL,call-qna,47 million | 80 | -85 million | 4 ,"Unknown speaker: Yeah, thanks, Rory. Clearly, we spoke about this last time, and I was clear that to maintain the current level of dividend payout, which is about GBP 47 million over the full year, I need to be doing around GBP 80-85 million of operating profit now that we've done the deal on the pension scheme. Clearly, we're not at a level that can cover that, which means we don't cover the divi",challenge/offline-data/hays/call-transcripts/2025-06-19__has-ln-20250619-call-qna__75009.md,47
Hays plc,HAS,2025-06-19,FY2025H2,EARNINGS_CALL,call-qna,26. ,"Unknown speaker: Morning. The first question is just on FY26. Obviously, there's a lot of moving parts. There's kind of the tariff-related and geopolitical uncertainty, so I appreciate it's probably hard to give firm guidance at this stage. I appreciate it's probably hard to give firm guidance at this stage. Just hoping maybe you could kind of give us some sort of range of possible scenarios, perh",challenge/offline-data/hays/call-transcripts/2025-06-19__has-ln-20250619-call-qna__75009.md,57
Hays plc,HAS,2025-06-19,FY2025H2,EARNINGS_CALL,call-qna,26  | 20 million | 3  | 4. ,"Unknown speaker: Thanks, Zak. I'll pick up each of those. I'll kick off with the question on FY26 guidance and look. I think we're in a pretty uncertain world right now, and you've seen the impact of that uncertainty into our numbers this quarter. I feel at this stage it wouldn't be appropriate or, in fact, realistic for me to give a full-year guidance. I've tried to be as clear as I can on exactl",challenge/offline-data/hays/call-transcripts/2025-06-19__has-ln-20250619-call-qna__75009.md,59
Hays plc,HAS,2025-06-19,FY2025H2,EARNINGS_CALL,call-qna,26.  | 75% | 22%,"Unknown speaker: You can see from your model where our fees are, and you can draw your own extrapolation out from that. I think that would be your view on the macro. It's different than mine, probably. At this stage, I don't think it's appropriate or, in fact, possible for me to give relevant guidance for FY26. In terms of the question on France and temp and contracting mix versus perm, you're abs",challenge/offline-data/hays/call-transcripts/2025-06-19__has-ln-20250619-call-qna__75009.md,61
Hays plc,HAS,2025-06-19,FY2025H2,EARNINGS_CALL,call-qna,15 million | 20 million | 26 ,"Unknown speaker: Hi, Sanjay. Yes. We're holding that guidance at around GBP 15 million-GBP 20 million. Clearly, we haven't closed the books for June yet, so we've got a little way to go to confirm that. Obviously, we'll give full disclosure and transparency on that in August in the prelims. Yeah, that expectation hasn't shifted at all materially from where we were previously. In terms of FY26 and ",challenge/offline-data/hays/call-transcripts/2025-06-19__has-ln-20250619-call-qna__75009.md,71
Hays plc,HAS,2025-06-19,FY2025H2,EARNINGS_CALL,call,"4  | 3,  | 9% | 4,  | 8% | 5%","James Hilton: Thank you, Kean. Good morning, everyone, and thanks for joining us today at short notice. As you'll appreciate, we haven't closed our books for June yet, so we aren't in a position to provide the full level of disclosure normally contained in our quarterly release. But we will be as helpful as we can today, and we will include an appendix containing fuller Q4 data in our prelim resul",challenge/offline-data/hays/call-transcripts/2025-06-19__has-ln-20250619-call__27277.md,17
Hays plc,HAS,2025-06-19,FY2025H2,EARNINGS_CALL,call,5% | 1  | 2  | 10% | 100 million | 4. ,"James Hilton: Thanks, Simon. I'll pick each of those up in turn. So the first one is kind of how did this one -- this quarter pan out versus our expectations. I think coming into the quarter, we were expecting fees to be down year-on-year, but probably more in the region of around 5% year-on-year. As I said in this trading update, that the weakness has been -- the vast majority of it has been Perm",challenge/offline-data/hays/call-transcripts/2025-06-19__has-ln-20250619-call__27277.md,23
Hays plc,HAS,2025-06-19,FY2025H2,EARNINGS_CALL,call,"2,  | 1  | 26  | 20 million | 2,  | 4. ","Rory Edward McKenzie: It's Rory here. I'll just start with 2, please. Firstly, on the Perm deterioration. Is it fair to say that job flow worsened through the quarter? And so can you help us think about the exit rate into Q1 '26 and any kind of comparators to think about there? And then secondly, about, I guess, the exit rate on profitability. You're guiding -- your guidance implies around GBP 20 ",challenge/offline-data/hays/call-transcripts/2025-06-19__has-ln-20250619-call__27277.md,27
Hays plc,HAS,2025-06-19,FY2025H2,EARNINGS_CALL,call,5  | 5 | 5% | 10% | 3  | 45 million,"James Hilton: Okay. Thanks, Rory. In terms of the job flow through the quarter. It's quite hard to look at it sort of month per month per month because, clearly, we have -- April is seasonally impacted by Easter. But if I look through the full working weeks where we had 5 days, it's clear that in April we saw lower job registrations than we had seen in February and March for a full 5-day week. And",challenge/offline-data/hays/call-transcripts/2025-06-19__has-ln-20250619-call__27277.md,29
Hays plc,HAS,2025-06-19,FY2025H2,EARNINGS_CALL,call,47 million | 80 million | 85 million | 4  | 2  | 3,"James Hilton: Yes. Thanks, Rory. Clearly, we spoke about this last time. And I was clear that to maintain the current level of dividend payout, which is about GBP 47 million over the full year, I need to be doing around GBP 80 million to GBP 85 million of profit, operating profit, now that we've done the deal on the pension scheme. So clearly, we're not at a level that can cover that, which means ",challenge/offline-data/hays/call-transcripts/2025-06-19__has-ln-20250619-call__27277.md,33
Hays plc,HAS,2025-06-19,FY2025H2,EARNINGS_CALL,call,26. ,"Zachariah Al-Qaryooti: First question is just on FY '26. Obviously, there's a lot of moving parts, so it's kind of the tariff related and geopolitical uncertainties. So I appreciate it's probably hard to give a firm guidance at this stage. I was just hoping maybe you could kind of give us some sort of range of possible scenarios perhaps? And then second question on France. In that market, you're q",challenge/offline-data/hays/call-transcripts/2025-06-19__has-ln-20250619-call__27277.md,37
Hays plc,HAS,2025-06-19,FY2025H2,EARNINGS_CALL,call,26  | 20 million | 3  | 4.  | 26.  | 75%,"James Hilton: Thanks, Zach. I'll pick up each of those. I'll kick off with a question on FY '26 guidance. And look, I think we're in a pretty uncertain world right now and you've seen the impact of that uncertainty into our numbers this quarter. I feel at this stage it wouldn't be appropriate, or in fact, realistic for me to give a full year guidance. I've tried to be as clear as I can on exactly ",challenge/offline-data/hays/call-transcripts/2025-06-19__has-ln-20250619-call__27277.md,39
Hays plc,HAS,2025-06-19,FY2025H2,EARNINGS_CALL,call,15 million | 20 million | 26  | 26.,"James Hilton: Sanjay, yes. So we're holding that guidance at around GBP 15 million to GBP 20 million. Clearly, we haven't closed the books for June yet. So we've got a way to go to confirm that, and obviously, we'll give full disclosure and transparency on that in August in the prelims. But yes, that expectation hasn't shifted at all materially from where we were previously. In terms of FY '26 and",challenge/offline-data/hays/call-transcripts/2025-06-19__has-ln-20250619-call__27277.md,45
Hays plc,HAS,2025-06-19,FY2025H2,STRUCTURED_RESULT,q4-8k,45 | 25 ,## c.£45m pre-exceptional operating profit expected in FY25 primarily due to more challenging Perm markets,challenge/offline-data/hays/filings/2025-06-19__has-ln-20250619-q4-8k__119747.md,59
Hays plc,HAS,2025-06-19,FY2025H2,STRUCTURED_RESULT,q4-8k,9% | 4  | 8% | 14% | 5%,"We currently expect Group like-for-like net fees to decline by 9% YoY in Q4 (8% on a working day adjusted basis) against a soft prior-year comparative, with Perm and Temp &amp; Contracting down 14% and 5% respectively.",challenge/offline-data/hays/filings/2025-06-19__has-ln-20250619-q4-8k__119747.md,63
Hays plc,HAS,2025-06-19,FY2025H2,STRUCTURED_RESULT,q4-8k,75 | 76 | 3.  | 25  | 45,"Our current cost base on a periodic and constant currency basis has improved to c.£75m from c.£76m in Q3. However, given the largely fixed short-term nature of our cost base there has been a high drop-through of lower net fees to profitability and, as a result, we currently expect FY25 pre-exceptional operating profit of c.£45m*",challenge/offline-data/hays/filings/2025-06-19__has-ln-20250619-q4-8k__119747.md,65
Hays plc,HAS,2025-06-19,FY2025H2,STRUCTURED_RESULT,q4-8k,5% | 13% | 9%,"At a regional level, we expect like-for-like net fees in our largest country Germany to decrease by 5% with continued stability in Contracting but weaker conditions in Perm and Temp, primarily due to a subdued Automotive sector. Perm has also weakened in the UK&amp;I and we expect a 13% divisional net fee decline, and similarly in ANZ where net fees are expected to be down 9% YoY.",challenge/offline-data/hays/filings/2025-06-19__has-ln-20250619-q4-8k__119747.md,67
Hays plc,HAS,2025-06-19,FY2025H2,STRUCTURED_RESULT,q4-8k,9% | 13% | 3% | 1% | 5%,"Net fees are expected to decline by 9% YoY in RoW. EMEA ex-Germany (net fees down 13%) has experienced challenging Perm markets, particularly in France. Asia (net fees down 3%) is stable overall. Americas (net fees down 1%) with 5% YoY growth in North America where markets remain stable.",challenge/offline-data/hays/filings/2025-06-19__has-ln-20250619-q4-8k__119747.md,69
Hays plc,HAS,2025-06-19,FY2025H2,STRUCTURED_RESULT,q4-8k,26 ,We expect current challenging market conditions to persist into FY26 and remain committed to delivering our focused strategy. Our initiatives to improve net fee productivity in real terms and back-office efficiency will be important drivers of medium-term profit recovery when the market recovers.,challenge/offline-data/hays/filings/2025-06-19__has-ln-20250619-q4-8k__119747.md,73
Hays plc,HAS,2025-04-16,FY2025Q3,EARNINGS_CALL,call-q3-pres,13% | 3% | 6% | 7% | 10% | 12%,"Unknown speaker: Perm exited at minus 13%, while temp and contracting was more resilient and exited at minus 3% on a working day adjusted basis. And despite ongoing macroeconomic uncertainties, we currently expect f y twenty five operating profit will be in line with consensus. I would highlight the following key items from the results. In our temps and contracting business, net fees decreased by ",challenge/offline-data/hays/call-transcripts/2025-04-16__has-ln-20250416-call-q3-pres__74967.md,25
Hays plc,HAS,2025-04-16,FY2025Q3,EARNINGS_CALL,call-q3-pres,"76,000,000  | 77,000,000  | 17% | 30,000,000,  | 5,000,000 ","Unknown speaker: And consequently, our current cost base on a periodic and constant currency basis have improved to circa 76,000,000 from circa 77,000,000 in q two. We have removed duplicated costs, delayed management, outsourced selective opportunities, further standardized and globalized processes, and expanded our shared service centers. Our non nonconsulted headcount exited the quarter down 17",challenge/offline-data/hays/call-transcripts/2025-04-16__has-ln-20250416-call-q3-pres__74967.md,31
Hays plc,HAS,2025-04-16,FY2025Q3,EARNINGS_CALL,call-q3-pres,24% | 11% | 20% | 8% | 2025.,"Unknown speaker: In Ireland, our fees decreased by 24%. Consultant headcount decreased by 11% in the quarter and by 20% year on year. We're not satisfied with our h one performance and have taken action over the last six months to improve consultant net fee productivity, which increased by 8% year on year in q three, and we've made good progress with our operational efficiency initiatives. As a re",challenge/offline-data/hays/call-transcripts/2025-04-16__has-ln-20250416-call-q3-pres__74967.md,41
Hays plc,HAS,2025-04-16,FY2025Q3,EARNINGS_CALL,call-q3-pres,"3% | 250,000,000. ","Unknown speaker: Within Tenpin contracting, year on year net fee growth was positive in five of our eight focused countries in q three. And at the group level, we exited the quarter with fees of minus 3%. Driving real growth in consultant productivity through business line prioritization, optimized resource allocation, and scaling our eight focus countries will establish a broader base and togethe",challenge/offline-data/hays/call-transcripts/2025-04-16__has-ln-20250416-call-q3-pres__74967.md,53
Hays plc,HAS,2025-04-16,FY2025Q3,EARNINGS_CALL,call-q3-pres,1%,"Unknown speaker: Easter falls entirely in q four, while in f y twenty four, was split evenly between q three and q four. We expect this to have a circa 1% negative impact on year on year net fee growth in q four twenty five. And overall, while it is difficult to predict timing, we know our markets will recover. And when they do, we'll be firmly focused on delivering a high drop through of fee grow",challenge/offline-data/hays/call-transcripts/2025-04-16__has-ln-20250416-call-q3-pres__74967.md,57
Hays plc,HAS,2025-04-16,FY2025Q3,EARNINGS_CALL,call-q3-pres,"15  | 20,000,000 ","Unknown speaker: Following recent action to address productivity, performance, and costs in several countries, together with ongoing actions in several back office areas, we currently expect a circa 15 to 20,000,000 exceptional p and l charge in h two. I'll now hand you back to the administrator, and we are happy to take your questions.",challenge/offline-data/hays/call-transcripts/2025-04-16__has-ln-20250416-call-q3-pres__74967.md,59
Hays plc,HAS,2025-04-16,FY2025Q3,EARNINGS_CALL,call-q3-qna,26. ,"Unknown speaker: And we we put in the statement today that we we expect tougher market conditions will persist for some time and and and into the FY twenty six year. Now it's it's very difficult, as you're well aware, that I don't have a crystal ball and can't really predict how how these things will play out over the over the coming months or the coming quarters. But it is our our expectation tha",challenge/offline-data/hays/call-transcripts/2025-04-16__has-ln-20250416-call-q3-qna__74983.md,23
Hays plc,HAS,2025-04-16,FY2025Q3,EARNINGS_CALL,call-q3-qna,5%,"Unknown speaker: And then lastly, just on productivity up 5% in the quarter, which is great. Do you expect that to moderate through the back end of this fiscal year and into into fiscal twenty six? Thanks very much.",challenge/offline-data/hays/call-transcripts/2025-04-16__has-ln-20250416-call-q3-qna__74983.md,39
Hays plc,HAS,2025-04-16,FY2025Q3,EARNINGS_CALL,call-q3-qna,50  | 60 ,"Unknown speaker: You know, that that feels like a an interesting probably not a question I was expecting on this call, Carl, but an important one because I think we are resolutely focused on driving productivity growth over the long term. And and what does that mean is, I think, it is safe to say that when we do see an inflection and we return to a positive top line, we would expect to to to see a",challenge/offline-data/hays/call-transcripts/2025-04-16__has-ln-20250416-call-q3-qna__74983.md,79
Hays plc,HAS,2025-04-16,FY2025Q3,EARNINGS_CALL,call-q3-qna,50 ,"Unknown speaker: But I I would expect it to be in the sort of 50 plus range. Perfect. Thank you. Thanks, Carl.",challenge/offline-data/hays/call-transcripts/2025-04-16__has-ln-20250416-call-q3-qna__74983.md,83
Hays plc,HAS,2025-04-16,FY2025Q3,EARNINGS_CALL,call-q3-qna,"350  | 400,000  | 350  | 400 ","Unknown speaker: But, clearly, that fifty ten thousand that we would normally expect is is that volumes now down in the twenties, and that's been fairly consistent over the last quarter. So well down on where we would expect to be. But, I mean, I would highlight that, you know, typically, we're putting in 350 to 400,000 a week in Germany across our contracting and temp business. So when you look a",challenge/offline-data/hays/call-transcripts/2025-04-16__has-ln-20250416-call-q3-qna__74983.md,93
Hays plc,HAS,2025-04-16,FY2025Q3,EARNINGS_CALL,call-q3-qna,2 ,"Unknown speaker: Good morning, Rory. Two questions, please. Firstly, in terms of contractor, can you talk about the current impact you're seeing from, you know, hours per contractor, you know, weight and weighted or fee rates, and anything that reveals about our client kind of budgets or or behavior? And then secondly, on the profit outlook you've confirmed, it suggests the absolute adjusted EBIT ",challenge/offline-data/hays/call-transcripts/2025-04-16__has-ln-20250416-call-q3-qna__74983.md,123
Hays plc,HAS,2025-04-16,FY2025Q3,EARNINGS_CALL,call-q3-qna,"57,000,000,  | 32,000,000 ","Unknown speaker: If we if we full year consensus is is just a fraction under 57,000,000, which would mean that we have about 32,000,000 of profit in in h two. That's a kind of a combination of two things. We've clearly had a a deceleration in the top line through h one. And if we continue through a stable second half, that would be a slight drop in overall top line. But we on the counterbalance of",challenge/offline-data/hays/call-transcripts/2025-04-16__has-ln-20250416-call-q3-qna__74983.md,133
Hays plc,HAS,2025-04-16,FY2025Q3,EARNINGS_CALL,call-q3-qna,"20  | 6.  | 76,000,000 ","Unknown speaker: It's difficult for me to predict much into the future, as as you know, Rory, of FY '20 '6. But I think what we'll exit the year with a cost base around well, we were 76,000,000 now and expect to be a a tad lower than that by the time we get to the end of the financial year as we we've we've still got some things in flight which will come through. And then, really, it's all about k",challenge/offline-data/hays/call-transcripts/2025-04-16__has-ln-20250416-call-q3-qna__74983.md,135
Hays plc,HAS,2025-04-16,FY2025Q3,STRUCTURED_RESULT,q3-8k,7% | 25 ,"- The March net fee growth rate was minus 7% working day adjusted. We expect near term market conditions to remain challenging however, despite ongoing uncertainties, we currently expect FY25 operating profit will be in line with consensus*",challenge/offline-data/hays/filings/2025-04-16__has-ln-20250416-q3-8k__119733.md,83
Hays plc,HAS,2025-04-16,FY2025Q3,STRUCTURED_RESULT,q3-8k,"5% | 3,  | 2. ","Our initiatives to improve net fee productivity in real terms and back-office efficiency are important drivers of profit recovery. We delivered 5% YoY consultant fee productivity growth in Q3, which remains sector leading, and our structural cost savings initiatives are progressing well, including in the UK&amp;I where we expect an improved profit performance in H2. We are structurally improving H",challenge/offline-data/hays/filings/2025-04-16__has-ln-20250416-q3-8k__119733.md,89
Hays plc,HAS,2025-04-16,FY2025Q3,STRUCTURED_RESULT,q3-8k,26. ,"Given increasing macroeconomic uncertainty, we expect near term market conditions to remain challenging and, although we have limited forward visibility, we believe this is likely to persist into FY26. Perm markets remain difficult, notably in Germany and EMEA, due to longer time to hire but Temp &amp; Contracting are more resilient.",challenge/offline-data/hays/filings/2025-04-16__has-ln-20250416-q3-8k__119733.md,157
Hays plc,HAS,2025-04-16,FY2025Q3,STRUCTURED_RESULT,q3-8k,3  | 4. ,"We have maintained good levels of productivity through Q3 and believe our Group consultant headcount capacity is appropriate for current market conditions, and therefore expect it to remain broadly stable in Q4. We will continue to deliver further efficiencies, which will structurally reduce our cost base, and focus on business line prioritisation and optimal resource allocation to position Hays s",challenge/offline-data/hays/filings/2025-04-16__has-ln-20250416-q3-8k__119733.md,159
Hays plc,HAS,2025-04-16,FY2025Q3,STRUCTURED_RESULT,q3-8k,4  | 3  | 4  | 24.  | 1% | 4 ,Easter falls entirely in Q4 and was evenly split between Q3 and Q4 in FY24. We expect this to have a c.1% negative impact on year-on-year net fee growth in Q4 FY25.,challenge/offline-data/hays/filings/2025-04-16__has-ln-20250416-q3-8k__119733.md,161
Hays plc,HAS,2025-04-16,FY2025Q3,STRUCTURED_RESULT,q3-8k,"11% | 20% | 8% | 3,  | 2025.","Consultant headcount was decreased by 11% in the quarter and by 20% year-on-year. We were not satisfied with our first half performance and have taken action over the last six months to improve consultant net fee productivity which increased by 8% YoY in Q3, and have made good progress with our operational efficiency initiatives. Through these focussed actions to improve productivity and reduce co",challenge/offline-data/hays/filings/2025-04-16__has-ln-20250416-q3-8k__119733.md,204
Hays plc,HAS,2025-04-16,FY2025Q3,STRUCTURED_RESULT,q3-8k,30 | 31  | 2024 | 29.0 | 37  | 5,"Net debt of c.£30m (31 December 2024: £29.0m net cash) reflected normal seasonal outflows and timing of month end payments, with DSOs maintained through the quarter at 37 days, and c.£5m cash exceptionals. Our fourth quarter is typically stronger and we expect to return to a modest net cash position at year end.",challenge/offline-data/hays/filings/2025-04-16__has-ln-20250416-q3-8k__119733.md,242
Hays plc,HAS,2025-02-20,FY2025H1,EARNINGS_CALL,call-q2-pres,"5,900,000  | 225.  | 6,500,000  | 2,100,000 ","Unknown speaker: These restructuring has led to the redundancy of a number of employees, including senior management and back office positions. The group also incurred $5,900,000 exceptional charge in relation to the technology transformation and finance transformation programs, comprising both staff costs and third party costs. We expect to incur further exceptional costs in H225. Moving on to in",challenge/offline-data/hays/call-transcripts/2025-02-20__has-ln-20250220-call-q2-pres__75025.md,49
Hays plc,HAS,2025-02-20,FY2025H1,EARNINGS_CALL,call-q2-pres,"13,000,000  | 10  | 32.1% | 67% | 2,100,000  | 2,100,000 ","Unknown speaker: As a result, we now expect a finance charge of circa $13,000,000 in FY 'twenty five. Our pre exceptional effective tax rate increased by 10 basis points to 32.1%. On a post exceptional basis, the effective tax rate was 67% in which a $2,100,000 tax credit in respect to the exceptional items was offset by a $2,100,000 tax charge arising from the derecognition of a deferred tax asse",challenge/offline-data/hays/call-transcripts/2025-02-20__has-ln-20250220-call-q2-pres__75025.md,51
Hays plc,HAS,2025-02-20,FY2025H1,EARNINGS_CALL,call-q2-pres,"25,000,000  | 2025.  | 1,  | 240,000,000  | 2024  | 2024.","Unknown speaker: And we expect full year capital expenditure will be circa $25,000,000 in FY 2025. Our DSOs increased by one day year on year in H1, driven by the growth in enterprise fees. Our aged debt profile and bad debt write offs are both at historically low levels. During the half, we refinanced a new five year revolving credit facility at an increased level of $240,000,000 with an option t",challenge/offline-data/hays/call-transcripts/2025-02-20__has-ln-20250220-call-q2-pres__75025.md,55
Hays plc,HAS,2025-02-20,FY2025H1,EARNINGS_CALL,call-q2-pres,3.  | 3  | 2.,"Unknown speaker: And as expected due to the easier comparable, the year on year headwind is likely to be modest in Q3. Perm job flow and activity are in line with pre Christmas levels and remain tough in EMEA, particularly in France, The UK and Ireland and Germany. We continue to see slower client and candidate decision making, leading to longer times higher. As previously reported, we expect grou",challenge/offline-data/hays/call-transcripts/2025-02-20__has-ln-20250220-call-q2-pres__75025.md,63
Hays plc,HAS,2025-02-20,FY2025H1,EARNINGS_CALL,call-q2-qna,"55,000,000  | 10 ","Unknown speaker: If you have any more plans to increase that number from $55,000,000 and also any exceptionals that may land either in the second half of fiscal 'twenty five or into next year? So it's a three part question. Secondly, just on the dividend, it might be a bit premature to ask this, but it wasn't covered in for the interim. What are your thoughts for the full year looking at where con",challenge/offline-data/hays/call-transcripts/2025-02-20__has-ln-20250220-call-q2-qna__75042.md,15
Hays plc,HAS,2025-02-20,FY2025H1,EARNINGS_CALL,call-q2-qna,"2  | 9,900,000 ","Unknown speaker: I don't want to get too drawn into that and that will be something for us to talk about as we progress through the half and also the final year results in August. But we do have some plans for H2 And with alongside that, I would expect further exceptional costs in the second half as well. You can see that in the first half, we had $9,900,000 of exceptionals, which related specific",challenge/offline-data/hays/call-transcripts/2025-02-20__has-ln-20250220-call-q2-qna__75042.md,25
Hays plc,HAS,2025-02-20,FY2025H1,EARNINGS_CALL,call-q2-qna,"0.9  | 29,000,000 ","Unknown speaker: I think we're at 0.9 times cover, which is outside of our two to three times target cover now. We decided to hold the interim dividend. It's important to us and to our shareholders and also we have a balance sheet with $29,000,000 of cash. So we felt it was the right thing to do to maintain that. I think your question regarding the thoughts for the full year dividend is clearly a ",challenge/offline-data/hays/call-transcripts/2025-02-20__has-ln-20250220-call-q2-qna__75042.md,27
Hays plc,HAS,2025-02-20,FY2025H1,EARNINGS_CALL,call-q2-qna,"47,000,000  | 90,000,000  | 80,000,000  | 85,000,000 ","Unknown speaker: But I guess as a pointer, our full year dividend is about GBP 47,000,000 in cash. And now that we've secured the pension buy in and that's important because that saves us about GBP 90,000,000 a year in perpetuity in the long term. That means that we need about GBP 80,000,000 to GBP 85,000,000 of operating profit to cover that from free cash flow. So I think that's a helpful bit of",challenge/offline-data/hays/call-transcripts/2025-02-20__has-ln-20250220-call-q2-qna__75042.md,31
Hays plc,HAS,2025-02-20,FY2025H1,EARNINGS_CALL,call-q2-qna,1% | 5% | 6%,"Unknown speaker: Rory, perhaps if I just pick up the first question, which was relating to current trading and some of the trends we're seeing in Germany Tempur contracts and then I'll hand over to Dirk for some of the more strategic stuff around the term contracting growth around rest of the world and the impact on contractors, etcetera. So we've clearly put some guidance in current trading on ou",challenge/offline-data/hays/call-transcripts/2025-02-20__has-ln-20250220-call-q2-qna__75042.md,55
Hays plc,HAS,2025-02-20,FY2025H1,EARNINGS_CALL,call-q2-qna,"31,000,000  | 2025 ","Unknown speaker: And then secondly, on the free cash flow, I see $31,000,000 working capital inflow here. So can you expand a little bit on what drove that through the first half? And if we expect a similar pattern in the second half perhaps? And on the same topic, cash, on the pension scheme buy in, can you remind us what is the impact this is going to have on your full year 2025 from a cash pers",challenge/offline-data/hays/call-transcripts/2025-02-20__has-ln-20250220-call-q2-qna__75042.md,107
Hays plc,HAS,2025-02-20,FY2025H1,EARNINGS_CALL,call-q2-qna,2  | 1 ,"Unknown speaker: I do expect that to come down a little bit further in the second half year. As we've given clear guidance on consultant headcount, which we expect to be broadly stable, it may be up a bit in one or two places and down a bit in one or two places as well, but broadly stable. So the cost reductions that we do expect in H2 will be largely in the nonconsultant areas, but those are in f",challenge/offline-data/hays/call-transcripts/2025-02-20__has-ln-20250220-call-q2-qna__75042.md,113
Hays plc,HAS,2025-02-20,FY2025H1,EARNINGS_CALL,call-q2-qna,"15,000,000 ","Unknown speaker: From a working capital perspective, our aged debt book is in as good a shape as it has been in my time. And also we've had a record low levels of insolvencies and debt write offs in the half. So, I think we've done a pretty good job on that. We'll continue to manage it carefully in the second half. In terms of what I expect to see in the second half and going back to an earlier qu",challenge/offline-data/hays/call-transcripts/2025-02-20__has-ln-20250220-call-q2-qna__75042.md,117
Hays plc,HAS,2025-02-20,FY2025H1,STRUCTURED_RESULT,q2-8k,257% | 29.0 million | 26,"- Strong cash flow with 257% cash conversion and net cash of £29.0 million. During the half, we refinanced our revolving credit facility and completed the full buy-in of our defined benefit pension which is expected to have a materially positive impact on free cash flow from FY26",challenge/offline-data/hays/filings/2025-02-20__has-ln-20250220-q2-8k__119730.md,62
Hays plc,HAS,2025-02-20,FY2025H1,STRUCTURED_RESULT,q2-8k,30  | 2025  | 25,Full-year results for the year ending 30 June 2025 (FY 25),challenge/offline-data/hays/filings/2025-02-20__has-ln-20250220-q2-8k__119730.md,128
Hays plc,HAS,2025-02-20,FY2025H1,STRUCTURED_RESULT,q2-8k,3  | 25.,"Temp &amp; Contracting volumes in Germany are rebuilding modestly behind the prior year driven by automotive related headwinds in Temp but greater resilience in Contracting. Germany Temp &amp; Contracting average hours worked remain sequentially stable and, as expected due to the easier comparable, the YoY headwind is likely to be modest in Q3 25.",challenge/offline-data/hays/filings/2025-02-20__has-ln-20250220-q2-8k__119730.md,156
Hays plc,HAS,2025-02-20,FY2025H1,STRUCTURED_RESULT,q2-8k,"2  | 25.  | 4,  | 24  | 3  | 4. ","At a Group level there are no material working-day effects in H2 FY25. However, Easter falls entirely in Q4, while in FY24 it was evenly split between Q3 and Q4. We expect this to have a c.1% positive impact on year-on-year net fee growth in Q3 FY25, with a corresponding c.1% headwind to Q4 FY25.",challenge/offline-data/hays/filings/2025-02-20__has-ln-20250220-q2-8k__119730.md,160
Hays plc,HAS,2025-02-20,FY2025H1,STRUCTURED_RESULT,q2-8k,3  | 25.  | 7 | 2  | 25.,"As previously reported, we expect Group consultant headcount will remain broadly stable in Q3 25. We will also continue to deliver further structural cost efficiencies which will further reduce our cost base per period (7) in H2 25.",challenge/offline-data/hays/filings/2025-02-20__has-ln-20250220-q2-8k__119730.md,162
Hays plc,HAS,2025-02-20,FY2025H1,STRUCTURED_RESULT,q2-8k,25% | 22 | -25%,"However, we expect all business lines to be able to deliver a conversion rate of at least 25% (pre-central costs) in normal market conditions, with an overall Group conversion rate of 22-25%.",challenge/offline-data/hays/filings/2025-02-20__has-ln-20250220-q2-8k__119730.md,224
Hays plc,HAS,2025-02-20,FY2025H1,STRUCTURED_RESULT,q2-8k,9.9 million | 2 | 8.  | 2  | 25.,"As a result of these actions, we incurred exceptional restructuring charges of £9.9 million (2) , detailed on page 8. Due to the ongoing and multi-year nature of our restructuring and transformation programmes we expect to incur further exceptional costs in H2 25.",challenge/offline-data/hays/filings/2025-02-20__has-ln-20250220-q2-8k__119730.md,306
Hays plc,HAS,2025-02-20,FY2025H1,STRUCTURED_RESULT,q2-8k,25  | 13 million,We expect the net finance charge for FY25 to be c.£13 million due to higher average drawings on our revolving credit facility.,challenge/offline-data/hays/filings/2025-02-20__has-ln-20250220-q2-8k__119730.md,385
Hays plc,HAS,2025-02-20,FY2025H1,STRUCTURED_RESULT,q2-8k,6.6 million | 1  | 24 | 28.5 million | 9.9 million | 1 ,"Cash tax paid in the half-year was £6.6 million (H1 24: £28.5 million). Net capital expenditure was £9.9 million (H1 24: £13.7 million), with continued investments in infrastructure and cyber security. We expect capital expenditure will be c.£25 million in FY25.",challenge/offline-data/hays/filings/2025-02-20__has-ln-20250220-q2-8k__119730.md,399
Hays plc,HAS,2025-02-20,FY2025H1,STRUCTURED_RESULT,q2-8k,"31  | 2024  | 6,810,  | 15% | 26% | 1 ","Consultant headcount at 31 December 2024 was 6,810, down 15% year-on-year and 26% lower versus peak (Q1 23). Total Group headcount decreased by 16% year-on-year, including the impact of our restructuring programmes noted earlier. Given our focus on driving consultant productivity in recent quarters, we believe our consultant capacity is appropriate for current market conditions and expect overall ",challenge/offline-data/hays/filings/2025-02-20__has-ln-20250220-q2-8k__119730.md,451
Hays plc,HAS,2025-02-20,FY2025H1,STRUCTURED_RESULT,q2-8k,84% | 11% | 9% | 5% | 3%,"Temp &amp; Contracting, (84% of Germany net fees), decreased by 11%. This was driven by 9% decline in volumes and 5% from average hours worked, partially offset by a 3% increase in pricing and mix, benefiting from our pricing initiatives and targeting of resilient sectors.",challenge/offline-data/hays/filings/2025-02-20__has-ln-20250220-q2-8k__119730.md,496
Hays plc,HAS,2025-02-20,FY2025H1,STRUCTURED_RESULT,q2-8k,21  | 2000. ,"This Interim Report (the 'Report') has been prepared in accordance with the Disclosure Guidance and Transparency Rules of the UK Financial Conduct Authority and is not audited. No representation or warranty, express or implied, is or will be made in relation to the accuracy, fairness or completeness of the information or opinions contained in this Report. Statements in this Report reflect the know",challenge/offline-data/hays/filings/2025-02-20__has-ln-20250220-q2-8k__119730.md,677
Hays plc,HAS,2025-02-20,FY2025H1,STRUCTURED_RESULT,q2-8k,"34, ","Based on our review, nothing has come to our attention that causes us to believe that the interim financial statements are not prepared, in all material respects, in accordance with UK adopted International Accounting Standard 34, 'Interim Financial Reporting' and the Disclosure Guidance and Transparency Rules sourcebook of the United Kingdom's Financial Conduct Authority.",challenge/offline-data/hays/filings/2025-02-20__has-ln-20250220-q2-8k__119730.md,703
Hays plc,HAS,2025-02-20,FY2025H1,STRUCTURED_RESULT,q2-8k,"34, ","The interim financial statements included in the Half-year report of Hays plc have been prepared in accordance with UK adopted International Accounting Standard 34, 'Interim Financial Reporting' and the Disclosure Guidance and Transparency Rules sourcebook of the United Kingdom's Financial Conduct Authority.",challenge/offline-data/hays/filings/2025-02-20__has-ln-20250220-q2-8k__119730.md,713
Hays plc,HAS,2025-02-20,FY2025H1,STRUCTURED_RESULT,q2-8k,"31  | 2024.  | 34, ","The condensed Consolidated Interim Financial Statements ('Interim Financial Statements') are the results for the six months ended 31 December 2024. The Interim Financial Statements have been prepared in accordance with UK adopted International Accounting Standard 34, 'Interim Financial Reporting' and the Disclosure Guidance and Transparency Rules (DTR) sourcebook of the United Kingdom's Financial ",challenge/offline-data/hays/filings/2025-02-20__has-ln-20250220-q2-8k__119730.md,1001
Hays plc,HAS,2025-02-20,FY2025H1,STRUCTURED_RESULT,q2-8k,12 ,"The Board approves an annual budget and reviews monthly management reports and quarterly forecasts. The output of the planning and budgeting processes has been used to forecast the Group's cash flow throughout the Going Concern period, being at least 12 months from the date of approval of the Interim Financial Statements.",challenge/offline-data/hays/filings/2025-02-20__has-ln-20250220-q2-8k__119730.md,1051
Hays plc,HAS,2025-02-20,FY2025H1,STRUCTURED_RESULT,q2-8k,"30  | 2024,  | 80.0 million | 27.9 million | 31  | 2023","During the year ended 30 June 2024, the Group incurred an exceptional charge of £80.0 million (of which £27.9 million was incurred in the six months ended 31 December 2023). Following the appointment of the new CEO, Dirk Hahn, and in response to increasingly challenging market conditions and a clear slowdown in most markets, we restructured the business operations of many countries across the Grou",challenge/offline-data/hays/filings/2025-02-20__has-ln-20250220-q2-8k__119730.md,1147
Hays plc,HAS,2025-02-20,FY2025H1,STRUCTURED_RESULT,q2-8k,31  | 2024  | 32.1% | 31  | 2023 | 32.0%,"The Group's consolidated effective tax rate for the six months ended 31 December 2024 is based on the forecasted preexceptional effective tax rate for the full year of 32.1% (31 December 2023: 32.0%, 30 June 2024: 32.4%). The tax rate is higher than the UK statutory tax rate of 25.0% due to higher tax rates in a number of jurisdictions in which the Group operates.",challenge/offline-data/hays/filings/2025-02-20__has-ln-20250220-q2-8k__119730.md,1166
Hays plc,HAS,2025-01-15,FY2025H1,EARNINGS_CALL,call-pres,250 million | 1  | 25 million,"Unknown speaker: Business line prioritization, optimized resource allocation, and scaling our eight focus countries will establish a broader base and enable the group to return to and then exceed our previous peak profits of GBP 250 million. Moving to current trading and guidance, and I would highlight the following. We expect H1 pre-exceptional operating profit of circa £25 million towards the lo",challenge/offline-data/hays/call-transcripts/2025-01-15__has-ln-20250115-call-pres-2__545589.md,49
Hays plc,HAS,2025-01-15,FY2025H1,EARNINGS_CALL,call-pres,"3,  | 2  | 2025.  | 4,  | 2024  | 3 ","Unknown speaker: However, we expect near-term market conditions to remain subdued. In countries where we see headwinds to net fees, we will continue to focus on improving productivity. Elsewhere, we are modestly adding headcount in North America and parts of Asia where activity levels and net fees are increasing. Overall, we expect consultant headcounts to remain broadly stable in Q3, and we conti",challenge/offline-data/hays/call-transcripts/2025-01-15__has-ln-20250115-call-pres-2__545589.md,53
Hays plc,HAS,2025-01-15,FY2025H1,EARNINGS_CALL,call-pres,"1% | 3,  | 1% | 4. ","Unknown speaker: We expect this to have around a 1% positive impact year-on-year on fee growth in Q3, with a corresponding circa 1% headwind to Q4. Overall, while it is difficult to predict timing, we know our markets will recover, and when they do, we'll be firmly focused on delivering a high drop-through of fee growth to profit growth. I'll now hand you back to the administrator, and we're happy",challenge/offline-data/hays/call-transcripts/2025-01-15__has-ln-20250115-call-pres-2__545589.md,55
Hays plc,HAS,2025-01-15,FY2025H1,EARNINGS_CALL,call-pres,25 million,"Unknown speaker: Hi. Good morning, everyone. I just have three as well, if I can. The first one is on Germany. You mentioned in your remarks automotive being one of the key drivers of the weakness in the country. Can you just disclose your exposure to that in Germany? And obviously, with elections there soon, how do you see growth in the second half? That's the first question. The second question ",challenge/offline-data/hays/call-transcripts/2025-01-15__has-ln-20250115-call-pres-2__545589.md,115
Hays plc,HAS,2025-01-15,FY2025H1,EARNINGS_CALL,call-pres,12 ,"Unknown speaker: If you think back to the pandemic when the factories literally shut overnight, we clearly had an impact there. I think the team have done a really, really fantastic job of managing the bench incredibly well, so we haven't had any exposure at all. That's been a really, really disciplined and pleasing performance from the guys. Credit to them for doing that because it's not easy. Ou",challenge/offline-data/hays/call-transcripts/2025-01-15__has-ln-20250115-call-pres-2__545589.md,127
Hays plc,HAS,2025-01-15,FY2025H1,EARNINGS_CALL,call-pres,25 million | 1  | 9 | -10 million | 5 million | 9,"Unknown speaker: Second question was around costs, and the GBP 25 million that we guided for H1 is on a pre-exceptional basis. At this stage, I mean, we're still closing the books, so it will take a little bit of time to do that. I do expect the exceptional P&L charge in the half to be somewhere around the GBP 9-10 million level. Clearly, the GBP 5 million we referred to on cash exceptional is the",challenge/offline-data/hays/call-transcripts/2025-01-15__has-ln-20250115-call-pres-2__545589.md,131
Hays plc,HAS,2025-01-15,FY2025H1,EARNINGS_CALL,call-pres,77 million,"Unknown speaker: Clearly, I think we've done a good job through the half of lowering that pleasing progress that we've made in a number of areas in some of the efficiency programs in back office, across finance, across technology, some of the operational structures, some offices, and so on and so forth. I think we've made good progress there. Around GBP 77 million or so. Clearly, look, I always sa",challenge/offline-data/hays/call-transcripts/2025-01-15__has-ln-20250115-call-pres-2__545589.md,133
Hays plc,HAS,2025-01-15,FY2025H1,EARNINGS_CALL,call-pres,77 million,"Unknown speaker: But I have to look through the quarter and see where the underlying is. And GBP 77 million is kind of where we are now. Where do we go in the second half? I would expect it to come down a little bit. I don't think it will come down too much because I think, first of all, we've made some really good progress on programs through the quarter. And I'll talk more about those in the hal",challenge/offline-data/hays/call-transcripts/2025-01-15__has-ln-20250115-call-pres-2__545589.md,135
Hays plc,HAS,2025-01-15,FY2025H1,EARNINGS_CALL,call-pres,"77, ","Unknown speaker: I think we'll see some businesses increasing their headcount where markets are more supportive, and we're confident. I think perhaps some other areas where we might pull back a little bit if we need to. I think overall, broadly stable through the second half or certainly the next quarter on headcount. And therefore, I don't expect to see a material change to the cost base. It may ",challenge/offline-data/hays/call-transcripts/2025-01-15__has-ln-20250115-call-pres-2__545589.md,137
Hays plc,HAS,2025-01-15,FY2025H1,EARNINGS_CALL,call-pres,250 million | 1  | 25 million,"Unknown speaker: Business line prioritization, optimized resource allocation, and scaling our eight focus countries will establish a broader base and enable the group to return to and then exceed our previous peak profits of GBP 250 million. Moving to current trading and guidance, and I would highlight the following. We expect H1 pre-exceptional operating profit of circa £25 million towards the lo",challenge/offline-data/hays/call-transcripts/2025-01-15__has-ln-20250115-call-pres__74975.md,49
Hays plc,HAS,2025-01-15,FY2025H1,EARNINGS_CALL,call-pres,"3,  | 2  | 2025.  | 4,  | 2024  | 3 ","Unknown speaker: However, we expect near-term market conditions to remain subdued. In countries where we see headwinds to net fees, we will continue to focus on improving productivity. Elsewhere, we are modestly adding headcount in North America and parts of Asia where activity levels and net fees are increasing. Overall, we expect consultant headcounts to remain broadly stable in Q3, and we conti",challenge/offline-data/hays/call-transcripts/2025-01-15__has-ln-20250115-call-pres__74975.md,53
Hays plc,HAS,2025-01-15,FY2025H1,EARNINGS_CALL,call-pres,"1% | 3,  | 1% | 4. ","Unknown speaker: We expect this to have around a 1% positive impact year-on-year on fee growth in Q3, with a corresponding circa 1% headwind to Q4. Overall, while it is difficult to predict timing, we know our markets will recover, and when they do, we'll be firmly focused on delivering a high drop-through of fee growth to profit growth. I'll now hand you back to the administrator, and we're happy",challenge/offline-data/hays/call-transcripts/2025-01-15__has-ln-20250115-call-pres__74975.md,55
Hays plc,HAS,2025-01-15,FY2025H1,EARNINGS_CALL,call-qna,25 million,"Unknown speaker: Hi. Good morning, everyone. I just have three as well, if I can. The first one is on Germany. You mentioned in your remarks automotive being one of the key drivers of the weakness in the country. Can you just disclose your exposure to that in Germany? And obviously, with elections there soon, how do you see growth in the second half? That's the first question. The second question ",challenge/offline-data/hays/call-transcripts/2025-01-15__has-ln-20250115-call-qna__74993.md,71
Hays plc,HAS,2025-01-15,FY2025H1,EARNINGS_CALL,call-qna,12 ,"Unknown speaker: If you think back to the pandemic when the factories literally shut overnight, we clearly had an impact there. I think the team have done a really, really fantastic job of managing the bench incredibly well, so we haven't had any exposure at all. That's been a really, really disciplined and pleasing performance from the guys. Credit to them for doing that because it's not easy. Ou",challenge/offline-data/hays/call-transcripts/2025-01-15__has-ln-20250115-call-qna__74993.md,83
Hays plc,HAS,2025-01-15,FY2025H1,EARNINGS_CALL,call-qna,25 million | 1  | 9 | -10 million | 5 million | 9,"Unknown speaker: Second question was around costs, and the GBP 25 million that we guided for H1 is on a pre-exceptional basis. At this stage, I mean, we're still closing the books, so it will take a little bit of time to do that. I do expect the exceptional P&L charge in the half to be somewhere around the GBP 9-10 million level. Clearly, the GBP 5 million we referred to on cash exceptional is the",challenge/offline-data/hays/call-transcripts/2025-01-15__has-ln-20250115-call-qna__74993.md,87
Hays plc,HAS,2025-01-15,FY2025H1,EARNINGS_CALL,call-qna,77 million,"Unknown speaker: Clearly, I think we've done a good job through the half of lowering that pleasing progress that we've made in a number of areas in some of the efficiency programs in back office, across finance, across technology, some of the operational structures, some offices, and so on and so forth. I think we've made good progress there. Around GBP 77 million or so. Clearly, look, I always sa",challenge/offline-data/hays/call-transcripts/2025-01-15__has-ln-20250115-call-qna__74993.md,89
Hays plc,HAS,2025-01-15,FY2025H1,EARNINGS_CALL,call-qna,77 million,"Unknown speaker: But I have to look through the quarter and see where the underlying is. And GBP 77 million is kind of where we are now. Where do we go in the second half? I would expect it to come down a little bit. I don't think it will come down too much because I think, first of all, we've made some really good progress on programs through the quarter. And I'll talk more about those in the hal",challenge/offline-data/hays/call-transcripts/2025-01-15__has-ln-20250115-call-qna__74993.md,91
Hays plc,HAS,2025-01-15,FY2025H1,EARNINGS_CALL,call-qna,"77, ","Unknown speaker: I think we'll see some businesses increasing their headcount where markets are more supportive, and we're confident. I think perhaps some other areas where we might pull back a little bit if we need to. I think overall, broadly stable through the second half or certainly the next quarter on headcount. And therefore, I don't expect to see a material change to the cost base. It may ",challenge/offline-data/hays/call-transcripts/2025-01-15__has-ln-20250115-call-qna__74993.md,93
Hays plc,HAS,2025-01-15,FY2025H1,STRUCTURED_RESULT,q2-8k,1  | 25,"- Temp &amp; Contracting net fees were sequentially stable but Perm slowed through the quarter in EMEA, UK&amp;I, and Germany. As a result, we expect H1 pre-exceptional operating profit of c.£25m, towards the lower end of the consensus range*",challenge/offline-data/hays/filings/2025-01-15__has-ln-20250115-q2-8k__119724.md,68
Hays plc,HAS,2025-01-15,FY2025H1,STRUCTURED_RESULT,q2-8k,"4% | 2,  | 26.","'We are structurally improving Hays despite challenging markets and remain resolutely focused on driving operational rigour through business line prioritisation, resource allocation, and efficiency initiatives. Group consultant productivity increased by 4% YoY in Q2, our structural cost savings initiatives are progressing well, and the defined benefit pension buy-in is expected to have a materiall",challenge/offline-data/hays/filings/2025-01-15__has-ln-20250115-q2-8k__119724.md,77
Hays plc,HAS,2025-01-15,FY2025H1,STRUCTURED_RESULT,q2-8k,1  | 25 | 25 ,"We expect H1 pre-exceptional operating profit of c.£25m, towards the lower end of the consensus range. Given ongoing economic uncertainty, our New Year Temp &amp; Contracting 'return to work' will again be particularly important in FY25 and we are closely monitoring activity levels.",challenge/offline-data/hays/filings/2025-01-15__has-ln-20250115-q2-8k__119724.md,121
Hays plc,HAS,2025-01-15,FY2025H1,STRUCTURED_RESULT,q2-8k,"2,  | 3  | 25. ","We have maintained good levels of productivity through Q2, believe our overall consultant headcount capacity is appropriate for current market conditions, and therefore expect it to remain broadly stable in Q3 25. Our focus on business line prioritisation and optimal resource allocation will position Hays strongly for when end markets recover.",challenge/offline-data/hays/filings/2025-01-15__has-ln-20250115-q2-8k__119724.md,125
Hays plc,HAS,2025-01-15,FY2025H1,STRUCTURED_RESULT,q2-8k,"2  | 25.  | 4,  | 24  | 3  | 4. ","At a Group level there are no material working-day effects in H2 FY25. However, Easter falls entirely in Q4, while in FY24 it was evenly split between Q3 and Q4. We expect this to have a c.1% positive impact on year-on-year net fee growth in Q3 FY25, with a corresponding c.1% headwind to Q4 FY25.",challenge/offline-data/hays/filings/2025-01-15__has-ln-20250115-q2-8k__119724.md,127
Hays plc,HAS,2025-01-15,FY2025H1,STRUCTURED_RESULT,q2-8k,25 | 30  | 2024 | 33 | 13 | 5,"Net cash of c.£25m (30 September 2024: c.£Nil) is in line with our expectations, after paying a £33m dividend in the quarter, a £13m upfront cash contribution related to the defined benefit pension buy-in, and c.£5m cash exceptionals. The buy-in was announced on 9th December 2024, eliminates pension related balance sheet volatility and is expected to have a materially positive impact on Group free",challenge/offline-data/hays/filings/2025-01-15__has-ln-20250115-q2-8k__119724.md,208
Hays plc,HAS,2024-10-11,FY2025Q1,EARNINGS_CALL,call-q1-pres,10% | 7% | 9% | 17% | 10% | 6%,"Unknown speaker: Net fees in the quarter were down as expected reflecting the tough market conditions particularly in perm where we see longer times are higher and low levels of confidence which we expect to continue. The group September net fee exit rate is in line with the quarter overall. I would highlight the following key items from the results. In our temp business, fees decreased by 10% aga",challenge/offline-data/hays/call-transcripts/2024-10-11__has-ln-20241011-call-q1-pres__75026.md,23
Hays plc,HAS,2024-10-11,FY2025Q1,EARNINGS_CALL,call-q1-pres,"80,000,000  | 82,000,000  | 2  | 56,800,000  | 2024  | 10,000,000 ","Unknown speaker: And as a result of our actions, our periodic cost base is slightly below £80,000,000 per period, lower than our previous guidance of £82,000,000 and we expect this to reduce further through Q2 as we continue to make progress on this program. The group's net cash position was nil, in line with our expectations, down from €56,800,000 in June 2024 and driven by normal cash outflows t",challenge/offline-data/hays/call-transcripts/2024-10-11__has-ln-20241011-call-q1-pres__75026.md,29
Hays plc,HAS,2024-10-11,FY2025Q1,EARNINGS_CALL,call-q1-pres,7% | 11% | 2% | 20 percent,"Unknown speaker: And Asia profits increased by 7% versus the prior year, driven by Mainland China fees of 11% and returning to profitability. For rest of the world as a whole, consultant headcount decreased by 2% in the quarter and by 20 percent year on year. Moving on to current trading and guidance, and I highlight the following key points. Overall, we expect near term market conditions will rem",challenge/offline-data/hays/call-transcripts/2024-10-11__has-ln-20241011-call-q1-pres__75026.md,43
Hays plc,HAS,2024-10-11,FY2025Q1,EARNINGS_CALL,call-q1-pres,5% | 2.,"Unknown speaker: The U. K. And Ireland has seen a modest sequential reduction in temp volumes in the public sector, while perm remains tough with stable but no clear signs of improvement in activity. In Germany, contracting volumes are stable and in line with our expectations, whereas temp is more challenging due to our exposure to the automotive sector. We continue to see the impact of lower temp",challenge/offline-data/hays/call-transcripts/2024-10-11__has-ln-20241011-call-q1-pres__75026.md,45
Hays plc,HAS,2024-10-11,FY2025Q1,EARNINGS_CALL,call-q1-pres,2  | 125  | 224. ,"Unknown speaker: Perm activity remains at subdued but stable levels. We believe our consultant headcount capacity is appropriate for current market conditions, and we expect this will remain broadly stable in Q2 'twenty five. It is difficult to predict the shape of FY 'twenty five given we only have limited forward visibility. But based on what we currently know, unless we see a material recovery ",challenge/offline-data/hays/call-transcripts/2024-10-11__has-ln-20241011-call-q1-pres__75026.md,47
Hays plc,HAS,2024-10-11,FY2025Q1,EARNINGS_CALL,call-q1-qna,"9% | 4,  | 17% | 18% | 9%","Unknown speaker: Temp on the other hand is more challenging as I highlighted in the statement. And if I put that into context, we had a normal level of finishes in the summer and then the rebuild in post summer has been slower than what we would expect and that's clearly widened the gap from a year on year perspective. So from a gap of around about 9% as we exited Q4, they're currently at about 17",challenge/offline-data/hays/call-transcripts/2024-10-11__has-ln-20241011-call-q1-qna__75043.md,23
Hays plc,HAS,2024-10-11,FY2025Q1,EARNINGS_CALL,call-q1-qna,"50 percent | 2,  | 6  | 9 ","Unknown speaker: The number of starters we're putting in specifically into the autos is about 50 percent down on where we would expect to be. Actually, elsewhere in temp, it's pretty resilient actually, and we're seeing pretty resilient trends similar to what we're seeing in contracting. And the other key thing I'd highlight and I mentioned in the statement, Rory, which is relevant, is the we clea",challenge/offline-data/hays/call-transcripts/2024-10-11__has-ln-20241011-call-q1-qna__75043.md,27
Hays plc,HAS,2024-10-11,FY2025Q1,EARNINGS_CALL,call-q1-qna,1  | 2  | 1 ,"Unknown speaker: The third question was on costs and exceptionals. I mean, clearly, we've put in there in the guidance around the H1 on a year versus the H2 on a pre exceptional basis. And partly that was probably because the prior year first half, we had an exceptional. So we have to be reflective of that in the wording we use. Whether we have 1 or not this half, it remains to be seen.",challenge/offline-data/hays/call-transcripts/2024-10-11__has-ln-20241011-call-q1-qna__75043.md,41
Hays plc,HAS,2024-10-11,FY2025Q1,EARNINGS_CALL,call-q1-qna,3 ,"Unknown speaker: I'm only 3 months into the year, and clearly, there's lots of tests around what's exceptional and what's not. Clearly, we are incurring some non recurring items in the projects, specifically in the back office projects, which are progressing well. Whether they ultimately tick all the boxes of an exceptional, which obviously there's a relatively high bar for that, we'll have to wai",challenge/offline-data/hays/call-transcripts/2024-10-11__has-ln-20241011-call-q1-qna__75043.md,43
Hays plc,HAS,2024-10-11,FY2025Q1,EARNINGS_CALL,call-q1-qna,1 ,"Unknown speaker: Yes, morning and thanks for taking my question. So the first one is on perm and the job flow. I think you previously said that was at full year publication that job flow had weakened in June and that yes, that was one of the driver of the weakness at group level. So I'm just interested in hearing what you're seeing these days and what you've seen through Q1 in terms of job flow on",challenge/offline-data/hays/call-transcripts/2024-10-11__has-ln-20241011-call-q1-qna__75043.md,53
Hays plc,HAS,2024-10-11,FY2025Q1,EARNINGS_CALL,call-q1-qna,"2,  | 2. ","Unknown speaker: So you add that on top, and that's kind of where we are at a nil cash balance. I do expect that to improve. In Q2, we normally have a better cash month. I think quarter in Q2. Clearly, it's a higher profit quarter because we don't have summer.",challenge/offline-data/hays/call-transcripts/2024-10-11__has-ln-20241011-call-q1-qna__75043.md,71
Hays plc,HAS,2024-10-11,FY2025Q1,EARNINGS_CALL,call-q1-qna,"30,000,000 ","Unknown speaker: And also, we tend to in fact, we get out the summer where people are slower at paying and expect to have a better cash quarter. Clearly, I've got a £30,000,000 dividend to pay in November as well. Regarding future dividends, now clearly, that's a discussion and a decision for the Board at a future event and date and time, and that will be made against the situation then. So I've g",challenge/offline-data/hays/call-transcripts/2024-10-11__has-ln-20241011-call-q1-qna__75043.md,73
Hays plc,HAS,2024-10-11,FY2025Q1,EARNINGS_CALL,call-q1-qna,"82,000,000  | 80,000,000 ","Unknown speaker: I think the €82,000,000 run rate you were doing for guidance into this year, Probably now it's a bit better at $80,000,000 or slightly below as you say in the press release. So do we should we expect a continued improvement on this particular figure going forward? And if so, what would be the bridge to get there? And what would be the comfortable level for that run rate on the cos",challenge/offline-data/hays/call-transcripts/2024-10-11__has-ln-20241011-call-q1-qna__75043.md,91
Hays plc,HAS,2024-10-11,FY2025Q1,EARNINGS_CALL,call-q1-qna,2% | 1 ,"Unknown speaker: Clearly, our consultant headcount is a little bit lower than we'd expected. They were down 2% in the quarter versus flat was our expectation. So that's a small part of that. I think we also got more benefit. And it's difficult to know exactly where you are because I only have at that point 1 month close on my P and L.",challenge/offline-data/hays/call-transcripts/2024-10-11__has-ln-20241011-call-q1-qna__75043.md,97
Hays plc,HAS,2024-10-11,FY2025Q1,STRUCTURED_RESULT,q1-8k,5% | 1.,"'Net fees in the quarter were down as expected reflecting the tough market conditions, particularly in Perm where we see longer time to hire and low levels of confidence which we expect to continue. Given this backdrop, we remain resolutely focused on operational rigour through business line prioritisation, resource allocation, and efficiency initiatives and, due to our actions, Group consultant p",challenge/offline-data/hays/filings/2024-10-11__has-ln-20241011-q1-8k__119745.md,69
Hays plc,HAS,2024-10-11,FY2025Q1,STRUCTURED_RESULT,q1-8k,5% | 2% | 18% | 2  | 25. ,"We continued to manage our consultant capacity on a business-line basis and, despite tougher markets, our actions drove a 5% YoY improvement in average consultant productivity. Group consultant headcount decreased by 2% in the quarter and by 18% year-on-year. We believe our consultant headcount capacity is appropriate for current market conditions and expect this will remain broadly stable in Q2 2",challenge/offline-data/hays/filings/2024-10-11__has-ln-20241011-q1-8k__119745.md,108
Hays plc,HAS,2024-10-11,FY2025Q1,STRUCTURED_RESULT,q1-8k,25  | 60 | 30 | 27.  | 80 | 82,"FY25 will benefit from the annualisation of c.£60m cost savings secured last year and an initial contribution from the c.£30m per annum structural savings we target by the end of FY27. This programme is progressing well and, as a result of our actions, our current periodic cost base is slightly below £80m, lower than our previous guidance of c.£82m.",challenge/offline-data/hays/filings/2024-10-11__has-ln-20241011-q1-8k__119745.md,110
Hays plc,HAS,2024-10-11,FY2025Q1,STRUCTURED_RESULT,q1-8k,5% | 2. ,"In Germany , Contracting volumes are stable and in line with our expectations, whereas Temp is more challenging due to our exposure to the Automotive sector. We continue to see the impact of lower Temp &amp; Contracting hours worked and currently anticipate a c5% headwind in Q2. Perm activity remains at a subdued but stable level.",challenge/offline-data/hays/filings/2024-10-11__has-ln-20241011-q1-8k__119745.md,116
Hays plc,HAS,2024-10-11,FY2025Q1,STRUCTURED_RESULT,q1-8k,1  | 25  | 2  | 24.,"Given we have limited forward visibility, unless we see a material recovery in end markets, we continue to expect that pre-exceptional operating profit in H1 25 will be sequentially lower than H2 24.",challenge/offline-data/hays/filings/2024-10-11__has-ln-20241011-q1-8k__119745.md,120
Hays plc,HAS,2024-08-22,FY2024H2,EARNINGS_CALL,call-pres,"250 million | 24, ","Unknown speaker: When the recovery comes, I remain confident we can return to and then exceed our prior peak profits of GBP 250 million. Right up front, I would like to sincerely thank all our expert Hays colleagues for the deep commitment they show every day. I will begin on our operating performance and decisive actions we have taken. James will then cover our financial performance and our tradi",challenge/offline-data/hays/call-transcripts/2024-08-22__has-ln-20240822-call-pres-3__74972.md,17
Hays plc,HAS,2024-08-22,FY2024H2,EARNINGS_CALL,call-pres,"1  | 2,  | 580  | 9.4% | 107% | 57 million","Unknown speaker: As fees particularly slowed at the end of H1 and H2, most of the three-year reduction flowed straight to profit and contributed to conversion rate down 580 basis points year-on-year to 9.4%. Our cash generation was excellent, with cash conversion of 107%, and we ended the year with a robust cash position of GBP 57 million. As a sign of confidence in our strategy, the board has pro",challenge/offline-data/hays/call-transcripts/2024-08-22__has-ln-20240822-call-pres-3__74972.md,21
Hays plc,HAS,2024-08-22,FY2024H2,EARNINGS_CALL,call-pres,42 million | 30 million | 30 million | 7% | 27% | 20.1%,"Unknown speaker: We restructured operations in several countries, better aligning operations to market opportunities, delayering management, and reducing operating costs. We accelerated our back-office efficiency programs, reducing non-consultant heads, and these programs are ongoing. In doing this, we incurred 42 million GBP of exceptional costs. However, these actions have already driven approxi",challenge/offline-data/hays/call-transcripts/2024-08-22__has-ln-20240822-call-pres-3__74972.md,23
Hays plc,HAS,2024-08-22,FY2024H2,EARNINGS_CALL,call-pres,"0.8 million | 16  | 2.3 million | 10 million | 2025,  | 440 ","Unknown speaker: In addition, we saw 0.8 million increase in IFRS 16 interest, again non-cash, and a 2.3 million increase in net bank interest, driven by higher average interest rates. We expect a finance charge of around 10 million in FY 2025, broadly in line with this year. Our pre-exceptional effective tax rate increased by 440 basis points to 32.4%, driven by the geographic mix of operating pr",challenge/offline-data/hays/call-transcripts/2024-08-22__has-ln-20240822-call-pres-3__74972.md,53
Hays plc,HAS,2024-08-22,FY2024H2,EARNINGS_CALL,call-pres,107% | 16.5 million | 36  | 26.4 million | 4 million | 22.9 million,"Unknown speaker: This represented a conversion of pre-exceptional operating profit into operating cash of 107%. Our working capital outflow was GBP 16.5 million, driven by an increase in debtor days to 36 days. This was due to greater resilience in our enterprise client business and relative resilience in Germany and EMEA, each of which have longer payment terms than the group average. From this, ",challenge/offline-data/hays/call-transcripts/2024-08-22__has-ln-20240822-call-pres-3__74972.md,55
Hays plc,HAS,2024-08-22,FY2024H2,EARNINGS_CALL,call-pres,35.7 million | 47.6 million | 12.3 million | 23.4 million | 18.2 million | 2025 ,"Unknown speaker: The main items were the payment of GBP 35.7 million of special dividends and GBP 47.6 million of core dividends, the purchase of GBP 12.3 million in treasury shares, with that scheme now complete, CapEx of GBP 23.4 million, and pension deficit payments of GBP 18.2 million. Our FY 2025 CapEx guidance remains at circa GBP 30 million, slightly higher than FY 2024, as we undertake a n",challenge/offline-data/hays/call-transcripts/2024-08-22__has-ln-20240822-call-pres-3__74972.md,57
Hays plc,HAS,2024-08-22,FY2024H2,EARNINGS_CALL,call-pres,78.8 million | 6.3 million | 2.05  | 47.5 million,"Unknown speaker: The main movements were our cash position reduced by GBP 78.8 million, as outlined earlier, and our defined benefit surplus decreased by GBP 6.3 million, driven by lower expected returns from scheme assets and a decrease in the discount rate, partially offset by company contributions. Our priorities for free cash flow remain unchanged, namely to fund the group's investment and dev",challenge/offline-data/hays/call-transcripts/2024-08-22__has-ln-20240822-call-pres-3__74972.md,59
Hays plc,HAS,2024-08-22,FY2024H2,EARNINGS_CALL,call-pres,100 million | 56.8 million | 2024.  | 12% | 60 million | 42.2 million,"Unknown speaker: As a reminder, our policy for returning surplus cash to shareholders is based on distributing all funds above a cash buffer of GBP 100 million at each financial year-end, through an appropriate combination of special dividends and share buybacks, subject to the economic outlook. As our closing net cash position was GBP 56.8 million, there will be no surplus cash return for FY 2024",challenge/offline-data/hays/call-transcripts/2024-08-22__has-ln-20240822-call-pres-3__74972.md,61
Hays plc,HAS,2024-08-22,FY2024H2,EARNINGS_CALL,call-pres,"1% | 2,  | 30 million | 2027. ","Unknown speaker: Our focus on operational rigor and careful management of our capacity meant that our average productivity per consultant was up 1% year-on-year, and increased sequentially in H2, despite our volume productivity being down significantly. In addition, our ongoing back-office efficiency programs, particularly in our technology and finance functions, we now expect to deliver circa GBP",challenge/offline-data/hays/call-transcripts/2024-08-22__has-ln-20240822-call-pres-3__74972.md,63
Hays plc,HAS,2024-08-22,FY2024H2,EARNINGS_CALL,call-pres,"4  | 2024,  | 8% | 4,  | 1.  | 82 million","Unknown speaker: Overall, temp and contracting volumes are in line with Q4 FY 2024, after adjusting for normal seasonal trends, and are circa 8% down year-on-year. In perm, as reported at Q4, weaker activity levels have resulted in more subdued summer trading than normal in Germany, U.K. and Ireland, and in EMEA. Perm trading in the Americas, Asia, and ANZ remains stable overall. Overall, given ou",challenge/offline-data/hays/call-transcripts/2024-08-22__has-ln-20240822-call-pres-3__74972.md,65
Hays plc,HAS,2024-08-22,FY2024H2,EARNINGS_CALL,call-qna,1. ,"Unknown speaker: Okay. I'll pick each of those ones, and I'll start off with the current trading questions and around visibility in Q1. And I mean, you know, we look where we are today. We've had six weeks worth of trading of the new financial year, not finished August yet. So, it's also worth bearing in mind that July and August are lower months anyway because of the impact of summer. So that doe",challenge/offline-data/hays/call-transcripts/2024-08-22__has-ln-20240822-call-qna__74989.md,63
Hays plc,HAS,2024-08-22,FY2024H2,EARNINGS_CALL,call-qna,36  | 40  | 1.7 million,"Unknown speaker: But, as I outlined, we did see a DSO increase to 36 days in the year, and that was primarily driven by the resilience in our enterprise business, which is on average higher debt, trade debt, payment terms. So I don't think I'll expect it to sit, to move too much more. Obviously, it's stepped up from where we were the last two or three years, but if you go back five years in time, ",challenge/offline-data/hays/call-transcripts/2024-08-22__has-ln-20240822-call-qna__74989.md,93
Hays plc,HAS,2024-08-22,FY2024H2,STRUCTURED_RESULT,h2-8k,2 | 3  | 3  | 3 ,- (2)  Selected scope 3 emissions guiding our investment in beyond value-chain mitigation carbon related projects. Including our scope 3 business travel and scope 3 fuel and energy related activities.,challenge/offline-data/hays/filings/2024-08-22__has-ln-20240822-h2-8k-2__671217.md,169
Hays plc,HAS,2024-08-22,FY2024H2,STRUCTURED_RESULT,h2-8k,25%,"Our focused strategy is designed to capitalise on the many structural growth opportunities we see, while increasing our business resilience, quality of earnings and cash generation. We expect all business lines to be able to deliver a conversion rate of at least 25% (before Group costs) in normal market conditions.",challenge/offline-data/hays/filings/2024-08-22__has-ln-20240822-h2-8k-2__671217.md,255
Hays plc,HAS,2024-08-22,FY2024H2,STRUCTURED_RESULT,h2-8k,25% | 22 | -25% | 250 million,"We expect all business lines to be able to deliver a conversion rate of at least 25% (pre-central costs), and the Group's overall conversion rate target is 22-25%. As part of our programme to return to, and then exceed, previous peak profits of c.£250 million, we will also seek to improve medium-term consultant productivity in excess of inflation.",challenge/offline-data/hays/filings/2024-08-22__has-ln-20240822-h2-8k-2__671217.md,374
Hays plc,HAS,2024-08-22,FY2024H2,STRUCTURED_RESULT,h2-8k,22 | -25%,"Our focused strategy is based on targeting our resources on those sectors with the greatest long-term skill shortages, and also where we believe we can consistently deliver conversion rates of 22-25%.",challenge/offline-data/hays/filings/2024-08-22__has-ln-20240822-h2-8k-2__671217.md,779
Hays plc,HAS,2024-08-22,FY2024H2,STRUCTURED_RESULT,h2-8k,"23  | 1  | 24,  | 2  | 24,  | 4 ","Having been resilient during FY23 and H1 24, despite a deteriorating economic outlook, demand for skilled Contractors and Temps decreased in H2 24, which led to lower YoY volumes including Q4 down 6%. Additionally, average hours worked per Contractor declined by 8% in Q3 and 10% in Q4, primarily driven by client cost controls. This led to a negative fee and operating profit impact of c.£16 million",challenge/offline-data/hays/filings/2024-08-22__has-ln-20240822-h2-8k-2__671217.md,1556
Hays plc,HAS,2024-08-22,FY2024H2,STRUCTURED_RESULT,h2-8k,82% | 7% | 6% | 1% | 6% | 2 ,"Temp and Contracting, (82% of Germany fees), decreased by 7%, or down 6% WDA. This was driven by 1% decline in volumes and 6% from materially lower average hours worked in H2 24. Pricing and mix remained solid and is expected to remain steady in H1 25. As previously reported at our Q4 results, overall Temp and Contracting volumes in June 2024 were down 6% YoY and we expect a further 2% decline in ",challenge/offline-data/hays/filings/2024-08-22__has-ln-20240822-h2-8k-2__671217.md,1558
Hays plc,HAS,2024-08-22,FY2024H2,STRUCTURED_RESULT,h2-8k,60 | 30 | 27.,"Given challenging markets, we focused on productivity and managing costs. We delivered c.£60m in annualised savings, half of which are structural. Looking ahead, our ongoing efficiency programmes are expected to deliver a further c.£30m in savings by FY27.",challenge/offline-data/hays/filings/2024-08-22__has-ln-20240822-h2-8k-2__671217.md,1922
Hays plc,HAS,2024-08-22,FY2024H2,STRUCTURED_RESULT,h2-8k,23  | 8 | 5 million | 60 million | 30 million | 18%,"Since our FY23 preliminary results, our actions have reduced our costs per period (8) by c.£5 million, equating to annualised Group cost savings of c.£60 million. Of these savings, c.£30 million arose from the 18% reduction in consultant headcount. A further c.£30 million of savings is more structural and resulted from our decisive response to increasingly challenging market conditions and to impr",challenge/offline-data/hays/filings/2024-08-22__has-ln-20240822-h2-8k-2__671217.md,1966
Hays plc,HAS,2024-08-22,FY2024H2,STRUCTURED_RESULT,h2-8k,"4  | 42.2 million | 22.9 million | 24,  | 17.8 million | 25. ","As noted at the top of this page, in a direct and decisive response to increasingly challenging market conditions and a clear slowdown in most markets, we restructured the business operations of several countries across the Group, to better align business operations to market opportunities and reduce operating costs. The restructuring exercise led to the redundancy of a number of employees, includ",challenge/offline-data/hays/filings/2024-08-22__has-ln-20240822-h2-8k-2__671217.md,1982
Hays plc,HAS,2024-08-22,FY2024H2,STRUCTURED_RESULT,h2-8k,25  | 10 million | 24.,"We expect the net finance charge for FY25 to be c.£10 million, broadly in line with FY24.",challenge/offline-data/hays/filings/2024-08-22__has-ln-20240822-h2-8k-2__671217.md,1992
Hays plc,HAS,2024-08-22,FY2024H2,STRUCTURED_RESULT,h2-8k,"65% | 32% | 25, ","The increase in the pre-exceptional ETR year-on-year is primarily driven by the geographic mix of operating profit, notably the higher proportion of profits made in Germany, which has one of our highest country tax rates and which accounted for 65% of group profits in the year. We expect the Group's ETR will be c.32% in FY25, unless our geographic profit mix changes materially.",challenge/offline-data/hays/filings/2024-08-22__has-ln-20240822-h2-8k-2__671217.md,1998
Hays plc,HAS,2024-08-22,FY2024H2,STRUCTURED_RESULT,h2-8k,26.4 million | 23 | 65.8 million | 23.4 million | 23 | 29.1 million,"Cash tax paid in the year was £26.4 million (FY23: £65.8 million) and included some pre-payments to certain tax authorities. Net capital expenditure was £23.4 million (FY23: £29.1 million), with continued investments in infrastructure and cyber security. We expect capital expenditure will be c.£30 million in FY25.",challenge/offline-data/hays/filings/2024-08-22__has-ln-20240822-h2-8k-2__671217.md,2012
Hays plc,HAS,2024-08-22,FY2024H2,STRUCTURED_RESULT,h2-8k,19  | 30  | 2024  | 19.4 million | 25.7 million | 30 ,"The Group's defined benefit pension scheme position under IAS 19 at 30 June 2024 has resulted in a surplus of £19.4 million, compared to a surplus of £25.7 million at 30 June 2023. The decrease in surplus of £6.3 million was driven by a decrease in expected returns from scheme assets and a change in financial assumptions, notably a decrease in discount rate, partially offset by company contributio",challenge/offline-data/hays/filings/2024-08-22__has-ln-20240822-h2-8k-2__671217.md,2028
Hays plc,HAS,2024-08-22,FY2024H2,STRUCTURED_RESULT,h2-8k,2.05  | 3.00  | 1.34 | 2.0 | -3.0,"The Board has proposed an unchanged final dividend of 2.05 pence per share, giving a full-year dividend of 3.00 pence per share. This represents pre-exceptional dividend cover of 1.34x, below our target dividend cover range of 2.0-3.0x earnings. Given the Board's confidence in the Group's strategy and long-term prospects, plus our strong financial position, the Board considers an unchanged dividen",challenge/offline-data/hays/filings/2024-08-22__has-ln-20240822-h2-8k-2__671217.md,2036
Hays plc,HAS,2024-08-22,FY2024H2,STRUCTURED_RESULT,h2-8k,"30  | 100 million | 30  | 2024,  | 56.8 million | 24. ","Our policy for returning surplus cash to shareholders remains unchanged and is based on paying capital above our cash buffer at each financial year-end (30 June) of £100 million, subject to the economic outlook. At 30 June 2024, our net cash position was £56.8 million, and therefore the Board does not propose a return of surplus capital to shareholders in respect of FY24. As a reminder, we have a ",challenge/offline-data/hays/filings/2024-08-22__has-ln-20240822-h2-8k-2__671217.md,2038
Hays plc,HAS,2024-08-22,FY2024H2,STRUCTURED_RESULT,h2-8k,"24, ","In FY24, we clearly set out our first Human Rights Statement. This explains the international conventions by which we are guided, including the International Labour Organization Core Conventions and United Nations Declaration on Human Rights. The Statement details the human rights considered most salient to our business. We expect and request our suppliers to also aim for high ethical standards an",challenge/offline-data/hays/filings/2024-08-22__has-ln-20240822-h2-8k-2__671217.md,2901
Hays plc,HAS,2024-08-22,FY2024H2,STRUCTURED_RESULT,h2-8k,3 ,Develop a structured approach for scope 3 emissions reductions by targeting engagement with suppliers and landlords.,challenge/offline-data/hays/filings/2024-08-22__has-ln-20240822-h2-8k-2__671217.md,3021
Hays plc,HAS,2024-08-22,FY2024H2,STRUCTURED_RESULT,h2-8k,1 | 3  | 3  | 3 ,(1)  Selected scope 3 emissions guiding our investment in beyond value chain mitigation carbon-related projects are scope 3 business travel and scope 3 fuel and energy related activities.,challenge/offline-data/hays/filings/2024-08-22__has-ln-20240822-h2-8k-2__671217.md,3027
Hays plc,HAS,2024-08-22,FY2024H2,STRUCTURED_RESULT,h2-8k,"1.5  | 3, ","We have set our targets in line with the Paris Agreement's 1.5 ° C trajectory. Recognising new guidance and with a deeper understanding of our carbon footprint, particularly in terms of scope 3, we have moved away from the previous use of terminology including 'Carbon Neutrality' and 'Offsets'. To date we have been focused on making progress against our near-term targets ahead of setting any longe",challenge/offline-data/hays/filings/2024-08-22__has-ln-20240822-h2-8k-2__671217.md,3043
Hays plc,HAS,2024-08-22,FY2024H2,STRUCTURED_RESULT,h2-8k,2  | 22% | 4%,"Our scope 2 market-based emissions are up 22%, mainly resulting from stricter assessment of renewable energy usage where energy is provided by landlords, and overall in obtaining in-dated renewable certification. Given the operation of our business we expected our energy consumption to remain relatively flat year-on-year however we have seen increase of 4%. Some of this is attributed to grid consu",challenge/offline-data/hays/filings/2024-08-22__has-ln-20240822-h2-8k-2__671217.md,3093
Hays plc,HAS,2024-08-22,FY2024H2,STRUCTURED_RESULT,h2-8k,2 | 3  | 3  | 3  | 1.  | 2 ,(2)  Selected scope 3 emissions are our scope 3 business travel and scope 3 fuel and energy related activities. These guide our investment in beyond value chain mitigation carbon-related projects and are used in our 'S1. S2 and selected S3 intensity ratio per FTE'.,challenge/offline-data/hays/filings/2024-08-22__has-ln-20240822-h2-8k-2__671217.md,3127
Hays plc,HAS,2024-08-22,FY2024H2,STRUCTURED_RESULT,h2-8k,10 ,"In ANZ the 'Plant a Tree' initiative was launched, and for every 10 placements made, a tree is planted in the Yarra Yarra Biodiversity Corridor. This is helping to restore the natural landscape and reconnect habitats. In Asia, colleagues replaced fake plants with real plants, focused on greener commutes, supported the reduction of energy consumption and produced an employee guide which was made av",challenge/offline-data/hays/filings/2024-08-22__has-ln-20240822-h2-8k-2__671217.md,3181
Hays plc,HAS,2024-08-22,FY2024H2,STRUCTURED_RESULT,h2-8k,3 ,"In preparing the Consolidated Financial Statements, the Directors have considered the impact of climate change on the Group and have concluded that there is no material impact on financial reporting judgements and estimates (as discussed in note 3 to the Financial Statements). This follows assessment by the Climate Committee of climate impacts evident during the year, the climate-related risks and",challenge/offline-data/hays/filings/2024-08-22__has-ln-20240822-h2-8k-2__671217.md,3298
Hays plc,HAS,2024-08-22,FY2024H2,STRUCTURED_RESULT,h2-8k,-19  | 12 | -18 ,"Following a strong economic recovery after the COVID-19 pandemic, the global economic outlook has further deteriorated over the last 12-18 months, with significant concerns about the impact of levels of inflation and level of interest rates on the trajectory of economic activity.",challenge/offline-data/hays/filings/2024-08-22__has-ln-20240822-h2-8k-2__671217.md,3688
Hays plc,HAS,2024-08-22,FY2024H2,STRUCTURED_RESULT,h2-8k,"210 million | 2024  | 170 million | 2025.  | 30  | 2024, ","The Group has an unsecured revolving credit facility of £210 million that reduces in November 2024 to £170 million and expires in November 2025. The Directors anticipate no problems in renewing the facility, based on good early engagement with lenders, and fully intend to do so. This provides considerable headroom against current and future Group funding requirements. At 30 June 2024, £145 million",challenge/offline-data/hays/filings/2024-08-22__has-ln-20240822-h2-8k-2__671217.md,3935
Hays plc,HAS,2024-08-22,FY2024H2,STRUCTURED_RESULT,h2-8k,"24, ","Set against these downside trading scenarios, the Board also considered key mitigating factors, including the geographic and sectoral diversity of the Group, its balanced business model across Temporary, Permanent and Contract recruitment services, and the focus on building a more resilient business, underpinned by the Group's clear strategy and focus on operational rigour. Furthermore, whilst our",challenge/offline-data/hays/filings/2024-08-22__has-ln-20240822-h2-8k-2__671217.md,3965
Hays plc,HAS,2024-08-22,FY2024H2,STRUCTURED_RESULT,h2-8k,"210 million | 170 million | 2024,  | 2025.  | 12 ","The Group's unsecured revolving credit facility of £210 million, reducing to £170 million in November 2024, expires in November 2025. Whilst the expiry of the facility is outside of the 12 month going concern period, the Directors anticipate no problems in renewing the facility, based on good early engagement with lenders, and fully intend to do so.",challenge/offline-data/hays/filings/2024-08-22__has-ln-20240822-h2-8k-2__671217.md,3977
Hays plc,HAS,2024-08-22,FY2024H2,STRUCTURED_RESULT,h2-8k,25  | 24  | 25.,Areas that were highlighted to progress in FY25 included technology and people strategies. Both of these have been key areas of focus in FY24 and the appointment of the new CTO and CPO are expected to have an impact in FY25.,challenge/offline-data/hays/filings/2024-08-22__has-ln-20240822-h2-8k-2__671217.md,4932
Hays plc,HAS,2024-08-22,FY2024H2,STRUCTURED_RESULT,h2-8k,1 | 1  | 1 | 1 ,"This year the Senior Independent Director (SID), Cheryl Millington offered 1:1 meetings with the Board to gather feedback on the Chair of the Board, Andrew Martin, and also used a questionnaire from Independent Audit to facilitate the evaluation. The Board completed a questionnaire which assessed areas such as relationships with Non-Executive Directors/key stakeholders/ shareholders, leadership of",challenge/offline-data/hays/filings/2024-08-22__has-ln-20240822-h2-8k-2__671217.md,4950
Hays plc,HAS,2024-08-22,FY2024H2,STRUCTURED_RESULT,h2-8k,24  | 24  | 24. ,"As well as this regular monitoring, the annual effectiveness review in respect of FY24 was conducted during the year under the guidance of the Committee Chair, on behalf of the Committee, and covered amongst other things a review of the audit partners, audit resource, planning and execution, Committee support and communications, and PwC's independence and objectivity. Overall feedback was positive",challenge/offline-data/hays/filings/2024-08-22__has-ln-20240822-h2-8k-2__671217.md,5314
Hays plc,HAS,2024-08-22,FY2024H2,STRUCTURED_RESULT,h2-8k,1  | 3 ,"In reviewing both the half- and full-year Financial Statements, the following issues of significance were considered by the Committee and addressed as described. These matters are described in more detail in notes 1 to 3 to the Consolidated Financial Statements.",challenge/offline-data/hays/filings/2024-08-22__has-ln-20240822-h2-8k-2__671217.md,5322
Hays plc,HAS,2024-08-22,FY2024H2,STRUCTURED_RESULT,h2-8k,107% | 3.00 | 23.,"We maintained a strong balance sheet through the year and our cash performance was strong with 107% conversion of Operating Profit to Operating Cash Flow, and although our Group DSOs increased modestly these remained below pre-pandemic levels and we again saw very low levels of bad debts. Our strong balance sheet position together with the Board's confidence in our strategy and long-term prospects",challenge/offline-data/hays/filings/2024-08-22__has-ln-20240822-h2-8k-2__671217.md,5674
Hays plc,HAS,2024-08-22,FY2024H2,STRUCTURED_RESULT,h2-8k,"24  | 24, ","The FY24 targets for EPS were set against an increasingly challenging market backdrop. The Group's trading environment proved more difficult than expected in FY24, most notably in our Perm recruitment business which became more challenging across the majority of our markets. Despite the decisive management action taken through the year to right-size the business, restructure operations and closely",challenge/offline-data/hays/filings/2024-08-22__has-ln-20240822-h2-8k-2__671217.md,5686
Hays plc,HAS,2024-08-22,FY2024H2,STRUCTURED_RESULT,h2-8k,2021  | 22 | -19 ,"The 2021 (FY22) PSP targets were set at time the world was emerging from the COVID-19 pandemic, which made long-term target setting challenging. At the time that the targets were set, despite a positive short term outlook, there was still considerable uncertainty and volatility in the market. There was also limited visibility regarding long-term prospects, or the pace and trajectory for any econom",challenge/offline-data/hays/filings/2024-08-22__has-ln-20240822-h2-8k-2__671217.md,6082
Hays plc,HAS,2024-08-22,FY2024H2,STRUCTURED_RESULT,h2-8k,"23,  | 1  | 2022.  | 24.","- c) For FY23, James Hilton's remuneration was pro-rated in line with his appointment to the Board on 1 October 2022. He has served a full year in FY24.",challenge/offline-data/hays/filings/2024-08-22__has-ln-20240822-h2-8k-2__671217.md,6461
Hays plc,HAS,2024-08-22,FY2024H2,STRUCTURED_RESULT,h2-8k,1  | 2023  | 24 ,Zarin Patel joined the Board on 1 January 2023 and therefore FY24 is her first full year.,challenge/offline-data/hays/filings/2024-08-22__has-ln-20240822-h2-8k-2__671217.md,6496
Hays plc,HAS,2024-08-22,FY2024H2,STRUCTURED_RESULT,h2-8k,137  | 138. ,"We are committed to providing a total reward package for our employees that is competitive. The structure of remuneration for employees is shown on pages 137 and 138. We anticipate that the ratio may vary significantly year to year as it will be influenced by the level of variable pay earned such as commission and Annual Bonus and, in the case of PSP awards, by the level of vesting and share price",challenge/offline-data/hays/filings/2024-08-22__has-ln-20240822-h2-8k-2__671217.md,6525
Hays plc,HAS,2024-08-22,FY2024H2,STRUCTURED_RESULT,h2-8k,10% | 10 | 5% | 10,"The current Investment Association (IA) guidance on dilution limits (formerly the responsibility of the Association of British Insurers) provides that the overall dilution under all share plans operated by a company should not exceed 10% over a 10-year period in relation to the Company's share capital, with a further limitation of 5% in any 10-year period on executive plans. The Company's share pl",challenge/offline-data/hays/filings/2024-08-22__has-ln-20240822-h2-8k-2__671217.md,6872
Hays plc,HAS,2024-08-22,FY2024H2,STRUCTURED_RESULT,h2-8k,4.1 | 15 | 4.1 | 18,The company is required by the Financial Conduct Authority Disclosure Guidance and Transparency Rules to include these financial statements in an annual financial report prepared under the structured digital format required by DTR 4.1.15R - 4.1.18R and filed on the National Storage Mechanism of the Financial Conduct Authority. This auditors' report provides no assurance over whether the structured,challenge/offline-data/hays/filings/2024-08-22__has-ln-20240822-h2-8k-2__671217.md,7421
Hays plc,HAS,2024-08-22,FY2024H2,STRUCTURED_RESULT,h2-8k,"24, ","Set against these downside trading scenarios, the Board also considered key mitigating factors including the geographic and sectoral diversity of the Group, its balanced business model across Temporary, Permanent and Contract recruitment services, and the focus on building a more resilient business, underpinned by the Group's clear strategy and focus on operational rigour. Furthermore, whilst our ",challenge/offline-data/hays/filings/2024-08-22__has-ln-20240822-h2-8k-2__671217.md,7693
Hays plc,HAS,2024-08-22,FY2024H2,STRUCTURED_RESULT,h2-8k,"210 million | 2024  | 170 million | 2025.  | 30  | 2024, ","The Group has an unsecured revolving credit facility of £210 million, that reduces in November 2024 to £170 million and expires in November 2025. The Directors anticipate no problems in renewing the facility, based on good early engagement with lenders, and fully intend to do so. This provides considerable headroom against current and future Group funding requirements. At 30 June 2024, £145 millio",challenge/offline-data/hays/filings/2024-08-22__has-ln-20240822-h2-8k-2__671217.md,7697
Hays plc,HAS,2024-08-22,FY2024H2,STRUCTURED_RESULT,h2-8k,71,"In preparing the Consolidated Financial Statements, the Directors have considered the impact of Climate Change on the Group and have concluded that there is no material impact on financial reporting judgments and estimates (further information is provided in the Strategic Report on page 71). This is consistent with the assertion that risks associated with Climate Change are not expected to have a ",challenge/offline-data/hays/filings/2024-08-22__has-ln-20240822-h2-8k-2__671217.md,7911
Hays plc,HAS,2024-08-22,FY2024H2,STRUCTURED_RESULT,h2-8k,17  | 42.2 million | 5.6 million | 6 ,"Following the appointment of the new CEO, Dirk Hahn, and in response to increasingly challenging market conditions and a clear slowdown in most markets, we restructured the business operations of many countries across the Group, to better align business operations to market opportunities and reduce operating costs. The restructuring exercise led to the redundancy of a number of employees, includin",challenge/offline-data/hays/filings/2024-08-22__has-ln-20240822-h2-8k-2__671217.md,8006
Hays plc,HAS,2024-08-22,FY2024H2,STRUCTURED_RESULT,h2-8k,22.9 million | 17.8 million | 30  | 2025.,"The cash impact of the restructuring charge in the year was £22.9 million, with a further £17.8 million cash outflow expected in the year to 30 June 2025.",challenge/offline-data/hays/filings/2024-08-22__has-ln-20240822-h2-8k-2__671217.md,8008
Hays plc,HAS,2024-08-22,FY2024H2,STRUCTURED_RESULT,h2-8k,"1  | 2024.  | 30  | 2021,  | 30  | 2022 ","The Pillar Two legislation implementing the global minimum effective tax regime is effective for the Group's financial year beginning 1 July 2024. The Group is in scope of the legislation and has performed an assessment of the Group's potential exposure to Pillar Two income taxes. The assessment has been based on recent Group Consolidated financial statements and Country by Country Reporting, cove",challenge/offline-data/hays/filings/2024-08-22__has-ln-20240822-h2-8k-2__671217.md,8163
Hays plc,HAS,2024-08-22,FY2024H2,STRUCTURED_RESULT,h2-8k,30  | 2023  | 1.0 million,"The additions during the year ended 30 June 2023 of £1.0 million relate to the acquisition of Vercida Consulting, a DE&amp;I advisory business based in the UK, with further amounts payable based on achieving our ambitious growth plans. These amounts are charged to the Consolidated Income Statement over the earnout period and are not expected to be material.",challenge/offline-data/hays/filings/2024-08-22__has-ln-20240822-h2-8k-2__671217.md,8246
Hays plc,HAS,2024-08-22,FY2024H2,STRUCTURED_RESULT,h2-8k,"15.3 | 31  | 2023  | 31  | 2023,  | 2014 ","As mentioned above, the Group recognised an impairment charge of £15.3m (recorded under exceptional items) during the half year ended 31 December 2023 in respect of the US CGU, included within the Rest of World segment. Management revised its cash flow forecast for the US CGU as at 31 December 2023, which resulted in a reduction of its recoverable amount below the carrying amount. Before impairmen",challenge/offline-data/hays/filings/2024-08-22__has-ln-20240822-h2-8k-2__671217.md,8260
Hays plc,HAS,2024-08-22,FY2024H2,STRUCTURED_RESULT,h2-8k,8.4,"The overall deferred tax asset has increased due to a number of factors including the impairment of intangible assets in Germany, together with a reduction in the deferred tax liability in the UK, driven by a reduction in the retirement benefit surplus. The reduction in the pension deferred tax liability has been partially offset by the derecognition of deferred tax asset in relation to previously",challenge/offline-data/hays/filings/2024-08-22__has-ln-20240822-h2-8k-2__671217.md,8630
Hays plc,HAS,2024-08-22,FY2024H2,STRUCTURED_RESULT,h2-8k,"19% | 25% | 1  | 2023,  | 30  | 2021 ","Deferred tax assets and liabilities are measured at the tax rates that are expected to apply in the periods in which they reverse - being the rates enacted or substantively enacted for those relevant periods applicable for each jurisdiction. Following the legislated increase in the main UK corporation tax rate from 19% to 25% which took effect from 1 April 2023, the UK deferred tax balances were r",challenge/offline-data/hays/filings/2024-08-22__has-ln-20240822-h2-8k-2__671217.md,8642
Hays plc,HAS,2024-08-22,FY2024H2,STRUCTURED_RESULT,h2-8k,2.0  | 3.0 | 30  | 2024.  | 30  | 100 million,"The Group's target core full-year dividend cover range remains 2.0 to 3.0x earnings, however given the Group's strong financial position, the Group maintains the flexibility to pay dividend outside this target range where appropriate as is the case in the year ended 30 June 2024. The Group's policy for returning surplus net cash to shareholders is based on returning capital above the Group's cash ",challenge/offline-data/hays/filings/2024-08-22__has-ln-20240822-h2-8k-2__671217.md,8774
Hays plc,HAS,2024-08-22,FY2024H2,STRUCTURED_RESULT,h2-8k,17.7 million | 2023 | 17.2 million | 0.5 million | 2023 | 0.5 million,"During the year the Company made deficit funding contributions of £17.7 million (2023: £17.2 million) into the funded Hays Pension Scheme, and made pension payments amounting to £0.5 million (2023: £0.5 million) in respect of the unfunded Hays Supplementary Scheme. The amount of deficit funding contributions expected to be paid into the funded Hays Pension Scheme in the year to 30 June 2025 is £18",challenge/offline-data/hays/filings/2024-08-22__has-ln-20240822-h2-8k-2__671217.md,9059
Hays plc,HAS,2024-08-22,FY2024H2,STRUCTURED_RESULT,h2-8k,9.,Intercompany and other receivables are initially measured at fair value. Subsequent to initial recognition these assets are measured at amortised cost less any provision for impairment losses. The Company measures impairment losses using the expected credit loss model in accordance with IFRS 9.,challenge/offline-data/hays/filings/2024-08-22__has-ln-20240822-h2-8k-2__671217.md,9472
Hays plc,HAS,2024-08-22,FY2024H2,STRUCTURED_RESULT,h2-8k,30 million | 27 ,"- We now expect to deliver further structural cost savings of c.£30 million per annum by the end of FY27 via our ongoing back-office efficiency programmes, particularly in our technology and finance functions",challenge/offline-data/hays/filings/2024-08-22__has-ln-20240822-h2-8k__119721.md,80
Hays plc,HAS,2024-08-22,FY2024H2,STRUCTURED_RESULT,h2-8k,1  | 25.  | 8 | 82 million,"Given our focus on driving consultant productivity in recent quarters, we expect overall Group consultant headcount will remain broadly stable in Q1 25. Overall, our current capacity has significant scope to deliver material fee and profit growth when our key markets recover. Our cost base per period (8) is currently c.£82 million.",challenge/offline-data/hays/filings/2024-08-22__has-ln-20240822-h2-8k__119721.md,168
Hays plc,HAS,2024-08-22,FY2024H2,STRUCTURED_RESULT,h2-8k,1  | 25  | 8% | 1  | 25  | 5%,"Temp &amp; Contractor volumes are stable, and we continue to expect Q1 25 volumes will be down c.8% YoY. Also as expected, the impact of reduced Temp &amp; Contracting working hours is easing, with Q1 25 likely down c.5% (H2 24: down 9%). Perm remains challenging.",challenge/offline-data/hays/filings/2024-08-22__has-ln-20240822-h2-8k__119721.md,174
Hays plc,HAS,2024-08-22,FY2024H2,STRUCTURED_RESULT,h2-8k,25% | 22 | -25% | 250 million,"We expect all business lines to be able to deliver a conversion rate of at least 25% (pre-central costs) in normal market conditions, with an overall Group conversion rate of 22-25%. As part of our programme to return to, and then exceed, previous peak profits of c.£250 million we will also seek to improve medium-term consultant productivity in excess of inflation.",challenge/offline-data/hays/filings/2024-08-22__has-ln-20240822-h2-8k__119721.md,224
Hays plc,HAS,2024-08-22,FY2024H2,STRUCTURED_RESULT,h2-8k,30 million,"Looking ahead, a number of back-office efficiency programmes are well underway, which we expect to structurally reduce the Group's overhead cost base by a further c.£30 million per annum over the next three years, notably in our finance and technology functions. This will be achieved via removing duplicated costs, selective outsourcing opportunities, further standardisation and globalisation of pr",challenge/offline-data/hays/filings/2024-08-22__has-ln-20240822-h2-8k__119721.md,272
Hays plc,HAS,2024-08-22,FY2024H2,STRUCTURED_RESULT,h2-8k,23  | 8 | 5 million | 60 million | 30 million | 30 million,"Since our FY23 preliminary results, our actions have reduced our costs per period (8) by c.£5 million, equating to annualised Group cost savings of c.£60 million. Of these savings, c.£30 million arose from the reduction in consultant headcount. A further c.£30 million of savings is more structural and resulted from our decisive response to increasingly challenging market conditions and to improve ",challenge/offline-data/hays/filings/2024-08-22__has-ln-20240822-h2-8k__119721.md,343
Hays plc,HAS,2024-08-22,FY2024H2,STRUCTURED_RESULT,h2-8k,"4  | 42.2 million | 22.9 million | 24,  | 17.8 million | 25. ","As noted at the top of this page, in a direct and decisive response to increasingly challenging market conditions and a clear slowdown in most markets, we restructured the business operations of several countries across the Group, to better align business operations to market opportunities and reduce operating costs. The restructuring exercise led to the redundancy of a number of employees, includ",challenge/offline-data/hays/filings/2024-08-22__has-ln-20240822-h2-8k__119721.md,355
Hays plc,HAS,2024-08-22,FY2024H2,STRUCTURED_RESULT,h2-8k,25  | 10 million | 24.,"We expect the net finance charge for FY25 to be c.£10 million, broadly in line with FY24.",challenge/offline-data/hays/filings/2024-08-22__has-ln-20240822-h2-8k__119721.md,361
Hays plc,HAS,2024-08-22,FY2024H2,STRUCTURED_RESULT,h2-8k,"65% | 32% | 25, ","The increase in the pre-exceptional ETR year-on-year is primarily driven by the geographic mix of operating profit, notably the higher proportion of profits made in Germany, which has one of our highest country tax rates and which accounted for 65% of group profits in the year. We expect the Group's ETR will be c.32% in FY25, unless our geographic profit mix changes materially.",challenge/offline-data/hays/filings/2024-08-22__has-ln-20240822-h2-8k__119721.md,367
Hays plc,HAS,2024-08-22,FY2024H2,STRUCTURED_RESULT,h2-8k,26.4 million | 23 | 65.8 million | 23.4 million | 23 | 29.1 million,"Cash tax paid in the year was £26.4 million (FY23: £65.8 million) and included some pre-payments to certain tax authorities. Net capital expenditure was £23.4 million (FY23: £29.1 million), with continued investments in infrastructure and cyber security. We expect capital expenditure will be c.£30 million in FY25.",challenge/offline-data/hays/filings/2024-08-22__has-ln-20240822-h2-8k__119721.md,389
Hays plc,HAS,2024-08-22,FY2024H2,STRUCTURED_RESULT,h2-8k,19  | 30  | 2024  | 19.4 million | 25.7 million | 30 ,"The Group's defined benefit pension scheme position under IAS 19 at 30 June 2024 has resulted in a surplus of £19.4 million, compared to a surplus of £25.7 million at 30 June 2023. The decrease in surplus of £6.3 million was driven by a decrease in expected returns from scheme assets and a change in financial assumptions, notably a decrease in discount rate, partially offset by company contributio",challenge/offline-data/hays/filings/2024-08-22__has-ln-20240822-h2-8k__119721.md,397
Hays plc,HAS,2024-08-22,FY2024H2,STRUCTURED_RESULT,h2-8k,2.05  | 3.00  | 1.34 | 2.0 | -3.0 | 18 ,"The Board has proposed an unchanged final core dividend of 2.05 pence per share giving a full-year dividend of 3.00 pence per share. This represents pre-exceptional dividend cover of 1.34x, below our target core dividend cover range of 2.0-3.0x earnings. Given the Board's confidence in the Group's strategy and long-term prospects, plus our strong financial position, the Board considers an unchange",challenge/offline-data/hays/filings/2024-08-22__has-ln-20240822-h2-8k__119721.md,405
Hays plc,HAS,2024-08-22,FY2024H2,STRUCTURED_RESULT,h2-8k,30  | 100 million | 30  | 2024  | 56.8 million | 24. ,"Our policy for returning surplus cash to shareholders remains unchanged and is based on paying capital above our net cash buffer at each financial year-end (30 June) of £100 million, subject to the economic outlook. As at 30 June 2024 our net cash position was £56.8 million, and therefore the Board does not propose a return of surplus capital to shareholders in respect of FY24. As a reminder, we h",challenge/offline-data/hays/filings/2024-08-22__has-ln-20240822-h2-8k__119721.md,407
Hays plc,HAS,2024-08-22,FY2024H2,STRUCTURED_RESULT,h2-8k,"30  | 2024  | 7,045,  | 18% | 24% | 1 ","Consultant headcount at 30 June 2024 was 7,045, down 18% year-on-year and 24% lower versus peak (Q1 23), almost entirely outside of our restructuring programmes. Total Group headcount decreased by 15% year-on-year, including the impact of our restructuring programmes noted earlier. Given our focus on driving consultant productivity in recent quarters, we believe our consultant capacity is appropri",challenge/offline-data/hays/filings/2024-08-22__has-ln-20240822-h2-8k__119721.md,433
Hays plc,HAS,2024-08-22,FY2024H2,STRUCTURED_RESULT,h2-8k,"23  | 1  | 24,  | 2  | 24,  | 4 ","Having been resilient during FY23 and H1 24, despite a deteriorating economic outlook, demand for skilled Contractors and Temps decreased in H2 24, which led to lower YoY volumes including Q4 down 6%. Additionally, average hours worked per Contractor declined by 8% in Q3 and 10% in Q4, primarily driven by client cost controls. This led to a negative fee and operating profit impact of c.£16 million",challenge/offline-data/hays/filings/2024-08-22__has-ln-20240822-h2-8k__119721.md,479
Hays plc,HAS,2024-08-22,FY2024H2,STRUCTURED_RESULT,h2-8k,82% | 7% | 6% | 5 | 1% | 6%,"Temp and Contracting, (82% of Germany fees), decreased by 7%, or down 6% WDA (5) . This was driven by 1% decline in volumes and 6% from materially lower average hours worked in H2 24. Pricing and mix remained solid and is expected to remain steady in H1 25. As previously reported at our Q4 results, overall Temp and Contracting volumes in June 2024 were down 6% YoY and we expect a further 2% YoY de",challenge/offline-data/hays/filings/2024-08-22__has-ln-20240822-h2-8k__119721.md,481
Hays plc,HAS,2024-08-22,FY2024H2,STRUCTURED_RESULT,h2-8k,21  | 2000. ,"This Preliminary Report (the 'Report') has been prepared in accordance with the Disclosure Guidance and Transparency Rules of the UK Financial Conduct Authority and is not audited. No representation or warranty, express or implied, is or will be made in relation to the accuracy, fairness or completeness of the information or opinions contained in this Report. Statements in this Report reflect the ",challenge/offline-data/hays/filings/2024-08-22__has-ln-20240822-h2-8k__119721.md,652
Hays plc,HAS,2024-08-22,FY2024H2,STRUCTURED_RESULT,h2-8k,"24, ","Set against these downside trading scenarios, the Board also considered key mitigating factors including the geographic and sectoral diversity of the Group, its balanced business model across Temporary, Permanent and Contract recruitment services, and the focus on building a more resilient business, underpinned by the Group's clear strategy and focus on operational rigour. Furthermore, whilst our ",challenge/offline-data/hays/filings/2024-08-22__has-ln-20240822-h2-8k__119721.md,962
Hays plc,HAS,2024-08-22,FY2024H2,STRUCTURED_RESULT,h2-8k,"210 million | 2024  | 170 million | 2025.  | 30  | 2024, ","The Group has an unsecured revolving credit facility of £210 million, that reduces in November 2024 to £170 million and expires in November 2025. The Directors anticipate no problems in renewing the facility, based on good early engagement with lenders, and fully intend to do so. This provides considerable headroom against current and future Group funding requirements. At 30 June 2024, £145 millio",challenge/offline-data/hays/filings/2024-08-22__has-ln-20240822-h2-8k__119721.md,966
Hays plc,HAS,2024-08-22,FY2024H2,STRUCTURED_RESULT,h2-8k,17  | 42.2 million | 5.6 million | 5. ,"Following the appointment of the new CEO, Dirk Hahn, and in response to increasingly challenging market conditions and a clear slowdown in most markets, we restructured the business operations of many countries across the Group, to better align business operations to market opportunities and reduce operating costs. The restructuring exercise led to the redundancy of a number of employees, includin",challenge/offline-data/hays/filings/2024-08-22__has-ln-20240822-h2-8k__119721.md,1019
Hays plc,HAS,2024-08-22,FY2024H2,STRUCTURED_RESULT,h2-8k,22.9 million | 17.8 million | 30  | 2025.,"The cash impact of the restructuring charge in the year was £22.9 million, with a further £17.8 million cash outflow expected in the year to 30 June 2025.",challenge/offline-data/hays/filings/2024-08-22__has-ln-20240822-h2-8k__119721.md,1021
Hays plc,HAS,2024-07-11,FY2024H2,EARNINGS_CALL,call-pres,"15% | -18% | 4,  | 2024  | 105 million","Unknown speaker: Thank you, David. Good morning, everyone, and thanks for joining us today. I'll present the key points and regional details of today's trading update before taking questions. As usual, all net fee growth percentages are on a like-for-like basis versus prior year unless stated otherwise. Group fees decreased by 15%, with a June net fee exit rate of -18%. Market conditions remain ch",challenge/offline-data/hays/call-transcripts/2024-07-11__has-ln-20240711-call-pres__74984.md,17
Hays plc,HAS,2024-07-11,FY2024H2,EARNINGS_CALL,call-pres,"4,  | 5% | 18% | 3% | 12  | 2024 ","Unknown speaker: We remain focused on managing our costs and productivity on a business-by-business basis. During Q4, our consultant headcount decreased by 5% and was down 18% year-on-year. Therefore, despite tougher markets, our average consultant productivity improved by 3% year-on-year. We also closed 12 offices in our network in the fourth quarter, ending FY 2024 with 236 offices, down 16 year",challenge/offline-data/hays/call-transcripts/2024-07-11__has-ln-20240711-call-pres__74984.md,21
Hays plc,HAS,2024-07-11,FY2024H2,EARNINGS_CALL,call-pres,11% | 2.  | 14% | 7% | 19% | 13%,"Unknown speaker: The Americas decreased by 11%, although conditions were stable through the quarter, and our actions to improve productivity and manage costs drove a return to profitability in North America through H2. Canada and the USA fees decreased by 14% and 7% respectively, with LatAm down 19%. Asia declined by 13% with mixed but overall stable conditions. Mainland China increased by 8% and ",challenge/offline-data/hays/call-transcripts/2024-07-11__has-ln-20240711-call-pres__74984.md,29
Hays plc,HAS,2024-07-11,FY2024H2,EARNINGS_CALL,call-pres,2% | -3% | 1  | 2025.  | 2  | 2024 ,"Unknown speaker: In the U.K. and Ireland and France, we expect the recent activity slowdown will lead to a subdued summer trading, and it is too early to determine when we will see a meaningful recovery. In Germany, we expect lower temp starter numbers will further reduce volumes by 2%-3% in Q1 2025. That said, the impact of lower temp and contractor hours that we experienced in H2 2024 has starte",challenge/offline-data/hays/call-transcripts/2024-07-11__has-ln-20240711-call-pres__74984.md,31
Hays plc,HAS,2024-07-11,FY2024H2,EARNINGS_CALL,call-pres,"45 million | 2  | 2024.  | 2025,  | 1  | 2025 ","Unknown speaker: Supported by our significant cost reduction actions, we expect to deliver GBP 45 million profit in H2 2024. It is difficult to predict the shape of FY 2025, given we only have four to five weeks forward visibility, but based on what we currently know, unless we see a material recovery in end markets, I think it is likely that profits in H1 2025 will be sequentially lower than H2 2",challenge/offline-data/hays/call-transcripts/2024-07-11__has-ln-20240711-call-pres__74984.md,33
Hays plc,HAS,2024-07-11,FY2024H2,EARNINGS_CALL,call-qna,2025.,"Unknown speaker: Yes. Good morning, and thanks for the call. A few questions on my side. So the first one is on the Exceptional Cost that you are guiding for the second half of this year. It's slightly larger than anticipated. So can you maybe give a little bit more flavor on the actions that you've taken there and which relates to the delta of Exceptional Cost versus what you were expecting initi",challenge/offline-data/hays/call-transcripts/2024-07-11__has-ln-20240711-call-qna__74999.md,13
Hays plc,HAS,2024-07-11,FY2024H2,EARNINGS_CALL,call-qna,"1,  | 12.7 million | 25 million | 30 million | 50 million | 20 million","Unknown speaker: Thanks, Remi. I'll pick those up in order. So I'll kick off with the question on our exceptional cost. So you're correct that it is higher than what we previously guided. If you think back to H1, we did GBP 12.7 million of effectively cash exceptionals rather than the non-cash element. And we expect in the second half that to be higher between GBP 25 million and GBP 30 million. No",challenge/offline-data/hays/call-transcripts/2024-07-11__has-ln-20240711-call-qna__74999.md,17
Hays plc,HAS,2024-07-11,FY2024H2,EARNINGS_CALL,call-qna,"2,  | 1  | 22%","Unknown speaker: Put simply, we have actually got on and got a few more things done in this half than we previously expected, and therefore we have got a higher exceptional charge in H2, but we also have a higher level of cost save to go with it, which I think is better position the business going forward. It kind of leads on slightly to the third question that you asked around headcount and why w",challenge/offline-data/hays/call-transcripts/2024-07-11__has-ln-20240711-call-qna__74999.md,19
Hays plc,HAS,2024-07-11,FY2024H2,EARNINGS_CALL,call-qna,40% | -6% | -7% | -8% | -9% | -13%,"Unknown speaker: That's a material part of our temp business, and we've seen about a 40% reduction in new job flow coming in from the automotive sector in the last six to eight weeks. And I do think that that will create a headwind going into the next quarter, and therefore I expect the year-on-year volumes to move from -6% in the quarter in Germany. They're actually -7% on exit rate, and I think ",challenge/offline-data/hays/call-transcripts/2024-07-11__has-ln-20240711-call-qna__74999.md,45
Hays plc,HAS,2024-07-11,FY2024H2,EARNINGS_CALL,call-qna,81.5 million | 82 million | 1  | 1.,"Unknown speaker: So I think starting the new financial year, I'd expect that to be sort of around GBP 81.5 million-GBP 82 million as we start the new financial year. But importantly, that's still materially lower than where we were starting this financial year, and I think that's important. It's important that we keep that under close review. I think I've clearly given quite clear headcount guidan",challenge/offline-data/hays/call-transcripts/2024-07-11__has-ln-20240711-call-qna__74999.md,49
Hays plc,HAS,2024-07-11,FY2024H2,EARNINGS_CALL,call-qna,"55 million | 3,  | 75 million","Unknown speaker: I know clearly the Labour government has a number of things on its agenda, but we'll have to see over time how that plays out. On balance sheet, GBP 55 million was actually in line with where we expected to be. Andy, we were a bit lighter at the end of Q3, as you were aware, and we talked about three months ago, and actually we had a pretty decent cash performance. GBP 75 million ",challenge/offline-data/hays/call-transcripts/2024-07-11__has-ln-20240711-call-qna__74999.md,87
Hays plc,HAS,2024-07-11,FY2024H2,EARNINGS_CALL,call-qna,100 million | 55 million,"Unknown speaker: We've seen a modest working capital inflow this year, but it's not been at the level that we would have done if we'd have kept DSOs level year-on-year. I think that is a bit of a headwind on cash. How that plays out over the next two or three years is difficult to call because I would expect a recovery at some point in the SME client base. And then again, that will structurally re",challenge/offline-data/hays/call-transcripts/2024-07-11__has-ln-20240711-call-qna__74999.md,91
Hays plc,HAS,2024-07-11,FY2024H2,EARNINGS_CALL,call-qna,15% | 7.5 ,"Unknown speaker: Clearly we continue to focus on that, but the profit per consultant is a sum of two different equations. The first one being the productivity per consultant and making sure that we can drive that. I would highlight that we are in a market today where our volume productivity is probably 15% lower than where we would be at peak. It goes back to the question earlier around we're doin",challenge/offline-data/hays/call-transcripts/2024-07-11__has-ln-20240711-call-qna__74999.md,95
Hays plc,HAS,2024-07-11,FY2024H2,EARNINGS_CALL,call-qna,22,"Unknown speaker: Thanks. If that's all questions for today, I'd like to say thanks again for joining the call. I look forward to speaking to you again at our full year results on the 22nd of August. As always, if anyone has any follow-up questions, David, Rob, and myself will be available for the rest of the day to take any calls. Thank you. Bye-bye.",challenge/offline-data/hays/call-transcripts/2024-07-11__has-ln-20240711-call-qna__74999.md,127
Hays plc,HAS,2024-07-11,FY2024H2,STRUCTURED_RESULT,q4-8k,24  | 105 million,"- Despite a more difficult quarter, our cost actions mean we expect FY24 pre-exceptional operating profit of c.£105 million, around the bottom of the market consensus range*",challenge/offline-data/hays/filings/2024-07-11__has-ln-20240711-q4-8k__119729.md,80
Hays plc,HAS,2024-07-11,FY2024H2,STRUCTURED_RESULT,q4-8k,4% | 15% | 60 million | 24  | 50 million | 30 million,"- Group headcount &amp; costs: Group headcount down 4% in the quarter and 15% YoY. Overall, our actions are now expected to deliver c.£60 million of annualised savings by the end of FY24 (previous estimate: c.£50 million), of which c.£30 million is expected to be structural",challenge/offline-data/hays/filings/2024-07-11__has-ln-20240711-q4-8k__119729.md,85
Hays plc,HAS,2024-07-11,FY2024H2,STRUCTURED_RESULT,q4-8k,3% | 5% | 18% | 1  | 25.,"We continued to manage our consultant capacity on a business-line basis and, despite tougher markets, our actions drove a 3% YoY improvement in average consultant productivity. Group consultant headcount decreased by 5% in the quarter and by 18% year-on-year. Given our focus on driving consultant productivity in recent quarters, we believe our current capacity is appropriate for current market con",challenge/offline-data/hays/filings/2024-07-11__has-ln-20240711-q4-8k__119729.md,109
Hays plc,HAS,2024-07-11,FY2024H2,STRUCTURED_RESULT,q4-8k,"23  | 2023,  | 5 million | 60 million | 10 million | 30 million","Since our FY23 preliminary results in August 2023, our actions have reduced our costs per period by c.£5 million and we have delivered c.£60 million in annualised savings (an increase of c.£10 million versus our previous expectation). Of these savings, c.£30 million are expected to be structural. As previously reported, we incurred a £12.6 million exceptional restructuring charge in H1 FY24, with ",challenge/offline-data/hays/filings/2024-07-11__has-ln-20240711-q4-8k__119729.md,113
Hays plc,HAS,2024-07-11,FY2024H2,STRUCTURED_RESULT,q4-8k,2 | -3% | 1  | 25.  | 2  | 24 ,"In Germany , we expect recent lower Temp &amp; Contracting starter numbers will further impact volumes by 2-3% in Q1 25. This said, the impact of lower Temp &amp; Contracting hours we experienced in H2 24 is starting to ease, and we expect sequentially less fee and profit impact in Q1 25. Perm remains challenging, with lower activity levels.",challenge/offline-data/hays/filings/2024-07-11__has-ln-20240711-q4-8k__119729.md,119
Hays plc,HAS,2024-07-11,FY2024H2,STRUCTURED_RESULT,q4-8k,25 ,"Additionally, we expect our ongoing efficiency programmes will deliver further permanent back-office overhead savings in FY25 and beyond, notably in Technology and Finance. We see significant scope to increase our efficiency and rigour, while reducing overall overheads.",challenge/offline-data/hays/filings/2024-07-11__has-ln-20240711-q4-8k__119729.md,125
Hays plc,HAS,2024-04-16,FY2024Q3,EARNINGS_CALL,call-pres,"6% | 16% | 2% | 4 million | 50 million | 2024, ","Unknown speaker: Consultant headcount decreased by 6% in the quarter and by 16% year-on-year as we continue to manage our overall capacity on a business-line basis. As a result, consultant productivity improved by 2% versus prior year despite the tougher markets. Since August, our actions have already reduced our cost per period by circa GBP 4 million, and we are well on track to deliver our plann",challenge/offline-data/hays/call-transcripts/2024-04-16__has-ln-20240416-call-pres__74969.md,21
Hays plc,HAS,2024-04-16,FY2024Q3,EARNINGS_CALL,call-pres,20% | 16% | 27% | 8% | 3.  | 14%,"Unknown speaker: Canada and the U.S. decreased by 20% and 16% respectively, with LATAM down 27%. In Asia, fees declined by 8%, with conditions stable through Q3. China was flat and improved modestly through the quarter, and fees in Japan were also flat, although Malaysia was more difficult and down 14%. Productivity improved across the rest of the world, with consultant headcount down 7% in the qu",challenge/offline-data/hays/call-transcripts/2024-04-16__has-ln-20240416-call-pres__74969.md,29
Hays plc,HAS,2024-04-16,FY2024Q3,EARNINGS_CALL,call-qna,75% | 25% | 25% | -2% | 2 ,"Unknown speaker: As I mentioned on the call, it's predominantly been driven by our clients and their own respective cost control measures. So we estimate about 75% of the reduction we've seen in hours has been driven by our clients, who are clearly managing their own cost base and their own budgets as well. And around 25% of that hours reduction has been a combination of illness. There has been a ",challenge/offline-data/hays/call-transcripts/2024-04-16__has-ln-20240416-call-qna__74987.md,17
Hays plc,HAS,2024-04-16,FY2024Q3,EARNINGS_CALL,call-qna,3 | 4. ,Unknown speaker: Good morning. It's Rory here. Yeah. First question on the average hours worked in the German contracting business. Can you give us just a bit more background on when did you start to see this tightening from clients really worsen? I guess it would always be most impactful in March given the size of the month for you. But did trends keep worsening through the Q3? I guess just tryin,challenge/offline-data/hays/call-transcripts/2024-04-16__has-ln-20240416-call-qna__74987.md,33
Hays plc,HAS,2024-04-16,FY2024Q3,EARNINGS_CALL,call-qna,5% | 3% | -4% | 2%,"Unknown speaker: So logically, we would expect to see some level of sensitivity going into the next quarter. Clearly, I don't know what that is at this stage. And we'll talk about that once we know what we're dealing with in July. Just on your second question with regards to headcount reductions, our overall group headcount was down 5% in the quarter, which was a little bit ahead of where we guide",challenge/offline-data/hays/call-transcripts/2024-04-16__has-ln-20240416-call-qna__74987.md,39
Hays plc,HAS,2024-04-16,FY2024Q3,EARNINGS_CALL,call-qna,"4, ","Unknown speaker: We do have the tail end of a couple of projects that are ongoing. But I expect to see a much smaller reduction in the final quarter, so much more modest going into Q4, given the markets we're dealing with today, which, as we've talked about, feel broadly stable overall.",challenge/offline-data/hays/call-transcripts/2024-04-16__has-ln-20240416-call-qna__74987.md,41
Hays plc,HAS,2024-04-16,FY2024Q3,EARNINGS_CALL,call-qna,12  | 12 ,"Unknown speaker: Sure. Okay. Thanks, Remi. I'll pick the pricing question up first. And we've seen, on the Temp side of things, as we've seen in the statement, a normalization of the pricing tailwind. I think this time last year, we were seeing quite a substantial pricing tailwind, both in Temp and in Perm. And we've seen that moderate, I think, largely to be expected. And it's two parts to that e",challenge/offline-data/hays/call-transcripts/2024-04-16__has-ln-20240416-call-qna__74987.md,53
Hays plc,HAS,2024-04-16,FY2024Q3,EARNINGS_CALL,call-qna,5%,"Unknown speaker: I think on the pricing dynamic and that discussion with clients, it's always a function of the supply and demand, really. Clearly, we're in a tougher market now. There is more labor availability. You'll see vacancy rates. Labor availability rate data would support that. I think while we're not seeing pricing go backwards, it's clearly more competitive in a more challenging market.",challenge/offline-data/hays/call-transcripts/2024-04-16__has-ln-20240416-call-qna__74987.md,55
Hays plc,HAS,2024-04-16,FY2024Q3,EARNINGS_CALL,call-qna,12.6 million | 20 million,"Unknown speaker: In terms of the one-off costs, we obviously had the exceptional in the first half. We did say that we expect to have an exceptional in the second half as a number of projects are in flight around the world. At this stage, I don't have, and clearly, don't have a number for the full year. We'll talk about that in much more detail at the prelims in August. Broadly and directionally, ",challenge/offline-data/hays/call-transcripts/2024-04-16__has-ln-20240416-call-qna__74987.md,57
Hays plc,HAS,2024-04-16,FY2024Q3,EARNINGS_CALL,call-qna,"-8% | 3.  | 4 | 1 | -8% | 3, ","Unknown speaker: Hi, guys. Thanks for taking my questions. Three quick ones, just following up on that Germany trend we discussed at length now. But just to be clear on that, -8% in Q3. So how do you expect that into Q4? And what's the comparable number in Q1? So we've got -8% in Q3, -2% in Q2. What would the like-for-like number in Q1? Just try to see the full trends in the fiscal year. So that's",challenge/offline-data/hays/call-transcripts/2024-04-16__has-ln-20240416-call-qna__74987.md,81
Hays plc,HAS,2024-04-16,FY2024Q3,EARNINGS_CALL,call-qna,"25,  | 25 | -27% | -27%","Unknown speaker: But as we start thinking about FY 25, I believe you mentioned before that you were running at some overcapacity at the moment and preparing for a recovery. So how should we think about headcount growth as we go into FY 25? And should we expect that fairly stable, even factoring in a recovery? Or should we expect some movements there? And then finally, for the question, this is a b",challenge/offline-data/hays/call-transcripts/2024-04-16__has-ln-20240416-call-qna__74987.md,83
Hays plc,HAS,2024-04-16,FY2024Q3,EARNINGS_CALL,call-qna,-8% | 3.  | 4 | 4  | 75% | -25%,"Unknown speaker: Okay. I'll pick those up in order. So Germany overall, -8% impact on hours in Q3. And what do we expect in Q4? I mean, I think I've mentioned already on the call, it's difficult for me to try and predict that with any degree of accuracy. And clearly, we'll talk about it once we know what the Q4 results are. But I have tried to give as much of a color as I can on potentially what e",challenge/offline-data/hays/call-transcripts/2024-04-16__has-ln-20240416-call-qna__74987.md,85
Hays plc,HAS,2024-04-16,FY2024Q3,EARNINGS_CALL,call-qna,16% | 18 ,"Unknown speaker: I'll just come on to headcount plans and how we're looking at that. And I mean, standing back from it, our consultant headcount is down 16% on prior year, which is in line with where our fees are overall. It's slightly ahead of that, which drove a slight improvement in productivity. And I think we've got a pretty sensible balance of headcount reductions in the right markets. And I",challenge/offline-data/hays/call-transcripts/2024-04-16__has-ln-20240416-call-qna__74987.md,89
Hays plc,HAS,2024-04-16,FY2024Q3,STRUCTURED_RESULT,q3-8k,1 ,"While economic uncertainties remain, we have a strong and clear strategy and will continue to build a more resilient business through greater focus, increased operational rigour and strong cost management. As set out at our H1 results, we are firmly focused on targeting the many structural growth opportunities we see and, over time, rebuilding our conversion rate. Driven by our strong teams of tal",challenge/offline-data/hays/filings/2024-04-16__has-ln-20240416-q3-8k__119732.md,75
Hays plc,HAS,2024-04-16,FY2024Q3,STRUCTURED_RESULT,q3-8k,"50 million | 24,  | 20 million","- Continued focus on costs: well on-track to deliver our planned c.£50 million of annualised cost savings by the end of FY24, of which c.£20 million is expected to be structural",challenge/offline-data/hays/filings/2024-04-16__has-ln-20240416-q3-8k__119732.md,83
Hays plc,HAS,2024-04-16,FY2024Q3,STRUCTURED_RESULT,q3-8k,"23  | 4 million | 50 million | 24,  | 20 million | 12.6 million","Since our FY23 preliminary results in August, our actions have reduced our costs per period by c.£4 million, and we are well on track to deliver the previously announced annualised cost savings of c.£50 million by the end of FY24, of which c.£20 million is expected to be structural. As a result, we incurred a £12.6 million exceptional restructuring charge in H1 FY24, with further restructuring cha",challenge/offline-data/hays/filings/2024-04-16__has-ln-20240416-q3-8k__119732.md,110
Hays plc,HAS,2024-04-16,FY2024Q3,STRUCTURED_RESULT,q3-8k,4.,"We expect overall near-term market conditions to remain challenging, but broadly stable. The impact of Temp &amp; Contracting hours worked in Germany will be an important sensitivity to fee and profit performance going forward, and it is too early to determine whether there will be a meaningful rebound in Q4.",challenge/offline-data/hays/filings/2024-04-16__has-ln-20240416-q3-8k__119732.md,114
Hays plc,HAS,2024-04-16,FY2024Q3,STRUCTURED_RESULT,q3-8k,"3  | 4  | 23  | 4,  | 1% | 3 ","There are no material working-day effects year-on-year in the second half. However, as Easter fell evenly between Q3 and Q4 this year, while in FY23 it fell entirely in Q4, we expect the 1% negative Q3 24 Group Easter fee impact will lead to a corresponding fee benefit in Q4 24.",challenge/offline-data/hays/filings/2024-04-16__has-ln-20240416-q3-8k__119732.md,118
Hays plc,HAS,2024-02-22,FY2024H1,EARNINGS_CALL,call-pres,"12,000  | 30 million","Unknown speaker: I'm immensely proud now to be leading over 12,000 expert colleagues worldwide in this great business, and I would like to thank all of them for the tremendous support and positive attitude they have shown me. I will begin today on our first half operating performance, which was challenging, and the decisive actions we have already taken, including delivering GBP 30 million in annu",challenge/offline-data/hays/call-transcripts/2024-02-22__has-ln-20240222-call-pres__74965.md,19
Hays plc,HAS,2024-02-22,FY2024H1,EARNINGS_CALL,call-pres,1  | 30 million | 20 million | 2. ,"Unknown speaker: The combined effect of all our H1 actions will drive annualized cost savings of GBP 30 million, with a further GBP 20 million expected in H2. Overall, I believe we have achieved a balance between managing our costs in the short term while protecting our positioning for the future. This will significantly accelerate our profit recovery once markets stabilize and inflect. Turning to",challenge/offline-data/hays/call-transcripts/2024-02-22__has-ln-20240222-call-pres__74965.md,37
Hays plc,HAS,2024-02-22,FY2024H1,EARNINGS_CALL,call-pres,2. ,"Unknown speaker: Our businesses in the Americas and China were restructured in the half, including a reduction in non-fee-earning headcount and right-sizing operational management. We expect both to return to a profitable position in H2. I will now hand over to James, who will present our detailed financials.",challenge/offline-data/hays/call-transcripts/2024-02-22__has-ln-20240222-call-pres__74965.md,61
Hays plc,HAS,2024-02-22,FY2024H1,EARNINGS_CALL,call-pres,20 million | 10 million | 50 million,"Unknown speaker: Our actions to manage consultant capacity delivered GBP 20 million of this saving, with the remaining GBP 10 million of annualized savings driven by our exceptional restructuring programs. We expect our ongoing cost actions will increase our annual cost savings to circa GBP 50 million by year-end.",challenge/offline-data/hays/call-transcripts/2024-02-22__has-ln-20240222-call-pres__74965.md,85
Hays plc,HAS,2024-02-22,FY2024H1,EARNINGS_CALL,call-pres,2.  | 27.9 million | 12.6 million,"Unknown speaker: But as previously mentioned, we were decisive in our cost action in the UK&I, A&Z, and rest of the world, and we expect our cost base to decrease further in H2. During the half-year, we incurred an exceptional cost of GBP 27.9 million, which comprised two parts. Firstly, a GBP 12.6 million charge related to the actions taken to restructure operations and back offices across our A&",challenge/offline-data/hays/call-transcripts/2024-02-22__has-ln-20240222-call-pres__74965.md,91
Hays plc,HAS,2024-02-22,FY2024H1,EARNINGS_CALL,call-pres,"6.8 million | 1,  | 2.5 million | 2.  | 15.3 million | 2014 ","Unknown speaker: Overall, the cash outflow in respect of the restructuring was GBP 6.8 million in H1, with a further GBP 2.5 million cash outflow expected in H2. In addition, and given the challenging trading environment in the U.S., we incurred a GBP 15.3 million non-cash exceptional charge from the partial impairments of goodwill in respect of our 2014 Veredus acquisition. The remaining Veredus ",challenge/offline-data/hays/call-transcripts/2024-02-22__has-ln-20240222-call-pres__74965.md,93
Hays plc,HAS,2024-02-22,FY2024H1,EARNINGS_CALL,call-pres,4.6 million | 19  | 9 million | 6 million,"Unknown speaker: Moving on to interest and tax, our net finance charge for the half increased to GBP 4.6 million, driven by higher interest on the IAS 19 pension accounting, which is non-cash. We expect a full-year finance charge of circa GBP 9 million, of which around GBP 6 million is non-cash.",challenge/offline-data/hays/call-transcripts/2024-02-22__has-ln-20240222-call-pres__74965.md,95
Hays plc,HAS,2024-02-22,FY2024H1,EARNINGS_CALL,call-pres,300  | 32% | 33% | 68% | 1.  | 32%,"Unknown speaker: Our effective tax rate increased by 300 basis points to 32%, driven primarily by the geographic mix of profits, notably the impact of Germany, which has a higher corporation tax rate of around 33% and represented 68% of group profits in H1. We expect the group's full-year tax rate will be 32%. We delivered a strong cash performance in the half, with cash from operations of GBP 67.",challenge/offline-data/hays/call-transcripts/2024-02-22__has-ln-20240222-call-pres__74965.md,97
Hays plc,HAS,2024-02-22,FY2024H1,EARNINGS_CALL,call-pres,"35.7 million | 32.6 million | 2023,  | 12.3 million | 13.7 million | 9.1 million","Unknown speaker: On the right-hand side, we detail how we used the cash generated. The main items were the payment of GBP 35.7 million of special dividends and GBP 32.6 million of core dividends in respect of FY 2023, the purchase of GBP 12.3 million in treasury shares with that scheme now completed, CapEx of GBP 13.7 million, and pension deficit payments of GBP 9.1 million. Our full-year CapEx gu",challenge/offline-data/hays/call-transcripts/2024-02-22__has-ln-20240222-call-pres__74965.md,101
Hays plc,HAS,2024-02-22,FY2024H1,EARNINGS_CALL,call-pres,100 million,"Unknown speaker: As a reminder, our policy for returning surplus cash to shareholders is based on distributing all funds above a cash buffer of GBP 100 million at each financial year-end through an appropriate combination of special dividends and share buybacks subject to the economic outlook.",challenge/offline-data/hays/call-transcripts/2024-02-22__has-ln-20240222-call-pres__74965.md,109
Hays plc,HAS,2024-02-22,FY2024H1,EARNINGS_CALL,call-pres,"2,  | 2  | 1.","Unknown speaker: In rest of the world, EMEA activity levels are broadly consistent with Q2, while the Americas and Asia are sequentially stable. Overall, our key markets continue to be supported by skill shortages, and we expect to see some further benefit in H2 from the positive effects of wage inflation globally, albeit at lower levels than in H1.",challenge/offline-data/hays/call-transcripts/2024-02-22__has-ln-20240222-call-pres__74965.md,119
Hays plc,HAS,2024-02-22,FY2024H1,EARNINGS_CALL,call-pres,3% | -4% | 3  | 3  | 4  | 23 ,"Unknown speaker: Fee margins overall are stable. We expect total group headcount will reduce by circa 3%-4% in Q3 as we continue to focus on consultant productivity and further cost and efficiency programs. And finally, there are no material working day effects year-over-year in the second half. However, Easter is evenly split between Q3 and Q4 this year, while in FY23 it fell entirely in Q4. We e",challenge/offline-data/hays/call-transcripts/2024-02-22__has-ln-20240222-call-pres__74965.md,121
Hays plc,HAS,2024-02-22,FY2024H1,EARNINGS_CALL,call-pres,250 million | 22% | -25%,"Unknown speaker: The outcome from this will be a far more resilient and significantly more profitable Hays, underpinned by our golden rule. Our aspiration is to exceed our previous peak operating profit of GBP 250 million and deliver 22%-25% conversion rates. We will also maintain a strong balance sheet, and as our business is highly cash-generative, I expect to return significant cash to sharehol",challenge/offline-data/hays/call-transcripts/2024-02-22__has-ln-20240222-call-pres__74965.md,177
Hays plc,HAS,2024-02-22,FY2024H1,EARNINGS_CALL,call-qna,2,"Unknown speaker: Secondly, the ESG committee, which I think is referred to in the RNS as well, what's the remit of that committee? And that just comprised NEDs or will others from Hays participate, and how does that sort of interface with the rest of the organization? And then a quick one for James is that cash tax in the first half was a bit higher than I was expected relative to the P&L rate. Do",challenge/offline-data/hays/call-transcripts/2024-02-22__has-ln-20240222-call-qna__74988.md,55
Hays plc,HAS,2024-02-22,FY2024H1,EARNINGS_CALL,call-qna,20 million | 50 | 50  | 50 | 50 ,"Unknown speaker: The second half, we've guided towards GBP 20 million of annualized saves. And I think at this stage, I'd expect it to be about 50/50 between the two. That's my expectation at this stage. Clearly, we've got a bit of way to go on that until we deliver the plan. So I'll have a better view of that when we get to the full year, Steve, in August. But at this stage, I'm expecting about 5",challenge/offline-data/hays/call-transcripts/2024-02-22__has-ln-20240222-call-qna__74988.md,99
Hays plc,HAS,2024-02-22,FY2024H1,EARNINGS_CALL,call-qna,25%,"Unknown speaker: And as Dirk mentioned, setting a really clear target that 25% conversion rate is a requirement, that we won't be looking at structural investment in those businesses, and we will be more focused on profit generation. I do expect that bucket on the right-hand side of the slide to become much more material over time.",challenge/offline-data/hays/call-transcripts/2024-02-22__has-ln-20240222-call-qna__74988.md,125
Hays plc,HAS,2024-02-22,FY2024H1,STRUCTURED_RESULT,h1-8k,9% | 12.6 million | 2 | 1  | 30 million | 20 million,"- Decisive actions taken and Group headcount down 9% YoY. We restructured Group management and operations in several regions and accelerated back-office efficiency programmes, which drove a £12.6 million exceptional charge (2) . Our H1 actions will deliver £30 million in annualised cost savings, with a further c.£20 million expected in H2",challenge/offline-data/hays/filings/2024-02-22__has-ln-20240222-h1-8k__119744.md,77
Hays plc,HAS,2024-02-22,FY2024H1,STRUCTURED_RESULT,h1-8k,"1, ","Our key markets continue to be supported by skill shortages, and we expect to see some further fee benefit in the second half from the positive effects of wage inflation globally, albeit at lower levels than in H1, with fee margins stable.",challenge/offline-data/hays/filings/2024-02-22__has-ln-20240222-h1-8k__119744.md,172
Hays plc,HAS,2024-02-22,FY2024H1,STRUCTURED_RESULT,h1-8k,"3  | 4,  | 23  | 4.  | 1 | -2%","There are no material working-day effects year-on-year in the second half. However, Easter is evenly split between Q3 and Q4, while in FY23 it fell entirely in Q4. We expect this to have a c.1-2% negative impact on net fees at Group level in Q3 24, primarily via our Temp business, with a corresponding benefit to Q4 24.",challenge/offline-data/hays/filings/2024-02-22__has-ln-20240222-h1-8k__119744.md,174
Hays plc,HAS,2024-02-22,FY2024H1,STRUCTURED_RESULT,h1-8k,3 | -4% | 3  | 24  | 8 | 2.,"As previously reported, we expect total Group headcount will reduce by c.3-4% in Q3 24 as we continue to focus on consultant productivity and deliver further back-office efficiencies. This will further reduce our cost base per period (8) in H2.",challenge/offline-data/hays/filings/2024-02-22__has-ln-20240222-h1-8k__119744.md,176
Hays plc,HAS,2024-02-22,FY2024H1,STRUCTURED_RESULT,h1-8k,25%,"We have strong, market leading businesses, many of which are implementing our strategy well. But we need to ensure this is happening across all countries, and we expect all businesses to be able to deliver a conversion rate of at least 25%. Large businesses like Germany and Switzerland, which have proven to be resilient over time, have delivered high compound growth. However, we also have some bus",challenge/offline-data/hays/filings/2024-02-22__has-ln-20240222-h1-8k__119744.md,229
Hays plc,HAS,2024-02-22,FY2024H1,STRUCTURED_RESULT,h1-8k,23  | 8 | 2.5 million | 30 million | 20 million | 7%,"Since our FY23 preliminary results in August, our actions have reduced our costs per period (8) by c.£2.5 million, which equates to annualised Group cost savings of £30 million. Of these savings, c.£20 million arose from the 7% reduction in consultant headcount delivered in H1. A further c.£10 million of savings resulted from the restructuring of operations and back-office functions, which resulte",challenge/offline-data/hays/filings/2024-02-22__has-ln-20240222-h1-8k__119744.md,293
Hays plc,HAS,2024-02-22,FY2024H1,STRUCTURED_RESULT,h1-8k,3.5 million | 63.6 million | 33% | 10.8% | 2.  | 2 ,"As previously reported, our Germany business had two fewer working days versus the prior year, which impacted our fees and operating profit by c.£3.5 million. Therefore, on a WDA basis Group operating profit was £63.6 million, down 33% YoY, and represented a conversion rate of 10.8%. There are no material working-day impacts in H2. However, in H2 Easter is evenly split between Q3 and Q4, while in ",challenge/offline-data/hays/filings/2024-02-22__has-ln-20240222-h1-8k__119744.md,303
Hays plc,HAS,2024-02-22,FY2024H1,STRUCTURED_RESULT,h1-8k,2  | 12.6 million | 6.8 million | 2.5 million | 30  | 2024. ,"In a direct and decisive response to increasingly challenging market conditions and a clear slowdown in most markets, we restructured the business operations of several countries across the Group, to better align business operations to market opportunities and reduce operating costs. The restructuring exercise led to the redundancy of a number of employees, including senior and operational managem",challenge/offline-data/hays/filings/2024-02-22__has-ln-20240222-h1-8k__119744.md,309
Hays plc,HAS,2024-02-22,FY2024H1,STRUCTURED_RESULT,h1-8k,4.6 million | 2022 | 3.0 million | 0.8 million | 2022 | 0.4 million,"The net finance charge for the half-year was £4.6 million (2022: £3.0 million). The increase YoY was primarily due to a £0.8 million charge on defined benefit pension scheme obligations (2022: credit of £0.4 million), and is non-cash. Net bank interest payable (including amortisation of arrangement fees) was £1.3 million (2022: £1.3 million). The interest charge on lease liabilities under IFRS 16 ",challenge/offline-data/hays/filings/2024-02-22__has-ln-20240222-h1-8k__119744.md,322
Hays plc,HAS,2024-02-22,FY2024H1,STRUCTURED_RESULT,h1-8k,15.3 million | 2022 | 27.3 million | 2 | 32.0% | 2022,"Taxation for the half-year was £15.3 million (2022: £27.3 million), representing a pre-exceptional (2) effective tax rate (ETR) of 32.0% (2022: 29.0%). The increase in the ETR year-on-year is primarily driven by the geographic mix of operating profit, notably the impact of Germany, which has one of our highest country tax rates and which accounted for 68% of group profits in the half-year. We expe",challenge/offline-data/hays/filings/2024-02-22__has-ln-20240222-h1-8k__119744.md,326
Hays plc,HAS,2024-02-22,FY2024H1,STRUCTURED_RESULT,h1-8k,28.5 million | 2022 | 33.2 million | 13.7 million | 2022 | 12.3 million,"Cash tax paid in the half-year was £28.5 million (2022: £33.2 million) and included some pre-payments to certain tax authorities. Net capital expenditure was £13.7 million (2022: £12.3 million), with continued investments in technology infrastructure and cyber security. We expect capital expenditure will be c.£30 million in FY24.",challenge/offline-data/hays/filings/2024-02-22__has-ln-20240222-h1-8k__119744.md,336
Hays plc,HAS,2024-02-22,FY2024H1,STRUCTURED_RESULT,h1-8k,19  | 31  | 2023  | 26.4 million | 30  | 2023,"The Group's defined benefit pension scheme position under IAS 19 at 31 December 2023 has resulted in a surplus of £26.4 million (30 June 2023: surplus of £25.7 million). This £0.7 million increase in surplus was driven by employer contributions of £9.1 million, plus higher-than-expected return on the scheme assets, partially offset by a decrease in the discount rate adopted within the key financia",challenge/offline-data/hays/filings/2024-02-22__has-ln-20240222-h1-8k__119744.md,344
Hays plc,HAS,2024-02-22,FY2024H1,STRUCTURED_RESULT,h1-8k,"0.95  | 2.5 | 2.0  | 3.0 | 29  | 2024, ","The Board has declared an unchanged interim core dividend of 0.95 pence per share, reflecting our strong financial position and the Board's confidence in the Group's strategy. This represents pre-exceptional dividend cover of 2.5x, within our target core full year dividend cover range of 2.0 to 3.0x earnings. The ex-dividend date is 29 February 2024, and our dividend payment date will be 9 April 2",challenge/offline-data/hays/filings/2024-02-22__has-ln-20240222-h1-8k__119744.md,364
Hays plc,HAS,2024-02-22,FY2024H1,STRUCTURED_RESULT,h1-8k,"30  | 100 million | 950 million | 17  | 23,  | 93.2 million","Our policy for returning surplus cash to shareholders remains unchanged and is based on paying capital above our cash buffer at each financial year-end (30 June) of £100 million, subject to the economic outlook. We have a strong track record of paying cash to shareholders, with c.£950 million in core and special dividends paid in respect of FY17 to FY23, and additionally £93.2 million of share buy",challenge/offline-data/hays/filings/2024-02-22__has-ln-20240222-h1-8k__119744.md,366
Hays plc,HAS,2024-02-22,FY2024H1,STRUCTURED_RESULT,h1-8k,"31  | 2023  | 7,971,  | 12% | 7% | 2023. ","Consultant headcount at 31 December 2023 was 7,971, down 12% year-on-year and 7% lower than June 2023. Total Group headcount decreased by 9% year-on-year. We expect total headcount will decrease by c.3-4% in Q3 FY24, as we continue our focus on improving productivity and managing our overall cost base.",challenge/offline-data/hays/filings/2024-02-22__has-ln-20240222-h1-8k__119744.md,380
Hays plc,HAS,2024-02-22,FY2024H1,STRUCTURED_RESULT,h1-8k,82% | 3% | 5% | 5 | 1% | 5%,"Temp and Contracting, (82% of Germany fees), increased by 3%, or up 5% WDA (5) . This was driven by 1% growth in volumes and 5% from the positive impact of price and mix, partially offset by 2% from two fewer working days and 1% from slightly lower average hours worked. Pricing and mix remained solid in the half-year and is expected to remain a positive tailwind in H2 24, albeit at lower levels th",challenge/offline-data/hays/filings/2024-02-22__has-ln-20240222-h1-8k__119744.md,428
Hays plc,HAS,2024-02-22,FY2024H1,STRUCTURED_RESULT,h1-8k,21  | 2000. ,"This Preliminary Report (the 'Report') has been prepared in accordance with the Disclosure Guidance and Transparency Rules of the UK Financial Conduct Authority and is not audited. No representation or warranty, express or implied, is or will be made in relation to the accuracy, fairness or completeness of the information or opinions contained in this Report. Statements in this Report reflect the ",challenge/offline-data/hays/filings/2024-02-22__has-ln-20240222-h1-8k__119744.md,613
Hays plc,HAS,2024-02-22,FY2024H1,STRUCTURED_RESULT,h1-8k,"34, ","Based on our review, nothing has come to our attention that causes us to believe that the interim financial statements are not prepared, in all material respects, in accordance with UK adopted International Accounting Standard 34, 'Interim Financial Reporting' and the Disclosure Guidance and Transparency Rules sourcebook of the United Kingdom's Financial Conduct Authority.",challenge/offline-data/hays/filings/2024-02-22__has-ln-20240222-h1-8k__119744.md,634
Hays plc,HAS,2024-02-22,FY2024H1,STRUCTURED_RESULT,h1-8k,"34, ","The interim financial statements included in the Half-year report of Hays plc have been prepared in accordance with UK adopted International Accounting Standard 34, 'Interim Financial Reporting' and the Disclosure Guidance and Transparency Rules sourcebook of the United Kingdom's Financial Conduct Authority.",challenge/offline-data/hays/filings/2024-02-22__has-ln-20240222-h1-8k__119744.md,644
Hays plc,HAS,2024-02-22,FY2024H1,STRUCTURED_RESULT,h1-8k,"31  | 2023.  | 34, ","The condensed Consolidated Interim Financial Statements ('Interim Financial Statements') are the results for the six months ended 31 December 2023. The Interim Financial Statements have been prepared in accordance with UK adopted International Accounting Standard 34, 'Interim Financial Reporting' and the Disclosure Guidance and Transparency Rules (DTR) sourcebook of the United Kingdom's Financial ",challenge/offline-data/hays/filings/2024-02-22__has-ln-20240222-h1-8k__119744.md,936
Hays plc,HAS,2024-02-22,FY2024H1,STRUCTURED_RESULT,h1-8k,12 ,"The Board approves an annual budget and reviews monthly management reports and quarterly forecasts. The output of the planning and budgeting processes has been used to forecast the Group's cash flow throughout the Going Concern period, being at least 12 months from the date of approval of the Interim Financial Statements.",challenge/offline-data/hays/filings/2024-02-22__has-ln-20240222-h1-8k__119744.md,983
Hays plc,HAS,2024-02-22,FY2024H1,STRUCTURED_RESULT,h1-8k,"31  | 2023,  | 16  | 12.6 million | 6.8 million | 2.5 million","In response to increasingly challenging market conditions and a clear slowdown in most markets, we restructured the business operations of several countries across the Group, to better align business operations to market opportunities and reduce operating costs. The restructuring exercise led to the redundancy of a number of employees, including senior and operational management and back-office po",challenge/offline-data/hays/filings/2024-02-22__has-ln-20240222-h1-8k__119744.md,1042
Hays plc,HAS,2024-02-22,FY2024H1,STRUCTURED_RESULT,h1-8k,31  | 2023  | 32.0% | 31  | 2022 | 29.0%,"The Group's consolidated effective tax rate for the six months ended 31 December 2023 is based on the forecasted preexceptional effective tax rate for the full year of 32.0% (31 December 2022: 29.0%, 30 June 2023: 28.0%). The tax rate is higher than the UK statutory tax rate of 25.0% due to higher tax rates in a number of jurisdictions in which the Group operates.",challenge/offline-data/hays/filings/2024-02-22__has-ln-20240222-h1-8k__119744.md,1073
Hays plc,HAS,2024-02-22,FY2024H1,STRUCTURED_RESULT,h1-8k,31  | 2022 ,"The required provision for impairment of both trade receivables and accrued income is analysed using a provision matrix to measure the expected credit losses, in which the allowance for impairment increases as balances age. Expected credit losses are measured using historical losses for the past five years, adjusted for forward-looking factors impacting the economic environment, such as the GDP gr",challenge/offline-data/hays/filings/2024-02-22__has-ln-20240222-h1-8k__119744.md,1185
Hays plc,HAS,2024-02-22,FY2024H1,STRUCTURED_RESULT,h1-8k,7.6 million,"The £7.6 million loss on the remeasurement of the net defined benefit surplus is mainly due to a decrease in the discount rate adopted within the key financial assumptions, which increased the calculation of the schemes' defined benefit obligation, partially offset by a higher than expected return on the scheme assets.",challenge/offline-data/hays/filings/2024-02-22__has-ln-20240222-h1-8k__119744.md,1198
Hays plc,HAS,2024-01-09,FY2024H1,EARNINGS_CALL,call-pres,5% | 25% | 60 million | 5% | 4% | 17%,"Unknown speaker: Our fee exit rate in temp was down 5% on a working day adjusted basis, with perm down 25%. As a result, we expect pre-exceptional operating profits in our first half to be circa GBP 60 million, below consensus expectations, despite our ongoing actions to reduce costs, which I'll cover later. I'd like to highlight the following key items from the results. Firstly, our temp business",challenge/offline-data/hays/call-transcripts/2024-01-09__has-ln-20240109-call-pres__74974.md,19
Hays plc,HAS,2024-01-09,FY2024H1,EARNINGS_CALL,call-pres,25% | 8% | 5% | 12% | 3% | 30 million,"Unknown speaker: In perm, markets were increasingly challenging, particularly in December, where we saw increased levels of placement decision deferrals from clients and candidates. Overall, new job registrations remained down year-on-year, but were broadly stable overall and in line with seasonal trends. However, we've seen a lower conversion of this activity into placements and further increases",challenge/offline-data/hays/call-transcripts/2024-01-09__has-ln-20240109-call-pres__74974.md,21
Hays plc,HAS,2024-01-09,FY2024H1,EARNINGS_CALL,call-pres,"1  | 12 million | 60 million | 68.3 million | 2% | 2, ","Unknown speaker: As a result, we expect to incur a structural restructuring exceptional charge in H1 of circa GBP 12 million. Our balance sheet remains strong, with cash of circa GBP 60 million in December, in line with our expectations, and after paying GBP 68.3 million in core and special dividends in the quarter. I will now comment on the performance by each division in more detail. Our largest",challenge/offline-data/hays/call-transcripts/2024-01-09__has-ln-20240109-call-pres__74974.md,23
Hays plc,HAS,2024-01-09,FY2024H1,EARNINGS_CALL,call-pres,"6% | 15% | 2024, ","Unknown speaker: Overall, our Rest of World consultant headcount decreased by 6% in the quarter and by 15% year-on-year. Moving on to current trading and guidance. I'd like to highlight the following points: firstly, given increased uncertainties and reduced client and candidate confidence, our new year return to work will be particularly important in FY 2024, and we are closely monitoring activit",challenge/offline-data/hays/call-transcripts/2024-01-09__has-ln-20240109-call-pres__74974.md,31
Hays plc,HAS,2024-01-09,FY2024H1,EARNINGS_CALL,call-pres,"2.5 million | 30 million | 2  | 2024,  | 3% | -4%",Unknown speaker: Our actions to reduce consultant and non-consultant headcount and target other overhead cost saves have reduced the group's cost base by circa GBP 2.5 million per period since August. This drives the circa GBP 30 million pro forma annualized group cost saving that I mentioned earlier. We also expect our ongoing actions will deliver further material group cost reductions in H2 FY 2,challenge/offline-data/hays/call-transcripts/2024-01-09__has-ln-20240109-call-pres__74974.md,33
Hays plc,HAS,2024-01-09,FY2024H1,EARNINGS_CALL,call-qna,3 ,"Unknown speaker: No, I appreciate the visibility. I appreciate the visibility you have, so that's all really helpful detail. Just to turn to the cost savings, it's relatively unusual to see an exceptional cost of restructuring for you. So can you talk about which changes you're making that fall outside the kind of normal course of adjusting your business? And then can you also comment on where you",challenge/offline-data/hays/call-transcripts/2024-01-09__has-ln-20240109-call-qna__74995.md,65
Hays plc,HAS,2024-01-09,FY2024H1,EARNINGS_CALL,call-qna,83.5 million | 86 million,"Unknown speaker: In terms of consultants, the majority of that is via natural attrition and performance management as normal, and some selective reductions as well, where the markets have dictated that we should do that. But clearly, we've taken some operational management out of the organization and some back office areas as well, which has attracted the one-off costs, which we've included in tha",challenge/offline-data/hays/call-transcripts/2024-01-09__has-ln-20240109-call-qna__74995.md,69
Hays plc,HAS,2024-01-09,FY2024H1,EARNINGS_CALL,call-qna,2.5 million | 83.5 million | 1 million | 1.5 million,"Unknown speaker: As we've reported there, it's about GBP 2.5 million of period saving we've made. I'd expect that to come down through the next quarter again, based on the headcount guidance we've given. Where we land exactly at the end of March, I haven't done the math actually, but I mean, there will be clearly a reduction from the GBP 83.5 million today. I'd expect that to come down perhaps by ",challenge/offline-data/hays/call-transcripts/2024-01-09__has-ln-20240109-call-qna__74995.md,71
Hays plc,HAS,2024-01-09,FY2024H1,EARNINGS_CALL,call-qna,"2027, ","Unknown speaker: As a result, when you look out longer term, do those targets you'd set for fiscal 2027, I know the timing might vary anyway because of the cycle, but do those targets just look overly ambitious now that it seems to have gone through quite a big adjustment? Thanks very much.",challenge/offline-data/hays/call-transcripts/2024-01-09__has-ln-20240109-call-qna__74995.md,83
Hays plc,HAS,2024-01-09,FY2024H1,EARNINGS_CALL,call-qna,"2 | 3  | 2 | 3,  | 1 | 3. ","Unknown speaker: Sure. Okay, Andy, I'll kick off with the annualized cost saves. I'd say, and I don't have an exact number to this, but approximately 2/3 of that would be the kind of normal, cyclical type adjustments that you would expect us to do, in terms of taking capacity out of the business to align to the markets. And about a third of that cost would be more structural, a combination, as I m",challenge/offline-data/hays/call-transcripts/2024-01-09__has-ln-20240109-call-qna__74995.md,85
Hays plc,HAS,2024-01-09,FY2024H1,EARNINGS_CALL,call-qna,15%,"Unknown speaker: I mean, logically, Andy, we saw the slowdown in Europe and in Germany in the quarter. And I would expect the headcount there hasn't come down too far yet because we've seen pretty much stable markets until November. So we're gonna have to have a look at what December brings and also what the new year brings, but instinctively, we'll have an element of catch up there. And I think i",challenge/offline-data/hays/call-transcripts/2024-01-09__has-ln-20240109-call-qna__74995.md,91
Hays plc,HAS,2024-01-09,FY2024H1,STRUCTURED_RESULT,q2-8k,10% | 15% | 13% | 1  | 60 million,"-  Group fees down 10%, impacted by a more difficult December, where fees fell by 15% (minus 13% WDA). As a result of this slowdown at the end of the quarter, we now expect H1 pre-exceptional operating profit of c.£60 million, below current market consensus expectations*",challenge/offline-data/hays/filings/2024-01-09__has-ln-20240109-q2-8k__119739.md,60
Hays plc,HAS,2024-01-09,FY2024H1,STRUCTURED_RESULT,q2-8k,5% | 12% | 1  | 24  | 30 million | 2. ,"-  Consultant headcount decreased by 5% in the quarter and by 12% YoY. Overall, our actions to reduce costs in H1 24 will deliver c.£30 million in annualised savings, with further material savings expected in H2. As a result, we expect to incur an exceptional restructuring charge in H1 FY24 of c.£12 million",challenge/offline-data/hays/filings/2024-01-09__has-ln-20240109-q2-8k__119739.md,65
Hays plc,HAS,2024-01-09,FY2024H1,STRUCTURED_RESULT,q2-8k,60 million,"'Overall market conditions became increasingly challenging through the quarter, including a clear slowdown in most markets in December, notably in our Perm businesses as client and candidate decision-making slowed. Temp volumes remained broadly stable sequentially through the quarter, but declined YoY as we did not see our normal seasonal step-up in worker volumes. As a result, we expect operating",challenge/offline-data/hays/filings/2024-01-09__has-ln-20240109-q2-8k__119739.md,70
Hays plc,HAS,2024-01-09,FY2024H1,STRUCTURED_RESULT,q2-8k,"24,  ","Given increased uncertainties and reduced client and candidate confidence, our New Year 'return to work' will be particularly  important  in  FY24,  and  we  are  closely  monitoring  activity  levels.  It  is  too  early  to  say  if  December's weakness reflects a more sustained market slowdown, or shorter-term deferrals of client and candidate decisionmaking. However, we expect near-term market",challenge/offline-data/hays/filings/2024-01-09__has-ln-20240109-q2-8k__119739.md,98
Hays plc,HAS,2024-01-09,FY2024H1,STRUCTURED_RESULT,q2-8k,23  | 2.5 million | 30  million | 1  | 24  | 12 million,"Since our FY23 preliminary results in August, our actions have reduced our costs per period by c.£2.5 million. This equates  to  pro  forma  annualised  Group  cost  savings  of  c.£30  million  and,  as  a  result,  we  expect  to  incur  an exceptional restructuring charge in H1 FY24 of c.£12 million. We also expect our ongoing actions will deliver further material Group costs reductions in H2 F",challenge/offline-data/hays/filings/2024-01-09__has-ln-20240109-q2-8k__119739.md,100
Hays plc,HAS,2024-01-09,FY2024H1,STRUCTURED_RESULT,q2-8k,"2  | 24,  | 3  | 4,  | 23  | 4. ","Looking ahead to H2 FY24, at a Group level there are no material working-day effects year-on-year. However, Easter is evenly split between Q3 and Q4, while in FY23 it fell entirely in Q4. We expect this to have a c.1% negative impact on net fees at Group level in Q3 FY24, with a corresponding c.1% benefit to Q4 FY24.",challenge/offline-data/hays/filings/2024-01-09__has-ln-20240109-q2-8k__119739.md,102
Hays plc,HAS,2023-10-12,FY2024Q1,EARNINGS_CALL,call-pres,2024  | 7% | 15% | 1  | -7% | 2%,"Unknown speaker: Thank you, David. Good morning, everyone, and thanks for joining us. I'll present the highlights and key themes of today's update and discuss regional performances before taking questions. As usual, all net fee growth percentages are on a like-for-like basis versus prior year, unless stated otherwise. FY 2024 has begun in line with our expectations, with group fees down 7% versus ",challenge/offline-data/hays/call-transcripts/2023-10-12__has-ln-20231012-call-pres__75028.md,19
Hays plc,HAS,2023-10-12,FY2024Q1,EARNINGS_CALL,call-pres,17% | 4% | 15% | 25% | 15% | 2%,"Unknown speaker: Asia declined by 17%. Japan decreased by 4%, with Malaysia down 15%, and China decreased by 25%, with mainland China not yet showing any post-pandemic recovery and underperforming Hong Kong, which was down 15%. Overall, our Rest of World consultant headcount decreased by 2% in the quarter and by 10% year-on-year. Moving on to current trading and guidance, and I'd highlight the fol",challenge/offline-data/hays/call-transcripts/2023-10-12__has-ln-20231012-call-pres__75028.md,31
Hays plc,HAS,2023-10-12,FY2024Q1,EARNINGS_CALL,call-pres,"9% | 1,  | 1  | 2024.  | 2 | -2.5","Unknown speaker: With group fees down 9%, including FX in Q1, as we stated at our prelim results in August, we expect group conversion rate and operating profit will also decline in H1 2024. As many of you know, historically, we have seen such percentage fee declines usually drive a 2x-2.5x multiplier to the percentage operating profit decline in the short term, as we protect key strategic investm",challenge/offline-data/hays/call-transcripts/2023-10-12__has-ln-20231012-call-pres__75028.md,33
Hays plc,HAS,2023-10-12,FY2024Q1,EARNINGS_CALL,call-pres,2% | -3% | 2 ,"Unknown speaker: We expect group consultant headcount will reduce by circa 2%-3% in Q2 as we balance short-term cost management with protecting our infrastructure and longer-term investments. In conclusion, while we remain vigilant of macroeconomic uncertainties, we are market leaders in many of the most attractive structural growth markets globally. Our focus is on delivering excellence of execut",challenge/offline-data/hays/call-transcripts/2023-10-12__has-ln-20231012-call-pres__75028.md,35
Hays plc,HAS,2023-10-12,FY2024Q1,EARNINGS_CALL,call-qna,2 | -2.5 | 9% | 2 | -2.5 | 20%,"Unknown speaker: Yeah, of course. So I'll answer the first part of that question, Rory. What do I mean by that 2x-2.5x multiplier? But so put simply, at a headline level, so including the impacts of FX, we were down 9% in this quarter. And, I mean, I'm not going to talk about the second quarter for obvious reasons, but if I apply a 2x-2.5x multiplier to that, I'd expect our profit reduction year-o",challenge/offline-data/hays/call-transcripts/2023-10-12__has-ln-20231012-call-qna__75044.md,27
Hays plc,HAS,2023-10-12,FY2024Q1,EARNINGS_CALL,call-qna,9% | 2% | 12  | 2 | -2.5,"Unknown speaker: In terms of our headcount plans, clearly, we, we-- Our heads are down 9% versus prior year. We took it down by a further 2% through the quarter. For the last 12 months, we've been managing that capacity in the business to make sure we keep it in line with where our fees are. I think we, we, we feel like we're in about the right sort of place at the moment. We expect, as I said in ",challenge/offline-data/hays/call-transcripts/2023-10-12__has-ln-20231012-call-qna__75044.md,29
Hays plc,HAS,2023-10-12,FY2024Q1,STRUCTURED_RESULT,q1-8k,"1  | 24, ","As a reminder, given that Group net fees will decline year-on-year in H1 FY24, in part due to the FX and working day impacts noted above, we continue to expect conversion rate and operating profit will also decline, as we protect key strategic investments to benefit from future recovery and structural growth opportunities.",challenge/offline-data/hays/filings/2023-10-12__has-ln-20231012-q1-8k__119723.md,116
Hays plc,HAS,2023-08-24,FY2023H2,EARNINGS_CALL,call-pres,135.6 million | 240.1 million | 12%,"Unknown speaker: We finished the year with strong net cash position of GBP 135.6 million, after returning GBP 240.1 million to shareholders through core and special dividends and the completion of our share buyback program. Moving on to the income statement. Turnover increased by 12%, with the difference between turnover and fee growth driven by the relative resilience and outperformance of our te",challenge/offline-data/hays/call-transcripts/2023-08-24__has-ln-20230824-call-pres__74971.md,49
Hays plc,HAS,2023-08-24,FY2023H2,EARNINGS_CALL,call-pres,3% | 250  | 15.2% | 15.5% | 2  | 15.6%,"Unknown speaker: Although overall productivity, as measured by average fees per consultant, decreased by 3%. Our tight overhead cost control measures further protected the bottom line, but ultimately, our conversion rate decreased by 250 basis points to 15.2%, or 15.5% on a working day adjusted basis. However, in line with the guidance we gave at our half year results, our H2 conversion rate of 15",challenge/offline-data/hays/call-transcripts/2023-08-24__has-ln-20230824-call-pres__74971.md,61
Hays plc,HAS,2023-08-24,FY2023H2,EARNINGS_CALL,call-pres,"350  | 28% | 29% | 2024,  | 2023.  | 199.3 million","Unknown speaker: Our effective tax rate increased by 350 basis points to 28%, driven by positive one-off tax settlements in the prior year. We expect the group's ETR to be circa 29% in FY 2024, the increase resulting from the rise in UK corporation tax rate, which was effective from April 2023. We delivered an excellent cash performance, with cash from operations of GBP 199.3 million, representing",challenge/offline-data/hays/call-transcripts/2023-08-24__has-ln-20230824-call-pres__74971.md,63
Hays plc,HAS,2023-08-24,FY2023H2,EARNINGS_CALL,call-pres,119.1 million | 46 million | 75 million | 29.1 million | 1 million | 17.7 million,"Unknown speaker: On the right-hand side, we detail how we used the cash generated, and the main items were the payment of GBP 119.1 million special dividends and GBP 46 million of core dividends, the purchase and cancellation of shares through the buyback program at a cost of GBP 75 million, CapEx of GBP 29.1 million, and our acquisition of Vercida Consulting for GBP 1 million. Finally, pension de",challenge/offline-data/hays/call-transcripts/2023-08-24__has-ln-20230824-call-pres__74971.md,65
Hays plc,HAS,2023-08-24,FY2023H2,EARNINGS_CALL,call-pres,18 million | 3% | 3  | 47.8 million | 5%,"Unknown speaker: This was driven by lower expected return on scheme assets, partially offset by an increase in the discount rate and company contributions. We continued to make pension deficit recovery payments of circa 18 million, which will increase at 3% per year. Helpfully, we have seen a sizable reduction in the deficits of our scheme when calculated on an actuarial basis, which positions the",challenge/offline-data/hays/call-transcripts/2023-08-24__has-ln-20230824-call-pres__74971.md,69
Hays plc,HAS,2023-08-24,FY2023H2,EARNINGS_CALL,call-pres,"1  | 2024,  | 3% | -4% | 1  | 2024, ","Unknown speaker: In perm, conditions remain tough, with increased time to hire, driven by reduced clients and candidate confidence. Our key markets continue to be supported by skill shortages. Both temp and perm fees continue to benefit from our actions to increase margins, which we expect to continue through H1 2024, and by the positive effects of wage inflation globally. We expect group consulta",challenge/offline-data/hays/call-transcripts/2023-08-24__has-ln-20230824-call-pres__74971.md,73
Hays plc,HAS,2023-08-24,FY2023H2,EARNINGS_CALL,call-pres,"1  | 2024,  | 2  | 1  | 1  | 3.5 million","Unknown speaker: Overall, we expect group fees will decline year-on-year in H1 2024, driving a reduction in first half conversion rate as we protect key strategic investments to benefit from future recovery and structural growth opportunities. At a regional level, in Germany, temp and contracting remains good overall, with modest volume growth supported by positive pricing. Perm is flat against st",challenge/offline-data/hays/call-transcripts/2023-08-24__has-ln-20230824-call-pres__74971.md,75
Hays plc,HAS,2023-08-24,FY2023H2,EARNINGS_CALL,call-pres,"2027,  | 12%","Unknown speaker: However, slowing economies, sharply rising interest rates, and a decrease in overall business confidence have had a significant impact on ANZ and the UK and Ireland. We're behind schedule in both deliver on our ambitions by FY 2027, particularly so in Australia. Remember, though, that our Investor Day was designed to set out our art of the possible in our businesses based on stabl",challenge/offline-data/hays/call-transcripts/2023-08-24__has-ln-20230824-call-pres__74971.md,81
Hays plc,HAS,2023-08-24,FY2023H2,EARNINGS_CALL,call-qna,"1, ","Unknown speaker: Good morning. It's Rory from UBS here. Just firstly, on the current trading, given that volumes are generally lower in summer, is the stable comments you make referring to the year-over-year volume growth trends? And then within that, and within Germany, is that volume growth still reflecting lower new starters and more extensions, or has there been any change to that picture? And",challenge/offline-data/hays/call-transcripts/2023-08-24__has-ln-20230824-call-qna__74990.md,15
Hays plc,HAS,2023-08-24,FY2023H2,EARNINGS_CALL,call-qna,3% | -4% | 1. ,"Unknown speaker: Yes, good morning, gentlemen. A few questions from my side. First of all, on headcounts, you indicated that you will reduce total headcount by about 3%-4% in Q1. Maybe some flavor where you plan to reduce, and at the same time, where you still see lots of opportunities for investments. And then going back on your guidance, yeah, perm a little bit more, let's say, down as I see it,",challenge/offline-data/hays/call-transcripts/2023-08-24__has-ln-20230824-call-qna__74990.md,47
Hays plc,HAS,2023-08-24,FY2023H2,EARNINGS_CALL,call-qna,2%,"Unknown speaker: Must I read it that let's say also on the fee income side, you, let's say, see a slightly increase in your decline compared to 2% exit rate, which may be some feeling on how we should read that, that guidance?",challenge/offline-data/hays/call-transcripts/2023-08-24__has-ln-20230824-call-qna__74990.md,49
Hays plc,HAS,2023-08-24,FY2023H2,EARNINGS_CALL,call-qna,3% | -4% | 1. ,"Unknown speaker: Hi, Hans. I'll pick both of those up. The first question on headcount, we've clearly guided in the statement 3%-4% reduction in Q1. I'd say that'd be fairly broad-based, but I think probably the ANZ will be one area that we expect the headcount to come down in the next quarter, as we readdress the capacity there versus demand. And secondly, in the UK, I expect to see some further ",challenge/offline-data/hays/call-transcripts/2023-08-24__has-ln-20230824-call-qna__74990.md,51
Hays plc,HAS,2023-08-24,FY2023H2,EARNINGS_CALL,call-qna,3% | -4% | 6% | 4  | 5% | 2%,"Unknown speaker: So it will be relatively selective, hence why 3%-4% in a quarter is what feels like the right level of balance. I mean, we've taken 6% of the headcount out in the second half of last year, and we've aligned our headcount at the end of Q4 pretty well to where the level of demand is. So, we were down 5% in June versus a fee growth down 2%. So I think we did a pretty good job through",challenge/offline-data/hays/call-transcripts/2023-08-24__has-ln-20230824-call-qna__74990.md,53
Hays plc,HAS,2023-08-24,FY2023H2,EARNINGS_CALL,call-qna,"1, ","Unknown speaker: So we've got plenty of trading ahead, but what we wanted to signal that even on a sequentially stable basis, that year-on-year fee growth would, fee decline would accelerate. And importantly, that would drive a reduction in the conversion rate. So whilst we've been selectively taking headcount out for a period of time, and we expect to do so in Q1, we will only be selective, and w",challenge/offline-data/hays/call-transcripts/2023-08-24__has-ln-20230824-call-qna__74990.md,57
Hays plc,HAS,2023-08-24,FY2023H2,EARNINGS_CALL,call-qna,2 | -3 ,"Unknown speaker: I mean, the situation where we are in is that we're confident in our strategy and performance and outlook, and in our financial position as well. It is we give ourselves 2-3 times cover to give ourselves a little bit of flexibility to support the dividend and to continue to have a progression in it, which I think is important and an important signal of intention as well.",challenge/offline-data/hays/call-transcripts/2023-08-24__has-ln-20230824-call-qna__74990.md,123
Hays plc,HAS,2023-08-24,FY2023H2,EARNINGS_CALL,call-qna,"1.  | 3  | 4,  | 7  | 8% | 6 ","Unknown speaker: Hi, good morning. Just two from me, if that's okay. Firstly, a shorter term one, just so that I understand your guidance into Q1. You're talking about head count sequentially down 3 or 4, which I guess means average consultants will be down 7 or 8%, and with productivity having been down a couple of % for the last 6 months or so, you know, is the implication here that you're looki",challenge/offline-data/hays/call-transcripts/2023-08-24__has-ln-20230824-call-qna__74990.md,131
Hays plc,HAS,2023-08-24,FY2023H2,STRUCTURED_RESULT,h2-8k,15% | 1  | 2 | 4.  | 23  | 26%,"Reflecting the increasingly challenging market conditions, our quarterly fee growth decelerated from 15% in Q1 to (2)% in Q4. We acted quickly to manage our costs as the markets changed, while being mindful to protect our key strategic investments. We entered FY23 with consultant headcount 26% higher than the prior year and reduced headcount by 5% over the year. However, with the cost increase of ",challenge/offline-data/hays/filings/2023-08-24__has-ln-20230824-h2-8k-2__671216.md,757
Hays plc,HAS,2023-08-24,FY2023H2,STRUCTURED_RESULT,h2-8k,"5% | 3.00  | 23,  | 2.24 ","Given our financial strength and confidence in the future, the Board proposes to pay a 5% increased full-year core dividend of 3.00 pence per share in respect of FY23, plus a 2.24 pence per share special dividend, subject to shareholder approval.",challenge/offline-data/hays/filings/2023-08-24__has-ln-20230824-h2-8k-2__671216.md,773
Hays plc,HAS,2023-08-24,FY2023H2,STRUCTURED_RESULT,h2-8k,"27  | 24, ","Finally, the one area where we are behind plan on our FY27 aspirations is ANZ where performance was below our expectations, particularly impacted by weaker Banking and Public sector markets. We have taken steps to improve performance, including reducing headcount and restructuring the management team. I expect these actions to deliver results in FY24, remembering that we have the leading business ",challenge/offline-data/hays/filings/2023-08-24__has-ln-20230824-h2-8k-2__671216.md,823
Hays plc,HAS,2023-08-24,FY2023H2,STRUCTURED_RESULT,h2-8k,23  | 29% | 2020  | 34% | 50% | 2026. ,"Acting responsibly and sustainably sits at the heart of our strategy. In FY23 we conducted our most comprehensive GHG emissions gathering exercise yet, quantifying previously unmeasured emissions. Consistent with our SBTs in support of the Paris Agreement, we have updated our base year to reflect this data, giving us a much better understanding of our impact on the environment. As expected, our un",challenge/offline-data/hays/filings/2023-08-24__has-ln-20230824-h2-8k-2__671216.md,835
Hays plc,HAS,2023-08-24,FY2023H2,STRUCTURED_RESULT,h2-8k,500 million,"However, like the UK&amp;I, I am confident that AUD $500 million still reflects a realistic 'art of the possible', albeit one which will be delayed. Once end markets stabilise and we see the benefits of the actions already taken, I fully expect us to return to growth in ANZ.",challenge/offline-data/hays/filings/2023-08-24__has-ln-20230824-h2-8k-2__671216.md,871
Hays plc,HAS,2023-08-24,FY2023H2,STRUCTURED_RESULT,h2-8k,23.  | 85% | 11% | 10% | 25%,"We made strong progress in aligning our global operations in Technology in FY23. Whilst Perm recruitment has slowed sharply, Technology non-Perm, 85% of our Tech fees, has remained solid. Non-Perm is a key strategic priority, and we continued to scale our Contracting &amp; Temp business, with fees up 11% including Germany up 10%, and EMEA ex-Germany up 25%. Our account managers have developed a fo",challenge/offline-data/hays/filings/2023-08-24__has-ln-20230824-h2-8k-2__671216.md,1823
Hays plc,HAS,2023-08-24,FY2023H2,STRUCTURED_RESULT,h2-8k,30% | 13% | 23. ,"Demand for non-Perm talent continues to be strong in Projects and Change, Cloud Infrastructure and Software Development skills. We also continued to invest in structurally growing areas like Data, Advanced Analytics and Cyber, which grew by c.30% and represented c.13% of our global placements in FY23. We also anticipate an increase in demand for skills in large enterprise platforms such as Oracle,",challenge/offline-data/hays/filings/2023-08-24__has-ln-20230824-h2-8k-2__671216.md,1825
Hays plc,HAS,2023-08-24,FY2023H2,STRUCTURED_RESULT,h2-8k,"23, ","'During FY23, we launched our new UK&amp;I Skills &amp; Learning business, designed to help our clients become Talent Creators by targeting undiscovered talent within our society. Hays Skills also addresses skills shortages in the Technology market. We help identify high-potential, previously undiscovered talent and train them in sought-after technical skills, and support them as they begin their ",challenge/offline-data/hays/filings/2023-08-24__has-ln-20230824-h2-8k-2__671216.md,1965
Hays plc,HAS,2023-08-24,FY2023H2,STRUCTURED_RESULT,h2-8k,12% | 15%,"Turnover increased by 12% (15% on a reported basis). The higher turnover growth compared to net fee growth was due to stronger growth in Temp fees versus Perm, together with the first full year of a large Temp outsourcing contract in our RoW division, where we manage a supply chain which includes a significant volume of third-party agency supply. Over time, we expect to increase our direct fill pr",challenge/offline-data/hays/filings/2023-08-24__has-ln-20230824-h2-8k-2__671216.md,2138
Hays plc,HAS,2023-08-24,FY2023H2,STRUCTURED_RESULT,h2-8k,57% | 9% | 2  | 6% | 6 | 40 bps,"Temp fees (57% of Group) grew 9%, including H2 up 6%. Our underlying Temp margin (6)  benefited from a 40 bps increase, plus we saw 8% growth from positive mix effects and wage inflation. We expect to see some continued pricing benefit in our fees in H1 24.",challenge/offline-data/hays/filings/2023-08-24__has-ln-20230824-h2-8k-2__671216.md,2140
Hays plc,HAS,2023-08-24,FY2023H2,STRUCTURED_RESULT,h2-8k,23  | 197.0 million | 9% | 1  | 23  | 2 ,"FY23 Group operating profit of £197.0 million represented a LFL decrease of 9%. In line with the guidance given at our H1 FY23 results, in H2 both operating profit (£100.0 million) and conversion rate (15.6%) increased versus H1 as we controlled costs and drove consultant productivity. Overall in FY23, Group conversion rate decreased by 250 bps YoY to 15.2%.",challenge/offline-data/hays/filings/2023-08-24__has-ln-20230824-h2-8k-2__671216.md,2184
Hays plc,HAS,2023-08-24,FY2023H2,STRUCTURED_RESULT,h2-8k,23  | 26%,"Prior to the start of our financial year, we had invested significantly in consultant headcount to meet current and expected levels of demand and to further strengthen our position in long-term strategic growth markets such as Technology and Enterprise clients. As a result, we entered FY23 with consultant headcount up 26% YoY. However, market conditions became more challenging through the year, pa",challenge/offline-data/hays/filings/2023-08-24__has-ln-20230824-h2-8k-2__671216.md,2188
Hays plc,HAS,2023-08-24,FY2023H2,STRUCTURED_RESULT,h2-8k,4.9 million | 2022 | 5.8 million | 1.7 million | 2022 | 0.5 million,"The net finance charge for the year was £4.9 million (2022: £5.8 million). Net bank interest payable (including amortisation of arrangement fees) was £1.7 million (2022: £0.5 million). The interest charge on lease liabilities under IFRS 16 was £4.2 million (2022: £3.9 million), and the credit on defined benefit pension scheme obligations was £1.1 million (2022: charge of £1.4 million). The Pension",challenge/offline-data/hays/filings/2023-08-24__has-ln-20230824-h2-8k-2__671216.md,2196
Hays plc,HAS,2023-08-24,FY2023H2,STRUCTURED_RESULT,h2-8k,53.8 million | 2022 | 50.1 million | 28.0% | 2022 | 24.5%,"Taxation for the year was £53.8 million (2022: £50.1 million), representing an effective tax rate (ETR) of 28.0% (2022: 24.5%). The increase in the ETR YoY is primarily driven by the non-recurrence of positive one-off settlements with certain tax authorities in FY22, plus the recognition of deferred tax assets driven by the positive movement in the Group's defined benefit surplus in the prior year",challenge/offline-data/hays/filings/2023-08-24__has-ln-20230824-h2-8k-2__671216.md,2200
Hays plc,HAS,2023-08-24,FY2023H2,STRUCTURED_RESULT,h2-8k,29.1 million | 2022 | 24.4 million | 1.0 million | 30 million | 24.,"Net capital expenditure was £29.1 million (2022: £24.4 million), with continued investments in technology infrastructure and cyber security, with an additional £1.0 million investment acquiring the majority stake in Vercida Consulting, a UK-based DE&amp;I advisory business. We expect capital expenditure will be c.£30 million in FY24.",challenge/offline-data/hays/filings/2023-08-24__has-ln-20230824-h2-8k-2__671216.md,2218
Hays plc,HAS,2023-08-24,FY2023H2,STRUCTURED_RESULT,h2-8k,100 million,"-   Subject to supportive economic outlook, return cash &gt;£100 million to shareholders via special dividends and disciplined share buybacks as appropriate",challenge/offline-data/hays/filings/2023-08-24__has-ln-20230824-h2-8k-2__671216.md,2255
Hays plc,HAS,2023-08-24,FY2023H2,STRUCTURED_RESULT,h2-8k,100 million,"The Board will continue to retain a cash buffer of £100 million at our financial year-end. Above this level, and subject to the economic outlook, the Board intends to return capital to shareholders via a combination of special dividends and disciplined share buybacks.",challenge/offline-data/hays/filings/2023-08-24__has-ln-20230824-h2-8k-2__671216.md,2259
Hays plc,HAS,2023-08-24,FY2023H2,STRUCTURED_RESULT,h2-8k,19  | 30  | 2023  | 25.7 million | 102.0 million | 30 ,"The Group's defined benefit pension scheme position under IAS 19 at 30 June 2023 has resulted in a surplus of £25.7 million, compared to a surplus of £102.0 million at 30 June 2022. The decrease in surplus of £76.3 million was driven by a decrease in expected returns from scheme assets, partially offset by the favourable impact of changes in financial assumptions, most notably an increase in the d",challenge/offline-data/hays/filings/2023-08-24__has-ln-20230824-h2-8k-2__671216.md,2281
Hays plc,HAS,2023-08-24,FY2023H2,STRUCTURED_RESULT,h2-8k,19% | 382.0 million | 29% | 100.2 million | 1  | 23 ,"Our largest market of Germany saw net fees increase by 19% to a record £382.0 million. Operating profit increased by 29% to £100.2 million, despite three fewer working days in H1 FY23 YoY, which reduced fees and profit by £5.0 million. Adjusting for working days, operating profit growth was 36%. Conversion rate was 26.2% (2022: 24.1%), or 27.2% on a working-day adjusted basis, and included an H2 F",challenge/offline-data/hays/filings/2023-08-24__has-ln-20230824-h2-8k-2__671216.md,2315
Hays plc,HAS,2023-08-24,FY2023H2,STRUCTURED_RESULT,h2-8k,2022  | 2023  | 2024.,"We have continued our participation in the Carbon Disclosure Project (CDP) Climate Change Survey. In 2022 we retained our score at B management level in relation. We await the results of our 2023 submission, which are expected to be released in early 2024.",challenge/offline-data/hays/filings/2023-08-24__has-ln-20230824-h2-8k-2__671216.md,3105
Hays plc,HAS,2023-08-24,FY2023H2,STRUCTURED_RESULT,h2-8k,30  | 24.,"In recent years we have established a Sustainability specialism. The UK and Australia are most advanced, with over 30 expert recruiters placing talent into policy and environmental management roles. We expect this will grow and expand into further geographies in FY24.",challenge/offline-data/hays/filings/2023-08-24__has-ln-20230824-h2-8k-2__671216.md,3129
Hays plc,HAS,2023-08-24,FY2023H2,STRUCTURED_RESULT,h2-8k,3 ,"In preparing the Consolidated Financial Statements, the Directors have considered the impact of climate change on the Group and have concluded that there is no material impact on financial reporting judgements and estimates (as discussed in note 3 to the Financial Statements). This is consistent with the assertion that risks associated with climate change are not expected to have a material impact",challenge/offline-data/hays/filings/2023-08-24__has-ln-20230824-h2-8k-2__671216.md,3322
Hays plc,HAS,2023-08-24,FY2023H2,STRUCTURED_RESULT,h2-8k,30  | 2026  | 210 million | 2024  | 170 million | 2025. ,"The Directors believe that a three-year period ending 30 June 2026 is the most relevant period over which to provide the viability statement, being supported by the appraisal of the principal risks and mitigating internal controls. This allows the Directors to assess and conclude that the Group will be able to operate within its existing bank covenants and maintain appropriate bank facilities to m",challenge/offline-data/hays/filings/2023-08-24__has-ln-20230824-h2-8k-2__671216.md,3456
Hays plc,HAS,2023-08-24,FY2023H2,STRUCTURED_RESULT,h2-8k,"57 million | 30  | 2024  | 103 million | 2026,  | 60 million","The Stress Case scenario assumes a trough level of operating profit of £57 million in the year ended 30 June 2024 before gradually recovering to £103 million operating profit in the year to June 2026, which models the impact of a long-lasting global economic downturn. In this scenario the Group is forecast to maintain a strong net cash position in excess of £60 million throughout the forecast peri",challenge/offline-data/hays/filings/2023-08-24__has-ln-20230824-h2-8k-2__671216.md,3478
Hays plc,HAS,2023-08-24,FY2023H2,STRUCTURED_RESULT,h2-8k,"1,  | 2,  | 3  | 4 ","The Group reports its financial performance to shareholders six times a year: half-year and full-year announcements and Q1, Q2, Q3 and Q4 trading updates. Meetings are scheduled with investors and analysts to discuss the Group's half-year and full-year results.",challenge/offline-data/hays/filings/2023-08-24__has-ln-20230824-h2-8k-2__671216.md,4501
Hays plc,HAS,2023-08-24,FY2023H2,STRUCTURED_RESULT,h2-8k,2022 ,"The Company's AGM is an opportunity for the Board to engage with our retail shareholders and we were pleased to be able to do so in person at the 2022 AGM. The CEO presented an update on performance and outlook and then shareholders were invited to ask questions during the meeting, some of which were followed up by one-to-one informal discussions afterwards.",challenge/offline-data/hays/filings/2023-08-24__has-ln-20230824-h2-8k-2__671216.md,4515
Hays plc,HAS,2023-08-24,FY2023H2,STRUCTURED_RESULT,h2-8k,92. ,"We aim for our Board to have a wide range of backgrounds, skills and experiences. We also value a diversity of outlook, approach and style in our Board members. In order to ensure that our Board remains diverse, we analyse the skills and experiences we require against the skills and experiences on our Board using the matrix on page 92. During the year the Committee continued to recognise the impor",challenge/offline-data/hays/filings/2023-08-24__has-ln-20230824-h2-8k-2__671216.md,4651
Hays plc,HAS,2023-08-24,FY2023H2,STRUCTURED_RESULT,h2-8k,104 ,"During the year, there has been a significant focus on diversity at Board level. Following the updated guidance and targets issued by the FTSE Women Leaders Review and the UK Listing Authority, the Board approved an updated Board Diversity, Equity and Inclusion Policy (the Policy). The Policy is available on the Company's website. The Board outlined its ongoing commitment to the Parker Review and ",challenge/offline-data/hays/filings/2023-08-24__has-ln-20230824-h2-8k-2__671216.md,4714
Hays plc,HAS,2023-08-24,FY2023H2,STRUCTURED_RESULT,h2-8k,1  | 3 ,"In reviewing both the half- and full-year Financial Statements, the following issues of significance were considered by the Committee and addressed as described. These matters are described in more detail in notes 1 to 3 to the Consolidated Financial Statements.",challenge/offline-data/hays/filings/2023-08-24__has-ln-20230824-h2-8k-2__671216.md,4913
Hays plc,HAS,2023-08-24,FY2023H2,STRUCTURED_RESULT,h2-8k,2022  | 23  | 22. ,"The annual effectiveness review in respect of financial year 2022 was conducted during the year under the guidance of the Committee Chair, on behalf of the Committee, and covered amongst other things a review of the audit partners, audit resource, planning and execution, Committee support and communications, and PwC's independence and objectivity. Overall feedback was positive with an improved ove",challenge/offline-data/hays/filings/2023-08-24__has-ln-20230824-h2-8k-2__671216.md,4953
Hays plc,HAS,2023-08-24,FY2023H2,STRUCTURED_RESULT,h2-8k,"23  | 22,  | 23.  | 23,  | 26.93%","The FY23 targets for EPS were set following the delivery of strong growth in FY22, and an expectation for continued strong profit growth in FY23. The Group's trading environment proved more difficult than expected in FY23, most notably in our Perm recruitment business which became more challenging across the majority of our markets. Ultimately the Group's profit performance was below the stretchin",challenge/offline-data/hays/filings/2023-08-24__has-ln-20230824-h2-8k-2__671216.md,5017
Hays plc,HAS,2023-08-24,FY2023H2,STRUCTURED_RESULT,h2-8k,"-19  | 2020, ","As a result of the COVID-19 pandemic, there was considerable market uncertainty at the time that the conditions were set, and this made long-term target setting particularly challenging for this award. Although actual trading conditions over the performance period have arguably been more favourable than forecast in later 2020, the geopolitical and macroeconomic backdrop has arguably become more co",challenge/offline-data/hays/filings/2023-08-24__has-ln-20230824-h2-8k-2__671216.md,5029
Hays plc,HAS,2023-08-24,FY2023H2,STRUCTURED_RESULT,h2-8k,2022 ,The current CEO has a significant shareholding in the Company. The GFD was appointed in October 2022 and therefore is expected to build his shareholding over the course of his tenure.,challenge/offline-data/hays/filings/2023-08-24__has-ln-20230824-h2-8k-2__671216.md,5146
Hays plc,HAS,2023-08-24,FY2023H2,STRUCTURED_RESULT,h2-8k,15  | 2023.  | 2023 ,"Subject to shareholder approval, the Directors' Remuneration Policy (the Policy) as set out below will become formally effective at the Annual General Meeting on 15 November 2023. While the Policy is expected to apply for the period of three years from the date of approval, the Committee will continue to monitor our approach to pay following the 2023 AGM. The Committee would consult with sharehold",challenge/offline-data/hays/filings/2023-08-24__has-ln-20230824-h2-8k-2__671216.md,5260
Hays plc,HAS,2023-08-24,FY2023H2,STRUCTURED_RESULT,h2-8k,"2020  | 2022  | 2023  | 2022,  | 126.","There are no major changes proposed to the Policy approved at the 2020 AGM. However, as part of the renewal process the opportunity has been taken to simplify, clarify and refine detailed terms to reflect market and best practice. The Committee held workshops during 2022 and 2023 to review the evolving business environment, the Group's strategic priorities as outlined to shareholders on the Invest",challenge/offline-data/hays/filings/2023-08-24__has-ln-20230824-h2-8k-2__671216.md,5262
Hays plc,HAS,2023-08-24,FY2023H2,STRUCTURED_RESULT,h2-8k,"2020, ","- Although actual trading conditions over the three-year performance period have arguably been more favourable than forecast in late 2020, the geopolitical and macroeconomic backdrop has arguably become more complex.",challenge/offline-data/hays/filings/2023-08-24__has-ln-20230824-h2-8k-2__671216.md,5782
Hays plc,HAS,2023-08-24,FY2023H2,STRUCTURED_RESULT,h2-8k,2020.  | 2020  | 2 | 100%,"- While there has been very significant outperformance of the EPS range, the outcomes far exceed any reasonable forecast from late 2020. Even if the maximum hurdle had been set at a much more aggressive level in 2020 (e.g. 2x the actual max set), the vesting outcome for this element would still have been 100%.",challenge/offline-data/hays/filings/2023-08-24__has-ln-20230824-h2-8k-2__671216.md,5783
Hays plc,HAS,2023-08-24,FY2023H2,STRUCTURED_RESULT,h2-8k,138  | 139.  | 23  | 22 ,"We are committed to providing a total reward package for our employees that is competitive. The structure of remuneration for employees is shown on pages 138 and 139. We anticipate that the ratio may vary significantly year to year as it will be influenced by the level of variable pay earned such as commission and Annual Bonus and, in the case of PSP awards, by the level of vesting and share price",challenge/offline-data/hays/filings/2023-08-24__has-ln-20230824-h2-8k-2__671216.md,6189
Hays plc,HAS,2023-08-24,FY2023H2,STRUCTURED_RESULT,h2-8k,10% | 5%,"The current Investment Association (IA) guidance on dilution limits (formerly the responsibility of the Association of British Insurers) provide that the overall dilution under all share plans operated by a company should not exceed 10% over a ten-year period in relation to the Company's share capital, with a further limitation of 5% in any ten-year period on executive plans. The Company's share p",challenge/offline-data/hays/filings/2023-08-24__has-ln-20230824-h2-8k-2__671216.md,6652
Hays plc,HAS,2023-08-24,FY2023H2,STRUCTURED_RESULT,h2-8k,4.1 | 14,"In due course, as required by the Financial Conduct Authority Disclosure Guidance and Transparency Rule 4.1.14R, these Financial Statements will form part of the ESEF-prepared annual financial report filed on the National Storage Mechanism of the Financial Conduct Authority in accordance with the ESEF Regulatory Technical Standard ('ESEF RTS'). This auditors' report provides no assurance over whet",challenge/offline-data/hays/filings/2023-08-24__has-ln-20230824-h2-8k-2__671216.md,6984
Hays plc,HAS,2023-08-24,FY2023H2,STRUCTURED_RESULT,h2-8k,"-19  | 30  | 2020,  | 30  | 2021  | 30 ","The sensitivity analysis modelled scenarios in which the Group incurred a sustained loss of business arising from a prolonged global downturn, with a range of recovery scenarios considered. The Group's 'Stress Case' scenario assumes that the Group experiences another severe downturn similar in scale to the one caused by the COVID-19 pandemic in the year ended 30 June 2020, followed by a period of ",challenge/offline-data/hays/filings/2023-08-24__has-ln-20230824-h2-8k-2__671216.md,7220
Hays plc,HAS,2023-08-24,FY2023H2,STRUCTURED_RESULT,h2-8k,68,"In preparing the Consolidated Financial Statements, the Directors have considered the impact of Climate Change on the Group and have concluded that there is no material impact on financial reporting judgements and estimates (further information is provided in the Strategic Report on page 68). This is consistent with the assertion that risks associated with Climate Change are not expected to have a",challenge/offline-data/hays/filings/2023-08-24__has-ln-20230824-h2-8k-2__671216.md,7434
Hays plc,HAS,2023-08-24,FY2023H2,STRUCTURED_RESULT,h2-8k,33 million,"The increase in remuneration of other agencies during the year is primarily due to first full-year of large Temp outsourcing contract in our RoW division, where we manage a complex supply chain which includes a significant volume of third-party agency supply. Over time we expect to increase our direct-fill proportion of these contingent workers. Excluding this contract, other agency supply increas",challenge/offline-data/hays/filings/2023-08-24__has-ln-20230824-h2-8k-2__671216.md,7534
Hays plc,HAS,2023-08-24,FY2023H2,STRUCTURED_RESULT,h2-8k,1.0 million,"The additions during the year of £1.0 million relate to the acquisition of Vercida Consulting, a DE&amp;I advisory business based in the UK, with further amounts payable based on achieving our ambitious growth plans. These amounts will be charged to the Consolidated Income Statement and are not expected to be material.",challenge/offline-data/hays/filings/2023-08-24__has-ln-20230824-h2-8k-2__671216.md,7733
Hays plc,HAS,2023-08-24,FY2023H2,STRUCTURED_RESULT,h2-8k,12.3 million | 22.2 million | 7% | 7% | 4% | 13.6%,"The USA business, which is part of the Rest of World segment, had a challenging year with an industry wide slowdown in Permanent recruitment market, particularly in the Technology sector. As a result, the headroom has decreased from the prior year to £12.3 million on goodwill of £22.2 million. A key assumption in determining the value-in-use calculation is an average annual fee growth of 7% for th",challenge/offline-data/hays/filings/2023-08-24__has-ln-20230824-h2-8k-2__671216.md,7762
Hays plc,HAS,2023-08-24,FY2023H2,STRUCTURED_RESULT,h2-8k,"19% | 25% | 1  | 2023,  | 30  | 2021 ","Deferred tax assets and liabilities are measured at the tax rates that are expected to apply in the periods in which they reverse - being the rates enacted or substantively enacted for those relevant periods applicable for each jurisdiction. Following the legislated increase in the main UK corporation tax rate from 19% to 25% which has effect from 1 April 2023, the UK deferred tax balances were re",challenge/offline-data/hays/filings/2023-08-24__has-ln-20230824-h2-8k-2__671216.md,7922
Hays plc,HAS,2023-08-24,FY2023H2,STRUCTURED_RESULT,h2-8k,2.0  | 3.0 | 30  | 100 million,"The Group's target core full-year dividend cover range remains 2.0 to 3.0x earnings. The Group's policy for returning surplus cash to shareholders is based on returning capital above the Group's cash buffer at each financial year-end (30 June) of £100 million, subject to the economic outlook.",challenge/offline-data/hays/filings/2023-08-24__has-ln-20230824-h2-8k-2__671216.md,8110
Hays plc,HAS,2023-08-24,FY2023H2,STRUCTURED_RESULT,h2-8k,17.2 million | 2022 | 16.7 million | 0.5 million | 2022 | 0.5 million,"During the year the Company made deficit funding contributions of £17.2 million (2022: £16.7 million) into the funded Hays Pension Scheme, and made pension payments amounting to £0.5 million (2022: £0.5 million) in respect of the unfunded Hays Supplementary Scheme. The amount of deficit funding contributions expected to be paid into the funded Hays Pension Scheme in the year to 30 June 2024 is £17",challenge/offline-data/hays/filings/2023-08-24__has-ln-20230824-h2-8k-2__671216.md,8377
Hays plc,HAS,2023-08-24,FY2023H2,STRUCTURED_RESULT,h2-8k,9.,Intercompany and other receivables are initially measured at fair value. Subsequent to initial recognition these assets are measured at amortised cost less any provision for impairment losses. The Company measures impairment losses using the expected credit loss model in accordance with IFRS 9.,challenge/offline-data/hays/filings/2023-08-24__has-ln-20230824-h2-8k-2__671216.md,8741
Hays plc,HAS,2023-08-24,FY2023H2,STRUCTURED_RESULT,h2-8k,5 | 1  | 24.,"Our growth in both underlying Temp margin (5) and average Perm fee are the direct results of management actions to increase fee margins in skill-short markets and our focus on higher value roles in the most in-demand markets, reinforced by the positive effects of wage inflation globally. We expect to see some continued benefit from this in our fees in H1 FY24.",challenge/offline-data/hays/filings/2023-08-24__has-ln-20230824-h2-8k__119735.md,189
Hays plc,HAS,2023-08-24,FY2023H2,STRUCTURED_RESULT,h2-8k,23  | 197.0 million | 9% | 6% | 4 | 1 ,"FY23 Group operating profit of £197.0 million represented a like-for-like decrease of 9% (down 6% working day-adjusted (4) ). In line with the guidance given at our H1 FY23 results, in the second half both operating profit (£100.0 million) and conversion rate (15.6%) increased versus H1 as we controlled costs and drove consultant productivity. Overall in FY23, Group conversion rate decreased by 25",challenge/offline-data/hays/filings/2023-08-24__has-ln-20230824-h2-8k__119735.md,195
Hays plc,HAS,2023-08-24,FY2023H2,STRUCTURED_RESULT,h2-8k,23  | 26%,"Prior to the start of our financial year, we had invested significantly in consultant headcount to meet current and expected levels of demand and to further strengthen our position in long term strategic growth markets such as Technology and Enterprise clients. As a result, we entered FY23 with consultant headcount up 26% year-on-year. However, market conditions became more challenging through the",challenge/offline-data/hays/filings/2023-08-24__has-ln-20230824-h2-8k__119735.md,199
Hays plc,HAS,2023-08-24,FY2023H2,STRUCTURED_RESULT,h2-8k,9% | 28.7 million | 101% | 3 | 22 | 87%,"Given the good growth in our Temp business, with fees up 9%, we saw a working capital outflow of £28.7 million in the fullyear, resulting from growth in our Temp debtor book. As a result, we converted 101% of operating profit into operating cash flow (3) (FY22: 87% (3) ), driven by another excellent performance from our credit control teams, with debtor days maintained at our historic low level of",challenge/offline-data/hays/filings/2023-08-24__has-ln-20230824-h2-8k__119735.md,235
Hays plc,HAS,2023-08-24,FY2023H2,STRUCTURED_RESULT,h2-8k,"23  | 5% | 3.00  | 2.9 | 5  | 2023, ","Given confidence in the Group's strategy and reflecting our strong financial position, the Board proposes an FY23 full-year core dividend up 5% to 3.00 pence per share, representing dividend cover of 2.9x. The ex-dividend date is 5 October 2023, and our final dividend payment date will be 17 November 2023. Our target core full-year dividend cover range remains 2.0 to 3.0x earnings.",challenge/offline-data/hays/filings/2023-08-24__has-ln-20230824-h2-8k__119735.md,239
Hays plc,HAS,2023-08-24,FY2023H2,STRUCTURED_RESULT,h2-8k,30  | 100 million | 135.6 million | 2.24  | 35.6 million | 950 million,"Our policy for returning surplus cash to shareholders remains unchanged and is based on paying capital above our cash buffer at each financial year-end (30 June) of £100 million, subject to the economic outlook. Given our year-end net cash position of £135.6 million, the Board has separately proposed a 2.24 pence per share special dividend, representing £35.6 million, to be paid alongside the fina",challenge/offline-data/hays/filings/2023-08-24__has-ln-20230824-h2-8k__119735.md,241
Hays plc,HAS,2023-08-24,FY2023H2,STRUCTURED_RESULT,h2-8k,32.7 million | 5.7 million,"Overall, net currency movements versus sterling positively impacted results in the full-year, increasing net fees by £32.7 million, and operating profit by £5.7 million.",challenge/offline-data/hays/filings/2023-08-24__has-ln-20230824-h2-8k__119735.md,265
Hays plc,HAS,2023-08-24,FY2023H2,STRUCTURED_RESULT,h2-8k,1.7895  | 1.9077 | 21  | 2023  | 1.9923 | 1.1503 ,The rate of exchange between the Australian dollar and sterling over the full-year averaged AUD $1.7895 and closed at AUD $1.9077. As at 21 August 2023 the rate stood at AUD $1.9923. The rate of exchange between the euro and sterling over the full year averaged €1.1503 and closed at €1.1639. As at 21 August 2023 the rate stood at €1.1697.,challenge/offline-data/hays/filings/2023-08-24__has-ln-20230824-h2-8k__119735.md,269
Hays plc,HAS,2023-08-24,FY2023H2,STRUCTURED_RESULT,h2-8k,"30  | 2023  | 8,590,  | 5% | 6% | 2022. ","Consultant headcount at 30 June 2023 was 8,590, down 5% year-on-year and down 6% versus December 2022. Total Group headcount decreased by 1% year-on-year, which included our Statement of Works headcount investment and three new shared service centres. We expect headcount will decrease c.3-4% in Q1 FY24 as we continue our focus on driving consultant productivity and returns from our investments.",challenge/offline-data/hays/filings/2023-08-24__has-ln-20230824-h2-8k__119735.md,275
Hays plc,HAS,2023-08-24,FY2023H2,STRUCTURED_RESULT,h2-8k,"1  | 24, ","Our key markets continue to be supported by skill shortages. Both Temp and Perm fees continue to benefit from our actions to increase margins, which we expect to continue through H1 24, and by the positive effects of wage inflation globally.",challenge/offline-data/hays/filings/2023-08-24__has-ln-20230824-h2-8k__119735.md,518
Hays plc,HAS,2023-08-24,FY2023H2,STRUCTURED_RESULT,h2-8k,3 | -4% | 1  | 24 ,We expect Group consultant headcount will reduce by c.3-4% in Q1 FY24 as we continue to focus on consultant productivity and leveraging our infrastructure investments.,challenge/offline-data/hays/filings/2023-08-24__has-ln-20230824-h2-8k__119735.md,520
Hays plc,HAS,2023-08-24,FY2023H2,STRUCTURED_RESULT,h2-8k,"2023  | 2% | 1  | 24  | 1  | 24, ","As previously reported, the Group's June 2023 net fee exit rate was down 2% year-on-year, and given strong fee growth in the prior year, we have a tough H1 FY24 growth comparative. Overall, we expect Group net fees will decline year-on-year in H1 FY24, driving a reduction in first half conversion rate year-on-year, as we protect key strategic investments in order to benefit from future recovery an",challenge/offline-data/hays/filings/2023-08-24__has-ln-20230824-h2-8k__119735.md,522
Hays plc,HAS,2023-08-24,FY2023H2,STRUCTURED_RESULT,h2-8k,30  | 2023  | 12% | 15% | 6% | 9%,"Turnover for the year to 30 June 2023 increased by 12% (15% on a reported basis), with net fees increasing by 6% (9% on a reported basis). The higher turnover growth compared to net fee growth was due to relatively stronger growth in Temp fees versus Perm, together with the first full-year of a large Temp outsourcing contract in our RoW division, where we manage a supply chain which includes a sig",challenge/offline-data/hays/filings/2023-08-24__has-ln-20230824-h2-8k__119735.md,582
Hays plc,HAS,2023-08-24,FY2023H2,STRUCTURED_RESULT,h2-8k,9% | 197.0 million | 6% | 202.0 million | 4 | 100.0 million,"Operating profit decreased by 9% to £197.0 million, or down 6% to £202.0 million on a working day-adjusted (4) basis. In line with our guidance at our half-year results, second half operating profit (£100.0 million) and conversion rate (15.6%) increased versus our H1 performance as we focused on driving consultant productivity, despite more challenging market conditions. Overall in FY23, Group con",challenge/offline-data/hays/filings/2023-08-24__has-ln-20230824-h2-8k__119735.md,588
Hays plc,HAS,2023-08-24,FY2023H2,STRUCTURED_RESULT,h2-8k,4.9 million | 2022 | 5.8 million | 1.7 million | 2022 | 0.5 million,"The net finance charge for the year was £4.9 million (2022: £5.8 million). Net bank interest payable (including amortisation of arrangement fees) was £1.7 million (2022: £0.5 million). The interest charge on lease liabilities under IFRS 16 was £4.2 million (2022: £3.9 million), and the credit on defined benefit pension scheme obligations was £1.1 million (2022: charge of £1.4 million). The Pension",challenge/offline-data/hays/filings/2023-08-24__has-ln-20230824-h2-8k__119735.md,606
Hays plc,HAS,2023-08-24,FY2023H2,STRUCTURED_RESULT,h2-8k,53.8 million | 2022 | 50.1 million | 28.0% | 2022 | 24.5%,"Taxation for the year was £53.8 million (2022: £50.1 million), representing an effective tax rate (ETR) of 28.0% (2022: 24.5%). The increase in the ETR year-on-year is primarily driven by the non-recurrence of positive one-off settlements with certain tax authorities in FY22, plus the recognition of deferred tax assets driven by the positive movement in the Group's defined benefit surplus in the p",challenge/offline-data/hays/filings/2023-08-24__has-ln-20230824-h2-8k__119735.md,610
Hays plc,HAS,2023-08-24,FY2023H2,STRUCTURED_RESULT,h2-8k,29.1 million | 2022 | 24.4 million | 1.0 million | 30 million | 24.,"Net capital expenditure was £29.1 million (2022: £24.4 million), with continued investments in technology infrastructure and cyber security, with an additional £1.0 million investment acquiring the majority stake in Vercida Consulting, a UK-based Diversity, Equity &amp; Inclusion advisory business. We expect capital expenditure will be c.£30 million in FY24.",challenge/offline-data/hays/filings/2023-08-24__has-ln-20230824-h2-8k__119735.md,620
Hays plc,HAS,2023-08-24,FY2023H2,STRUCTURED_RESULT,h2-8k,19  | 30  | 2023  | 25.7 million | 102.0 million | 30 ,"The Group's defined benefit pension scheme position under IAS 19 at 30 June 2023 has resulted in a surplus of £25.7 million, compared to a surplus of £102.0 million at 30 June 2022. The decrease in surplus of £76.3 million was driven by a decrease in expected returns from scheme assets, partially offset by the favourable impact of changes in financial assumptions, most notably an increase in the d",challenge/offline-data/hays/filings/2023-08-24__has-ln-20230824-h2-8k__119735.md,628
Hays plc,HAS,2023-08-24,FY2023H2,STRUCTURED_RESULT,h2-8k,"2.05 | 0.95 | 2023,  | 23  | 3.00  | 2022","Given the Group's profitability, strong balance sheet and confidence in our long-term strategy, the Board has proposed a final core dividend of 2.05p. When added to the interim dividend of 0.95p paid in April 2023, the Group's total FY23 core dividend is 3.00 pence per share (2022: 2.85p), representing dividend cover of 2.9x our EPS of 8.59 pence per share and a 5% increase versus FY22. The ex-div",challenge/offline-data/hays/filings/2023-08-24__has-ln-20230824-h2-8k__119735.md,648
Hays plc,HAS,2023-08-24,FY2023H2,STRUCTURED_RESULT,h2-8k,21  | 2000. ,"This Preliminary Report (the 'Report') has been prepared in accordance with the Disclosure Guidance and Transparency Rules of the UK Financial Conduct Authority and is not audited. No representation or warranty, express or implied, is or will be made in relation to the accuracy, fairness or completeness of the information or opinions contained in this Report. Statements in this Report reflect the ",challenge/offline-data/hays/filings/2023-08-24__has-ln-20230824-h2-8k__119735.md,708
Hays plc,HAS,2023-08-24,FY2023H2,STRUCTURED_RESULT,h2-8k,"-19  | 30  | 2020,  | 30  | 2021  | 30 ","The sensitivity analysis modelled scenarios in which the Group incurred a sustained loss of business arising from a prolonged global downturn, with a range of recovery scenarios considered. The Group's 'Stress Case' scenario assumes that the Group experiences another severe downturn similar in scale to the one caused by the Covid-19 pandemic in the year ended 30 June 2020, followed by a period of ",challenge/offline-data/hays/filings/2023-08-24__has-ln-20230824-h2-8k__119735.md,985
Hays plc,HAS,2023-08-24,FY2023H2,STRUCTURED_RESULT,h2-8k,33 million,"The increase in remuneration of other agencies during the year is primarily due to first full-year of large Temp outsourcing contract in our RoW division, where we manage a complex supply chain which includes a significant volume of thirdparty agency supply. Over time we expect to increase our direct-fill proportion of these contingent workers. Excluding this contract, other agency supply increase",challenge/offline-data/hays/filings/2023-08-24__has-ln-20230824-h2-8k__119735.md,1063
Hays plc,HAS,2023-07-13,FY2023H2,EARNINGS_CALL,call-pres,4  | 2% | 2023  | 58% | 4%,"Unknown speaker: Thank you, David. Good morning, everyone, thanks for joining us. I'll present the highlights and key themes of today's update and discuss regional performances before taking questions. As usual, all net fees growth percentages are on a like-to-like basis versus prior year, unless stated otherwise. We delivered a resilient Q4 performance, with group net fees down 2% versus the prio",challenge/offline-data/hays/call-transcripts/2023-07-13__has-ln-20230713-call-pres__74997.md,19
Hays plc,HAS,2023-07-13,FY2023H2,EARNINGS_CALL,call-pres,"-2% | 1,  | 2  | 1, ","Unknown speaker: Current trading and guidance, I'd like to highlight the following: volumes remain stable overall in Temp & Contracting on a sequential basis, with modestly lower numbers of new assignments offset by greater contract extensions. We continue to benefit from the positive effects of mix and margin. In Perm, incoming job flow is down year-on-year, but was broadly stable through the qua",challenge/offline-data/hays/call-transcripts/2023-07-13__has-ln-20230713-call-pres__74997.md,35
Hays plc,HAS,2023-07-13,FY2023H2,EARNINGS_CALL,call-pres,2024  | 2023 ,"Unknown speaker: Given that we enter FY 2024 with group fees modestly down versus prior year, our focus is on driving productivity, protecting our investments in key strategic areas, and managing our overhead costs against the backdrop of inflation. In conclusion, we delivered a resilient quarter, and FY 2023 operating profit is expected to be in line with market expectations. Although we remain v",challenge/offline-data/hays/call-transcripts/2023-07-13__has-ln-20230713-call-pres__74997.md,37
Hays plc,HAS,2023-07-13,FY2023H2,EARNINGS_CALL,call-qna,1  | 2. ,"Unknown speaker: What can you read from the trends into July in terms of extensions or, or new job flow, maybe? Then just finally on profits. You've delivered or you expect to deliver that small increase in sequential profits, H1 to H2. Can you just say what that implies for your kind of periodic cost base, and how we should think about that into the start of the next financial year? Thank you.",challenge/offline-data/hays/call-transcripts/2023-07-13__has-ln-20230713-call-qna__75013.md,17
Hays plc,HAS,2023-07-13,FY2023H2,EARNINGS_CALL,call-qna,86 million,"Unknown speaker: That's come down, as you can expect through the second half of the year, because we've managed our headcount and capacity in the business, obviously, all through natural attrition and in each market. We got on the pitch quite early with that, and we started to move that actively down from about October time through our second quarter of our financial year, and then more through th",challenge/offline-data/hays/call-transcripts/2023-07-13__has-ln-20230713-call-qna__75013.md,29
Hays plc,HAS,2023-07-13,FY2023H2,EARNINGS_CALL,call-qna,"2024,  | 2024, ","Unknown speaker: Hey, good morning. I got two questions. First, can you comment a bit more in detail around the Australia public sector, and when do you sort of expect to tough out, and what's the outlook, given it looks like the cut from the federal governments are more structural in nature? Number two, I mean, you said that you sort of got some pay increases to come, and then you get into a situ",challenge/offline-data/hays/call-transcripts/2023-07-13__has-ln-20230713-call-qna__75013.md,39
Hays plc,HAS,2023-07-13,FY2023H2,EARNINGS_CALL,call-qna,30 | 2%,"Unknown speaker: As you know, as of 30th of June year end, we'll have our annual pay increases effective July, but I don't expect to see as much increase as we saw last year. Clearly it is a headwind for us to manage, but I think we'll continue to manage that well. In terms of where does the conversion rate go, that's a very difficult question for me to answer, to be honest. It largely depends on ",challenge/offline-data/hays/call-transcripts/2023-07-13__has-ln-20230713-call-qna__75013.md,45
Hays plc,HAS,2023-07-13,FY2023H2,EARNINGS_CALL,call-qna,3% | 5%,"Unknown speaker: Great. I'll pick the headcount question up first, Andy. As you highlighted, we were down 3% in the quarter, and we're down about 5% both year-on-year and through the half as well. We've been fairly on the front foot, actually, in terms of managing capacity over the last nine months and keeping that pretty much in line. Actually, this quarter, productivity was up slightly year-on-y",challenge/offline-data/hays/call-transcripts/2023-07-13__has-ln-20230713-call-qna__75013.md,57
