company,ticker,published_at,stated_in_period,doc_class,doc_kind,figures,quote,source_file,line_no
Deere & Company,DE,2026-05-28,FY2026Q2,STRUCTURED_RESULT,q2-10q,"52 | 53  | 2026  | 2025  | 3,  | 2026, ","We use a 52/53 week fiscal year with quarters ending on the last Sunday in the reporting period. The second quarter ends for fiscal years 2026 and 2025 were May 3, 2026, and April 27, 2025, respectively. Both quarters contained 13 weeks, while both year-to-date periods contained 26 weeks. Fiscal year 2025 contained 53 weeks, with the additional week occurring in the fourth quarter. Unless otherwis",challenge/offline-data/deere/filings/2026-05-28__de-us-20260528-q2-10q__1055932.md,400
Deere & Company,DE,2026-05-28,FY2026Q2,STRUCTURED_RESULT,q2-10q,10,"The interim consolidated financial statements of Deere & Company have been prepared by us, without audit, pursuant to the rules and regulations of the U.S. Securities and Exchange Commission (SEC). Certain information and footnote disclosures normally included in annual financial statements prepared in accordance with accounting principles generally accepted in the U.S. have been condensed or omit",challenge/offline-data/deere/filings/2026-05-28__de-us-20260528-q2-10q__1055932.md,434
Deere & Company,DE,2026-05-28,FY2026Q2,STRUCTURED_RESULT,q2-10q,"2025,  | 2025 | -10,  | 832 | 2030, ","In December 2025, the FASB issued ASU 2025-10, Government Grants (Topic 832): Accounting for Government Grants Received by Business Entities, which provides updated guidance on how to recognize, measure, and present government grants. The ASU will be effective for us beginning with our interim reporting for fiscal year 2030, with early adoption permitted. We are assessing the effect of this update",challenge/offline-data/deere/filings/2026-05-28__de-us-20260528-q2-10q__1055932.md,448
Deere & Company,DE,2026-05-28,FY2026Q2,STRUCTURED_RESULT,q2-10q,"2025,  | 2025 | -06,  | 350 | -40 | 2029, ","In September 2025, the FASB issued ASU 2025-06, Intangibles – Goodwill and Other – Internal-Use Software (Subtopic 350-40): Targeted Improvements to the Accounting for Internal-Use Software, which provides updated guidance for the capitalization of internal-use software. The ASU will be effective for us beginning with our interim reporting for fiscal year 2029, with early adoption permitted. We ar",challenge/offline-data/deere/filings/2026-05-28__de-us-20260528-q2-10q__1055932.md,450
Deere & Company,DE,2026-05-28,FY2026Q2,STRUCTURED_RESULT,q2-10q,"2024,  | 2024 | -03,  | 220 | -40 | 2025, ","In November 2024, the FASB issued ASU 2024-03, Income Statement – Reporting Comprehensive Income – Expense Disaggregation Disclosures (Subtopic 220-40): Disaggregation of Income Statement Expenses, which expands disclosures about specific expense categories presented on the face of the income statement. In January 2025, the FASB issued ASU 2025-01, Income Statement – Reporting Comprehensive Income",challenge/offline-data/deere/filings/2026-05-28__de-us-20260528-q2-10q__1055932.md,452
Deere & Company,DE,2026-05-28,FY2026Q2,STRUCTURED_RESULT,q2-10q,"2023,  | 2023 | -09,  | 740 | 2026. ","In December 2023, the FASB issued ASU 2023-09, Income Taxes (Topic 740): Improvements to Income Tax Disclosures, which expands disclosures in an entity's income tax rate reconciliation table and cash taxes paid both in the U.S. and foreign jurisdictions. The ASU will be effective for us beginning with our annual reporting for fiscal year 2026. We are assessing the effect of this update on our rela",challenge/offline-data/deere/filings/2026-05-28__de-us-20260528-q2-10q__1055932.md,454
Deere & Company,DE,2026-05-28,FY2026Q2,STRUCTURED_RESULT,q2-10q,"2,155,  | 2,039,  | 2,089  | 3,  | 2026,  | 2, ","We invoice in advance of recognizing the revenue of certain products and services. These relate to extended warranty premiums, advance payments for future equipment sales, and subscription and service revenue related to precision guidance, telematic services, and other information enabled solutions. These advanced customer payments are presented as deferred revenue, a contract liability, in ""Accou",challenge/offline-data/deere/filings/2026-05-28__de-us-20260528-q2-10q__1055932.md,611
Deere & Company,DE,2026-05-28,FY2026Q2,STRUCTURED_RESULT,q2-10q,"1,855  | 3,  | 2026.  | 2026  | 320,  | 2027 ","The amount of unsatisfied performance obligations for contracts with an original duration greater than one year was $1,855 at May 3, 2026. The estimated revenue to be recognized by fiscal year follows: remainder of 2026 – $320, 2027 – $591, 2028 – $402, 2029 – $254, 2030 – $156, 2031 – $87, and later years – $45. As permitted, we elected only to disclose remaining performance obligations with an o",challenge/offline-data/deere/filings/2026-05-28__de-us-20260528-q2-10q__1055932.md,613
Deere & Company,DE,2026-05-28,FY2026Q2,STRUCTURED_RESULT,q2-10q,"2026, ","During the first six months of 2026, we contributed and expect to contribute the following amounts to our pension and OPEB plans:",challenge/offline-data/deere/filings/2026-05-28__de-us-20260528-q2-10q__1055932.md,806
Deere & Company,DE,2026-05-28,FY2026Q2,STRUCTURED_RESULT,q2-10q,"2026, ","The allowance for credit losses on retail notes and financing lease receivables increased slightly in the second quarter and first six months of 2026, primarily due to higher expected losses on construction retail accounts.",challenge/offline-data/deere/filings/2026-05-28__de-us-20260528-q2-10q__1055932.md,1159
Deere & Company,DE,2026-05-28,FY2026Q2,STRUCTURED_RESULT,q2-10q,2026 ,**Industry Sales Outlook for Fiscal Year 2026 (in units)**,challenge/offline-data/deere/filings/2026-05-28__de-us-20260528-q2-10q__1055932.md,1811
Deere & Company,DE,2026-05-28,FY2026Q2,STRUCTURED_RESULT,q2-10q,"2026  | 2025.  | 2026.  | 2026  | 2025, ","Large agriculture sales are expected to remain subdued in North America and to soften in South America resulting in decreased sales volume for PPA in 2026 compared to 2025. SAT and CF sales are expected to improve in 2026. Our net sales are expected to increase in 2026 compared to 2025, with the anticipated decline in PPA sales more than offset by improvements in CF and SAT.",challenge/offline-data/deere/filings/2026-05-28__de-us-20260528-q2-10q__1055932.md,1825
Deere & Company,DE,2026-05-28,FY2026Q2,STRUCTURED_RESULT,q2-10q,2026,_Agriculture and Turf Industry Outlook for 2026_,challenge/offline-data/deere/filings/2026-05-28__de-us-20260528-q2-10q__1055932.md,1827
Deere & Company,DE,2026-05-28,FY2026Q2,STRUCTURED_RESULT,q2-10q,2026,_Construction and Forestry Industry Outlook for 2026_,challenge/offline-data/deere/filings/2026-05-28__de-us-20260528-q2-10q__1055932.md,1851
Deere & Company,DE,2026-05-28,FY2026Q2,STRUCTURED_RESULT,q2-10q,12  | 12  | 2026  | 2025 ,"We closely monitor our cash requirements. Based on the available sources of liquidity, we expect to meet our funding needs in the short term (next 12 months) and long term (beyond 12 months). We are forecasting operating cash flows from equipment operations in 2026 to remain flat compared with 2025 driven by an offsetting decrease in net income adjusted for non-cash provisions, and higher cash flo",challenge/offline-data/deere/filings/2026-05-28__de-us-20260528-q2-10q__1055932.md,2129
Deere & Company,DE,2026-05-28,FY2026Q2,STRUCTURED_RESULT,q2-10q,1 | 10 | 10,"Further information concerning us and our businesses, including factors that could materially affect our financial results, is included in our other filings with the SEC (including, but not limited to, the factors discussed in Item 1A. ""Risk Factors"" of our most recent Annual Report on Form 10-K and this Quarterly Report on Form 10-Q). There also may be other factors that we cannot anticipate or t",challenge/offline-data/deere/filings/2026-05-28__de-us-20260528-q2-10q__1055932.md,2323
Deere & Company,DE,2026-05-21,FY2026Q2,EARNINGS_CALL,call-pres,2026. ,"Unknown speaker: Hello. Welcome, and thank you for joining us on today's call. Joining me on the call today are Brent Norwood, Chief Financial Officer, and Chris Seibert, Manager Investor Communications. Today, we'll take a closer look at Deere's second quarter earnings, then spend some time talking about our markets and our current outlook for fiscal 2026. After that, we'll respond to your questi",challenge/offline-data/deere/call-transcripts/2026-05-21__de-us-20260521-call-pres__1042774.md,15
Deere & Company,DE,2026-05-21,FY2026Q2,EARNINGS_CALL,call-pres,2026  | 2026  | 2030  | 5% | 13.369 billion | 5%,"Unknown speaker: The diversification of our business segments, evidenced in 2026 with all three operating at different points in the cycle, provides increased resilience and enhanced growth opportunities for the organization. As a result, this quarter, we maintain our overall net income outlook for fiscal 2026 while continuing to progress towards our 2030 Leap Ambitions. Slide three opens with our",challenge/offline-data/deere/call-transcripts/2026-05-21__de-us-20260521-call-pres__1042774.md,33
Deere & Company,DE,2026-05-21,FY2026Q2,EARNINGS_CALL,call-pres,15% | -20%,"Unknown speaker: Slide six gives our industry outlook for ag and turf markets globally. We continue to expect large ag equipment industry sales in the U.S. and Canada to decline 15%-20%, driven by elevated input costs and ongoing global market uncertainty. However, robust commodity demand and projections for tightening supply have supported improvements in crop prices while U.S. government program",challenge/offline-data/deere/call-transcripts/2026-05-21__de-us-20260521-call-pres__1042774.md,41
Deere & Company,DE,2026-05-21,FY2026Q2,EARNINGS_CALL,call-pres,"15,  | 5%","Unknown speaker: Recent biofuels policy support, including approval of the RVO and potential year-round E15, should help provide greater stability and support future demand for U.S. growers. For Small Ag & Turf in the U.S. and Canada, industry demand is expected to remain steady, ranging from flat to up 5%. We're projecting modest strengthening in the turf markets as demand has expanded following ",challenge/offline-data/deere/call-transcripts/2026-05-21__de-us-20260521-call-pres__1042774.md,43
Deere & Company,DE,2026-05-21,FY2026Q2,EARNINGS_CALL,call-pres,5% | 15%,"Unknown speaker: In Europe, industry demand remains relatively stable and is expected to range from flat to up 5%. While elevated interest rates continue to affect purchasing decisions, customer profitability and replacement activity are relatively stable. Although the arable sector remains a bit muted, favorable dairy margins continue to support the broader industry outlook. Moving to South Ameri",challenge/offline-data/deere/call-transcripts/2026-05-21__de-us-20260521-call-pres__1042774.md,45
Deere & Company,DE,2026-05-21,FY2026Q2,EARNINGS_CALL,call-pres,5% | -10% | 1  | 3  | 11% | 13%,"Unknown speaker: For Production & Precision Ag, our net sales forecast is unchanged and remains down between 5%-10% for the full year. This forecast now reflects roughly 1 point of positive price realization for the full year, as well as just under 3 points of favorable currency translation. Our full-year forecast for the segment's operating margin is also unchanged and remains between 11% and 13%",challenge/offline-data/deere/call-transcripts/2026-05-21__de-us-20260521-call-pres__1042774.md,49
Deere & Company,DE,2026-05-21,FY2026Q2,EARNINGS_CALL,call-pres,29% | 3.79 billion | 2.5  | 3  | 561 million | 14.8%,"Unknown speaker: Net sales for the quarter increased by 29% year-over-year to $3.79 billion as a result of higher shipment volumes and favorable currency translation. Price realization was favorable by more than 2.5 points. Currency translation was also favorable by a little more than 3 points. Operating profit of $561 million was also up year-over-year, resulting in a 14.8% operating margin. This",challenge/offline-data/deere/call-transcripts/2026-05-21__de-us-20260521-call-pres__1042774.md,51
Deere & Company,DE,2026-05-21,FY2026Q2,EARNINGS_CALL,call-pres,5%,"Unknown speaker: Industry sales projections for earth-moving equipment in the U.S. and Canada remain unchanged, with both construction equipment and compact construction equipment expected to be up around 5%. The fundamentals behind the Construction industry remain favorable, with healthy customer backlogs being supported by infrastructure and large project spending that is more than offsetting so",challenge/offline-data/deere/call-transcripts/2026-05-21__de-us-20260521-call-pres__1042774.md,53
Deere & Company,DE,2026-05-21,FY2026Q2,EARNINGS_CALL,call-pres,5% | 10% | 11.  | 2026  | 20%,"Unknown speaker: Global Forestry markets are expected to decline 5%, reflecting continued pressure from weak residential construction activity and low log and lumber prices. We now expect global road building markets to grow approximately 10% year-over-year, supported by elevated road construction spending across multiple geographies. Moving on to the C&F segment outlook on slide 11. The 2026 net ",challenge/offline-data/deere/call-transcripts/2026-05-21__de-us-20260521-call-pres__1042774.md,55
Deere & Company,DE,2026-05-21,FY2026Q2,EARNINGS_CALL,call-pres,10% | 12% | 12.  | 190 million,Unknown speaker: This net sales guidance for the year includes two and a half points of favorable price realization and approximately two points of favorable currency translation. The segment's operating margin has also been increased and is now projected to be between 10% and 12% for the full year. Transitioning to our financial service operations on slide 12. Worldwide financial services net inc,challenge/offline-data/deere/call-transcripts/2026-05-21__de-us-20260521-call-pres__1042774.md,57
Deere & Company,DE,2026-05-21,FY2026Q2,EARNINGS_CALL,call-pres,"2026,  | 860 million | 13 ","Unknown speaker: The year-over-year increase is a result of favorable financing spreads and favorable derivative valuation adjustments, partially offset by the impact of a lower average portfolio. For fiscal year 2026, we raised our full-year outlook to $860 million, primarily driven by favorable fair value adjustment and improved provision for credit losses. And finally, slide 13 outlines our gui",challenge/offline-data/deere/call-transcripts/2026-05-21__de-us-20260521-call-pres__1042774.md,59
Deere & Company,DE,2026-05-21,FY2026Q2,EARNINGS_CALL,call-pres,"2026,  | 4.5 billion | 5 billion | 24% | -26% | 4.5 billion","Unknown speaker: For fiscal year 2026, our net income forecast remains unchanged between $4.5 billion and $5 billion. Next, our guidance now incorporates an effective tax rate between 24%-26%. And lastly, cash flow from the equipment operations remains projected between $4.5 billion and $5.5 billion. This concludes our formal remarks. I will now turn the call over to Brent Norwood for opening comm",challenge/offline-data/deere/call-transcripts/2026-05-21__de-us-20260521-call-pres__1042774.md,61
Deere & Company,DE,2026-05-21,FY2026Q2,EARNINGS_CALL,call-pres,5% | 2030  | 2026 ,"Unknown speaker: Even so, it's important to keep in mind that we are delivering double-digit margins across all segments, and we expect to grow our top line by more than 5% this year as we progress towards the 2030 growth targets outlined during our investor event at the New York Stock Exchange last December. In the nearer term, a lot has transpired over the past quarter in the global economy, mos",challenge/offline-data/deere/call-transcripts/2026-05-21__de-us-20260521-call-pres__1042774.md,67
Deere & Company,DE,2026-05-21,FY2026Q2,EARNINGS_CALL,call-pres,5% | 17% | 2. ,"Unknown speaker: Thanks a lot, Brent. We're excited to have you back. Pivoting to a few thoughts about the business. Let's begin with this quarterly performance. Net sales increased sequentially as expected given seasonality, and we are also up 5% year-over-year. Equipment operations margins came in just under 17% in Q2. Josh Beal, can you lead off with a breakdown of the quarter?",challenge/offline-data/deere/call-transcripts/2026-05-21__de-us-20260521-call-pres__1042774.md,73
Deere & Company,DE,2026-05-21,FY2026Q2,EARNINGS_CALL,call-pres,1 ,"Unknown speaker: Thanks, Josh. That leads to my next question, which is likely top of mind for many, given trade policy dynamics following our Q1 earnings call. As you noted, we benefited from a one-time tariff tailwind in the second quarter. What should we expect from here, and how is that reflected in our guidance for the rest of the year?",challenge/offline-data/deere/call-transcripts/2026-05-21__de-us-20260521-call-pres__1042774.md,83
Deere & Company,DE,2026-05-21,FY2026Q2,EARNINGS_CALL,call-pres,1  | 122  | 232  | 1.2 billion | 3% | 900 million,"Unknown speaker: First, I'd start by reminding everyone of the timing of our Q1 earnings release, which occurred just prior to the Supreme Court ruling on IEEPA. Since that decision, we've seen the invalidation of IEEPA tariffs, the introduction of new Section 122 tariffs, and adjustments to Section 232 tariffs. The cumulative impact of these changes is that on a full year basis, our direct tariff",challenge/offline-data/deere/call-transcripts/2026-05-21__de-us-20260521-call-pres__1042774.md,85
Deere & Company,DE,2026-05-21,FY2026Q2,EARNINGS_CALL,call-pres,"2026,  | 1.5% | 2%","Unknown speaker: Recall that last fiscal year, we did not take additional price actions or introduce surcharges following the tariff orders. For fiscal year 2026, our implied net price realization for the equipment operations is between 1.5% and 2% for the year, which is consistent with general inflation levels that we are experiencing, excluding the impact of tariffs. To help manage the impact of",challenge/offline-data/deere/call-transcripts/2026-05-21__de-us-20260521-call-pres__1042774.md,89
Deere & Company,DE,2026-05-21,FY2026Q2,EARNINGS_CALL,call-pres,15% | 5% | 15%,"Unknown speaker: Yeah, sure, Chris. As you mentioned earlier, we revised our South American ag industry outlook to down 15% from down 5%, primarily reflecting incremental softness in Brazil. Since the start of our fiscal year in November, Deere retail sales in Brazil have declined less than the broader tractor and combine industry, which has declined about 15% in six months in the country, in line",challenge/offline-data/deere/call-transcripts/2026-05-21__de-us-20260521-call-pres__1042774.md,97
Deere & Company,DE,2026-05-21,FY2026Q2,EARNINGS_CALL,call-pres,"20% | 60% | 2024,  | 80%","Unknown speaker: Yeah, absolutely. Construction demand remains robust, supported by infrastructure spending, rental activity, and accelerating data center investments. Reflecting that strength, we've increased our year-over-year net sales guide to up about 20%. In the U.S. and Canada, our order book continues to strengthen, up more than 60% since November, now at its highest level since April of 2",challenge/offline-data/deere/call-transcripts/2026-05-21__de-us-20260521-call-pres__1042774.md,115
Deere & Company,DE,2026-05-21,FY2026Q2,EARNINGS_CALL,call-pres,"2027.  | 100 billion | 2026,  | 2027. ","Unknown speaker: During the second quarter, we visited with numerous customers who have confidence that incremental demand will extend into 2027. Data center construction is expected to top $100 billion in 2026, with additional double-digit growth into 2027. This is great for our customers in both large-scale site prep, but also water and utility contractors who also support these projects. Beyond",challenge/offline-data/deere/call-transcripts/2026-05-21__de-us-20260521-call-pres__1042774.md,119
Deere & Company,DE,2026-05-21,FY2026Q2,EARNINGS_CALL,call-pres,2024  | 2025.  | 2026 ,"Unknown speaker: Outside of North America, inventory levels in Europe and South America are in good shape following significant reductions in FY 2024 and FY 2025. In Europe, 2026 production is largely aligned with retail demand, while in Brazil we expect to underproduce retail demand, most notably in combines. Order visibility in both regions now extends through the third quarter and into the four",challenge/offline-data/deere/call-transcripts/2026-05-21__de-us-20260521-call-pres__1042774.md,133
Deere & Company,DE,2026-05-21,FY2026Q2,EARNINGS_CALL,call-pres,635 million,"Unknown speaker: With sustained levels of R&D and capital investment through the cycle, we are positioning the business to help customers reduce inputs, improve productivity, and ultimately drive stronger outcomes in their operations. We also remain committed to disciplined capital allocation. During the quarter, we returned $635 million to shareholders through a combination of share repurchases a",challenge/offline-data/deere/call-transcripts/2026-05-21__de-us-20260521-call-pres__1042774.md,173
Deere & Company,DE,2026-05-21,FY2026Q2,EARNINGS_CALL,call-qna,5%,"Unknown speaker: Hi, guys. Thanks for the question. This year, obviously, construction's been starting out strong, and I know Deere has some tailwinds from past underproduction, but the industry forecast at up 5% compared to your sales growth thus far is a pretty big gap. Are you guys seeing healthy industry growth, and do you see Deere gaining a lot of share?",challenge/offline-data/deere/call-transcripts/2026-05-21__de-us-20260521-call-qna__1042775.md,15
Deere & Company,DE,2026-05-21,FY2026Q2,EARNINGS_CALL,call-qna,122  | 232.  | 1.2 billion,"Unknown speaker: Happy to. There's obviously a lot of moving pieces there, I'll start with tariff expenses as we move through the course of the year. As we said in our comments, there were some moving pieces over the course of the quarter with IEEPA going away, Section 122 coming in, and then some adjustments to Section 232. If you net that, our overall run rate for tariff expense really remains u",challenge/offline-data/deere/call-transcripts/2026-05-21__de-us-20260521-call-qna__1042775.md,25
Deere & Company,DE,2026-05-21,FY2026Q2,EARNINGS_CALL,call-qna,45% | 20% | 3 ,"Unknown speaker: Those splits that we provided in the past really haven't changed as well. It's about 45% from the Construction & Forestry division, about a third or so for Small Ag & Turf, and the remaining piece in round numbers, about 20% for large ag. Full year impact of the tariff expense is about 3 points. You can do the math for the individual business units.",challenge/offline-data/deere/call-transcripts/2026-05-21__de-us-20260521-call-qna__1042775.md,27
Deere & Company,DE,2026-05-21,FY2026Q2,EARNINGS_CALL,call-qna,272 million | 50% | 30% | 20%,"Unknown speaker: We did recognize, as we talked about, the tariff refund in the quarter, $272 million. On a full year impact, that's about a point of tailwind for the equipment operations. You net out the run rate on tariffs versus that one-time refund of a point. To give you some sense of splits, they're pretty close to the tariff exposure as well. About 50% of the refund went to the Construction",challenge/offline-data/deere/call-transcripts/2026-05-21__de-us-20260521-call-qna__1042775.md,29
Deere & Company,DE,2026-05-21,FY2026Q2,EARNINGS_CALL,call-qna,1.5% | 2% | 1.5% | -2%,"Unknown speaker: Hey, thanks for the question. This is Brent. With respect to our price realization and then how we're thinking about treating tariff costs. It's important to note that our price forecast for the year is ranging between about 1.5% and 2% for the equipment and operations overall. I would say this compares to our general inflation rates, excluding tariffs, of also about 1.5%-2%. When",challenge/offline-data/deere/call-transcripts/2026-05-21__de-us-20260521-call-qna__1042775.md,35
Deere & Company,DE,2026-05-21,FY2026Q2,EARNINGS_CALL,call-qna,2025 ,"Unknown speaker: Yes. Hi, good morning, everyone. Brent, congratulations again. I want to ask on Precision Ag, can you folks talk about your expected See & Spray acreage covered this year, how retrofit orders are tracking and Precision Essentials renewal rates for the 2025 cohort? Any comments you can make on the list price increases for the advanced features that you're rolling out as part of EOP",challenge/offline-data/deere/call-transcripts/2026-05-21__de-us-20260521-call-qna__1042775.md,75
Deere & Company,DE,2026-05-21,FY2026Q2,EARNINGS_CALL,call-qna,4  | 3  | 4  | 3. ,"Unknown speaker: Yeah. Brent mentioned that in overall that we expect back half to be higher than the front half, Q4 would be a little bit higher than Q3 overall. Maybe just stepping through the businesses. As you look at Large Ag, and looking at sort of rest of you can do the math on the margin given the guide. Q4 a bit stronger than Q3. We talked about at the beginning of the year some differenc",challenge/offline-data/deere/call-transcripts/2026-05-21__de-us-20260521-call-qna__1042775.md,95
Deere & Company,DE,2026-05-21,FY2026Q2,EARNINGS_CALL,call-qna,1% | 1% | 1%,"Unknown speaker: Yep. Yeah. I think you did see us make an adjustment this quarter to our pricing. That was really driven by, we talked about what we've seen in Brazil. We took that price a bit down quarter-over-quarter. I think importantly, I would call out that all of our regions are expected to be price positive in the large ag business. We had a 1% price guide for the full year. North America ",challenge/offline-data/deere/call-transcripts/2026-05-21__de-us-20260521-call-qna__1042775.md,111
Deere & Company,DE,2026-05-21,FY2026Q2,EARNINGS_CALL,call-qna,270 million | 1.2,"Unknown speaker: Yeah, it's from Baird. Good morning, everyone. First, a quick clarification. On the IEEPA $270 million that you kind of clawed back, are we to understand that you have incremental headwinds from other types of tariffs that bring you back to the $1.2, or is this kind of a true benefit relative to the initial guide? Related to all of this, as I think about margins, you talk about im",challenge/offline-data/deere/call-transcripts/2026-05-21__de-us-20260521-call-qna__1042775.md,119
Deere & Company,DE,2026-05-21,FY2026Q2,EARNINGS_CALL,call-qna,2027. ,"Unknown speaker: Obviously, there's a lot of crosscurrents in the market, but coming from a low base, et cetera. I'm just curious, to the extent you can kind of think about how you expect that or how the dealers are expecting that to play out. Obviously, that will give us a first lens into how CapEx is looking into 2027. Maybe just any thoughts, comments that you've gathered from the dealers in No",challenge/offline-data/deere/call-transcripts/2026-05-21__de-us-20260521-call-qna__1042775.md,133
Deere & Company,DE,2026-05-21,FY2026Q2,STRUCTURED_RESULT,q2-10q,"52 | 53  | 2026  | 2025  | 3,  | 2026, ","We use a 52/53 week fiscal year with quarters ending on the last Sunday in the reporting period. The second quarter ends for fiscal years 2026 and 2025 were May 3, 2026, and April 27, 2025, respectively. Both quarters contained 13 weeks, while both year-to-date periods contained 26 weeks. Fiscal year 2025 contained 53 weeks, with the additional week occurring in the fourth quarter. Unless otherwis",challenge/offline-data/deere/filings/2026-05-21__de-us-20260521-q2-10q__1055929.md,402
Deere & Company,DE,2026-05-21,FY2026Q2,STRUCTURED_RESULT,q2-10q,10,"The interim consolidated financial statements of Deere &amp; Company have been prepared by us, without audit, pursuant to the rules and regulations of the U.S. Securities and Exchange Commission (SEC). Certain information and footnote disclosures normally included in annual financial statements prepared in accordance with accounting principles generally accepted in the U.S. have been condensed or ",challenge/offline-data/deere/filings/2026-05-21__de-us-20260521-q2-10q__1055929.md,430
Deere & Company,DE,2026-05-21,FY2026Q2,STRUCTURED_RESULT,q2-10q,"2030, ","government grants. The ASU will be effective for us beginning with our interim reporting for fiscal year 2030, with",challenge/offline-data/deere/filings/2026-05-21__de-us-20260521-q2-10q__1055929.md,445
Deere & Company,DE,2026-05-21,FY2026Q2,STRUCTURED_RESULT,q2-10q,"2029, ","reporting for fiscal year 2029, with early adoption permitted. We are assessing the effect of this update on our",challenge/offline-data/deere/filings/2026-05-21__de-us-20260521-q2-10q__1055929.md,450
Deere & Company,DE,2026-05-21,FY2026Q2,STRUCTURED_RESULT,q2-10q,2028 ,effective for us beginning with our annual reporting for fiscal year 2028 and interim periods thereafter. We are,challenge/offline-data/deere/filings/2026-05-21__de-us-20260521-q2-10q__1055929.md,457
Deere & Company,DE,2026-05-21,FY2026Q2,STRUCTURED_RESULT,q2-10q,"2025,  | 2025 | -10,  | 832 | 2030, ","In December 2025, the FASB issued ASU 2025-10, Government Grants (Topic 832): Accounting for Government Grants Received by Business Entities, which provides updated guidance on how to recognize, measure, and present government grants. The ASU will be effective for us beginning with our interim reporting for fiscal year 2030, with early adoption permitted. We are assessing the effect of this update",challenge/offline-data/deere/filings/2026-05-21__de-us-20260521-q2-10q__1055929.md,489
Deere & Company,DE,2026-05-21,FY2026Q2,STRUCTURED_RESULT,q2-10q,"2025,  | 2025 | -06,  | 350 | -40 | 2029, ","In September 2025, the FASB issued ASU 2025-06, Intangibles - Goodwill and Other - Internal-Use Software (Subtopic 350-40): Targeted Improvements to the Accounting for Internal-Use Software, which provides updated guidance for the capitalization of internal-use software. The ASU will be effective for us beginning with our interim reporting for fiscal year 2029, with early adoption permitted. We ar",challenge/offline-data/deere/filings/2026-05-21__de-us-20260521-q2-10q__1055929.md,491
Deere & Company,DE,2026-05-21,FY2026Q2,STRUCTURED_RESULT,q2-10q,"2024,  | 2024 | -03,  | 220 | -40 | 2025, ","In November 2024, the FASB issued ASU 2024-03, Income Statement - Reporting Comprehensive Income Expense Disaggregation Disclosures (Subtopic 220-40): Disaggregation of Income Statement Expenses, which expands disclosures about specific expense categories presented on the face of the income statement. In January 2025, the FASB issued ASU 2025-01, Income Statement - Reporting Comprehensive Income -",challenge/offline-data/deere/filings/2026-05-21__de-us-20260521-q2-10q__1055929.md,493
Deere & Company,DE,2026-05-21,FY2026Q2,STRUCTURED_RESULT,q2-10q,"2023,  | 2023 | -09,  | 740 | 2026. ","In December 2023, the FASB issued ASU 2023-09, Income Taxes (Topic 740): Improvements to Income Tax Disclosures, which expands disclosures in an entity's income tax rate reconciliation table and cash taxes paid both in the U.S. and foreign jurisdictions. The ASU will be effective for us beginning with our annual reporting for fiscal year 2026. We are assessing the effect of this update on our rela",challenge/offline-data/deere/filings/2026-05-21__de-us-20260521-q2-10q__1055929.md,495
Deere & Company,DE,2026-05-21,FY2026Q2,STRUCTURED_RESULT,q2-10q,"2,155,  | 2,039,  | 2,089  | 3,  | 2026,  | 2, ","We invoice in advance of recognizing the revenue of certain products and services. These relate to extended warranty premiums, advance payments for future equipment sales, and subscription and service revenue related to precision guidance, telematic services, and other information enabled solutions. These advanced customer payments are presented as deferred revenue, a contract liability, in 'Accou",challenge/offline-data/deere/filings/2026-05-21__de-us-20260521-q2-10q__1055929.md,671
Deere & Company,DE,2026-05-21,FY2026Q2,STRUCTURED_RESULT,q2-10q,"1,855  | 3,  | 2026.  | 2026  | 320,  | 2027 ","The amount of unsatisfied performance obligations for contracts with an original duration greater than one year was $1,855 at May 3, 2026. The estimated revenue to be recognized by fiscal year follows: remainder of 2026 - $320, 2027 - $591, 2028 - $402, 2029 - $254, 2030 - $156, 2031 - $87, and later years - $45. As permitted, we elected only to disclose remaining performance obligations with an o",challenge/offline-data/deere/filings/2026-05-21__de-us-20260521-q2-10q__1055929.md,673
Deere & Company,DE,2026-05-21,FY2026Q2,STRUCTURED_RESULT,q2-10q,"2026, ","During the first six months of 2026, we contributed and expect to contribute the following amounts to our pension and OPEB plans:",challenge/offline-data/deere/filings/2026-05-21__de-us-20260521-q2-10q__1055929.md,815
Deere & Company,DE,2026-05-21,FY2026Q2,STRUCTURED_RESULT,q2-10q,"2026, ","and first six months of 2026, primarily due to higher expected losses on construction retail accounts.",challenge/offline-data/deere/filings/2026-05-21__de-us-20260521-q2-10q__1055929.md,1203
Deere & Company,DE,2026-05-21,FY2026Q2,STRUCTURED_RESULT,q2-10q,"2026, ","The allowance for credit losses on retail notes and financing lease receivables increased slightly in the second quarter and first six months of 2026, primarily due to higher expected losses on construction retail accounts.",challenge/offline-data/deere/filings/2026-05-21__de-us-20260521-q2-10q__1055929.md,1260
Deere & Company,DE,2026-05-21,FY2026Q2,STRUCTURED_RESULT,q2-10q,2026 ,Industry Sales Outlook for Fiscal Year 2026 (in units),challenge/offline-data/deere/filings/2026-05-21__de-us-20260521-q2-10q__1055929.md,2067
Deere & Company,DE,2026-05-21,FY2026Q2,STRUCTURED_RESULT,q2-10q,2026  | 2025. ,resulting in decreased sales volume for PPA in 2026 compared to 2025. SAT and CF sales are expected to,challenge/offline-data/deere/filings/2026-05-21__de-us-20260521-q2-10q__1055929.md,2085
Deere & Company,DE,2026-05-21,FY2026Q2,STRUCTURED_RESULT,q2-10q,"2026.  | 2026  | 2025, ","improve in 2026. Our net sales are expected to increase in 2026 compared to 2025, with the anticipated",challenge/offline-data/deere/filings/2026-05-21__de-us-20260521-q2-10q__1055929.md,2086
Deere & Company,DE,2026-05-21,FY2026Q2,STRUCTURED_RESULT,q2-10q,2026,Agriculture and Turf Industry Outlook for 2026,challenge/offline-data/deere/filings/2026-05-21__de-us-20260521-q2-10q__1055929.md,2088
Deere & Company,DE,2026-05-21,FY2026Q2,STRUCTURED_RESULT,q2-10q,2025 ,●We expect small agricultural and turf equipment sales to be flat to up slightly from 2025 levels in the,challenge/offline-data/deere/filings/2026-05-21__de-us-20260521-q2-10q__1055929.md,2095
Deere & Company,DE,2026-05-21,FY2026Q2,STRUCTURED_RESULT,q2-10q,2026 ,## Industry Sales Outlook for Fiscal Year 2026 (in units),challenge/offline-data/deere/filings/2026-05-21__de-us-20260521-q2-10q__1055929.md,2118
Deere & Company,DE,2026-05-21,FY2026Q2,STRUCTURED_RESULT,q2-10q,"2026  | 2025.  | 2026.  | 2026  | 2025, ","Large agriculture sales are expected to remain subdued in North America and to soften in South America resulting in decreased sales volume for PPA in 2026 compared to 2025. SAT and CF sales are expected to improve in 2026. Our net sales are expected to increase in 2026 compared to 2025, with the anticipated decline in PPA sales more than offset by improvements in CF and SAT.",challenge/offline-data/deere/filings/2026-05-21__de-us-20260521-q2-10q__1055929.md,2136
Deere & Company,DE,2026-05-21,FY2026Q2,STRUCTURED_RESULT,q2-10q,2026,Agriculture and Turf Industry Outlook for 2026,challenge/offline-data/deere/filings/2026-05-21__de-us-20260521-q2-10q__1055929.md,2138
Deere & Company,DE,2026-05-21,FY2026Q2,STRUCTURED_RESULT,q2-10q,2025 ,"- Demand in the U.S. and Canada for large agriculture equipment is expected to decrease compared to 2025 levels driven by elevated farm input costs and ongoing global market uncertainty. These factors are expected to be partially offset by robust demand for commodities and tightening supply which are expected to support improvements in crop prices. In addition, government programs in the U.S. cont",challenge/offline-data/deere/filings/2026-05-21__de-us-20260521-q2-10q__1055929.md,2140
Deere & Company,DE,2026-05-21,FY2026Q2,STRUCTURED_RESULT,q2-10q,2025 ,"- We expect small agricultural and turf equipment sales to be flat to up slightly from 2025 levels in the U.S. and Canada. The dairy and livestock market continues to maintain strong margins, supporting ongoing product demand. A modest recovery is anticipated in the turf sector following several years of contraction.",challenge/offline-data/deere/filings/2026-05-21__de-us-20260521-q2-10q__1055929.md,2141
Deere & Company,DE,2026-05-21,FY2026Q2,STRUCTURED_RESULT,q2-10q,2026,## Construction and Forestry Industry Outlook for 2026,challenge/offline-data/deere/filings/2026-05-21__de-us-20260521-q2-10q__1055929.md,2154
Deere & Company,DE,2026-05-21,FY2026Q2,STRUCTURED_RESULT,q2-10q,12  | 12  | 2026  | 2025 ,"We closely monitor our cash requirements. Based on the available sources of liquidity, we expect to meet our funding needs in the short term (next 12 months) and long term (beyond 12 months). We are forecasting operating cash flows from equipment operations in 2026 to remain flat compared with 2025 driven by an offsetting decrease in net income adjusted for non-cash provisions, and higher cash flo",challenge/offline-data/deere/filings/2026-05-21__de-us-20260521-q2-10q__1055929.md,2387
Deere & Company,DE,2026-05-21,FY2026Q2,STRUCTURED_RESULT,q2-10q,10,Report on Form 10-Q). There also may be other factors that we cannot anticipate or that are not described,challenge/offline-data/deere/filings/2026-05-21__de-us-20260521-q2-10q__1055929.md,2593
Deere & Company,DE,2026-05-21,FY2026Q2,STRUCTURED_RESULT,q2-10q,1 | 10 | 10,"Further information concerning us and our businesses, including factors that could materially affect our financial results, is included in our other filings with the SEC (including, but not limited to, the factors discussed in Item 1A. 'Risk Factors' of our most recent Annual Report on Form 10-K and this Quarterly Report on Form 10-Q). There also may be other factors that we cannot anticipate or t",challenge/offline-data/deere/filings/2026-05-21__de-us-20260521-q2-10q__1055929.md,2617
Deere & Company,DE,2026-05-21,FY2026Q2,STRUCTURED_RESULT,q2-10q,5.8,"- 5.8Compliance.  Each of the Borrowers shall comply, and cause each of its Subsidiaries to comply, in all material respects with all applicable laws, rules, regulations and orders, noncompliance with which would reasonably be expected to materially adversely affect (i) the financial condition or operations of such Borrower and its consolidated Subsidiaries taken as a whole or (ii) the ability of ",challenge/offline-data/deere/filings/2026-05-21__de-us-20260521-q2-10q__1055929.md,5790
Deere & Company,DE,2026-05-21,FY2026Q2,STRUCTURED_RESULT,q2-10q,12  | 25%,"- (g) Any action is undertaken to terminate any Plan as to which a Borrower, or any Subsidiary of a Borrower, may have liability, or any such Plan is terminated or such Borrower or Subsidiary withdraws from such Plan, or any Reportable Event as to any such Plan shall occur, and there shall exist a deficiency in the assets available to satisfy the benefits guaranteeable under ERISA with respect to ",challenge/offline-data/deere/filings/2026-05-21__de-us-20260521-q2-10q__1055929.md,6101
Deere & Company,DE,2026-05-21,FY2026Q2,STRUCTURED_RESULT,q2-10q,1471  | 1474  | 1471 | 1,"'FATCA':  Sections 1471 through 1474 of the Code (and any comparable successor provisions), any effective regulations published thereunder or official interpretations thereof issued by any Governmental Authority charged with the administration thereof, any agreements entered into pursuant to Section 1471(b)(1) of the Code, any applicable intergovernmental agreements with respect thereto, and any t",challenge/offline-data/deere/filings/2026-05-21__de-us-20260521-q2-10q__1055929.md,8231
Deere & Company,DE,2026-05-21,FY2026Q2,STRUCTURED_RESULT,q2-10q,5.8 ,"- 5.8 Compliance.  Each of the Borrowers shall comply, and cause each of its Subsidiaries to comply, in all material respects with all applicable laws, rules, regulations and orders, noncompliance with which would reasonably be expected to materially adversely affect (i) the financial condition or operations of such Borrower and its consolidated Subsidiaries taken as a whole or (ii) the ability of",challenge/offline-data/deere/filings/2026-05-21__de-us-20260521-q2-10q__1055929.md,10419
Deere & Company,DE,2026-05-21,FY2026Q2,STRUCTURED_RESULT,q2-10q,12  | 25%,"(g) Any action is undertaken to terminate any Plan as to which a Borrower, or any Subsidiary of a Borrower, may have liability, or any such Plan is terminated or such Borrower or Subsidiary withdraws from such Plan, or any Reportable Event as to any such Plan shall occur, and there shall exist a deficiency in the assets available to satisfy the benefits guaranteeable under ERISA with respect to su",challenge/offline-data/deere/filings/2026-05-21__de-us-20260521-q2-10q__1055929.md,10801
Deere & Company,DE,2026-05-21,FY2026Q2,STRUCTURED_RESULT,q2-10q,1471   | 1474   | 1471 | 1,"'FATCA':    Sections  1471  through  1474  of  the  Code  (and  any  comparable successor provisions), any effective regulations published thereunder or official interpretations thereof  issued  by  any  Governmental  Authority  charged  with  the  administration  thereof,  any agreements entered into pursuant to Section 1471(b)(1) of the Code, any applicable intergovernmental  agreements  with  r",challenge/offline-data/deere/filings/2026-05-21__de-us-20260521-q2-10q__1055929.md,12904
Deere & Company,DE,2026-05-21,FY2026Q2,STRUCTURED_RESULT,q2-10q,5.8 ,"- 5.8 Compliance.  Each of the Borrowers shall comply, and cause each of its Subsidiaries to comply, in all material respects with all applicable laws, rules, regulations and orders, noncompliance with which would reasonably be expected to materially adversely affect (i) the financial condition or operations of such Borrower and its consolidated Subsidiaries taken as a whole or (ii) the ability of",challenge/offline-data/deere/filings/2026-05-21__de-us-20260521-q2-10q__1055929.md,15617
Deere & Company,DE,2026-05-21,FY2026Q2,STRUCTURED_RESULT,q2-8k,2026 ,Net income attributable to Deere & Company for fiscal 2026 is forecasted to be in a range of,challenge/offline-data/deere/filings/2026-05-21__de-us-20260521-q2-8k-2__1042168.md,43
Deere & Company,DE,2026-05-21,FY2026Q2,STRUCTURED_RESULT,q2-8k,2026  | 4.5 billion | 5.0 billion,Net income attributable to Deere &amp; Company for fiscal 2026 is forecasted to be in a range of $4.5 billion to $5.0 billion.,challenge/offline-data/deere/filings/2026-05-21__de-us-20260521-q2-8k-2__1042168.md,74
Deere & Company,DE,2026-05-21,FY2026Q2,STRUCTURED_RESULT,q2-8k,2026,## Deere Segment Outlook for Fiscal 2026,challenge/offline-data/deere/filings/2026-05-21__de-us-20260521-q2-8k-2__1042168.md,159
Deere & Company,DE,2026-05-21,FY2026Q2,STRUCTURED_RESULT,q2-8k,"2026, | 2026, | 1995 ","Certain statements contained herein, including in the sections entitled 'Company Outlook &amp; Summary,' 'Industry Outlook for Fiscal 2026,' 'Deere Segment Outlook for Fiscal 2026,' and 'Condensed Notes to Interim Consolidated Financial Statements' relating to future events, expectations, and trends constitute 'forward-looking statements' as defined in the Private Securities Litigation Reform Act ",challenge/offline-data/deere/filings/2026-05-21__de-us-20260521-q2-8k-2__1042168.md,170
Deere & Company,DE,2026-05-21,FY2026Q2,STRUCTURED_RESULT,q2-8k,1 | 10 | 10,"Further information concerning the company or its businesses, including factors that could materially affect the company's financial results, is included in the company's filings with the SEC (including, but not limited to, the factors discussed in Item 1A. 'Risk Factors' of the company's most recent Annual Report on Form 10-K and subsequent Quarterly Report on Form 10-Q). There also may be other ",challenge/offline-data/deere/filings/2026-05-21__de-us-20260521-q2-8k-2__1042168.md,206
Deere & Company,DE,2026-05-21,FY2026Q2,STRUCTURED_RESULT,q2-8k,2026  | 4.5 billion | 5.0 billion,Net income attributable to Deere & Company for fiscal 2026 is forecasted to be in a range of $4.5 billion to $5.0 billion.,challenge/offline-data/deere/filings/2026-05-21__de-us-20260521-q2-8k__1042167.md,56
Deere & Company,DE,2026-05-21,FY2026Q2,STRUCTURED_RESULT,q2-8k,2026,**Deere Segment Outlook for Fiscal 2026**,challenge/offline-data/deere/filings/2026-05-21__de-us-20260521-q2-8k__1042167.md,180
Deere & Company,DE,2026-05-21,FY2026Q2,STRUCTURED_RESULT,q2-8k,"2026, | 2026, | 1995 ","Certain statements contained herein, including in the sections entitled ""Company Outlook & Summary,"" ""Industry Outlook for Fiscal 2026,"" ""Deere Segment Outlook for Fiscal 2026,"" and ""Condensed Notes to Interim Consolidated Financial Statements"" relating to future events, expectations, and trends constitute ""forward-looking statements"" as defined in the Private Securities Litigation Reform Act of 1",challenge/offline-data/deere/filings/2026-05-21__de-us-20260521-q2-8k__1042167.md,196
Deere & Company,DE,2026-05-21,FY2026Q2,STRUCTURED_RESULT,q2-8k,1 | 10 | 10,"Further information concerning the company or its businesses, including factors that could materially affect the company's financial results, is included in the company's filings with the SEC (including, but not limited to, the factors discussed in Item 1A. ""Risk Factors"" of the company's most recent Annual Report on Form 10-K and subsequent Quarterly Report on Form 10-Q). There also may be other ",challenge/offline-data/deere/filings/2026-05-21__de-us-20260521-q2-8k__1042167.md,290
Deere & Company,DE,2026-02-26,FY2026Q1,STRUCTURED_RESULT,q1-10q,"52 | 53  | 2026  | 2025  | 1,  | 2026, ","We use a 52/53 week fiscal year with quarters ending on the last Sunday in the reporting period. The first quarter ends for fiscal years 2026 and 2025 were February 1, 2026, and January 26, 2025, respectively. Both periods contained 13 weeks. Fiscal year 2025 contained 53 weeks, with the additional week occurring in the fourth quarter. Unless otherwise stated, references to particular years, quart",challenge/offline-data/deere/filings/2026-02-26__de-us-20260226-q1-10q__636995.md,389
Deere & Company,DE,2026-02-26,FY2026Q1,STRUCTURED_RESULT,q1-10q,10,"The interim consolidated financial statements of Deere & Company have been prepared by us, without audit, pursuant to the rules and regulations of the U.S. Securities and Exchange Commission (SEC). Certain information and footnote disclosures normally included in annual financial statements prepared in accordance with accounting principles generally accepted in the U.S. have been condensed or omit",challenge/offline-data/deere/filings/2026-02-26__de-us-20260226-q1-10q__636995.md,423
Deere & Company,DE,2026-02-26,FY2026Q1,STRUCTURED_RESULT,q1-10q,"2025,  | 2025 | -10,  | 832 | 2030, ","In December 2025, the FASB issued ASU 2025-10, Government Grants (Topic 832): Accounting for Government Grants Received by Business Entities, which provides updated guidance on how to recognize, measure, and present government grants. The ASU will be effective for us beginning with our interim reporting for fiscal year 2030, with early adoption permitted. We are assessing the effect of this update",challenge/offline-data/deere/filings/2026-02-26__de-us-20260226-q1-10q__636995.md,437
Deere & Company,DE,2026-02-26,FY2026Q1,STRUCTURED_RESULT,q1-10q,"2025,  | 2025 | -06,  | 350 | -40 | 2029, ","In September 2025, the FASB issued ASU 2025-06, Intangibles – Goodwill and Other – Internal-Use Software (Subtopic 350-40): Targeted Improvements to the Accounting for Internal-Use Software, which provides updated guidance for the capitalization of internal-use software. The ASU will be effective for us beginning with our interim reporting for fiscal year 2029, with early adoption permitted. We ar",challenge/offline-data/deere/filings/2026-02-26__de-us-20260226-q1-10q__636995.md,439
Deere & Company,DE,2026-02-26,FY2026Q1,STRUCTURED_RESULT,q1-10q,"2024,  | 2024 | -03,  | 220 | -40 | 2025, ","In November 2024, the FASB issued ASU 2024-03, Income Statement – Reporting Comprehensive Income – Expense Disaggregation Disclosures (Subtopic 220-40): Disaggregation of Income Statement Expenses, which expands disclosures about specific expense categories presented on the face of the income statement. In January 2025, the FASB issued ASU 2025-01, Income Statement – Reporting Comprehensive Income",challenge/offline-data/deere/filings/2026-02-26__de-us-20260226-q1-10q__636995.md,441
Deere & Company,DE,2026-02-26,FY2026Q1,STRUCTURED_RESULT,q1-10q,"2023,  | 2023 | -09,  | 740 | 2026. ","In December 2023, the FASB issued ASU 2023-09, Income Taxes (Topic 740): Improvements to Income Tax Disclosures, which expands disclosures in an entity's income tax rate reconciliation table and cash taxes paid both in the U.S. and foreign jurisdictions. The ASU will be effective for us beginning with our annual reporting for fiscal year 2026. We are assessing the effect of this update on our rela",challenge/offline-data/deere/filings/2026-02-26__de-us-20260226-q1-10q__636995.md,443
Deere & Company,DE,2026-02-26,FY2026Q1,STRUCTURED_RESULT,q1-10q,"2,121,  | 2,039,  | 2,027  | 1,  | 2026,  | 2, ","We invoice in advance of recognizing the revenue of certain products and services. These relate to extended warranty premiums, advance payments for future equipment sales, and subscription and service revenue related to precision guidance, telematic services, and other information enabled solutions. These advanced customer payments are presented as deferred revenue, a contract liability, in ""Accou",challenge/offline-data/deere/filings/2026-02-26__de-us-20260226-q1-10q__636995.md,535
Deere & Company,DE,2026-02-26,FY2026Q1,STRUCTURED_RESULT,q1-10q,"1,811  | 1,  | 2026.  | 2026  | 465,  | 2027 ","The amount of unsatisfied performance obligations for contracts with an original duration greater than one year was $1,811 at February 1, 2026. The estimated revenue to be recognized by fiscal year follows: remainder of 2026 – $465, 2027 – $529, 2028 – $351, 2029 – $213, 2030 – $127, 2031 – $77, and later years – $49. As permitted, we elected only to disclose remaining performance obligations with",challenge/offline-data/deere/filings/2026-02-26__de-us-20260226-q1-10q__636995.md,537
Deere & Company,DE,2026-02-26,FY2026Q1,STRUCTURED_RESULT,q1-10q,"2026, ","During the first three months of 2026, we contributed and expect to contribute the following amounts to our pension and OPEB plans:",challenge/offline-data/deere/filings/2026-02-26__de-us-20260226-q1-10q__636995.md,673
Deere & Company,DE,2026-02-26,FY2026Q1,STRUCTURED_RESULT,q1-10q,2026,**Industry Sales Outlook for Fiscal Year 2026**,challenge/offline-data/deere/filings/2026-02-26__de-us-20260226-q1-10q__636995.md,1635
Deere & Company,DE,2026-02-26,FY2026Q1,STRUCTURED_RESULT,q1-10q,2026  | 2025.  | 2026.  | 2026  | 2025 ,"Large agriculture sales in North America are expected to remain subdued and soften in South America resulting in decreased sales volume for PPA in 2026 compared to 2025. SAT and CF sales are expected to improve in 2026. Our net sales are expected to increase in 2026 compared to 2025 with the anticipated decline in PPA sales, more than offset by improvements in CF and SAT.",challenge/offline-data/deere/filings/2026-02-26__de-us-20260226-q1-10q__636995.md,1649
Deere & Company,DE,2026-02-26,FY2026Q1,STRUCTURED_RESULT,q1-10q,2026,_Agriculture and Turf Industry Outlook for 2026_,challenge/offline-data/deere/filings/2026-02-26__de-us-20260226-q1-10q__636995.md,1651
Deere & Company,DE,2026-02-26,FY2026Q1,STRUCTURED_RESULT,q1-10q,2026,_Construction and Forestry Industry Outlook for 2026_,challenge/offline-data/deere/filings/2026-02-26__de-us-20260226-q1-10q__636995.md,1672
Deere & Company,DE,2026-02-26,FY2026Q1,STRUCTURED_RESULT,q1-10q,"2025,  | 75% | 2025  | 2026.  | 361  | 2026, ","_Global Trade Policies._ In 2025, new tariffs were imposed in the U.S. for imports from a broad range of countries and on certain materials. Several countries also implemented retaliatory tariffs on imports from the U.S. and introduced additional trade barriers. Trade policies impact us in various ways. We are a net exporter of agriculture and turf equipment from the U.S. Nearly 75% of our domesti",challenge/offline-data/deere/filings/2026-02-26__de-us-20260226-q1-10q__636995.md,1697
Deere & Company,DE,2026-02-26,FY2026Q1,STRUCTURED_RESULT,q1-10q,12  | 12  | 2026  | 2025 ,"We closely monitor our cash requirements. Based on the available sources of liquidity, we expect to meet our funding needs in the short term (next 12 months) and long term (beyond 12 months). We are forecasting operating cash flows from equipment operations in 2026 to remain flat compared with 2025 driven by an offsetting decrease in net income adjusted for non-cash provisions, and higher cash flo",challenge/offline-data/deere/filings/2026-02-26__de-us-20260226-q1-10q__636995.md,1915
Deere & Company,DE,2026-02-26,FY2026Q1,STRUCTURED_RESULT,q1-10q,1 | 10 | 10,"Further information concerning us and our businesses, including factors that could materially affect our financial results, is included in our other filings with the SEC (including, but not limited to, the factors discussed in Item 1A. ""Risk Factors"" of our most recent Annual Report on Form 10-K and this Quarterly Report on Form 10-Q). There also may be other factors that we cannot anticipate or t",challenge/offline-data/deere/filings/2026-02-26__de-us-20260226-q1-10q__636995.md,2101
Deere & Company,DE,2026-02-19,FY2026Q1,EARNINGS_CALL,call-pres,2026. ,"Unknown speaker: Hello. Welcome, and thank you for joining us on today's call. Joining me on the call today are Josh Jepsen, Chief Financial Officer, Ryan Campbell, President, Worldwide Construction, Forestry, and Power Systems, and Chris Seibert, Manager, Investor Communications. Today, we'll take a closer look at Deere's first quarter earnings, then spend some time talking about our markets and ",challenge/offline-data/deere/call-transcripts/2026-02-19__de-us-20260219-call-pres__605076.md,15
Deere & Company,DE,2026-02-19,FY2026Q1,EARNINGS_CALL,call-pres,5.9% | 20%,"Unknown speaker: Good morning, and thank you for joining us today. John Deere completed the first quarter with a 5.9% operating margin for the equipment operations. Our results reflect the strength and resilience of a diversified portfolio spanning multiple end markets and geographies. All business segments delivered higher net sales year-over-year, with both Small Ag and Turf and Construction & F",challenge/offline-data/deere/call-transcripts/2026-02-19__de-us-20260219-call-pres__605076.md,21
Deere & Company,DE,2026-02-19,FY2026Q1,EARNINGS_CALL,call-pres,2026.  | 2026 ,"Unknown speaker: In small ag, order activity for mid-size tractors supporting the dairy and livestock production system has remained solid, while order velocity for North American turf equipment and compact utility tractors has increased. Global large ag fundamentals, while still challenged, were largely stable over the quarter. This stability has enabled a modest improvement in our net sales fore",challenge/offline-data/deere/call-transcripts/2026-02-19__de-us-20260219-call-pres__605076.md,23
Deere & Company,DE,2026-02-19,FY2026Q1,EARNINGS_CALL,call-pres,139 million | 4.4% | 5.  | 24% | 2.168 billion | 2 ,"Unknown speaker: Operating profit was $139 million, resulting in a 4.4% operating margin for the segment. The year-over-year decrease was primarily due to higher tariffs, unfavorable sales mix, and higher warranty expenses. Moving on to Small Ag and Turf on Slide 5. Net sales were up 24%, totaling $2.168 billion in the first quarter because of higher shipment volumes and positive effects of foreig",challenge/offline-data/deere/call-transcripts/2026-02-19__de-us-20260219-call-pres__605076.md,27
Deere & Company,DE,2026-02-19,FY2026Q1,EARNINGS_CALL,call-pres,15% | -20%,"Unknown speaker: We continue to expect the large ag equipment industry in the U.S. and Canada to decline 15%-20% this year. However, we are seeing encouraging developments that should provide stability to this segment in the near term, while also improving the setup for return to growth. While global row crop production remains strong, global production remains strong, robust demand for commoditie",challenge/offline-data/deere/call-transcripts/2026-02-19__de-us-20260219-call-pres__605076.md,29
Deere & Company,DE,2026-02-19,FY2026Q1,EARNINGS_CALL,call-pres,5% | 5%,"Unknown speaker: For Small Ag and Turf in the U.S. and Canada, industry demand estimates remain flat to up 5%. The dairy and livestock sector remains profitable due to strong beef prices, while the turf market is seeing a modest return to growth as that sector normalizes after several years of declines. Moving to Europe, the industry is still projected to be flat to up 5%. The underlying fundament",challenge/offline-data/deere/call-transcripts/2026-02-19__de-us-20260219-call-pres__605076.md,31
Deere & Company,DE,2026-02-19,FY2026Q1,EARNINGS_CALL,call-pres,5% | 5% | 2025.  | 7.  | 5% | 10%,"Unknown speaker: In South America, industry sales of tractors and combines are now expected to be down approximately 5%, driven by the Brazilian market, where subdued commodity prices, high interest rates, and a stronger BRL are putting pressure on producer margins. Industry sales in Asia are now projected to be flat to down 5%. The Indian market is now expected to only be down slightly from the s",challenge/offline-data/deere/call-transcripts/2026-02-19__de-us-20260219-call-pres__605076.md,33
Deere & Company,DE,2026-02-19,FY2026Q1,EARNINGS_CALL,call-pres,8  | 15% | 2  | 2  | 13.5% | 15%,Unknown speaker: Slide 8 shows our forecast for the Small Ag and Turf segment. We now expect net sales to be up about 15%. This includes 2 points of positive price realization as well as 2 points of positive currency translation. The segment's operating margin guide is now between 13.5% and 15%. Shifting now to Construction & Forestry on slide 9. Net sales for the quarter increased roughly 34% yea,challenge/offline-data/deere/call-transcripts/2026-02-19__de-us-20260219-call-pres__605076.md,35
Deere & Company,DE,2026-02-19,FY2026Q1,EARNINGS_CALL,call-pres,137 million | 5.1% | 10  | 5% | 5%,"Unknown speaker: Operating profit of $137 million more than doubled year-over-year, resulting in a 5.1% operating margin due primarily to favorable shipment volumes as well as production efficiencies, partially offset by higher tariffs. Slide 10 describes our Construction & Forestry industry outlook. Industry sales for both construction equipment and compact construction equipment in the U.S. and ",challenge/offline-data/deere/call-transcripts/2026-02-19__de-us-20260219-call-pres__605076.md,37
Deere & Company,DE,2026-02-19,FY2026Q1,EARNINGS_CALL,call-pres,11.  | 2026  | 15% | 2.5  | 2  | 9%,"Unknown speaker: Moving to the C&F segment outlook on Slide 11. 2026 net sales are now forecasted to be up around 15%. Our net sales guidance for the year includes about 2.5 points of positive price realization and just over 2 points of positive currency translation. Our projection for the segment's operating margin also increased and is now estimated to be between 9% and 11%. Now, transitioning t",challenge/offline-data/deere/call-transcripts/2026-02-19__de-us-20260219-call-pres__605076.md,39
Deere & Company,DE,2026-02-19,FY2026Q1,EARNINGS_CALL,call-pres,"2026,  | 840 million | 13  | 2026,  | 4.5 billion | 5 billion","Unknown speaker: For fiscal year 2026, our outlook increased to $840 million, primarily driven by lower provision for credit losses. Finally, slide 13 outlines our guidance for net income, effective tax rate, and operating cash flow. For fiscal year 2026, our updated outlook for net income is now between $4.5 billion and $5 billion. Next, our guidance continues to incorporate an effective tax rate",challenge/offline-data/deere/call-transcripts/2026-02-19__de-us-20260219-call-pres__605076.md,41
Deere & Company,DE,2026-02-19,FY2026Q1,EARNINGS_CALL,call-pres,18% | 6% | 2025 ,"Unknown speaker: Net sales increased by about 18% year-over-year, and margins were just under 6%. Although the first quarter of fiscal year 2025 had an easier top-line compare, given last year's underproduction in Small Ag and Turf and Construction & Forestry, it still performed ahead of our plan. Josh Beal, could you explain what happened this quarter and how it affected our full year outlook?",challenge/offline-data/deere/call-transcripts/2026-02-19__de-us-20260219-call-pres__605076.md,43
Deere & Company,DE,2026-02-19,FY2026Q1,EARNINGS_CALL,call-pres,20%,"Unknown speaker: Yeah, absolutely, Chris. Let's start with our expectations for the quarter. Overall, we were projecting double-digit net sales growth in the equipment operations, driven by estimates for over 20% growth in both small ag and construction and forestry, while large ag sales were expected to be flat year-over-year. Despite the projected net sales increase, we were expecting lower equi",challenge/offline-data/deere/call-transcripts/2026-02-19__de-us-20260219-call-pres__605076.md,45
Deere & Company,DE,2026-02-19,FY2026Q1,EARNINGS_CALL,call-pres,0.5 ,"Unknown speaker: In PPA, shipments of North America large tractors were ahead of plan, while C&F benefited from higher road building sales in Europe and North America, as well as ahead of planned shipments of both construction and compact construction equipment in North America. On the pricing front, C&F pricing was slightly negative this quarter, although competitive price pressures have started ",challenge/offline-data/deere/call-transcripts/2026-02-19__de-us-20260219-call-pres__605076.md,47
Deere & Company,DE,2026-02-19,FY2026Q1,EARNINGS_CALL,call-pres,1.2 billion | 232 ,"Unknown speaker: Foreign exchange was also impactful in the quarter. The U.S. dollar was weaker year-over-year against several relevant currencies for Deere, particularly the euro and Brazilian real. The translation impact drove year-over-year net sales gains for all three business units. Transitioning to cost management, excluding tariffs, production costs were lower year-over-year for all busine",challenge/offline-data/deere/call-transcripts/2026-02-19__de-us-20260219-call-pres__605076.md,49
Deere & Company,DE,2026-02-19,FY2026Q1,EARNINGS_CALL,call-pres,5  | 4.5 billion | 5 billion,"Unknown speaker: We maintained our net sales guidance for PPA, even though South America softened due to some incremental improvement in North America, and we increased the net sales ranges for SAT and C&F by 5 points. That resulted in higher projected margin ranges for small AG and C&F, resulting in an increased net income forecast of $4.5 billion-$5 billion.",challenge/offline-data/deere/call-transcripts/2026-02-19__de-us-20260219-call-pres__605076.md,51
Deere & Company,DE,2026-02-19,FY2026Q1,EARNINGS_CALL,call-pres,"2026  | 2026  | 3% | 2025, ","Unknown speaker: Sure, Chris. I'll start by reiterating a couple of comments on the global AG economy that you mentioned in your opening. Global crop production remains strong, but so does global demand. At current commodity price levels, producer margins remain pressured in many geographies. Specifically for the U.S., the USDA just updated their 2026 forecast for net cash farm income. While 2026 ",challenge/offline-data/deere/call-transcripts/2026-02-19__de-us-20260219-call-pres__605076.md,55
Deere & Company,DE,2026-02-19,FY2026Q1,EARNINGS_CALL,call-pres,15% | -20% | 4 | -5 ,"Unknown speaker: We also just recently took our last calls for North American combine orders for the year, and while we still expect that overall North American large AG industry to be down 15%-20% this year, combines will be down less than that range. Similar to North America, we feel good about our new inventory positions in both Europe and South America. The one exception is combines in Brazil,",challenge/offline-data/deere/call-transcripts/2026-02-19__de-us-20260219-call-pres__605076.md,67
Deere & Company,DE,2026-02-19,FY2026Q1,EARNINGS_CALL,call-pres,"1,  | 2026","Unknown speaker: Thank you both. Now, let's move on to Construction & Forestry. Josh Beal, we've already touched on C&F's performance in Q1, but can you please give us an update on the current business environment and outlook for 2026?",challenge/offline-data/deere/call-transcripts/2026-02-19__de-us-20260219-call-pres__605076.md,73
Deere & Company,DE,2026-02-19,FY2026Q1,EARNINGS_CALL,call-qna,1  | 1.5%,"Unknown speaker: Hi, good morning. Thank you for taking the question. Just briefly, Josh Jepsen, thank you so much for all the help over the years. If I could start maybe with a pricing question. You gave some helpful commentary on PPA pricing, but I'm just wondering how we should think about the bridge from here at neutral in Q1 to the full year guide of 1.5%. And similarly, if you could help us,",challenge/offline-data/deere/call-transcripts/2026-02-19__de-us-20260219-call-qna__605077.md,15
Deere & Company,DE,2026-02-19,FY2026Q1,EARNINGS_CALL,call-qna,1.5  | 2  | 4 ,"Unknown speaker: Yeah, Kristen, this is Jepsen. I think on the PPA side, you know, that 1.5 for the full year, and I think we would expect that really as we run through the remaining quarters. So not too lumpy or different as we go 2 through 4 Q.",challenge/offline-data/deere/call-transcripts/2026-02-19__de-us-20260219-call-qna__605077.md,21
Deere & Company,DE,2026-02-19,FY2026Q1,EARNINGS_CALL,call-qna,5%,"Unknown speaker: Hi. Good morning, everyone. Maybe I'll just stay with this topic. I guess, given what you're--you guys are all saying, which sounds very reasonable, the kind of up to 5% kind of forecast feels pretty conservative. So I'm curious if you think there's some headwinds that we should be keeping in mind, maybe as the year progresses or something. And then sort of on that same note, your",challenge/offline-data/deere/call-transcripts/2026-02-19__de-us-20260219-call-qna__605077.md,47
Deere & Company,DE,2026-02-19,FY2026Q1,EARNINGS_CALL,call-qna,"15,  | 10%","Unknown speaker: Yeah. You know, I think you're right, Steve, that there's certainly optimism. You heard us, you know, say that in our prior answer. You know, it is mixed in some segments. You know, housing has still been subdued. You know, so I think that's part of it. But yeah, I mean, overall optimistic, and we're seeing strength there. On the sales guide, you know, up 15, recall that we did so",challenge/offline-data/deere/call-transcripts/2026-02-19__de-us-20260219-call-qna__605077.md,49
Deere & Company,DE,2026-02-19,FY2026Q1,EARNINGS_CALL,call-qna,15% | -20% | 15% | 20%,"Unknown speaker: Yeah, no, thanks for the question, David. I mean, on the North American side, you know, our guide is still for the industry down 15%-20%. And maybe breaking that down by product lines, you know, our spring seasonal products, things like sprayers and planters, you know, those EOPs, you know, happened over the course of last summer, you know, wrapped up in August, September. Still a",challenge/offline-data/deere/call-transcripts/2026-02-19__de-us-20260219-call-qna__605077.md,61
Deere & Company,DE,2026-02-19,FY2026Q1,EARNINGS_CALL,call-qna,600 million | 2026.  | 1.2 billion,"Unknown speaker: Yeah, thanks. Thanks, Tim. I mean, you're right, some changes over the course of the quarter. We're probably closer now to price cost neutral for the full year, just given, you know, particular little bit of a reduction on the pricing side in CNF. You know, tariff costs, and by the way, that price cost neutral is inclusive of the $600 million of incremental tariffs that we're seei",challenge/offline-data/deere/call-transcripts/2026-02-19__de-us-20260219-call-qna__605077.md,79
Deere & Company,DE,2026-02-19,FY2026Q1,EARNINGS_CALL,call-qna,"2, ","Unknown speaker: Thanks. Good morning, and, I echo my, sentiments. Thanks a lot, Josh, really appreciate the help. In terms of some of the, the regional dynamics, I think there were expected to be some pretty big differences between North America and Europe in the first quarter. It sound like maybe North America ended up being a little bit better, on the tractor side, perhaps. Anything in particul",challenge/offline-data/deere/call-transcripts/2026-02-19__de-us-20260219-call-qna__605077.md,89
Deere & Company,DE,2026-02-19,FY2026Q1,EARNINGS_CALL,call-qna,2026.,"Unknown speaker: I mean, as we'll see it pick up, you know, particularly in North America production here in the second quarter. And as Josh Jepsen mentioned, you know, our order books are for tractors, as an example, now into the fourth quarter. So we've got good confidence that we'll see that pick up, and we'll revert to a more normal mix, going forward, and that will aid margins. I mean, you ca",challenge/offline-data/deere/call-transcripts/2026-02-19__de-us-20260219-call-qna__605077.md,93
Deere & Company,DE,2026-02-19,FY2026Q1,EARNINGS_CALL,call-qna,2026 ,"Unknown speaker: Similar to when we saw tariffs going up last year, we didn't take immediate price action, and you can expect a similar approach from us this year in 2026 as well.",challenge/offline-data/deere/call-transcripts/2026-02-19__de-us-20260219-call-qna__605077.md,107
Deere & Company,DE,2026-02-19,FY2026Q1,EARNINGS_CALL,call-qna,1 ,"Unknown speaker: So, like I said, we're seeing good momentum there. We're seeing good movement. You know, that our first quarter tends to be the strongest quarter of the year for used reduction. You do see a lot of year-end calendar buying, so, you know, you'll see probably more movement in Q1 than you will as you get to some of these other quarters. But we've seen continued progression quarter-ov",challenge/offline-data/deere/call-transcripts/2026-02-19__de-us-20260219-call-qna__605077.md,119
Deere & Company,DE,2026-02-19,FY2026Q1,EARNINGS_CALL,call-qna,60% | 99% | 80% | 4  | 5 ,"Unknown speaker: I mean, on harvest settings auto automation, you know, over 60% utilization of operators in the cab, you know, had that, had that tech on, while they were harvesting last fall, and saw really good productivity gains, really good throughput gains. And as a result, we're seeing a pickup in take rates on that option as well. So 99% of the combines that were ordered this year through ",challenge/offline-data/deere/call-transcripts/2026-02-19__de-us-20260219-call-qna__605077.md,171
Deere & Company,DE,2026-02-19,FY2026Q1,EARNINGS_CALL,call-qna,"1.  | 1,  | 1, ","Unknown speaker: Yeah, I mean, as we look to, you know, through the balance of the year for equipment operations as a total, yeah, our expectation, you know, is to see a bit of growth as we move through the entire of the year. I mean, it's less, Evan, than we saw in Q1. As we mentioned, you know, in Q1, we lapped some significant underproduction, particularly in construction and forestry, last yea",challenge/offline-data/deere/call-transcripts/2026-02-19__de-us-20260219-call-qna__605077.md,193
Deere & Company,DE,2026-02-19,FY2026Q1,STRUCTURED_RESULT,q1-10q,"52 | 53  | 2026  | 2025  | 1,  | 2026, ","We use a 52/53 week fiscal year with quarters ending on the last Sunday in the reporting period. The first quarter ends for fiscal years 2026 and 2025 were February 1, 2026, and January 26, 2025, respectively. Both periods contained 13 weeks. Fiscal year 2025 contained 53 weeks, with the additional week occurring in the fourth quarter. Unless otherwise stated, references to particular years, quart",challenge/offline-data/deere/filings/2026-02-19__de-us-20260219-q1-10q__648937.md,460
Deere & Company,DE,2026-02-19,FY2026Q1,STRUCTURED_RESULT,q1-10q,10,"The interim consolidated financial statements of Deere &amp; Company have been prepared by us, without audit, pursuant to the rules and regulations of the U.S. Securities and Exchange Commission (SEC). Certain information and footnote disclosures normally included in annual financial statements prepared in accordance with accounting principles generally accepted in the U.S. have been condensed or ",challenge/offline-data/deere/filings/2026-02-19__de-us-20260219-q1-10q__648937.md,488
Deere & Company,DE,2026-02-19,FY2026Q1,STRUCTURED_RESULT,q1-10q,"2025,  | 2025 | -10,  | 832 | 2030, ","In December 2025, the FASB issued ASU 2025-10, Government Grants (Topic 832): Accounting for Government Grants Received by Business Entities, which provides updated guidance on how to recognize, measure, and present government grants. The ASU will be effective for us beginning with our interim reporting for fiscal year 2030, with early adoption permitted. We are assessing the effect of this update",challenge/offline-data/deere/filings/2026-02-19__de-us-20260219-q1-10q__648937.md,502
Deere & Company,DE,2026-02-19,FY2026Q1,STRUCTURED_RESULT,q1-10q,"2025,  | 2025 | -06,  | 350 | -40 | 2029, ","In September 2025, the FASB issued ASU 2025-06, Intangibles - Goodwill and Other - Internal-Use Software (Subtopic 350-40): Targeted Improvements to the Accounting for Internal-Use Software, which provides updated guidance for the capitalization of internal-use software. The ASU will be effective for us beginning with our interim reporting for fiscal year 2029, with early adoption permitted. We ar",challenge/offline-data/deere/filings/2026-02-19__de-us-20260219-q1-10q__648937.md,504
Deere & Company,DE,2026-02-19,FY2026Q1,STRUCTURED_RESULT,q1-10q,"2024,  | 2024 | -03,  | 220 | -40 | 2025, ","In November 2024, the FASB issued ASU 2024-03, Income Statement - Reporting Comprehensive Income Expense Disaggregation Disclosures (Subtopic 220-40): Disaggregation of Income Statement Expenses, which expands disclosures about specific expense categories presented on the face of the income statement. In January 2025, the FASB issued ASU 2025-01, Income Statement - Reporting Comprehensive Income -",challenge/offline-data/deere/filings/2026-02-19__de-us-20260219-q1-10q__648937.md,506
Deere & Company,DE,2026-02-19,FY2026Q1,STRUCTURED_RESULT,q1-10q,"2023,  | 2023 | -09,  | 740 | 2026. ","In December 2023, the FASB issued ASU 2023-09, Income Taxes (Topic 740): Improvements to Income Tax Disclosures, which expands disclosures in an entity's income tax rate reconciliation table and cash taxes paid both in the U.S. and foreign jurisdictions. The ASU will be effective for us beginning with our annual reporting for fiscal year 2026. We are assessing the effect of this update on our rela",challenge/offline-data/deere/filings/2026-02-19__de-us-20260219-q1-10q__648937.md,508
Deere & Company,DE,2026-02-19,FY2026Q1,STRUCTURED_RESULT,q1-10q,"2,121,  | 2,039,  | 2,027  | 1,  | 2026,  | 2, ","We invoice in advance of recognizing the revenue of certain products and services. These relate to extended warranty premiums, advance payments for future equipment sales, and subscription and service revenue related to precision guidance, telematic services, and other information enabled solutions. These advanced customer payments are presented as deferred revenue, a contract liability, in 'Accou",challenge/offline-data/deere/filings/2026-02-19__de-us-20260219-q1-10q__648937.md,638
Deere & Company,DE,2026-02-19,FY2026Q1,STRUCTURED_RESULT,q1-10q,"1,811  | 1,  | 2026.  | 2026  | 465,  | 2027 ","The amount of unsatisfied performance obligations for contracts with an original duration greater than one year was $1,811 at February 1, 2026. The estimated revenue to be recognized by fiscal year follows: remainder of 2026 - $465, 2027 - $529, 2028 - $351, 2029 - $213, 2030 - $127, 2031 - $77, and later years - $49. As permitted, we elected only to disclose remaining performance obligations with",challenge/offline-data/deere/filings/2026-02-19__de-us-20260219-q1-10q__648937.md,640
Deere & Company,DE,2026-02-19,FY2026Q1,STRUCTURED_RESULT,q1-10q,"2026, ","During the first three months of 2026, we contributed and expect to contribute the following amounts to our pension and OPEB plans:",challenge/offline-data/deere/filings/2026-02-19__de-us-20260219-q1-10q__648937.md,735
Deere & Company,DE,2026-02-19,FY2026Q1,STRUCTURED_RESULT,q1-10q,2026,## Industry Sales Outlook for Fiscal Year 2026,challenge/offline-data/deere/filings/2026-02-19__de-us-20260219-q1-10q__648937.md,2068
Deere & Company,DE,2026-02-19,FY2026Q1,STRUCTURED_RESULT,q1-10q,2026  | 2025.  | 2026.  | 2026  | 2025 ,"Large agriculture sales in North America are expected to remain subdued and soften in South America resulting in decreased sales volume for PPA in 2026 compared to 2025. SAT and CF sales are expected to improve in 2026. Our net sales are expected to increase in 2026 compared to 2025 with the anticipated decline in PPA sales, more than offset by improvements in CF and SAT.",challenge/offline-data/deere/filings/2026-02-19__de-us-20260219-q1-10q__648937.md,2086
Deere & Company,DE,2026-02-19,FY2026Q1,STRUCTURED_RESULT,q1-10q,2026,## Agriculture and Turf Industry Outlook for 2026,challenge/offline-data/deere/filings/2026-02-19__de-us-20260219-q1-10q__648937.md,2088
Deere & Company,DE,2026-02-19,FY2026Q1,STRUCTURED_RESULT,q1-10q,2025 ,"- Demand in the U.S. and Canada for large agriculture equipment is expected to decrease compared to 2025 levels amid challenging farm fundamentals for row crop farmers. These factors are expected to be partially offset by strong crop production, robust demand for commodities, and normalizing global crop trade flows. In addition, government programs continue to support farmers' short-term liquidity",challenge/offline-data/deere/filings/2026-02-19__de-us-20260219-q1-10q__648937.md,2090
Deere & Company,DE,2026-02-19,FY2026Q1,STRUCTURED_RESULT,q1-10q,2025 ,- We expect small agricultural and turf equipment sales to be flat to up slightly from 2025 levels in the U.S. and Canada. The dairy and livestock market continues to generate profits driven by strong beef prices. A modest recovery is anticipated in the turf sector following several years of contraction.,challenge/offline-data/deere/filings/2026-02-19__de-us-20260219-q1-10q__648937.md,2091
Deere & Company,DE,2026-02-19,FY2026Q1,STRUCTURED_RESULT,q1-10q,2026,Construction and Forestry Industry Outlook for 2026,challenge/offline-data/deere/filings/2026-02-19__de-us-20260219-q1-10q__648937.md,2103
Deere & Company,DE,2026-02-19,FY2026Q1,STRUCTURED_RESULT,q1-10q,2026.  | 361,are expected to continue to do so in 2026. The direct impact of incremental tariffs incurred by us was $361,challenge/offline-data/deere/filings/2026-02-19__de-us-20260219-q1-10q__648937.md,2129
Deere & Company,DE,2026-02-19,FY2026Q1,STRUCTURED_RESULT,q1-10q,2026,## Construction and Forestry Industry Outlook for 2026,challenge/offline-data/deere/filings/2026-02-19__de-us-20260219-q1-10q__648937.md,2162
Deere & Company,DE,2026-02-19,FY2026Q1,STRUCTURED_RESULT,q1-10q,"2025,  | 75% | 2025  | 2026.  | 361  | 2026, ","Global Trade Policies. In 2025, new tariffs were imposed in the U.S. for imports from a broad range of countries and on certain materials. Several countries also implemented retaliatory tariffs on imports from the U.S. and introduced additional trade barriers. Trade policies impact us in various ways. We are a net exporter of agriculture and turf equipment from the U.S. Nearly 75% of our domestic ",challenge/offline-data/deere/filings/2026-02-19__de-us-20260219-q1-10q__648937.md,2181
Deere & Company,DE,2026-02-19,FY2026Q1,STRUCTURED_RESULT,q1-10q,12  | 12  | 2026  | 2025 ,"We closely monitor our cash requirements. Based on the available sources of liquidity, we expect to meet our funding needs in the short term (next 12 months) and long term (beyond 12 months). We are forecasting operating cash flows from equipment operations in 2026 to remain flat compared with 2025 driven by an offsetting decrease in net income adjusted for non-cash provisions, and higher cash flo",challenge/offline-data/deere/filings/2026-02-19__de-us-20260219-q1-10q__648937.md,2357
Deere & Company,DE,2026-02-19,FY2026Q1,STRUCTURED_RESULT,q1-10q,1 | 10 | 10,"Further information concerning us and our businesses, including factors that could materially affect our financial results, is included in our other filings with the SEC (including, but not limited to, the factors discussed in Item 1A. 'Risk Factors' of our most recent Annual Report on Form 10-K and this Quarterly Report on Form 10-Q). There also may be other factors that we cannot anticipate or t",challenge/offline-data/deere/filings/2026-02-19__de-us-20260219-q1-10q__648937.md,2524
Deere & Company,DE,2026-02-19,FY2026Q1,STRUCTURED_RESULT,q1-8k,4.5 billion | 5.0 billion,Net income guidance range increased to $4.5 billion - $5.0 billion,challenge/offline-data/deere/filings/2026-02-19__de-us-20260219-q1-8k__603009.md,24
Deere & Company,DE,2026-02-19,FY2026Q1,STRUCTURED_RESULT,q1-8k,2026 ,Net income attributable to Deere & Company for fiscal 2026 is forecasted to be in a range of,challenge/offline-data/deere/filings/2026-02-19__de-us-20260219-q1-8k__603009.md,37
Deere & Company,DE,2026-02-19,FY2026Q1,STRUCTURED_RESULT,q1-8k,4.5 billion | 5.0 billion,- Net income guidance range increased to $4.5 billion - $5.0 billion,challenge/offline-data/deere/filings/2026-02-19__de-us-20260219-q1-8k__603009.md,64
Deere & Company,DE,2026-02-19,FY2026Q1,STRUCTURED_RESULT,q1-8k,2026  | 4.5 billion | 5.0 billion,Net income attributable to Deere &amp; Company for fiscal 2026 is forecasted to be in a range of $4.5 billion to $5.0 billion.,challenge/offline-data/deere/filings/2026-02-19__de-us-20260219-q1-8k__603009.md,74
Deere & Company,DE,2026-02-19,FY2026Q1,STRUCTURED_RESULT,q1-8k,2026,## Deere Segment Outlook for Fiscal 2026,challenge/offline-data/deere/filings/2026-02-19__de-us-20260219-q1-8k__603009.md,157
Deere & Company,DE,2026-02-19,FY2026Q1,STRUCTURED_RESULT,q1-8k,"2026, | 2026, | 1995 ","Certain statements contained herein, including in the section entitled 'Company Outlook &amp; Summary,' 'Industry Outlook for Fiscal 2026,' 'Deere Segment Outlook for Fiscal 2026,' and 'Condensed Notes to Interim Consolidated Financial Statements' relating to future events, expectations, and trends constitute 'forward-looking statements' as defined in the Private Securities Litigation Reform Act o",challenge/offline-data/deere/filings/2026-02-19__de-us-20260219-q1-8k__603009.md,168
Deere & Company,DE,2026-02-19,FY2026Q1,STRUCTURED_RESULT,q1-8k,1 | 10,"Further information concerning the company or its businesses, including factors that could materially affect the company's financial results, is included in the company's filings with the SEC (including, but not limited to, the factors discussed in Item 1A. 'Risk Factors' of the company's most recent Annual Report on Form 10-K). There also may be other factors that the company cannot anticipate or",challenge/offline-data/deere/filings/2026-02-19__de-us-20260219-q1-8k__603009.md,203
Deere & Company,DE,2025-12-18,FY2025Q4,STRUCTURED_RESULT,fy-10k,10 | 10,"This Annual Report on Form 10-K contains forward-looking statements that are subject to risks and uncertainties. All statements other than statements of historical fact included in this Annual Report on Form 10-K are forward-looking statements. Forward-looking statements provide our current expectations and projections relating to our financial condition, results of operations, plans, objectives, ",challenge/offline-data/deere/filings/2025-12-18__de-us-20251218-fy-10k__393777.md,157
Deere & Company,DE,2025-12-18,FY2025Q4,STRUCTURED_RESULT,fy-10k,"1 | 7,  | 10","All forward-looking statements are subject to risks and uncertainties that may cause actual results to differ materially from those that we expected. Important factors that could cause actual results to differ materially from our expectations, or cautionary statements, and other important information about forward-looking statements are disclosed under Item 1A, ""Risk Factors,"" and Item 7, ""Managem",challenge/offline-data/deere/filings/2025-12-18__de-us-20251218-fy-10k__393777.md,159
Deere & Company,DE,2025-12-18,FY2025Q4,STRUCTURED_RESULT,fy-10k,"2022,  | 2030,  | 2025 ","In 2022, we introduced our Leap Ambitions (""Ambitions""), a set of focused goals designed to guide the implementation of our Smart Industrial Operating Model. These Ambitions are built upon a foundation of product quality and manufacturing excellence, supported by a best-in-class dealer channel, and enabled by employees dedicated to solving some of the world's most important problems. To build on o",challenge/offline-data/deere/filings/2025-12-18__de-us-20251218-fy-10k__393777.md,197
Deere & Company,DE,2025-12-18,FY2025Q4,STRUCTURED_RESULT,fy-10k,1 | 100  | 2 | 3,"We believe innovations in machinery and technology may influence purchases of agricultural equipment, especially when the agricultural environment is challenging. For example, larger, more productive equipment is well accepted where farmers are striving for more efficiency in their operations to increase profits. Large, cost-efficient, highly mechanized agricultural operations account for an impor",challenge/offline-data/deere/filings/2025-12-18__de-us-20251218-fy-10k__393777.md,260
Deere & Company,DE,2025-12-18,FY2025Q4,STRUCTURED_RESULT,fy-10k,1,"We own a significant number of patents, trademarks, copyrights, trade secrets, and intellectual property licenses related to our products and services and expect the number to grow as we continue to pursue technological innovations. We further our competitive position by filing patent and trademark applications in the U.S. and internationally to protect technology, improvements considered importan",challenge/offline-data/deere/filings/2025-12-18__de-us-20251218-fy-10k__393777.md,349
Deere & Company,DE,2025-12-18,FY2025Q4,STRUCTURED_RESULT,fy-10k,"2025,  | 2026.","In fiscal year 2025, compliance with environmental controls applicable to us did not have a material effect on our capital expenditures, earnings, or competitive position. At this time, we do not expect to incur material capital expenditures related to environmental controls during fiscal year 2026.",challenge/offline-data/deere/filings/2025-12-18__de-us-20251218-fy-10k__393777.md,413
Deere & Company,DE,2025-12-18,FY2025Q4,STRUCTURED_RESULT,fy-10k,2026.  | 1,"At this time, we do not expect to incur material capital expenditures related to compliance with regulations during fiscal year 2026. Additional information about the impact of government regulations on our business is included in Item 1A, ""Risk Factors–Strategic Risks"" and ""Legal and Regulatory Compliance Risks.""",challenge/offline-data/deere/filings/2025-12-18__de-us-20251218-fy-10k__393777.md,431
Deere & Company,DE,2025-12-18,FY2025Q4,STRUCTURED_RESULT,fy-10k,"2025,  | 2026. ","The demand for our products and services depends on the fundamentals in the markets in which we operate and can be significantly reduced in an economic environment characterized by high unemployment, high interest rates, cautious consumer spending, inflation, lower corporate earnings, and lower business investment, all of which affect farmers' income and sentiment. In fiscal year 2025, unfavorable",challenge/offline-data/deere/filings/2025-12-18__de-us-20251218-fy-10k__393777.md,549
Deere & Company,DE,2025-12-18,FY2025Q4,STRUCTURED_RESULT,fy-10k,"2025, ","To ensure adequate inventory supply, we must forecast inventory needs and expenses and place orders sufficiently in advance with suppliers and contract manufacturers. These forecasts are based on estimates of future demand for products and services. Failure to accurately forecast our needs results in unmet market demand, parts shortages, manufacturing delays or inefficiencies, increased costs, or ",challenge/offline-data/deere/filings/2025-12-18__de-us-20251218-fy-10k__393777.md,645
Deere & Company,DE,2025-12-18,FY2025Q4,STRUCTURED_RESULT,fy-10k,2025 ,"Negative economic conditions have an adverse effect on the financial industry in which the financial services segment operates. The financial services segment provides financing for a significant portion of our sales worldwide. The financial services segment is vulnerable to customers and others defaulting on contractual obligations, and has experienced, and may continue to experience write-offs a",challenge/offline-data/deere/filings/2025-12-18__de-us-20251218-fy-10k__393777.md,708
Deere & Company,DE,2025-12-18,FY2025Q4,STRUCTURED_RESULT,fy-10k,2025. ,"Similarly, we may not realize the anticipated benefits of our Leap Ambitions and related goals within the expected timelines, or at all. As part of our Leap Ambitions, we adopted certain financial and operational goals, which were refined in December 2025. In the future, we may again modify these goals, abandon them or be unable to achieve them for a variety of reasons, some of which may be beyond",challenge/offline-data/deere/filings/2025-12-18__de-us-20251218-fy-10k__393777.md,751
Deere & Company,DE,2025-12-18,FY2025Q4,STRUCTURED_RESULT,fy-10k,"500  | 500  | 500  | 100  | 30,  | 2020, ",The following graph compares the yearly percentage change of Deere & Company's cumulative total shareholder returns (TSR) for the last five years to that of the S&P 500 Index and the S&P 500 Industrials Index. The S&P 500 Industrials Index represents a focus group of companies across major industrial manufacturing categories that carry similar operational characteristics to us. The graph assumes $,challenge/offline-data/deere/filings/2025-12-18__de-us-20251218-fy-10k__393777.md,1082
Deere & Company,DE,2025-12-18,FY2025Q4,STRUCTURED_RESULT,fy-10k,2026,**Industry********Sales********Outlook********for********Fiscal********2026**,challenge/offline-data/deere/filings/2025-12-18__de-us-20251218-fy-10k__393777.md,1279
Deere & Company,DE,2025-12-18,FY2025Q4,STRUCTURED_RESULT,fy-10k,"2022,  | 2030,  | 2025 ","In 2022, we introduced our Leap Ambitions, a set of focused goals designed to guide the implementation of our Smart Industrial Operating Model. These Ambitions are built upon a foundation of product quality and manufacturing excellence, supported by a best-in-class dealer channel, and enabled by employees dedicated to solving some of the world's most important problems. To build on our accomplishm",challenge/offline-data/deere/filings/2025-12-18__de-us-20251218-fy-10k__393777.md,1289
Deere & Company,DE,2025-12-18,FY2025Q4,STRUCTURED_RESULT,fy-10k,2026,**Company********Outlook********for********2026**,challenge/offline-data/deere/filings/2025-12-18__de-us-20251218-fy-10k__393777.md,1299
Deere & Company,DE,2025-12-18,FY2025Q4,STRUCTURED_RESULT,fy-10k,2026,**Agriculture********and********Turf********Outlook********for********2026**,challenge/offline-data/deere/filings/2025-12-18__de-us-20251218-fy-10k__393777.md,1307
Deere & Company,DE,2025-12-18,FY2025Q4,STRUCTURED_RESULT,fy-10k,2026,**Construction********and********Forestry********Outlook********for********2026**,challenge/offline-data/deere/filings/2025-12-18__de-us-20251218-fy-10k__393777.md,1324
Deere & Company,DE,2025-12-18,FY2025Q4,STRUCTURED_RESULT,fy-10k,2026,**Financial********Services********Outlook********for********2026**,challenge/offline-data/deere/filings/2025-12-18__de-us-20251218-fy-10k__393777.md,1335
Deere & Company,DE,2025-12-18,FY2025Q4,STRUCTURED_RESULT,fy-10k,"12  | 12  | 2026  | 2025, ","We closely monitor our cash requirements. Based on the available sources of liquidity, we expect to meet our funding needs in the short term (next 12 months) and long term (beyond 12 months). We are forecasting lower operating cash flows from equipment operations in 2026 compared with 2025, driven by a decrease in net income adjusted for non-cash provisions, partially offset by higher cash flows g",challenge/offline-data/deere/filings/2025-12-18__de-us-20251218-fy-10k__393777.md,1641
Deere & Company,DE,2025-12-18,FY2025Q4,STRUCTURED_RESULT,fy-10k,"2,  | 2025,  | 17.2 billion | 2.3 billion | 12  | 19 ","_Borrowings_ – As of November 2, 2025, we had $17.2 billion of payments due on borrowings and securitization borrowings in the next year, along with interest payments of $2.3 billion. The securitization borrowing payments are based on the expected liquidation of the retail notes. See Notes 12 and 19 for additional borrowing details. These payments will likely be replaced with new borrowings to fin",challenge/offline-data/deere/filings/2025-12-18__de-us-20251218-fy-10k__393777.md,1784
Deere & Company,DE,2025-12-18,FY2025Q4,STRUCTURED_RESULT,fy-10k,2025 ,The increase in the 2025 pension and OPEB net benefit was due to an increase in the expected long-term rates of return on pension plan assets.,challenge/offline-data/deere/filings/2025-12-18__de-us-20251218-fy-10k__393777.md,1936
Deere & Company,DE,2025-12-18,FY2025Q4,STRUCTURED_RESULT,fy-10k,"2025, ","During 2025, the allowance for credit losses increased, primarily due to higher expected losses on agriculture and turf customer accounts as a result of elevated delinquencies and a decline in market conditions.",challenge/offline-data/deere/filings/2025-12-18__de-us-20251218-fy-10k__393777.md,2002
Deere & Company,DE,2025-12-18,FY2025Q4,STRUCTURED_RESULT,fy-10k,1 | 10,"Further information concerning us and our businesses, including factors that could materially affect our financial results, is included in our other filings with the SEC (including, but not limited to, the factors discussed in Item 1A. ""Risk Factors"" of this Annual Report on Form 10-K). There also may be other factors that we cannot anticipate or that are not described herein because we do not cur",challenge/offline-data/deere/filings/2025-12-18__de-us-20251218-fy-10k__393777.md,2178
Deere & Company,DE,2025-12-18,FY2025Q4,STRUCTURED_RESULT,fy-10k,"10% | 2026  | 2026  | 100.  | 27,  | 2024, ","We have foreign currency exposures at some of our foreign and domestic operations related to buying, selling, and financing in currencies other than the functional currencies. We hedge significant currency exposures for our equipment operations. Worldwide foreign currency exposures are reviewed quarterly. Based on the anticipated and committed foreign currency cash inflows, outflows, and hedging p",challenge/offline-data/deere/filings/2025-12-18__de-us-20251218-fy-10k__393777.md,2498
Deere & Company,DE,2025-12-18,FY2025Q4,STRUCTURED_RESULT,fy-10k,18,"We also offer extended warranty arrangements for purchase at the customer's option. The premiums for extended warranties are recognized in ""Other income"" primarily in proportion to the costs expected to be incurred over the contract period. The unamortized extended warranty premiums (deferred revenue) are recorded in ""Accounts payable and accrued expenses"" (see Note 18).",challenge/offline-data/deere/filings/2025-12-18__de-us-20251218-fy-10k__393777.md,2961
Deere & Company,DE,2025-12-18,FY2025Q4,STRUCTURED_RESULT,fy-10k,"2025, ","We closely monitor all Accounting Standard Updates (ASUs) issued by the Financial Accounting Standards Board (FASB) and other authoritative guidance. We adopted the following standards in 2025, none of which had a material effect on our consolidated financial statements:",challenge/offline-data/deere/filings/2025-12-18__de-us-20251218-fy-10k__393777.md,3088
Deere & Company,DE,2025-12-18,FY2025Q4,STRUCTURED_RESULT,fy-10k,"2025,  | 2025 | -10,  | 832 | 2030, ","In December 2025, the FASB issued ASU 2025-10, Government Grants (Topic 832): Accounting for Government Grants Received by Business Entities, which provides updated guidance on how to recognize, measure, and present government grants. The ASU will be effective for us beginning with our interim reporting for fiscal year 2030, with early adoption permitted. We are assessing the effect of this update",challenge/offline-data/deere/filings/2025-12-18__de-us-20251218-fy-10k__393777.md,3102
Deere & Company,DE,2025-12-18,FY2025Q4,STRUCTURED_RESULT,fy-10k,"2025,  | 2025 | -06,  | 350 | -40 | 2029, ","In September 2025, the FASB issued ASU 2025-06, Intangibles – Goodwill and Other – Internal-Use Software (Subtopic 350-40): Targeted Improvements to the Accounting for Internal-Use Software, which provides updated guidance for the capitalization of internal-use software. The ASU will be effective for us beginning with our interim reporting for fiscal year 2029, with early adoption",challenge/offline-data/deere/filings/2025-12-18__de-us-20251218-fy-10k__393777.md,3104
Deere & Company,DE,2025-12-18,FY2025Q4,STRUCTURED_RESULT,fy-10k,"2024,  | 2024 | -03,  | 220 | -40 | 2025, ","In November 2024, the FASB issued ASU 2024-03, Income Statement – Reporting Comprehensive Income – Expense Disaggregation Disclosures (Subtopic 220-40): Disaggregation of Income Statement Expenses, which expands disclosures about specific expense categories presented on the face of the income statement. In January 2025, the FASB issued ASU 2025-01, Income Statement – Reporting Comprehensive Income",challenge/offline-data/deere/filings/2025-12-18__de-us-20251218-fy-10k__393777.md,3108
Deere & Company,DE,2025-12-18,FY2025Q4,STRUCTURED_RESULT,fy-10k,"2023,  | 2023 | -09,  | 740 | 2026. ","In December 2023, the FASB issued ASU 2023-09, Income Taxes (Topic 740): Improvements to Income Tax Disclosures, which expands disclosures in an entity's income tax rate reconciliation table and cash taxes paid both in the U.S. and foreign jurisdictions. The ASU will be effective for us beginning with our annual reporting for fiscal year 2026. We are assessing the effect of this update on our rela",challenge/offline-data/deere/filings/2025-12-18__de-us-20251218-fy-10k__393777.md,3110
Deere & Company,DE,2025-12-18,FY2025Q4,STRUCTURED_RESULT,fy-10k,"2,039  | 1,923  | 2,  | 2025,  | 27,  | 2024, ","We invoice in advance of recognizing the revenue of certain products and services. These relate to extended warranty premiums, advance payments for future equipment sales, and subscription and service revenue related to precision guidance, telematic services, and other information enabled solutions. These advanced customer payments are presented as deferred revenue, a contract liability, in ""Accou",challenge/offline-data/deere/filings/2025-12-18__de-us-20251218-fy-10k__393777.md,3407
Deere & Company,DE,2025-12-18,FY2025Q4,STRUCTURED_RESULT,fy-10k,"2026  | 60  | 2025, ","The 2026 net periodic pension benefit is expected to increase by $60 due to changes in discount rates, decreases in amortization of actuarial losses, and the U.S. hourly pension curtailment recognized in 2025, described above.",challenge/offline-data/deere/filings/2025-12-18__de-us-20251218-fy-10k__393777.md,3496
Deere & Company,DE,2025-12-18,FY2025Q4,STRUCTURED_RESULT,fy-10k,50  | 2025 ,The OPEB net periodic cost is expected to decrease by $50 due to an increase in the expected return related to the 2025 U.S. voluntary contribution.,challenge/offline-data/deere/filings/2025-12-18__de-us-20251218-fy-10k__393777.md,3525
Deere & Company,DE,2025-12-18,FY2025Q4,STRUCTURED_RESULT,fy-10k,100  | 150  | 2026.  | 2026 ,We expect to contribute approximately $100 to our pension plans and approximately $150 to our OPEB plans in 2026. The contributions include voluntary contributions and direct benefit payments from company funds. We have no required contributions to U.S. pension plan assets in 2026 under applicable funding regulations.,challenge/offline-data/deere/filings/2025-12-18__de-us-20251218-fy-10k__393777.md,3659
Deere & Company,DE,2025-12-18,FY2025Q4,STRUCTURED_RESULT,fy-10k,"2,  | 2025, ","The expected future benefit payments at November 2, 2025, were as follows:",challenge/offline-data/deere/filings/2025-12-18__de-us-20251218-fy-10k__393777.md,3663
Deere & Company,DE,2025-12-18,FY2025Q4,STRUCTURED_RESULT,fy-10k,10  | 20  | 7.4% | 10  | 7.7% | 20 ,"The expected long-term rate of return on plan assets reflects management's expectations of long-term average rates of return on funds invested to provide for benefits included in the projected benefit obligations. The expected return is based on the outlook for inflation and for returns in multiple asset classes, while also considering historical returns, asset allocation, and investment strategy.",challenge/offline-data/deere/filings/2025-12-18__de-us-20251218-fy-10k__393777.md,3867
Deere & Company,DE,2025-12-18,FY2025Q4,STRUCTURED_RESULT,fy-10k,401,We have Voluntary Employees' Beneficiary Association trusts (VEBAs) for the funding of hourly and salary postretirement health care benefits. The future expected asset returns for the VEBAs are lower than the expected return on the other pension and health care plan assets due to investment in a higher proportion of liquid securities. These assets are in addition to the other postretirement health,challenge/offline-data/deere/filings/2025-12-18__de-us-20251218-fy-10k__393777.md,3869
Deere & Company,DE,2025-12-18,FY2025Q4,STRUCTURED_RESULT,fy-10k,"2025, ","The allowance for credit losses on retail notes and financing lease receivables increased in 2025, primarily due to higher expected losses on agriculture and turf customer accounts as a result of elevated delinquencies and a decline in market conditions.",challenge/offline-data/deere/filings/2025-12-18__de-us-20251218-fy-10k__393777.md,4487
Deere & Company,DE,2025-12-18,FY2025Q4,STRUCTURED_RESULT,fy-10k,"2024,  | 2025  | 3 | 2024, ","During 2024, the financial services business in Brazil met the held for sale criteria, therefore the receivables were reclassified to ""Assets held for sale"" and the associated allowance for credit losses was reversed. These operations were deconsolidated in the second quarter of 2025 (see Note 3). Excluding the impact of BJD, the allowance for credit losses on retail notes and financing lease rece",challenge/offline-data/deere/filings/2025-12-18__de-us-20251218-fy-10k__393777.md,4489
Deere & Company,DE,2025-12-18,FY2025Q4,STRUCTURED_RESULT,fy-10k,"2023,  | 2023  | 3 | 2023, ","During 2023, the financial services business in Russia met the held for sale criteria. The financing receivables in Russia were reclassified to ""Other assets"" and the associated allowance for credit losses was reversed. These operations were sold in the second quarter of 2023 (see Note 3). Excluding the portfolio in Russia, the allowance increased in 2023, primarily driven by growth in the retail ",challenge/offline-data/deere/filings/2025-12-18__de-us-20251218-fy-10k__393777.md,4491
Deere & Company,DE,2025-12-18,FY2025Q4,STRUCTURED_RESULT,fy-10k,"2,  | 2025,  | 2026  | 3,428,  | 2027  | 1,942, ","Although these securitization borrowings are classified as short-term since payment is required if the financing receivables are liquidated early, the payment schedule for these borrowings at November 2, 2025, based on the expected liquidation of the retail notes is as follows: 2026 – $3,428, 2027 – $1,942, 2028 – $1,005, 2029 – $198, 2030 – $29, and later years – $3.",challenge/offline-data/deere/filings/2025-12-18__de-us-20251218-fy-10k__393777.md,4648
Deere & Company,DE,2025-12-18,FY2025Q4,STRUCTURED_RESULT,fy-10k,"2,  | 2025, ","We have commitments to extend credit to customers. The commitments are in the form of lines of credit and other pre-approved credit arrangements. We have the right to cancel or amend the terms of these commitments at any time. These commitments are not expected to be fully drawn upon; therefore, the total commitment amounts likely do not represent a future cash requirement. The commitments to exte",challenge/offline-data/deere/filings/2025-12-18__de-us-20251218-fy-10k__393777.md,4980
Deere & Company,DE,2025-12-18,FY2025Q4,STRUCTURED_RESULT,fy-10k,"2,  | 2025,  | 89  | 1.75 ","At November 2, 2025, there was $89 of total unrecognized compensation cost from share-based compensation arrangements. This compensation is expected to be recognized over a weighted-average period of approximately 1.75 years.",challenge/offline-data/deere/filings/2025-12-18__de-us-20251218-fy-10k__393777.md,5105
Deere & Company,DE,2025-12-18,FY2025Q4,STRUCTURED_RESULT,fy-10k,"2,  | 2025,  | 9 ","The amount of loss recorded in OCI at November 2, 2025, that is expected to be reclassified to ""Interest expense"" in the next twelve months if interest rates remain unchanged is $9 after-tax. There",challenge/offline-data/deere/filings/2025-12-18__de-us-20251218-fy-10k__393777.md,5773
Deere & Company,DE,2025-12-18,FY2025Q4,STRUCTURED_RESULT,fy-10k,90 percent,"The Company utilizes linear regression models to estimate the expected credit losses for large and complex retail customer receivable pools, which represent more than 90 percent of retail customer receivables. These statistical models utilize independent variables, or predictive features, to estimate lifetime default rates, which are subsequently adjusted for expected recoveries to arrive at lifet",challenge/offline-data/deere/filings/2025-12-18__de-us-20251218-fy-10k__393777.md,6091
Deere & Company,DE,2025-12-08,FY2025Q4,EARNINGS_CALL,call-pres,2030 ,# Investor Day Presentation on Smart Industrial Strategy and 2030 Outlook,challenge/offline-data/deere/call-transcripts/2025-12-08__de-us-20251208-call-pres-2__384036.md,12
Deere & Company,DE,2025-12-08,FY2025Q4,EARNINGS_CALL,call-pres,10 ,"Unknown speaker: Every day, our teams are hard at work, committed to understanding and tackling the unique challenges our customers face each season in the 10 production systems that we serve. Within each of these industries, we're carefully evaluating where the most promising opportunities lie and channeling our investments into the areas that we believe will unlock the greatest value. We expect ",challenge/offline-data/deere/call-transcripts/2025-12-08__de-us-20251208-call-pres-2__384036.md,35
Deere & Company,DE,2025-12-08,FY2025Q4,EARNINGS_CALL,call-pres,150 billion,"Unknown speaker: And as we turn to the remainder of the decade, we're building on that foundation, shifting our focus to accelerating customer value delivery, and that's expected to fuel growth. We've refined and simplified our LEAPs to enhance focus on achieving these outcomes. Let's begin by reemphasizing what isn't changing. As John mentioned, our confidence in Deere's opportunity to unlock ove",challenge/offline-data/deere/call-transcripts/2025-12-08__de-us-20251208-call-pres-2__384036.md,55
Deere & Company,DE,2025-12-08,FY2025Q4,EARNINGS_CALL,call-pres,"2030, ","Unknown speaker: Furthermore, we'll ignite automation that leads to full autonomy and provide actionable insights to empower better decision-making. Comprehensive lifecycle solutions will maximize uptime and reduce total cost of ownership, and the combination of all these efforts is expected to enhance customer profitability and enable sustainable outcomes, making them more efficient, more product",challenge/offline-data/deere/call-transcripts/2025-12-08__de-us-20251208-call-pres-2__384036.md,61
Deere & Company,DE,2025-12-08,FY2025Q4,EARNINGS_CALL,call-pres,"600 million | 2030  | 50% | 400,000  | 1 million | 2030. ","Unknown speaker: Our goal is to continue expanding engaged acres to 600 million by 2030 and to increase the percentage of highly engaged acres to 50%. As we build out and integrate the John Deere Operations Center platform across our businesses, we expect it to become a core element of how our customers operate. Consequently, we're introducing a new metric: unique active monthly digital users. Rol",challenge/offline-data/deere/call-transcripts/2025-12-08__de-us-20251208-call-pres-2__384036.md,79
Deere & Company,DE,2025-12-08,FY2025Q4,EARNINGS_CALL,call-pres,25  | 10%,"Unknown speaker: In addition, across our fleet of Model Year 25 Ultimate Technology machines, customers are also realizing over a 10% increase in fuel efficiency in terms of bushels per gallon. This translates to real savings in inputs to get their grain tanks filled with the grain grown throughout the production cycle. The Operations Center is key to managing operational complexity, giving small ",challenge/offline-data/deere/call-transcripts/2025-12-08__de-us-20251208-call-pres-2__384036.md,133
Deere & Company,DE,2025-12-08,FY2025Q4,EARNINGS_CALL,call-pres,5% | 12%,"Unknown speaker: We expect growth for the construction equipment industry to run at a CAGR of about 5% over the next several years, assuming continued infrastructure investment to replace outdated bridges, roads, airports, and utilities, and the continued need to accommodate the migration from rural to urban and developing markets. Furthermore, we see spend in construction technology growing much ",challenge/offline-data/deere/call-transcripts/2025-12-08__de-us-20251208-call-pres-2__384036.md,175
Deere & Company,DE,2025-12-08,FY2025Q4,EARNINGS_CALL,call-pres,3,"Unknown speaker: That might be increased precision like SFRTK or increased levels of automation like advanced guidance or 3D SmartGrade. It could also be increased levels of data insights like job site efficiency with Virtual Superintendent, subfield-level profitability and harvest profit, or better seeding prescriptions from their agronomist with Operations Center Pro. We've learned that the tool",challenge/offline-data/deere/call-transcripts/2025-12-08__de-us-20251208-call-pres-2__384036.md,207
Deere & Company,DE,2025-12-08,FY2025Q4,EARNINGS_CALL,call-pres,12  | 5 ,"Unknown speaker: It's worth noting that this technology depends on operational data collected to train AI models, data that is made available through the foundation of that technology stack. Just as the data is scaling to new applications, so is the hardware and the core software. In the past 12 months, we've scaled our compute and operator interface device, the G5 Display, from our agricultural a",challenge/offline-data/deere/call-transcripts/2025-12-08__de-us-20251208-call-pres-2__384036.md,209
Deere & Company,DE,2025-12-08,FY2025Q4,EARNINGS_CALL,call-pres,"2025  | 38.9 billion | 10% | 63 billion | 2030,  | 24 billion","Unknown speaker: As John said earlier today, Smart Industrial was not just about tweaking our business model. It was a foundational shift that has and is providing fuel for growth. Now, to build on the growth opportunities the team shared today, let's contextualize what this all means for Deere going forward. If we start at the recently reported 2025 net sales for the equipment operations of $38.9",challenge/offline-data/deere/call-transcripts/2025-12-08__de-us-20251208-call-pres-2__384036.md,269
Deere & Company,DE,2025-12-08,FY2025Q4,EARNINGS_CALL,call-pres,2 | 3 billion,"Unknown speaker: These drivers are ultimately grounded in the customer value unlock, with around $2-$3 billion expected to come from incremental tech utilization via SaaS and additional lifecycle sales. The remainder of the incremental growth is expected to come through product leadership, manifested in both higher market share and shared value creation complemented by inorganic growth through M&A",challenge/offline-data/deere/call-transcripts/2025-12-08__de-us-20251208-call-pres-2__384036.md,271
Deere & Company,DE,2025-12-08,FY2025Q4,EARNINGS_CALL,call-pres,25  | 80% | 60 billion | 2020. ,"Unknown speaker: We remain committed to our single-A rating and continue to invest in our business while also returning cash to shareholders. Over the past 25 years, we've returned more than 80% of our remaining free cash flow from the equipment operations to shareholders via dividends and share repurchases. This translates into nearly $60 billion, with roughly half of that amount accounted for po",challenge/offline-data/deere/call-transcripts/2025-12-08__de-us-20251208-call-pres-2__384036.md,277
Deere & Company,DE,2025-12-08,FY2025Q4,EARNINGS_CALL,call-pres,2030  | 20% | 2% | -3%,"Unknown speaker: We're not trying to predict exactly where we are cycle, but we're assuming, hey, we think that 2030 number, we think that's pretty close to mid-cycle. Our normal calculation math may shift or lag, but generally speaking, we're treating that as if it's mid-cycle or very close, which would imply the 20% margin on that, as we discussed. I think the other part of that question too is ",challenge/offline-data/deere/call-transcripts/2025-12-08__de-us-20251208-call-pres-2__384036.md,295
Deere & Company,DE,2025-12-08,FY2025Q4,EARNINGS_CALL,call-pres,40%,"Unknown speaker: It's 40% of the industry. So as we go through that transition over time, we certainly think there and expect to be in a better market share position. The other part, technology is starting to inflect in C&F for all the reasons that I talked about in my presentation. So we think there's a compounding aspect of our machines are going to go out, higher features, and then additional t",challenge/offline-data/deere/call-transcripts/2025-12-08__de-us-20251208-call-pres-2__384036.md,309
Deere & Company,DE,2025-12-08,FY2025Q4,EARNINGS_CALL,call-pres,"400,000  | 1 million | 2030","Unknown speaker: Shifting to the topic of digital engagement, I'm going to blend a couple of questions here as well. The question on engaged acres versus highly engaged acres, and if we think about customer profile within those two segments, the folks that are more highly engaged, do they upgrade equipment more frequently? Is it higher margin, more services, better yields, and then similarly on th",challenge/offline-data/deere/call-transcripts/2025-12-08__de-us-20251208-call-pres-2__384036.md,317
Deere & Company,DE,2025-11-26,FY2025Q4,EARNINGS_CALL,call-q4-pres,2026. ,"Unknown speaker: Hello. Welcome and thank you for joining us on today's call. A happy early Thanksgiving for those of you celebrating tomorrow. Joining me on the call today are John May, Chairman and Chief Executive Officer; Josh Jepsen, Chief Financial Officer; Deanna Kovar, President, Worldwide Agriculture and Turf Division, Production and Precision Ag, Americas and Australia; and Chris Seibert,",challenge/offline-data/deere/call-transcripts/2025-11-26__de-us-20251126-call-q4-pres-2__361265.md,15
Deere & Company,DE,2025-11-26,FY2025Q4,EARNINGS_CALL,call-q4-pres,"2025  | 9.2% | 12.6% | 5 billion | 2026.  | 2026, ","Unknown speaker: Thank you, Josh. Good morning to everyone joining us today. John Deere's fiscal 2025 results for the fourth quarter and for the full year reflect the resilience of our business amidst a challenging and uncertain market backdrop. In the fourth quarter, the equipment operations delivered 9.2% margins. Full-year operating margins came in at 12.6%, and we delivered over $5 billion in ",challenge/offline-data/deere/call-transcripts/2025-11-26__de-us-20251126-call-q4-pres-2__361265.md,21
Deere & Company,DE,2025-11-26,FY2025Q4,EARNINGS_CALL,call-q4-pres,2025.  | 12% | 45.7 billion | 13% | 38.9 billion | 5 billion,"Unknown speaker: However, there are indications of stabilization, and we also see areas of optimism emerging in other segments and geographies. Notably, we see opportunities for growth ahead in our small ag and turf and construction forestry businesses. Slide three begins with the results for fiscal year 2025. Net sales and revenues were down 12% to $45.7 billion, while net sales for equipment ope",challenge/offline-data/deere/call-transcripts/2025-11-26__de-us-20251126-call-q4-pres-2__361265.md,23
Deere & Company,DE,2025-11-26,FY2025Q4,EARNINGS_CALL,call-q4-pres,25 million | 2026  | 15% | -20% | 5%,"Unknown speaker: Currency was also positive by more than half a point. For the quarter, operating profit declined year-over-year to $25 million. The decrease was primarily due to higher tariffs, warranty expenses, and production costs. Slide seven details our fiscal year 2026 ag and turf industry outlook. We expect industry sales of large equipment in the U.S. and Canada to be down 15%-20%. Row cr",challenge/offline-data/deere/call-transcripts/2025-11-26__de-us-20251126-call-q4-pres-2__361265.md,27
Deere & Company,DE,2025-11-26,FY2025Q4,EARNINGS_CALL,call-q4-pres,5% | 2026. ,"Unknown speaker: Additionally, a modest recovery in turf is anticipated following a rebound in the housing market and growth in the overall economy. In Europe, the industry is projected to be flat to up 5%. The outlook for the dairy sector continues to be robust, with stabilizing interest rates helping to support investment decisions. In addition, margin for arable farmers are strengthening as cro",challenge/offline-data/deere/call-transcripts/2025-11-26__de-us-20251126-call-q4-pres-2__361265.md,29
Deere & Company,DE,2025-11-26,FY2025Q4,EARNINGS_CALL,call-q4-pres,2025.  | 5% | 5% | -10% | 2026.  | 1.5 percent,"Unknown speaker: In Argentina, industry growth is anticipated to moderate after robust growth in 2025. Industry sales in Asia are expected to be down 5% following slight gains in India last year. Moving to our segment forecast on slide eight, we anticipate production and precision ag net sales to be down 5%-10% in fiscal year 2026. The forecast assumes roughly 1.5 percentage points of positive pri",challenge/offline-data/deere/call-transcripts/2025-11-26__de-us-20251126-call-q4-pres-2__361265.md,31
Deere & Company,DE,2025-11-26,FY2025Q4,EARNINGS_CALL,call-q4-pres,12.5% | 14% | 27% | 3.382 billion | 348 million | 10.3%,"Unknown speaker: This includes two points of positive price realization as well as one point of positive currency translation. The segment's operating margin is projected to be between 12.5% and 14%, reflecting strength in the dairy and livestock segment. Shifting to construction and forestry on slide ten, net sales for the quarter were up 27% year-over-year to $3.382 billion due to higher shipmen",challenge/offline-data/deere/call-transcripts/2025-11-26__de-us-20251126-call-q4-pres-2__361265.md,33
Deere & Company,DE,2025-11-26,FY2025Q4,EARNINGS_CALL,call-q4-pres,"5% | 5% | 2026,  | 12,  | 2026  | 10%","Unknown speaker: Industry sales for earth-moving equipment in the U.S. and Canada are expected to be flat to up 5%, and compact construction equipment in the U.S. and Canada is also expected to be flat to up 5%. Construction markets are expected to experience modest growth, supported by employment at all-time highs and construction backlogs at robust levels. U.S. Government infrastructure spending",challenge/offline-data/deere/call-transcripts/2025-11-26__de-us-20251126-call-q4-pres-2__361265.md,35
Deere & Company,DE,2025-11-26,FY2025Q4,EARNINGS_CALL,call-q4-pres,"8% | 10% | 13,  | 293 million | 2026,  | 830 million","Unknown speaker: Our net sales guidance for the year includes about three points of positive price realization and one point of positive currency translation. The segment's operating margin is projected to be between 8% and 10%, as the benefits of higher North American earth-moving volumes and price realization are tempered by incremental tariff expense. Switching to our financial service operatio",challenge/offline-data/deere/call-transcripts/2025-11-26__de-us-20251126-call-q4-pres-2__361265.md,37
Deere & Company,DE,2025-11-26,FY2025Q4,EARNINGS_CALL,call-q4-pres,"2026,  | 4 billion | 4.75 billion | 1.2 billion | 25% | -27%","Unknown speaker: For fiscal year 2026, our full-year net income forecast is expected to be in the range of $4 billion-$4.75 billion. Included in this estimate is projected pre-tax direct tariff expense of approximately $1.2 billion, with additional inflationary pressures also contemplated from the indirect impacts of tariffs. Next, our guidance incorporates an effective tax rate between 25%-27%, w",challenge/offline-data/deere/call-transcripts/2025-11-26__de-us-20251126-call-q4-pres-2__361265.md,39
Deere & Company,DE,2025-11-26,FY2025Q4,EARNINGS_CALL,call-q4-pres,8,"Unknown speaker: In difficult markets, it's natural for people to focus only on the near-term challenges in front of them. I am incredibly proud of how our organization has delivered exceptional performance in the current environment while also continuing to advance the development and delivery of solutions that have the potential to unlock tremendous value for our customers and serve as the found",challenge/offline-data/deere/call-transcripts/2025-11-26__de-us-20251126-call-q4-pres-2__361265.md,53
Deere & Company,DE,2025-11-26,FY2025Q4,EARNINGS_CALL,call-q4-pres,2026  | 2025  | 5 billion,"Unknown speaker: Thank you, John. We are really looking forward to hearing more about the future of smart industrial in a couple of weeks. Before we move on to questions about the 2026 guide, I'd like to focus briefly on our 2025 results. This past fiscal year demanded a lot from our teams, but as John mentioned, we still delivered more than $5 billion of net income. Josh Beal, could you please un",challenge/offline-data/deere/call-transcripts/2025-11-26__de-us-20251126-call-q4-pres-2__361265.md,55
Deere & Company,DE,2025-11-26,FY2025Q4,EARNINGS_CALL,call-q4-pres,3% | 1% | 2025  | 2024.  | 3%,"Unknown speaker: Yeah, sure, Chris. I'll begin with the quarter. Overall, the results were in line with our expectations, but there were a few moving pieces that I'd like to briefly go over. Net sales for all segments finished a bit higher than expected, driven by strong execution at our factories, especially in North America. Price realization for PPA in the quarter was nearly 3%, while SAT came ",challenge/offline-data/deere/call-transcripts/2025-11-26__de-us-20251126-call-q4-pres-2__361265.md,57
Deere & Company,DE,2025-11-26,FY2025Q4,EARNINGS_CALL,call-q4-pres,"30% | 450  | 2016,  | 600 ","Unknown speaker: This is Jepsen. Touching on the full year for a moment, John already noted how our performance is a testament to the organization's perseverance. In a year where we saw industry declines in a majority of major markets that we serve, placing the business below trough levels, the combination of our operational execution and the work that we've done to improve businesses over the las",challenge/offline-data/deere/call-transcripts/2025-11-26__de-us-20251126-call-q4-pres-2__361265.md,59
Deere & Company,DE,2025-11-26,FY2025Q4,EARNINGS_CALL,call-q4-pres,2025  | 8% | 220  | 12% | 220  | 2025 ,"Unknown speaker: Thanks for that additional color, Josh. Beyond profitability, this year's results also reflect focused cycle management, most notably in managing inventory. In North America large AG, we produced roughly in line with retail demand for the full year, keeping new field inventory at the very low levels where fiscal 2025 started. Inventory-to-sales ratios for combines and four-wheel d",challenge/offline-data/deere/call-transcripts/2025-11-26__de-us-20251126-call-q4-pres-2__361265.md,63
Deere & Company,DE,2025-11-26,FY2025Q4,EARNINGS_CALL,call-q4-pres,100  | 40% | 100 | -220  | 2024  | 2025 ,"Unknown speaker: Notably, inventory for North American tractors below 100 horsepower was down nearly 40% year over year, while 100-220 horsepower tractor inventory in the region was down by nearly a third. Similarly, the underproduction that we did in North American earth-moving at the end of fiscal 2024 and into the beginning of fiscal 2025 has also positioned that business well for next year. Fi",challenge/offline-data/deere/call-transcripts/2025-11-26__de-us-20251126-call-q4-pres-2__361265.md,65
Deere & Company,DE,2025-11-26,FY2025Q4,EARNINGS_CALL,call-q4-pres,2026  | 2026. ,"Unknown speaker: Although there's still work to be done here, the combination of our aligned channel and support provided by higher pool fund contribution rates and targeted programs in 2026 gives me confidence that we have the right tools in place to sustain this positive momentum and position the market well in 2026. Nevertheless, our customers are still facing headwinds that are driving near-te",challenge/offline-data/deere/call-transcripts/2025-11-26__de-us-20251126-call-q4-pres-2__361265.md,77
Deere & Company,DE,2025-11-26,FY2025Q4,EARNINGS_CALL,call-q4-pres,2026. ,"Unknown speaker: Thank you all for your comments and insights. Now, let's build on that and talk in more depth about the ag and turf outlook for fiscal year 2026. The guide varies by segment and geography. Can you please unpack why this is the case?",challenge/offline-data/deere/call-transcripts/2025-11-26__de-us-20251126-call-q4-pres-2__361265.md,81
Deere & Company,DE,2025-11-26,FY2025Q4,EARNINGS_CALL,call-q4-pres,2026.  | 9%,"Unknown speaker: Yeah, this is Josh Beal. Happy to, Chris. Let's start with North America. Global farm fundamentals are expected to stay challenged in 2026. U.S. crop yields have been strong, and we've seen robust production this year in other major markets as well. As a result, the USDA expects global stocks of corn and wheat to rebuild and soybean stocks to remain at elevated levels, putting con",challenge/offline-data/deere/call-transcripts/2025-11-26__de-us-20251126-call-q4-pres-2__361265.md,83
Deere & Company,DE,2025-11-26,FY2025Q4,EARNINGS_CALL,call-q4-pres,2025 | -2026  | 5% | 2026  | 2027 ,"Unknown speaker: Ethanol exports approaching a new peak for the second consecutive year, supported by recent trade deals and driven by strong shipments to Canada, the U.K., India, and the Netherlands. Meanwhile, Brazil is also allocating significantly more of its corn production for domestic ethanol use. Similar demand drivers exist for soybeans. The projected U.S. soybean crush for the 2025-2026 ",challenge/offline-data/deere/call-transcripts/2025-11-26__de-us-20251126-call-q4-pres-2__361265.md,85
Deere & Company,DE,2025-11-26,FY2025Q4,EARNINGS_CALL,call-q4-pres,"15,  | 15  | 40 billion | 2025,  | 2026.","Unknown speaker: California enacted a law allowing for the sale of E15, providing additional support for long-term growth in ethanol consumption, and we are optimistic a federal solution will be finalized soon to allow the year-round sale of E15 across the country. In addition to these favorable demand dynamics, U.S. government support for farmers is expected to exceed $40 billion in 2025, with th",challenge/offline-data/deere/call-transcripts/2025-11-26__de-us-20251126-call-q4-pres-2__361265.md,87
Deere & Company,DE,2025-11-26,FY2025Q4,EARNINGS_CALL,call-q4-pres,1  | 2026. ,"Unknown speaker: As a result, we'll have a lower than normal level of seasonal production to start the year and won't see the typical early year inventory build. We have given ourselves flexibility to adjust to demand in subsequent quarters. Since setting our Q1 production plans, we have seen positive developments in the North American market. For example, the recent U.S. trade agreement with Chin",challenge/offline-data/deere/call-transcripts/2025-11-26__de-us-20251126-call-q4-pres-2__361265.md,95
Deere & Company,DE,2025-11-26,FY2025Q4,EARNINGS_CALL,call-q4-pres,5% | 2026. ,"Unknown speaker: and China. I was just in Brazil a few weeks ago, and it was clear that there is strong enthusiasm for our solutions. We have many new products and technologies coming to support increased productivity and precision for our Brazilian customer base. We have been investing in our solution development, factory production, and channel capabilities in the region, and the extended Deere ",challenge/offline-data/deere/call-transcripts/2025-11-26__de-us-20251126-call-q4-pres-2__361265.md,97
Deere & Company,DE,2025-11-26,FY2025Q4,EARNINGS_CALL,call-q4-pres,"2026  | 10% | 2025.  | 5% | -10% | 2026, ","Unknown speaker: This is Jepsen. A couple of points to add. As we translate these industry outlooks to our own sales forecast, we're expecting small ag and turf to return to growth in 2026 with sales up about 10%. This is driven by a combination of improving end-market demand as well as the benefit of producing much closer to retail demand compared to underproduction in 2025. For production and pr",challenge/offline-data/deere/call-transcripts/2025-11-26__de-us-20251126-call-q4-pres-2__361265.md,101
Deere & Company,DE,2025-11-26,FY2025Q4,EARNINGS_CALL,call-q4-pres,"1  | 2026,  | 2025,  | 1  | 2025,  | 20%","Unknown speaker: Sure, Chris. For Q1 2026, in production precision ag, we anticipate net sales will be close to the first quarter of 2025, but margins will be significantly lower in the low single digits. Product and regional mix will be a large driver of the reduction as our lean production plan anticipates shipping fewer large tractors in Q1 versus historical first quarters. Absorption of tariff",challenge/offline-data/deere/call-transcripts/2025-11-26__de-us-20251126-call-q4-pres-2__361265.md,109
Deere & Company,DE,2025-11-26,FY2025Q4,EARNINGS_CALL,call-q4-pres,2025  | 2026,"Unknown speaker: Thank you. Thank you for the insights. Building on that last comment, let's pivot to the overall C&F segment. 2025 proved to be a demanding year for C&F as we faced increased competitive price pressure and the highest level of tariff exposure among our business units. Despite these headwinds, we've observed some positive trends in both retail performance and order intake. Our outl",challenge/offline-data/deere/call-transcripts/2025-11-26__de-us-20251126-call-q4-pres-2__361265.md,111
Deere & Company,DE,2025-11-26,FY2025Q4,EARNINGS_CALL,call-q4-pres,"2024  | 2025  | 2026,  | 2026  | 10%","Unknown speaker: As previously discussed, our underproduction earth-moving in late 2024 and early 2025 has positioned us well from a field inventory standpoint. We expect to produce North American earth-moving equipment in line with retail in 2026, which is a significant driver of our 2026 net sales guide up of up around 10%. Road building and forestry industry volumes are expected to remain flat ",challenge/offline-data/deere/call-transcripts/2025-11-26__de-us-20251126-call-q4-pres-2__361265.md,115
Deere & Company,DE,2025-11-26,FY2025Q4,EARNINGS_CALL,call-q4-pres,"2025, ","Unknown speaker: Sure, Chris. Just like many of our customers' operations post-harvest, it's a good time to take stock of what we did in the past year. As John mentioned earlier, in fiscal 2025, we made significant progress across all layers of the tech stack, both in terms of expanded offerings and utilization, but also in greater leveraging of technology across more production systems and geogra",challenge/offline-data/deere/call-transcripts/2025-11-26__de-us-20251126-call-q4-pres-2__361265.md,121
Deere & Company,DE,2025-11-26,FY2025Q4,EARNINGS_CALL,call-q4-pres,"2025  | 18.50  | 5.1 billion | 2021  | 2024,  | 2.8 billion","Unknown speaker: Yeah, I'll be brief. 2025 was a challenging year for the industry and for our team at Deere as the agricultural sector continued its downturn for a second straight year. As mentioned before, I've never witnessed Deere's resilience more than I did this year, represented by how we took care of customers while achieving performance that exceeded similar points, other similar points i",challenge/offline-data/deere/call-transcripts/2025-11-26__de-us-20251126-call-q4-pres-2__361265.md,139
Deere & Company,DE,2025-11-26,FY2025Q4,EARNINGS_CALL,call-q4-qna,1.2 billion | 2026.  | 600 million | 600 million | 2025.  | 300 million,"Unknown speaker: Yeah. Thanks, Stephen, for the question. You got the numbers right. So it's $1.2 billion is the pre-tax tariff hit in 2026. That's about $600 million incremental from the $600 million that we saw in 2025. Run rate of the tariffs by quarter is pretty evenly spread, roughly $300 million per quarter. If you look at our price-cost expectation for 2026, inclusive of tariffs in that num",challenge/offline-data/deere/call-transcripts/2025-11-26__de-us-20251126-call-q4-qna__361266.md,15
Deere & Company,DE,2025-11-26,FY2025Q4,EARNINGS_CALL,call-q4-qna,"2026,  | 60  | 2026.  | -50","Unknown speaker: Yeah. Yeah. Your numbers are right, Jamie. If looking at PPA specifically into 2026, it's around 60 would be the implied decremental margin. Tariffs for that business have approximately point-and-a-half or so margin impact for the full year of 2026. If you back out that piece, it takes decrementals to kind of the low to mid-50s. Still elevated above normal levels for PPA. That del",challenge/offline-data/deere/call-transcripts/2025-11-26__de-us-20251126-call-q4-qna__361266.md,23
Deere & Company,DE,2025-11-26,FY2025Q4,EARNINGS_CALL,call-q4-qna,"2026,  | 3 | -4% | 2025.  | 2025,  | 2026, ","Unknown speaker: Yeah. Thanks for the question, Kristen. You're right. Early order programs in large tractor pricing in North America for 2026, list price increases are in the range of 3-4%. That's held. What you're seeing with the point-and-a-half price guide is a couple of things. One thing you're spot on is geographic mix. We talked about Brazil in 2025. We did very strong price in Brazil in 20",challenge/offline-data/deere/call-transcripts/2025-11-26__de-us-20251126-call-q4-qna__361266.md,29
Deere & Company,DE,2025-11-26,FY2025Q4,EARNINGS_CALL,call-q4-qna,600 million | 2026. ,"Unknown speaker: Yeah. Thanks, Tim, for the question. Yeah. If you back off the incremental $600 million of tariffs in production costs, we would still expect to be slightly unfavorable for production costs in 2026. There are a few moving pieces there. Overheads for our business, particularly in large ag, are expected to be unfavorable next year. We do have some headwinds in our North American lab",challenge/offline-data/deere/call-transcripts/2025-11-26__de-us-20251126-call-q4-qna__361266.md,41
Deere & Company,DE,2025-11-26,FY2025Q4,EARNINGS_CALL,call-q4-qna,2026  | 2025 ,"Unknown speaker: 2026 is a step-up year in that contract for production labor. That provides a headwind. That is largely offset by some favorability in profit sharing that we will see next year just on lower income levels. Material X tariffs will be slightly negative, pretty close to flat. That does include the inflationary impact of indirect impacts of tariffs that we are seeing in the business, ",challenge/offline-data/deere/call-transcripts/2025-11-26__de-us-20251126-call-q4-qna__361266.md,43
Deere & Company,DE,2025-11-26,FY2025Q4,EARNINGS_CALL,call-q4-qna,9% | 1.5%,"Unknown speaker: Hi. Thank you. Given the full-year large ag sales guide and the first quarter implied of flat, it's implying the rest of the year down 9%. I was just curious, when you think of PPA for the rest of the year after the first quarter, are we down every quarter? Maybe to help us with the margins for the rest of the year, any cadence you can give us on the pricing? Obviously, the pricin",challenge/offline-data/deere/call-transcripts/2025-11-26__de-us-20251126-call-q4-qna__361266.md,49
Deere & Company,DE,2025-11-26,FY2025Q4,EARNINGS_CALL,call-q4-qna,1.  | 1 ,"Unknown speaker: Yeah. Thanks, David, for the question. As Deanna talked earlier, seasonality will be a little different for large ag next year given our leaner start in Q1. We will see that typical ramp up in the second quarter. Actually, you're going to have a fourth quarter that's going to be particularly strong as well, just given some of the timing of the shipments. To your question, we would",challenge/offline-data/deere/call-transcripts/2025-11-26__de-us-20251126-call-q4-qna__361266.md,51
Deere & Company,DE,2025-11-26,FY2025Q4,EARNINGS_CALL,call-q4-qna,"2  | 4,  | 14%","Unknown speaker: David, this is Jepsen. The other thing I'd add is we would expect to post one Q to kind of return to more normal seasonality, highest net sales, highest margin in the second quarter. A more traditional seasonality as we go from there. If you just step back and look at Q2 through Q4, those margins, we would expect, based on the guide, to be north of 14% or around there. A pretty bi",challenge/offline-data/deere/call-transcripts/2025-11-26__de-us-20251126-call-q4-qna__361266.md,53
Deere & Company,DE,2025-11-26,FY2025Q4,EARNINGS_CALL,call-q4-qna,"2026, ","Unknown speaker: Hi, good morning, everyone. A question for you on your guidance. As we think about 2026, to what extent does it embed any additional farm assistance from the government? Also, just how do you think about the operating leverage of the business coming out of this deeper than the normal cycle?",challenge/offline-data/deere/call-transcripts/2025-11-26__de-us-20251126-call-q4-qna__361266.md,69
Deere & Company,DE,2025-11-26,FY2025Q4,EARNINGS_CALL,call-q4-qna,15% | 2026. ,"Unknown speaker: Yeah. Thanks, Steven, for the question. A couple of things on South America. We've talked about kind of a mix of caution and optimism in that region. As we've seen, I think over the past quarter or so, it's probably a bit more caution there. Interest rates have been a big driver. The benchmark rate at 15% certainly having an impact on replacement. As we look at expectations over t",challenge/offline-data/deere/call-transcripts/2025-11-26__de-us-20251126-call-q4-qna__361266.md,81
Deere & Company,DE,2025-11-26,FY2025Q4,EARNINGS_CALL,call-q4-qna,2026.  | 5%,"Unknown speaker: On small ag, Steven, and specific to turf, our forecast is based off of housing starts coming up a little bit next year, not a massive increase, but a low single-digit increase in home sales, I should say, not housing starts, home sales in 2026. That is based off of some expectations around easing in the U.S. We'll see how that plays out. As we see home sales come back, that tends",challenge/offline-data/deere/call-transcripts/2025-11-26__de-us-20251126-call-q4-qna__361266.md,87
Deere & Company,DE,2025-11-26,FY2025Q4,STRUCTURED_RESULT,q4-10k,10 | 10,"This Annual Report on Form 10-K contains forward-looking statements that are subject to risks and uncertainties. All statements other than statements of historical fact included in this Annual Report on Form 10-K are forward-looking statements. Forward-looking statements provide our current expectations and projections relating to our financial condition, results of operations, plans, objectives, ",challenge/offline-data/deere/filings/2025-11-26__de-us-20251126-q4-10k__469216.md,190
Deere & Company,DE,2025-11-26,FY2025Q4,STRUCTURED_RESULT,q4-10k,"1 | 7,  | 10","All forward-looking statements are subject to risks and uncertainties that may cause actual results to differ materially from those that we expected. Important factors that could cause actual results to differ materially from our expectations, or cautionary statements, and other important information about forward-looking statements are disclosed under Item 1A, 'Risk Factors,' and Item 7, 'Managem",challenge/offline-data/deere/filings/2025-11-26__de-us-20251126-q4-10k__469216.md,192
Deere & Company,DE,2025-11-26,FY2025Q4,STRUCTURED_RESULT,q4-10k,"2022, ","In 2022, we introduced our Leap Ambitions (“Ambitions”), a set of focused goals designed to guide the",challenge/offline-data/deere/filings/2025-11-26__de-us-20251126-q4-10k__469216.md,286
Deere & Company,DE,2025-11-26,FY2025Q4,STRUCTURED_RESULT,q4-10k,"2022,  | 2030,  | 2025 ","In 2022, we introduced our Leap Ambitions ('Ambitions'), a set of focused goals designed to guide the implementation of our Smart Industrial Operating Model. These Ambitions are built upon a foundation of product quality and manufacturing excellence, supported by a best-in-class dealer channel, and enabled by employees dedicated to solving some of the world's most important problems. To build on o",challenge/offline-data/deere/filings/2025-11-26__de-us-20251126-q4-10k__469216.md,341
Deere & Company,DE,2025-11-26,FY2025Q4,STRUCTURED_RESULT,q4-10k,1 | 100  | 2 | 3,"We believe innovations in machinery and technology may influence purchases of agricultural equipment, especially when the agricultural environment is challenging. For example, larger, more productive equipment is well accepted where farmers are striving for more efficiency in their operations to increase profits. Large, cost-efficient, highly mechanized agricultural operations account for an impor",challenge/offline-data/deere/filings/2025-11-26__de-us-20251126-q4-10k__469216.md,526
Deere & Company,DE,2025-11-26,FY2025Q4,STRUCTURED_RESULT,q4-10k,1,"We own a significant number of patents, trademarks, copyrights, trade secrets, and intellectual property licenses related to our products and services and expect the number to grow as we continue to pursue technological innovations. We further our competitive position by filing patent and trademark applications in the U.S. and internationally to protect technology, improvements considered importan",challenge/offline-data/deere/filings/2025-11-26__de-us-20251126-q4-10k__469216.md,741
Deere & Company,DE,2025-11-26,FY2025Q4,STRUCTURED_RESULT,q4-10k,"2025,  | 2026.","In fiscal year 2025, compliance with environmental controls applicable to us did not have a material effect on our capital expenditures, earnings, or competitive position. At this time, we do not expect to incur material capital expenditures related to environmental controls during fiscal year 2026.",challenge/offline-data/deere/filings/2025-11-26__de-us-20251126-q4-10k__469216.md,994
Deere & Company,DE,2025-11-26,FY2025Q4,STRUCTURED_RESULT,q4-10k,2026.  | 1,"At this time, we do not expect to incur material capital expenditures related to compliance with regulations during fiscal year 2026. Additional information about the impact of government regulations on our business is included in Item 1A, 'Risk Factors-Strategic Risks' and 'Legal and Regulatory Compliance Risks.'",challenge/offline-data/deere/filings/2025-11-26__de-us-20251126-q4-10k__469216.md,1012
Deere & Company,DE,2025-11-26,FY2025Q4,STRUCTURED_RESULT,q4-10k,"2025,  | 2026. ","The demand for our products and services depends on the fundamentals in the markets in which we operate and can be significantly reduced in an economic environment characterized by high unemployment, high interest rates, cautious consumer spending, inflation, lower corporate earnings, and lower business investment, all of which affect farmers' income and sentiment. In fiscal year 2025, unfavorable",challenge/offline-data/deere/filings/2025-11-26__de-us-20251126-q4-10k__469216.md,1193
Deere & Company,DE,2025-11-26,FY2025Q4,STRUCTURED_RESULT,q4-10k,"2025,  | 80% | 2025,  | 2026. ","- The imposition of tariffs and retaliatory tariffs has impacted, and we expect will continue to impact, the sourcing of parts and components, the cost and profitability of manufacturing operations, and our ability to ship, import, and export our products. During fiscal year 2025, new tariffs were imposed in the U.S. for imports from a broad range of countries and materials. Several countries also",challenge/offline-data/deere/filings/2025-11-26__de-us-20251126-q4-10k__469216.md,1203
Deere & Company,DE,2025-11-26,FY2025Q4,STRUCTURED_RESULT,q4-10k,"2025, ","To ensure adequate inventory supply, we must forecast inventory needs and expenses and place orders sufficiently in advance with suppliers and contract manufacturers. These forecasts are based on estimates of future demand for products and services. Failure to accurately forecast our needs results in unmet market demand, parts shortages, manufacturing delays or inefficiencies, increased costs, or ",challenge/offline-data/deere/filings/2025-11-26__de-us-20251126-q4-10k__469216.md,1318
Deere & Company,DE,2025-11-26,FY2025Q4,STRUCTURED_RESULT,q4-10k,2025 ,"Negative economic conditions have an adverse effect on the financial industry in which the financial services segment operates. The financial services segment provides financing for a significant portion of our sales worldwide. The financial services segment is vulnerable to customers and others defaulting on contractual obligations, and has experienced, and may continue to experience write-offs a",challenge/offline-data/deere/filings/2025-11-26__de-us-20251126-q4-10k__469216.md,1384
Deere & Company,DE,2025-11-26,FY2025Q4,STRUCTURED_RESULT,q4-10k,2025. ,"Similarly, we may not realize the anticipated benefits of our Leap Ambitions and related goals within the expected timelines, or at all. As part of our Leap Ambitions, we adopted certain financial and operational goals, which were refined in December 2025. In the future, we may again modify these goals, abandon them or be unable to achieve them for a variety of reasons, some of which may be beyond",challenge/offline-data/deere/filings/2025-11-26__de-us-20251126-q4-10k__469216.md,1416
Deere & Company,DE,2025-11-26,FY2025Q4,STRUCTURED_RESULT,q4-10k,"500  | 500  | 500  | 100  | 30,  | 2020, ",The following graph compares the yearly percentage change of Deere &amp; Company's cumulative total shareholder returns (TSR) for the last five years to that of the S&amp;P 500 Index and the S&amp;P 500 Industrials Index. The S&amp;P 500 Industrials Index represents a focus group of companies across major industrial manufacturing categories that carry similar operational characteristics to us. The,challenge/offline-data/deere/filings/2025-11-26__de-us-20251126-q4-10k__469216.md,2151
Deere & Company,DE,2025-11-26,FY2025Q4,STRUCTURED_RESULT,q4-10k,2026,## Industry Sales Outlook for Fiscal 2026,challenge/offline-data/deere/filings/2025-11-26__de-us-20251126-q4-10k__469216.md,2288
Deere & Company,DE,2025-11-26,FY2025Q4,STRUCTURED_RESULT,q4-10k,"2022,  | 2030,  | 2025 ","In 2022, we introduced our Leap Ambitions, a set of focused goals designed to guide the implementation of our Smart Industrial Operating Model. These Ambitions are built upon a foundation of product quality and manufacturing excellence, supported by a best-in-class dealer channel, and enabled by employees dedicated to solving some of the world's most important problems. To build on our accomplishm",challenge/offline-data/deere/filings/2025-11-26__de-us-20251126-q4-10k__469216.md,2306
Deere & Company,DE,2025-11-26,FY2025Q4,STRUCTURED_RESULT,q4-10k,2026.,forestry sales are expected to improve in 2026.,challenge/offline-data/deere/filings/2025-11-26__de-us-20251126-q4-10k__469216.md,2326
Deere & Company,DE,2025-11-26,FY2025Q4,STRUCTURED_RESULT,q4-10k,2026,Construction and Forestry Outlook for 2026,challenge/offline-data/deere/filings/2025-11-26__de-us-20251126-q4-10k__469216.md,2361
Deere & Company,DE,2025-11-26,FY2025Q4,STRUCTURED_RESULT,q4-10k,2026.,- Small agriculture &amp; turf and construction &amp; forestry sales are expected to improve in 2026.,challenge/offline-data/deere/filings/2025-11-26__de-us-20251126-q4-10k__469216.md,2451
Deere & Company,DE,2025-11-26,FY2025Q4,STRUCTURED_RESULT,q4-10k,2026,## Agriculture and Turf Outlook for 2026,challenge/offline-data/deere/filings/2025-11-26__de-us-20251126-q4-10k__469216.md,2453
Deere & Company,DE,2025-11-26,FY2025Q4,STRUCTURED_RESULT,q4-10k,2025 ,- We expect small agricultural and turf equipment sales to be flat to up slightly from 2025 levels in the U.S. and Canada. The dairy and livestock segment continues to generate profits driven by solid beef prices. A modest recovery is anticipated in the turf sector following an inflection in the housing market and growth in the overall economy.,challenge/offline-data/deere/filings/2025-11-26__de-us-20251126-q4-10k__469216.md,2456
Deere & Company,DE,2025-11-26,FY2025Q4,STRUCTURED_RESULT,q4-10k,2025.,"- Demand in South America is expected to be flat. In Brazil, while soybean and corn acreage is expected to grow, demand is projected to be tempered by high interest rates, strong global crop yields weighing on prices, and uncertainty over global trade policies. In Argentina, equipment demand is anticipated to moderate after robust growth in 2025.",challenge/offline-data/deere/filings/2025-11-26__de-us-20251126-q4-10k__469216.md,2458
Deere & Company,DE,2025-11-26,FY2025Q4,STRUCTURED_RESULT,q4-10k,2026,## Construction and Forestry Outlook for 2026,challenge/offline-data/deere/filings/2025-11-26__de-us-20251126-q4-10k__469216.md,2461
Deere & Company,DE,2025-11-26,FY2025Q4,STRUCTURED_RESULT,q4-10k,"12  | 12  | 2026  | 2025, ","We closely monitor our cash requirements. Based on the available sources of liquidity, we expect to meet our funding needs in the short term (next 12 months) and long term (beyond 12 months). We are forecasting lower operating cash flows from equipment operations in 2026 compared with 2025, driven by a decrease in net income adjusted for noncash provisions, partially offset by higher cash flows ge",challenge/offline-data/deere/filings/2025-11-26__de-us-20251126-q4-10k__469216.md,3027
Deere & Company,DE,2025-11-26,FY2025Q4,STRUCTURED_RESULT,q4-10k,"2,  | 2025,  | 17.2 billion | 2.3 billion | 12  | 19 ","Borrowings - As of November 2, 2025, we had $17.2 billion of payments due on borrowings and securitization borrowings in the next year, along with interest payments of $2.3 billion. The securitization borrowing payments are based on the expected liquidation of the retail notes. See Notes 12 and 19 for additional borrowing details. These payments will likely be replaced with new borrowings to finan",challenge/offline-data/deere/filings/2025-11-26__de-us-20251126-q4-10k__469216.md,3361
Deere & Company,DE,2025-11-26,FY2025Q4,STRUCTURED_RESULT,q4-10k,2026 ,- expected quarterly cash dividends throughout 2026 (subject to change at the discretion of our Board of Directors),challenge/offline-data/deere/filings/2025-11-26__de-us-20251126-q4-10k__469216.md,3368
Deere & Company,DE,2025-11-26,FY2025Q4,STRUCTURED_RESULT,q4-10k,2026  | 250,- total pension and OPEB contributions in 2026 are expected to be approximately $250,challenge/offline-data/deere/filings/2025-11-26__de-us-20251126-q4-10k__469216.md,3369
Deere & Company,DE,2025-11-26,FY2025Q4,STRUCTURED_RESULT,q4-10k,2025 ,The increase in the 2025 pension and OPEB net benefit was due to an increase in the expected longterm rates of return on pension plan assets.,challenge/offline-data/deere/filings/2025-11-26__de-us-20251126-q4-10k__469216.md,3607
Deere & Company,DE,2025-11-26,FY2025Q4,STRUCTURED_RESULT,q4-10k,90%,"- Linear regression models are used for large and complex retail customer receivable pools, which represent more than 90% of retail customer receivables. These statistical models utilize independent variables, or predictive features, to estimate lifetime default rates, which are subsequently adjusted for expected recoveries to arrive at lifetime credit loss estimates. Independent variables include",challenge/offline-data/deere/filings/2025-11-26__de-us-20251126-q4-10k__469216.md,3636
Deere & Company,DE,2025-11-26,FY2025Q4,STRUCTURED_RESULT,q4-10k,"2025, ","During 2025, the allowance for credit losses increased, primarily due to higher expected losses on agriculture and turf customer accounts as a result of elevated delinquencies and a decline in market conditions.",challenge/offline-data/deere/filings/2025-11-26__de-us-20251126-q4-10k__469216.md,3766
Deere & Company,DE,2025-11-26,FY2025Q4,STRUCTURED_RESULT,q4-10k,1 | 10,"Further information concerning us and our businesses, including factors that could materially affect our financial results, is included in our other filings with the SEC (including, but not limited to, the factors discussed in Item 1A. 'Risk Factors' of this Annual Report on Form 10-K). There also may be other factors that we cannot anticipate or that are not described herein because we do not cur",challenge/offline-data/deere/filings/2025-11-26__de-us-20251126-q4-10k__469216.md,4006
Deere & Company,DE,2025-11-26,FY2025Q4,STRUCTURED_RESULT,q4-10k,"10% | 2026  | 2026  | 100.  | 27,  | 2024, ","We have foreign currency exposures at some of our foreign and domestic operations related to buying, selling, and financing in currencies other than the functional currencies. We hedge significant currency exposures for our equipment operations. Worldwide foreign currency exposures are reviewed quarterly. Based on the anticipated and committed foreign currency cash inflows, outflows, and hedging p",challenge/offline-data/deere/filings/2025-11-26__de-us-20251126-q4-10k__469216.md,4424
Deere & Company,DE,2025-11-26,FY2025Q4,STRUCTURED_RESULT,q4-10k,18,We also offer extended warranty arrangements for purchase at the customer's option. The premiums for extended warranties are recognized in 'Other income' primarily in proportion to the costs expected to be incurred over the contract period. The unamortized extended warranty premiums (deferred revenue) are recorded in 'Accounts payable and accrued expenses' (see Note 18).,challenge/offline-data/deere/filings/2025-11-26__de-us-20251126-q4-10k__469216.md,5204
Deere & Company,DE,2025-11-26,FY2025Q4,STRUCTURED_RESULT,q4-10k,"90% | 2024, ","- Linear regression models are used for large and complex retail customer receivable pools, which represent more than 90% of retail customer receivables. These statistical models utilize independent variables, or predictive features, to estimate lifetime default rates, which are subsequently adjusted for expected recoveries to arrive at lifetime credit loss estimates. Independent variables include",challenge/offline-data/deere/filings/2025-11-26__de-us-20251126-q4-10k__469216.md,5398
Deere & Company,DE,2025-11-26,FY2025Q4,STRUCTURED_RESULT,q4-10k,"2030, ","with our interim reporting for fiscal year 2030, with",challenge/offline-data/deere/filings/2025-11-26__de-us-20251126-q4-10k__469216.md,5493
Deere & Company,DE,2025-11-26,FY2025Q4,STRUCTURED_RESULT,q4-10k,2028 ,annual reporting for fiscal year 2028 and interim,challenge/offline-data/deere/filings/2025-11-26__de-us-20251126-q4-10k__469216.md,5519
Deere & Company,DE,2025-11-26,FY2025Q4,STRUCTURED_RESULT,q4-10k,2026. ,annual reporting for fiscal year 2026. We are,challenge/offline-data/deere/filings/2025-11-26__de-us-20251126-q4-10k__469216.md,5528
Deere & Company,DE,2025-11-26,FY2025Q4,STRUCTURED_RESULT,q4-10k,"2025, ","We closely monitor all Accounting Standard Updates (ASUs) issued by the Financial Accounting Standards Board (FASB) and other authoritative guidance. We adopted the following standards in 2025, none of which had a material effect on our consolidated financial statements:",challenge/offline-data/deere/filings/2025-11-26__de-us-20251126-q4-10k__469216.md,5584
Deere & Company,DE,2025-11-26,FY2025Q4,STRUCTURED_RESULT,q4-10k,"2025,  | 2025 | -10,  | 832 | 2030, ","Accounting Pronouncements to be Adopted In December 2025, the FASB issued ASU 2025-10, Government Grants (Topic 832): Accounting for Government Grants Received by Business Entities, which provides updated guidance on how to recognize, measure, and present government grants. The ASU will be effective for us beginning with our interim reporting for fiscal year 2030, with early adoption permitted. We",challenge/offline-data/deere/filings/2025-11-26__de-us-20251126-q4-10k__469216.md,5592
Deere & Company,DE,2025-11-26,FY2025Q4,STRUCTURED_RESULT,q4-10k,"2025,  | 2025 | -06,  | 350 | -40 | 2029, ","In September 2025, the FASB issued ASU 2025-06, Intangibles - Goodwill and Other - Internal-Use Software (Subtopic 350-40): Targeted Improvements to the Accounting for Internal-Use Software, which provides updated guidance for the capitalization of internal-use software. The ASU will be effective for us beginning with our interim reporting for fiscal year 2029, with early adoption permitted. We ar",challenge/offline-data/deere/filings/2025-11-26__de-us-20251126-q4-10k__469216.md,5594
Deere & Company,DE,2025-11-26,FY2025Q4,STRUCTURED_RESULT,q4-10k,"2024,  | 2024 | -03,  | 220 | -40 | 2025, ","In November 2024, the FASB issued ASU 2024-03, Income Statement - Reporting Comprehensive Income - Expense Disaggregation Disclosures (Subtopic 220-40): Disaggregation of Income Statement Expenses, which expands disclosures about specific expense categories presented on the face of the income statement. In January 2025, the FASB issued ASU 2025-01, Income Statement Reporting Comprehensive Income -",challenge/offline-data/deere/filings/2025-11-26__de-us-20251126-q4-10k__469216.md,5596
Deere & Company,DE,2025-11-26,FY2025Q4,STRUCTURED_RESULT,q4-10k,"2023,  | 2023 | -09,  | 740 | 2026. ","In December 2023, the FASB issued ASU 2023-09, Income Taxes (Topic 740): Improvements to Income Tax Disclosures, which expands disclosures in an entity's income tax rate reconciliation table and cash taxes paid both in the U.S. and foreign jurisdictions. The ASU will be effective for us beginning with our annual reporting for fiscal year 2026. We are assessing the effect of this update on our rela",challenge/offline-data/deere/filings/2025-11-26__de-us-20251126-q4-10k__469216.md,5598
Deere & Company,DE,2025-11-26,FY2025Q4,STRUCTURED_RESULT,q4-10k,2026 ,The 2026 net periodic pension benefit is expected to,challenge/offline-data/deere/filings/2025-11-26__de-us-20251126-q4-10k__469216.md,6359
Deere & Company,DE,2025-11-26,FY2025Q4,STRUCTURED_RESULT,q4-10k,"2026  | 60  | 2025, ","The 2026 net periodic pension benefit is expected to increase by $60 due to changes in discount rates, decreases in amortization of actuarial losses, and the U.S. hourly pension curtailment recognized in 2025, described above.",challenge/offline-data/deere/filings/2025-11-26__de-us-20251126-q4-10k__469216.md,6447
Deere & Company,DE,2025-11-26,FY2025Q4,STRUCTURED_RESULT,q4-10k,50 ,by $50 due to an increase in the expected return,challenge/offline-data/deere/filings/2025-11-26__de-us-20251126-q4-10k__469216.md,6493
Deere & Company,DE,2025-11-26,FY2025Q4,STRUCTURED_RESULT,q4-10k,50  | 2025 ,The OPEB net periodic cost is expected to decrease by $50 due to an increase in the expected return related to the 2025 U.S. voluntary contribution.,challenge/offline-data/deere/filings/2025-11-26__de-us-20251126-q4-10k__469216.md,6642
Deere & Company,DE,2025-11-26,FY2025Q4,STRUCTURED_RESULT,q4-10k,100  | 150  | 2026.  | 2026 ,We expect to contribute approximately $100 to our pension plans and approximately $150 to our OPEB plans in 2026. The contributions include voluntary contributions and direct benefit payments from company funds. We have no required contributions to U.S. pension plan assets in 2026 under applicable funding regulations.,challenge/offline-data/deere/filings/2025-11-26__de-us-20251126-q4-10k__469216.md,6742
Deere & Company,DE,2025-11-26,FY2025Q4,STRUCTURED_RESULT,q4-10k,"2,  | 2025, ","The expected future benefit payments at November 2, 2025, were as follows:",challenge/offline-data/deere/filings/2025-11-26__de-us-20251126-q4-10k__469216.md,6746
Deere & Company,DE,2025-11-26,FY2025Q4,STRUCTURED_RESULT,q4-10k,10  | 20  | 7.4% | 10  | 7.7% | 20 ,"The expected long-term rate of return on plan assets reflects management's expectations of long-term average rates of return on funds invested to provide for benefits included in the projected benefit obligations. The expected return is based on the outlook for inflation and for returns in multiple asset classes, while also considering historical returns, asset allocation, and investment strategy.",challenge/offline-data/deere/filings/2025-11-26__de-us-20251126-q4-10k__469216.md,7186
Deere & Company,DE,2025-11-26,FY2025Q4,STRUCTURED_RESULT,q4-10k,401,We have Voluntary Employees' Beneficiary Association trusts (VEBAs) for the funding of hourly and salary postretirement health care benefits. The future expected asset returns for the VEBAs are lower than the expected return on the other pension and health care plan assets due to investment in a higher proportion of liquid securities. These assets are in addition to the other postretirement health,challenge/offline-data/deere/filings/2025-11-26__de-us-20251126-q4-10k__469216.md,7188
Deere & Company,DE,2025-11-26,FY2025Q4,STRUCTURED_RESULT,q4-10k,"2025, ","The allowance for credit losses on retail notes and financing lease receivables increased in 2025, primarily due to higher expected losses on agriculture and turf customer accounts as a result of elevated delinquencies and a decline in market conditions.",challenge/offline-data/deere/filings/2025-11-26__de-us-20251126-q4-10k__469216.md,8661
Deere & Company,DE,2025-11-26,FY2025Q4,STRUCTURED_RESULT,q4-10k,"2024,  | 2025  | 3 | 2024, ","During 2024, the financial services business in Brazil met the held for sale criteria, therefore the receivables were reclassified to 'Assets held for sale' and the associated allowance for credit losses was reversed. These operations were deconsolidated in the second quarter of 2025 (see Note 3). Excluding the impact of BJD, the allowance for credit losses on retail notes and financing lease rece",challenge/offline-data/deere/filings/2025-11-26__de-us-20251126-q4-10k__469216.md,8663
Deere & Company,DE,2025-11-26,FY2025Q4,STRUCTURED_RESULT,q4-10k,"2023,  | 2023  | 3 | 2023, ","During 2023, the financial services business in Russia met the held for sale criteria. The financing receivables in Russia were reclassified to 'Other assets' and the associated allowance for credit losses was reversed. These operations were sold in the second quarter of 2023 (see Note 3). Excluding the portfolio in Russia, the allowance increased in 2023, primarily driven by growth in the retail ",challenge/offline-data/deere/filings/2025-11-26__de-us-20251126-q4-10k__469216.md,8665
Deere & Company,DE,2025-11-26,FY2025Q4,STRUCTURED_RESULT,q4-10k,"2,  | 2025,  | 2026  | 3,428,  | 2027  | 1,942, ","Although these securitization borrowings are classified as short-term since payment is required if the financing receivables are liquidated early, the payment schedule for these borrowings at November 2, 2025, based on the expected liquidation of the retail notes is as follows: 2026 $3,428, 2027 - $1,942, 2028 - $1,005, 2029 $198, 2030 - $29, and later years - $3.",challenge/offline-data/deere/filings/2025-11-26__de-us-20251126-q4-10k__469216.md,9021
Deere & Company,DE,2025-11-26,FY2025Q4,STRUCTURED_RESULT,q4-10k,"2,  | 2025, ","We have commitments to extend credit to customers. The commitments are in the form of lines of credit and other pre-approved credit arrangements. We have the right to cancel or amend the terms of these commitments at any time. These commitments are not expected to be fully drawn upon; therefore, the total commitment amounts likely do not represent a future cash requirement. The commitments to exte",challenge/offline-data/deere/filings/2025-11-26__de-us-20251126-q4-10k__469216.md,9518
Deere & Company,DE,2025-11-26,FY2025Q4,STRUCTURED_RESULT,q4-10k,"2,  | 2025,  | 89  | 1.75 ","At November 2, 2025, there was $89 of total unrecognized compensation cost from share-based compensation arrangements. This compensation is expected to be recognized over a weighted-average period of approximately 1.75 years.",challenge/offline-data/deere/filings/2025-11-26__de-us-20251126-q4-10k__469216.md,9719
Deere & Company,DE,2025-11-26,FY2025Q4,STRUCTURED_RESULT,q4-10k,"2025, ","2025, that is expected to be reclassified to “Interest",challenge/offline-data/deere/filings/2025-11-26__de-us-20251126-q4-10k__469216.md,10739
Deere & Company,DE,2025-11-26,FY2025Q4,STRUCTURED_RESULT,q4-10k,"2,  | 2025, ","The amount of loss recorded in OCI at November 2, 2025, that is expected to be reclassified to 'Interest expense' in the next twelve months if interest rates were no gains or losses reclassified from OCI to earnings based on the probability that the original forecasted transaction would not occur.",challenge/offline-data/deere/filings/2025-11-26__de-us-20251126-q4-10k__469216.md,10827
Deere & Company,DE,2025-11-26,FY2025Q4,STRUCTURED_RESULT,q4-10k,90 percent,"The Company utilizes linear regression models to estimate the expected credit losses for large and complex retail customer receivable pools, which represent more than 90 percent of retail customer receivables. These statistical models utilize independent variables, or predictive features, to estimate lifetime default rates, which are subsequently adjusted for expected recoveries to arrive at lifet",challenge/offline-data/deere/filings/2025-11-26__de-us-20251126-q4-10k__469216.md,11331
Deere & Company,DE,2025-11-26,FY2025Q4,STRUCTURED_RESULT,q4-10k,1471  | 1474 ,""" FATCA "" means (a) sections 1471 to 1474 of the Code or any associated regulations or other official guidance; (b) any treaty, law, regulation or other official guidance enacted in any other jurisdiction  that  seeks  to  implement  a  similar  financial  account  information  reporting  or withholding  tax  regime;  (c)  any  intergovernmental  agreement,  treaty,  regulation,  guidance, standar",challenge/offline-data/deere/filings/2025-11-26__de-us-20251126-q4-10k__469216.md,12005
Deere & Company,DE,2025-11-26,FY2025Q4,STRUCTURED_RESULT,q4-10k,10 | 30 | 360.,"Where such calculation is to be made for a period which is not a whole number of years, the calculation in respect of the period of less than a full year shall be made on the basis of such Day Count Fraction as may be specified in the relevant Final Terms for the purposes of this Condition 10(g) or, if none is so specified, a Day Count Fraction of 30E/360.",challenge/offline-data/deere/filings/2025-11-26__de-us-20251126-q4-10k__469216.md,14143
Deere & Company,DE,2025-11-26,FY2025Q4,STRUCTURED_RESULT,q4-10k,3.  | 409 | 409,3. (l) Section 409A.  Section 409A of the Internal Revenue Code and the regulations and other guidance thereunder.,challenge/offline-data/deere/filings/2025-11-26__de-us-20251126-q4-10k__469216.md,15039
Deere & Company,DE,2025-11-26,FY2025Q4,STRUCTURED_RESULT,q4-8k,2026  | 4.00 billion | 4.75 billion,Full-year 2026 earnings are projected to be between $4.00 billion and $4.75 billion,challenge/offline-data/deere/filings/2025-11-26__de-us-20251126-q4-8k__361233.md,26
Deere & Company,DE,2025-11-26,FY2025Q4,STRUCTURED_RESULT,q4-8k,"1.245 billion | 4.55  | 27,  | 2024. ","income of $1.245 billion, or $4.55 per share, for the quarter ended October 27, 2024. For fiscal",challenge/offline-data/deere/filings/2025-11-26__de-us-20251126-q4-8k__361233.md,29
Deere & Company,DE,2025-11-26,FY2025Q4,STRUCTURED_RESULT,q4-8k,2025  | 12% | 45.684 billion | 10.579 billion,"of 2025 and decreased 12%, to $45.684 billion, for the full year. Net sales were $10.579 billion",challenge/offline-data/deere/filings/2025-11-26__de-us-20251126-q4-8k__361233.md,33
Deere & Company,DE,2025-11-26,FY2025Q4,STRUCTURED_RESULT,q4-8k,2026 ,Net income attributable to Deere & Company for fiscal 2026 is forecasted to be in a range of,challenge/offline-data/deere/filings/2025-11-26__de-us-20251126-q4-8k__361233.md,43
Deere & Company,DE,2025-11-26,FY2025Q4,STRUCTURED_RESULT,q4-8k,1.065  | 5.027 ,"## Deere Reports Net Income of $1.065 Billion for Fourth Quarter, $5.027 Billion for Fiscal Year",challenge/offline-data/deere/filings/2025-11-26__de-us-20251126-q4-8k__361233.md,62
Deere & Company,DE,2025-11-26,FY2025Q4,STRUCTURED_RESULT,q4-8k,2026  | 4.00 billion | 4.75 billion,- Full-year 2026 earnings are projected to be between $4.00 billion and $4.75 billion,challenge/offline-data/deere/filings/2025-11-26__de-us-20251126-q4-8k__361233.md,66
Deere & Company,DE,2025-11-26,FY2025Q4,STRUCTURED_RESULT,q4-8k,"26,  | 2025 | 1.065 billion | 2,  | 2025,  | 3.93 ","MOLINE, Illinois (November 26, 2025) - Deere &amp; Company reported net income of $1.065 billion for the fourth quarter ended November 2, 2025, or $3.93 per share, compared with net income of $1.245 billion, or $4.55 per share, for the quarter ended October 27, 2024. For fiscal year 2025, net income attributable to Deere &amp; Company was $5.027 billion, or $18.50 per share, compared with $7.100 b",challenge/offline-data/deere/filings/2025-11-26__de-us-20251126-q4-8k__361233.md,68
Deere & Company,DE,2025-11-26,FY2025Q4,STRUCTURED_RESULT,q4-8k,11% | 12.394 billion | 2025  | 12% | 45.684 billion | 10.579 billion,"Worldwide net sales and revenues increased 11%, to $12.394 billion, for the fourth quarter of 2025 and decreased 12%, to $45.684 billion, for the full year. Net sales were $10.579 billion for the quarter and $38.917 billion for the year, compared with $9.275 billion and $44.759 billion in fiscal 2024, respectively.",challenge/offline-data/deere/filings/2025-11-26__de-us-20251126-q4-8k__361233.md,70
Deere & Company,DE,2025-11-26,FY2025Q4,STRUCTURED_RESULT,q4-8k,2026  | 4.00 billion | 4.75 billion,Net income attributable to Deere &amp; Company for fiscal 2026 is forecasted to be in a range of $4.00 billion to $4.75 billion.,challenge/offline-data/deere/filings/2025-11-26__de-us-20251126-q4-8k__361233.md,76
Deere & Company,DE,2025-11-26,FY2025Q4,STRUCTURED_RESULT,q4-8k,2026 ,"'Looking ahead, we believe 2026 will mark the bottom of the large ag cycle,' May stated. 'While ongoing margin pressures from tariffs and persistent challenges in the large ag sector remain, our commitment to inventory management and cost control, coupled with expected growth in small agriculture &amp; turf and construction &amp; forestry, positions us to effectively manage the business and seize ",challenge/offline-data/deere/filings/2025-11-26__de-us-20251126-q4-8k__361233.md,78
Deere & Company,DE,2025-11-26,FY2025Q4,STRUCTURED_RESULT,q4-8k,"2026, | 2026, | 1995 ","Certain statements contained herein, including in the section entitled 'Company Outlook &amp; Summary,' 'Industry Outlook for Fiscal 2026,' 'Deere Segment Outlook for Fiscal 2026,' and 'Condensed Notes to Consolidated Financial Statements' relating to future events, expectations, and trends constitute 'forward-looking statements' as defined in the Private Securities Litigation Reform Act of 1995 a",challenge/offline-data/deere/filings/2025-11-26__de-us-20251126-q4-8k__361233.md,174
Deere & Company,DE,2025-11-26,FY2025Q4,STRUCTURED_RESULT,q4-8k,1 | 10 | 10,"Further information concerning the company or its businesses, including factors that could materially affect the company's financial results, is included in the company's filings with the SEC (including, but not limited to, the factors discussed in Item 1A. 'Risk Factors' of the company's most recent Annual Report on Form 10-K and subsequent Quarterly Reports on Form 10-Q). There also may be other",challenge/offline-data/deere/filings/2025-11-26__de-us-20251126-q4-8k__361233.md,209
Deere & Company,DE,2025-08-15,FY2025Q3,EARNINGS_CALL,call-q3-pres,2025  | 30%,"Unknown speaker: Slide six gives our 2025 industry outlook for ag and turf markets globally. In The U. S. And Canada, we continue to expect large ag equipment industry sales to be down approximately 30% in the fiscal year. Demand continues to be pressured by high interest rates, elevated used inventory levels in late model year machines and trade uncertainty, is partially mitigated by tight global",challenge/offline-data/deere/call-transcripts/2025-08-15__de-us-20250815-call-q3-pres__143406.md,35
Deere & Company,DE,2025-08-15,FY2025Q3,EARNINGS_CALL,call-q3-pres,5% | 2025.,"Unknown speaker: However, we saw improved sentiment and better than anticipated retail sales during the quarter, which supported our upward revision to the full year outlook. Shifting to Europe. Sentiment is trending favorably driven by strong dairy fundamentals, stabilizing interest rates and an improving arable outlook. We now expect the industry to be flat to down 5% in fiscal year twenty twent",challenge/offline-data/deere/call-transcripts/2025-08-15__de-us-20250815-call-q3-pres__143406.md,39
Deere & Company,DE,2025-08-15,FY2025Q3,EARNINGS_CALL,call-q3-pres,5%,"Unknown speaker: Positive sentiment in Brazil is supported by record crop production, improved corn and soy profitability levels and continued expansion of production rain acreage in the region. However, high interest rates, which continue to increase over the quarter and questions related to trade policy with The U. S, are causing some caution in the market. Industry sales for Asia are now expect",challenge/offline-data/deere/call-transcripts/2025-08-15__de-us-20250815-call-q3-pres__143406.md,41
Deere & Company,DE,2025-08-15,FY2025Q3,EARNINGS_CALL,call-q3-pres,1520% | 15.517% | 10%,"Unknown speaker: For production in Precision Ag, our net sales forecast for the full year remains down between 1520%. The forecast assumes roughly one point of positive price realization offset by one point of negative currency translation. For the segment's operating margin, our full year forecast remains between 15.517%. Slide eight covers our forecast for the Small Ag and Turf segment. With pro",challenge/offline-data/deere/call-transcripts/2025-08-15__de-us-20250815-call-q3-pres__143406.md,43
Deere & Company,DE,2025-08-15,FY2025Q3,EARNINGS_CALL,call-q3-pres,"0.5  | 5% | 3,059,000,000.000 ",Unknown speaker: This guide includes 0.5 of positive price realization as well as zero five point of positive currency translation. The segment's operating margin is now forecasted to be between twelve percent and thirteen point five percent in line with the improved sales outlook. Shifting now to Construction and Forestry on Slide nine. Net sales for the quarter were down 5% year over year to DKK,challenge/offline-data/deere/call-transcripts/2025-08-15__de-us-20250815-call-q3-pres__143406.md,45
Deere & Company,DE,2025-08-15,FY2025Q3,EARNINGS_CALL,call-q3-pres,"1.5  | 237,000,000  | 7.7% | 10  | 2025 ","Unknown speaker: Negative price in the quarter was driven by incremental incentive programs deployed in the North American earthmoving market, where competitive pricing pressure persists. Currency translation was positive by roughly 1.5 points. Operating profit of €237,000,000 was down year over year resulting in a 7.7% operating margin primarily due to unfavorable price realization and tariffs. T",challenge/offline-data/deere/call-transcripts/2025-08-15__de-us-20250815-call-q3-pres__143406.md,47
Deere & Company,DE,2025-08-15,FY2025Q3,EARNINGS_CALL,call-q3-pres,10% | 5%,"Unknown speaker: Industry sales for earthmoving equipment in The U. S. And Canada are still expected to be down approximately 10%, while compact construction equipment in The U. S. And Canada is now expected to be flat to down approximately 5%.",challenge/offline-data/deere/call-transcripts/2025-08-15__de-us-20250815-call-q3-pres__143406.md,49
Deere & Company,DE,2025-08-15,FY2025Q3,EARNINGS_CALL,call-q3-pres,5%,"Unknown speaker: Additionally, equipment replacement in the rental industry remains muted. All of these factors continue to drive caution in the market relative to capital investment. However, order activity over the course of the past quarter has trended more favorably. Global forestry markets are expected to remain flat to down 5%. The projection for the global roadbuilding market remains roughl",challenge/offline-data/deere/call-transcripts/2025-08-15__de-us-20250815-call-q3-pres__143406.md,53
Deere & Company,DE,2025-08-15,FY2025Q3,EARNINGS_CALL,call-q3-pres,2024.  | 11.  | 2025  | 1015%,"Unknown speaker: North America is slightly lower year over year. However, growth in Europe and a slight recovery in China are contributing to keep industry levels roughly unchanged from 2024. Moving on to the Construction and Forestry segment outlook on Slide 11. 2025 net sales estimates remain down between 1015%. Net sales guidance for the year now includes flat currency translation and about two",challenge/offline-data/deere/call-transcripts/2025-08-15__de-us-20250815-call-q3-pres__143406.md,55
Deere & Company,DE,2025-08-15,FY2025Q3,EARNINGS_CALL,call-q3-pres,"8.510% | 12.  | 2.00  | 5,000,000  | 770,000,000  | 2025 ","Unknown speaker: The segment's operating margin is now projected to be between 8.510%, reflecting higher levels of tariff costs and lower price realization. Transitioning to our Financial Services operations on Slide 12. Worldwide Financial Services net income attributable to Deere and Company in the third quarter was $2.00 €5,000,000 Net income was higher due to lower provision for credit losses ",challenge/offline-data/deere/call-transcripts/2025-08-15__de-us-20250815-call-q3-pres__143406.md,57
Deere & Company,DE,2025-08-15,FY2025Q3,EARNINGS_CALL,call-q3-pres,"4,750,000,000  | 5,250,000,000.00  | 1921% | 4,500,000,000.0  | 5,500,000,000 ","Unknown speaker: For fiscal year twenty twenty five, we tightened our outlook for net income from last quarter to now be between €4,750,000,000 and 5,250,000,000.00 Our forecast for net income is largely unchanged quarter over quarter. Recall, the top end of our guide from last quarter reflected a scenario where tariff rates moderated. Next, our guidance reflects an effective tax rate between 1921",challenge/offline-data/deere/call-transcripts/2025-08-15__de-us-20250815-call-q3-pres__143406.md,59
Deere & Company,DE,2025-08-15,FY2025Q3,EARNINGS_CALL,call-q3-pres,"600,000,000 ","Unknown speaker: Based on tariff rates in effect as of today, our forecast for the pretax impact of tariffs in fiscal twenty twenty five is now adjusted to nearly $600,000,000 The primary drivers for the change from last quarter are increased tariff rates on Europe, India and steel and aluminum. The notable change this quarter was price realization. As you mentioned earlier, Chris, we saw negative",challenge/offline-data/deere/call-transcripts/2025-08-15__de-us-20250815-call-q3-pres__143406.md,83
Deere & Company,DE,2025-08-15,FY2025Q3,EARNINGS_CALL,call-q3-pres,2025 ,"Unknown speaker: It's important to note that the accrual for these programs drove pricing negative in the quarter, but that we've maintained our 2025 full year guide of approximately one point of positive price. The best way to think about that is we had room in our incentive budget to continue to support a healthy market and that we're putting those funds to work in the area of highest impact. Ce",challenge/offline-data/deere/call-transcripts/2025-08-15__de-us-20250815-call-q3-pres__143406.md,87
Deere & Company,DE,2025-08-15,FY2025Q3,EARNINGS_CALL,call-q3-pres,26  | 20%,"Unknown speaker: Based on the results of the EOP and expected order intake post EOP, which is based on historical activity, we project model year '26 sprayers to be down roughly 20% year over year.",challenge/offline-data/deere/call-transcripts/2025-08-15__de-us-20250815-call-q3-pres__143406.md,125
Deere & Company,DE,2025-08-15,FY2025Q3,EARNINGS_CALL,call-q3-qna,"1,000,000,000  | 2026","Unknown speaker: Thank you. Good morning. The question is on the cash flow guidance, call it, dollars 1,000,000,000 range with just a quarter left. I'm curious how much of that reflects maybe potential difference in outcomes with respect to channel inventory. I guess you are saying that you're kind of done under producing, but, obviously, the fourth quarter can have always have some variability wi",challenge/offline-data/deere/call-transcripts/2025-08-15__de-us-20250815-call-q3-qna__143409.md,59
Deere & Company,DE,2025-08-15,FY2025Q3,EARNINGS_CALL,call-q3-qna,3.  | 2026.,"Unknown speaker: We got the first quarter up in about eighteen months. So we were positive and pleased with the inflection point that we saw. Obviously, it's been a price competitive segment, and what we did in the quarter was reflective of that. We expect to see some price moderation in the fourth quarter as we've accrued this current level of incentives in Q3. We'll see where the market goes in ",challenge/offline-data/deere/call-transcripts/2025-08-15__de-us-20250815-call-q3-qna__143409.md,79
Deere & Company,DE,2025-08-15,FY2025Q3,EARNINGS_CALL,call-q3-qna,2025 ,"Unknown speaker: They say, I appreciate the question. And I think you're seeing some of that difference even here in 2025 as we look at the fourth quarter. And you mentioned it. I mean, based on our guide, our expectation is sequentially, we would see an increase, kind of high single digit increase in large ag sales into the fourth quarter. And some of that is that, call it, North America versus r",challenge/offline-data/deere/call-transcripts/2025-08-15__de-us-20250815-call-q3-qna__143409.md,99
Deere & Company,DE,2025-08-15,FY2025Q3,EARNINGS_CALL,call-q3-qna,"300,000,000  | 600,000,000  | 4","Unknown speaker: I wanted to ask about your updated tariff assumptions. I think you said $300,000,000 year to date realized, dollars 600,000,000 now for the full year. Just can you help us bucket that in terms of the direct tariffs versus maybe some of the steel and aluminum impact? Any non regrettable actions you've taken to mitigate that? And how that is allocated among the business units given ",challenge/offline-data/deere/call-transcripts/2025-08-15__de-us-20250815-call-q3-qna__143409.md,117
Deere & Company,DE,2025-08-15,FY2025Q3,EARNINGS_CALL,call-q3-qna,"500,000,000  | 600,000,000  | 100,000,000  | 2.","Unknown speaker: Yes. Thanks, Krista, for the question. Maybe just walking through some of the components first and foremost. So yes, I mean, prior quarter, our full year guide was about a $500,000,000 tariff impact pretax, and we've now increased that to $600,000,000 for the full year. And again, quarter by quarter, it's about $100,000,000 of impact in Q2.",challenge/offline-data/deere/call-transcripts/2025-08-15__de-us-20250815-call-q3-qna__143409.md,121
Deere & Company,DE,2025-08-15,FY2025Q3,EARNINGS_CALL,call-q3-qna,40% | 40  | 45. ,"Unknown speaker: I think the other thing to maybe look at and just step back on, if we got to look at the full year for equipment operations and if you take tariffs out, our decremental margin is about 40%. So given the mix, given where North America large ag is, doing a 40 decremental there, we feel pretty good about. And if you zoom into production of Precision Ag for the full year ex tariffs, y",challenge/offline-data/deere/call-transcripts/2025-08-15__de-us-20250815-call-q3-qna__143409.md,131
Deere & Company,DE,2025-08-15,FY2025Q3,EARNINGS_CALL,call-q3-qna,24% | 2026  | 3%,"Unknown speaker: So again, we'll see how those demand pieces play out for next year, but there's some inherent tailwinds just comparing, again, the underproduction this year to next. Thinking about price, obviously, don't have a guide for next year, but indications, as we mentioned, for early order programs next year in North America, list prices are between 24%. We've introduced large tractor pri",challenge/offline-data/deere/call-transcripts/2025-08-15__de-us-20250815-call-q3-qna__143409.md,173
Deere & Company,DE,2025-08-15,FY2025Q3,STRUCTURED_RESULT,q3-8k,2025 ,Net income attributable to Deere & Company for fiscal 2025 is forecasted to be in a range of,challenge/offline-data/deere/filings/2025-08-15__de-us-20250815-q3-8k__143410.md,40
Deere & Company,DE,2025-08-15,FY2025Q3,STRUCTURED_RESULT,q3-8k,2025  | 4.75 billion | 5.25 billion,Net income attributable to Deere &amp; Company for fiscal 2025 is forecasted to be in a range of $4.75 billion to $5.25 billion.,challenge/offline-data/deere/filings/2025-08-15__de-us-20250815-q3-8k__143410.md,69
Deere & Company,DE,2025-08-15,FY2025Q3,STRUCTURED_RESULT,q3-8k,"2025, | 2025, | 1995 ","Certain statements contained herein, including in the section entitled 'Company Outlook &amp; Summary,' 'Industry Outlook for Fiscal 2025,' 'Deere Segment Outlook for Fiscal 2025,' and 'Condensed Notes to Interim Consolidated Financial Statements' relating to future events, expectations, forecasted financial and industry results, future investment and trends constitute 'forward-looking statements'",challenge/offline-data/deere/filings/2025-08-15__de-us-20250815-q3-8k__143410.md,162
Deere & Company,DE,2025-08-15,FY2025Q3,STRUCTURED_RESULT,q3-8k,1 | 10 | 10,"Further information concerning the company or its businesses, including factors that could materially affect the company's financial results, is included in the company's filings with the SEC (including, but not limited to, the factors discussed in Item 1A. 'Risk Factors' of the company's most recent Annual Report on Form 10-K and subsequent Quarterly Reports on Form 10-Q). There also may be other",challenge/offline-data/deere/filings/2025-08-15__de-us-20250815-q3-8k__143410.md,199
Deere & Company,DE,2025-08-14,FY2025Q3,STRUCTURED_RESULT,q3-10q,"52 | 53  | 2025  | 2024  | 27,  | 2025 ","We use a 52/53 week fiscal year with quarters ending on the last Sunday in the reporting period. The third quarter ends for fiscal years 2025 and 2024 were July 27, 2025 and July 28, 2024, respectively. Both quarters contained 13 weeks, while both year-to-date periods contained 39 weeks. Fiscal year 2025 will contain 53 weeks, with the additional week occurring in the fourth quarter. Unless otherw",challenge/offline-data/deere/filings/2025-08-14__de-us-20250814-q3-10q__155834.md,496
Deere & Company,DE,2025-08-14,FY2025Q3,STRUCTURED_RESULT,q3-10q,10,"The interim consolidated financial statements of Deere &amp; Company have been prepared by us, without audit, pursuant to the rules and regulations of the U.S. Securities and Exchange Commission (SEC). Certain information and footnote disclosures normally included in annual financial statements prepared in accordance with accounting principles generally accepted in the U.S. have been condensed or ",challenge/offline-data/deere/filings/2025-08-14__de-us-20250814-q3-10q__155834.md,522
Deere & Company,DE,2025-08-14,FY2025Q3,STRUCTURED_RESULT,q3-10q,"2025, ","(FASB) and other authoritative guidance. We adopted the following standards in 2025, none of which had a",challenge/offline-data/deere/filings/2025-08-14__de-us-20250814-q3-10q__155834.md,533
Deere & Company,DE,2025-08-14,FY2025Q3,STRUCTURED_RESULT,q3-10q,"2027, ","beginning with our interim reporting for fiscal year 2027, with early adoption permitted. We are assessing the",challenge/offline-data/deere/filings/2025-08-14__de-us-20250814-q3-10q__155834.md,543
Deere & Company,DE,2025-08-14,FY2025Q3,STRUCTURED_RESULT,q3-10q,2028 ,be effective for us beginning with our annual reporting for fiscal year 2028 and interim periods thereafter. We are,challenge/offline-data/deere/filings/2025-08-14__de-us-20250814-q3-10q__155834.md,550
Deere & Company,DE,2025-08-14,FY2025Q3,STRUCTURED_RESULT,q3-10q,"2025, ","We closely monitor all Accounting Standard Updates (ASUs) issued by the Financial Accounting Standards Board (FASB) and other authoritative guidance. We adopted the following standards in 2025, none of which had a material effect on our consolidated financial statements.",challenge/offline-data/deere/filings/2025-08-14__de-us-20250814-q3-10q__155834.md,568
Deere & Company,DE,2025-08-14,FY2025Q3,STRUCTURED_RESULT,q3-10q,"2025,  | 2025 | -05,  | 326 | 2027, ","In July 2025, the FASB issued ASU 2025-05, Financial Instruments - Credit Losses (Topic 326): Measurement of Credit Losses for Accounts Receivable and Contract Assets, which provides a practical expedient for estimating expected credit losses on short-term receivables from sales transactions. The ASU will be effective for us beginning with our interim reporting for fiscal year 2027, with early ado",challenge/offline-data/deere/filings/2025-08-14__de-us-20250814-q3-10q__155834.md,576
Deere & Company,DE,2025-08-14,FY2025Q3,STRUCTURED_RESULT,q3-10q,"2024,  | 2024 | -03,  | 220 | -40 | 2025, ","In November 2024, the FASB issued ASU 2024-03, Income Statement - Reporting Comprehensive Income Expense Disaggregation Disclosures (Subtopic 220-40): Disaggregation of Income Statement Expenses, which expands disclosures about specific expense categories presented on the face of the income statement. In January 2025, the FASB issued ASU 2025-01, Income Statement - Reporting Comprehensive Income -",challenge/offline-data/deere/filings/2025-08-14__de-us-20250814-q3-10q__155834.md,578
Deere & Company,DE,2025-08-14,FY2025Q3,STRUCTURED_RESULT,q3-10q,"2023,  | 2023 | -09,  | 740 | 2026. ","In December 2023, the FASB issued ASU 2023-09, Income Taxes (Topic 740): Improvements to Income Tax Disclosures, which expands disclosures in an entity's income tax rate reconciliation table and cash taxes paid both in the U.S. and foreign jurisdictions. The ASU will be effective for us beginning with our annual reporting for fiscal year 2026. We are assessing the effect of this update on our rela",challenge/offline-data/deere/filings/2025-08-14__de-us-20250814-q3-10q__155834.md,580
Deere & Company,DE,2025-08-14,FY2025Q3,STRUCTURED_RESULT,q3-10q,"2,100,  | 1,923,  | 1,895  | 27,  | 2025,  | 27, ","We invoice in advance of recognizing the revenue of certain products and services. These relate to extended warranty premiums, advance payments for future equipment sales, and subscription and service revenue related to precision guidance, telematic services, and other information-enabled solutions. These advanced customer payments are presented as deferred revenue, a contract liability, in 'Accou",challenge/offline-data/deere/filings/2025-08-14__de-us-20250814-q3-10q__155834.md,762
Deere & Company,DE,2025-08-14,FY2025Q3,STRUCTURED_RESULT,q3-10q,"1,823  | 27,  | 2025.  | 2025  | 182,  | 2026 ","The amount of unsatisfied performance obligations for contracts with an original duration greater than one year was $1,823 at July 27, 2025. The estimated revenue to be recognized by fiscal year follows: remainder of 2025 $182, 2026 - $504, 2027 - $425, 2028 - $302, 2029 - $190, 2030 - $140, and later years - $80. As permitted, we elected only to disclose remaining performance obligations with an ",challenge/offline-data/deere/filings/2025-08-14__de-us-20250814-q3-10q__155834.md,764
Deere & Company,DE,2025-08-14,FY2025Q3,STRUCTURED_RESULT,q3-10q,"2025, ","During the first nine months of 2025, we contributed and expect to contribute the following amounts to our pension and OPEB plans:",challenge/offline-data/deere/filings/2025-08-14__de-us-20250814-q3-10q__155834.md,904
Deere & Company,DE,2025-08-14,FY2025Q3,STRUCTURED_RESULT,q3-10q,"2025  | 2025, ","The allowance for credit losses remained relatively flat in the third quarter of 2025 and increased in the first nine months of 2025, primarily due to higher expected losses on agriculture and turf customer accounts as a result of elevated delinquencies and a decline in market conditions.",challenge/offline-data/deere/filings/2025-08-14__de-us-20250814-q3-10q__155834.md,1142
Deere & Company,DE,2025-08-14,FY2025Q3,STRUCTURED_RESULT,q3-10q,2025,## Industry Sales Outlook for Fiscal Year 2025,challenge/offline-data/deere/filings/2025-08-14__de-us-20250814-q3-10q__155834.md,1920
Deere & Company,DE,2025-08-14,FY2025Q3,STRUCTURED_RESULT,q3-10q,2025 ,Agriculture and turf and construction equipment sales volumes for fiscal 2025 are expected to be lower than the prior year due to reduced demand.,challenge/offline-data/deere/filings/2025-08-14__de-us-20250814-q3-10q__155834.md,1936
Deere & Company,DE,2025-08-14,FY2025Q3,STRUCTURED_RESULT,q3-10q,2025,## Agriculture and Turf Outlook for 2025,challenge/offline-data/deere/filings/2025-08-14__de-us-20250814-q3-10q__155834.md,1938
Deere & Company,DE,2025-08-14,FY2025Q3,STRUCTURED_RESULT,q3-10q,2024 ,"- We expect small agricultural equipment sales to be down from 2024 levels in the U.S. and Canada. Solid profitability is anticipated to continue in the small agricultural sector as dairy and livestock prices remain elevated; however, this is projected to be more than offset by restrained demand in the turf and compact utility tractor markets amid economic uncertainty and elevated interest rates.",challenge/offline-data/deere/filings/2025-08-14__de-us-20250814-q3-10q__155834.md,1941
Deere & Company,DE,2025-08-14,FY2025Q3,STRUCTURED_RESULT,q3-10q,2025,Construction and Forestry Outlook for 2025,challenge/offline-data/deere/filings/2025-08-14__de-us-20250814-q3-10q__155834.md,1951
Deere & Company,DE,2025-08-14,FY2025Q3,STRUCTURED_RESULT,q3-10q,2024 ,construction equipment sales are expected to be flat to down in the U.S. and Canada from 2024 levels.,challenge/offline-data/deere/filings/2025-08-14__de-us-20250814-q3-10q__155834.md,1953
Deere & Company,DE,2025-08-14,FY2025Q3,STRUCTURED_RESULT,q3-10q,"2025, ","equipment. In 2025, we expect to continue experiencing the following effects due to unfavorable market",challenge/offline-data/deere/filings/2025-08-14__de-us-20250814-q3-10q__155834.md,1971
Deere & Company,DE,2025-08-14,FY2025Q3,STRUCTURED_RESULT,q3-10q,2027. ,through 2027. It did not have a material impact on our financial statements and is not expected to affect,challenge/offline-data/deere/filings/2025-08-14__de-us-20250814-q3-10q__155834.md,1999
Deere & Company,DE,2025-08-14,FY2025Q3,STRUCTURED_RESULT,q3-10q,2025,## Construction and Forestry Outlook for 2025,challenge/offline-data/deere/filings/2025-08-14__de-us-20250814-q3-10q__155834.md,2012
Deere & Company,DE,2025-08-14,FY2025Q3,STRUCTURED_RESULT,q3-10q,2024 ,"- Construction industry sales for earthmoving equipment are forecasted to be down and compact construction equipment sales are expected to be flat to down in the U.S. and Canada from 2024 levels. The decline is due to trade uncertainty and higher interest rates. Projections for single-family housing starts are slowing, while rental sales along with multi-family and commercial real estate markets c",challenge/offline-data/deere/filings/2025-08-14__de-us-20250814-q3-10q__155834.md,2014
Deere & Company,DE,2025-08-14,FY2025Q3,STRUCTURED_RESULT,q3-10q,"2025, ","Agricultural Market Business Cycle. The agricultural market is affected by various factors including commodity prices, acreage planted, crop yields, government policies, and uncertainty in macroeconomic trends. These factors affect farmers' income and sentiment which may result in lower demand for equipment. In 2025, we expect to continue experiencing the following effects due to unfavorable marke",challenge/offline-data/deere/filings/2025-08-14__de-us-20250814-q3-10q__155834.md,2028
Deere & Company,DE,2025-08-14,FY2025Q3,STRUCTURED_RESULT,q3-10q,"80% | 2025,  | 2025  | 300,  | 18,  | 2025, ","Trade policies impact us in various ways. We are a net exporter of agriculture and turf equipment from the U.S. Nearly 80% of our domestic sales are assembled in the U.S., with the remaining products imported primarily from Europe, Mexico, India, and Japan. During 2025, incremental import tariffs have adversely affected the cost of our products and components and may continue to do so. In addition",challenge/offline-data/deere/filings/2025-08-14__de-us-20250814-q3-10q__155834.md,2032
Deere & Company,DE,2025-08-14,FY2025Q3,STRUCTURED_RESULT,q3-10q,2025.  | 2025  | 2027. ,"Tax Legislation In July, the U.S. government enacted new tax legislation as part of the One Big Beautiful Bill Act of 2025. The legislation has multiple effective dates, beginning in 2025 and continuing through 2027. It did not have a material impact on our financial statements and is not expected to affect the current fiscal year materially.",challenge/offline-data/deere/filings/2025-08-14__de-us-20250814-q3-10q__155834.md,2038
Deere & Company,DE,2025-08-14,FY2025Q3,STRUCTURED_RESULT,q3-10q,12  | 12  | 2025  | 2024 ,"We closely monitor our cash requirements. Based on the available sources of liquidity, we expect to meet our funding needs in the short term (next 12 months) and long term (beyond 12 months). We are forecasting lower operating cash flows from equipment operations in 2025 compared with 2024 driven by a decrease in net income adjusted for non-cash provisions.",challenge/offline-data/deere/filings/2025-08-14__de-us-20250814-q3-10q__155834.md,2341
Deere & Company,DE,2025-08-14,FY2025Q3,STRUCTURED_RESULT,q3-10q,10,Report on Form 10-Q). There also may be other factors that we cannot anticipate or that are not described,challenge/offline-data/deere/filings/2025-08-14__de-us-20250814-q3-10q__155834.md,2604
Deere & Company,DE,2025-08-14,FY2025Q3,STRUCTURED_RESULT,q3-10q,1 | 10 | 10,"Further information concerning us and our businesses, including factors that could materially affect our financial results, is included in our other filings with the SEC (including, but not limited to, the factors discussed in Item 1A. 'Risk Factors' of our most recent Annual Report on Form 10-K and this Quarterly Report on Form 10-Q). There also may be other factors that we cannot anticipate or t",challenge/offline-data/deere/filings/2025-08-14__de-us-20250814-q3-10q__155834.md,2633
Deere & Company,DE,2025-06-10,FY2025Q2,EARNINGS_CALL,call-pres,10 | 40% | 10 ,"Unknown speaker: Before we get too far ahead of ourselves on production increases, it's important that we cover the demand growth supporting it. To that end, the 10-year global consumption forecast for corn, soybeans, and sugar illustrates the rising demand we will see over the next decade. The increased consumption expected across these three primary crops is driven by population growth in places",challenge/offline-data/deere/call-transcripts/2025-06-10__de-us-20250610-call-pres-2__469351.md,45
Deere & Company,DE,2025-06-10,FY2025Q2,EARNINGS_CALL,call-pres,3 billion,"Unknown speaker: The increasing demand for ethanol is real and Brazil is uniquely positioned to meet it. Brazil has the advantages of a well-established sugarcane industry and the ability to rapidly expand production of corn-based ethanol. Notably, the production of corn-based ethanol is expected to double over the next decade. The combination of production from these two critical crops will provi",challenge/offline-data/deere/call-transcripts/2025-06-10__de-us-20250610-call-pres-2__469351.md,49
Deere & Company,DE,2025-06-10,FY2025Q2,EARNINGS_CALL,call-pres,30% | 10% | 20% | 10  | 50 million,"Unknown speaker: Looking ahead, Cerrado is expected to remain Brazil's fastest growing agricultural region, driven by its unique ability to run double cropping farm practices, allowing growers to harvest more than one crop per year, significantly boosting productivity and land use efficiency. Along with double cropping and advancements in farming practices, production expansion in Brazil will also",challenge/offline-data/deere/call-transcripts/2025-06-10__de-us-20250610-call-pres-2__469351.md,55
Deere & Company,DE,2025-06-10,FY2025Q2,EARNINGS_CALL,call-pres,25  | 25 ,"Unknown speaker: Over the past 25 years, Brazil has seen remarkable growth in those crops, with production increasing by more than four and a half times. Looking ahead, that growth momentum is expected to continue, driven by expansion of planted areas, efficiency gains, and yield improvements as broader adoption of precision technology occurs. Turning to cotton, where Brazil plays a leading role o",challenge/offline-data/deere/call-transcripts/2025-06-10__de-us-20250610-call-pres-2__469351.md,59
Deere & Company,DE,2025-06-10,FY2025Q2,EARNINGS_CALL,call-pres,"2024  | 73,000  | 41% | 80,000.  | 2.5  | 2030. ","Unknown speaker: As more and more pieces of equipment get connected, our customers are expanding and enhancing the value per acre benefit they receive from precision technology. The progress that we are making in this area has had and will continue to have a direct impact on Deere's global leap ambition specifically related to the connected machines and engaged acres. At the end of 2024 we had ove",challenge/offline-data/deere/call-transcripts/2025-06-10__de-us-20250610-call-pres-2__469351.md,137
Deere & Company,DE,2025-06-10,FY2025Q2,EARNINGS_CALL,call-pres,"15% | 2020  | 2024.  | 68 million | 25% | 2030, ","Unknown speaker: Brazil has been a strong contributor to that goal, delivering a 15% CAGR in engaged acres from 2020 to 2024. Currently, 68 million acres in Brazil are engaged in the operations center with roughly 25% of them highly engaged. By 2030, we expect to grow engaged acres by 50% and highly engaged acres by 150%. Finally, improvements in machine capabilities and connectivity are bringing ",challenge/offline-data/deere/call-transcripts/2025-06-10__de-us-20250610-call-pres-2__469351.md,139
Deere & Company,DE,2025-06-10,FY2025Q2,EARNINGS_CALL,call-pres,15 ,"Unknown speaker: They highlighted how significant production growth expected in Brazil will help satisfy increased consumption driven by a growing population and expanding use of biofuels. Given the challenge to realize this expected production growth, it's clear that adoption of precision solutions in Brazil is not a question of if, but rather how fast can that adoption occur. We then heard from ",challenge/offline-data/deere/call-transcripts/2025-06-10__de-us-20250610-call-pres-2__469351.md,159
Deere & Company,DE,2025-06-10,FY2025Q2,EARNINGS_CALL,call-pres,"2030,  | 50% | 150%","Unknown speaker: Finally, Cristiano will walk through our plan to leverage this foundation to drive future growth in Brazil, unlocking distinct customer value via product leadership, connectivity, and tech adoption. By executing this strategy, not only will Brazilian growers excel, but we will simultaneously enable stronger performance for Deere so that we can continue to fuel our investments and ",challenge/offline-data/deere/call-transcripts/2025-06-10__de-us-20250610-call-pres-2__469351.md,161
Deere & Company,DE,2025-06-10,FY2025Q2,EARNINGS_CALL,call-pres,40% | 2027% | 30%,"Unknown speaker: Looking specifically at ethanol in Brazil, both consumption and production are expected to increase by nearly 40% over the next ten years. This rapid growth is driven by several factors. is rising ethanol blending mandates. Brazil already leads the way with a 2027% ethanol blend requirement in gasoline sales, the highest in the world. Even so, as part of Brazil's Fuel for the Futu",challenge/offline-data/deere/call-transcripts/2025-06-10__de-us-20250610-call-pres__46432.md,55
Deere & Company,DE,2025-06-10,FY2025Q2,EARNINGS_CALL,call-pres,"30% | 10% | 20% | 50,000,000 ","Unknown speaker: Looking ahead, Cerrado is expected to remain Brazil's fastest growing agricultural region, driven by its unique ability to run double cropping farm practices, allowing growers to harvest more than one crop per year, significantly boosting productivity and land use efficiency. Along with double cropping and advancements in farming practices, production expansion in Brazil will also",challenge/offline-data/deere/call-transcripts/2025-06-10__de-us-20250610-call-pres__46432.md,67
Deere & Company,DE,2025-06-10,FY2025Q2,EARNINGS_CALL,call-pres,4.5,"Unknown speaker: Over the past twenty five years, Brazil has seen remarkable growth in those crops, with production increasing by more than 4.5x. Looking ahead, that growth momentum is expected to continue driven by expansion of planted areas, efficiency gains and yield improvements as broader adoption of precision ag technology occurs. Turning to cotton, where Brazil plays a leading role on the g",challenge/offline-data/deere/call-transcripts/2025-06-10__de-us-20250610-call-pres__46432.md,71
Deere & Company,DE,2025-06-10,FY2025Q2,EARNINGS_CALL,call-pres,"80,000.  | 2.5 | 2,030.  | 15  | 2020  | 2024. ","Unknown speaker: Today, that number is already over 80,000. And to support Diers' LEAP ambitions, we are targeting to deliver 2.5x the number of currently connected machines in Brazil by 2,030. Similarly, Deere is on a journey to increase the number of engaged and highly engaged acres in the John Deere operations center as we grow the breadth and depth of precision technologies being used across f",challenge/offline-data/deere/call-transcripts/2025-06-10__de-us-20250610-call-pres__46432.md,185
Deere & Company,DE,2025-06-10,FY2025Q2,EARNINGS_CALL,call-pres,"02 | 1930,  | 50% | 150%","Unknown speaker: By 02/1930, we expect to grow engaged acres by 50% and highly engaged acres by 150%. Finally, improvements in machine capabilities and connectivity are bringing to the Brazilian market the most advanced precision ag solutions in our tech stack, which brings us to the element of our strategy, tech adoption. We are deploying the same tech strategy as North America, right here in Bra",challenge/offline-data/deere/call-transcripts/2025-06-10__de-us-20250610-call-pres__46432.md,187
Deere & Company,DE,2025-06-10,FY2025Q2,EARNINGS_CALL,call-pres,"02 | 1930,  | 2.5 | 50% | 150%","Unknown speaker: And by executing this strategy, not only will our Brazilian growers excel, but we will simultaneously enable stronger performance for Deere so that we can continue to fuel our investments and, in turn, our growth in Brazil for years to come. In closing, I'd like to reiterate a few of the commitments we made today as we strive for success over the back half of this decade. By 02/19",challenge/offline-data/deere/call-transcripts/2025-06-10__de-us-20250610-call-pres__46432.md,213
Deere & Company,DE,2025-05-15,FY2025Q2,EARNINGS_CALL,call-pres,2025. ,"Unknown speaker: Hello. Welcome and thank you for joining us on today's call. Joining me on the call today are John May, Chairman and Chief Executive Officer; Josh Jepsen, Chief Financial Officer; and Josh Rohleder, Manager of Investor Communications. Today we'll take a closer look at Deere's second quarter earnings and spend some time talking about our markets and our current outlook for fiscal 2",challenge/offline-data/deere/call-transcripts/2025-05-15__de-us-20250515-call-pres__46417.md,15
Deere & Company,DE,2025-05-15,FY2025Q2,EARNINGS_CALL,call-pres,18.8% | 2025 ,"Unknown speaker: Thanks, John. We'll now proceed with our remarks on the quarter. John Deere delivered a better-than-expected second quarter with an 18.8% margin for the equipment operations, demonstrating exceptional execution amidst challenging market dynamics. Notably, margins exceeded projections despite tariff headwinds due to better-than-expected sales and favorable production costs stemming",challenge/offline-data/deere/call-transcripts/2025-05-15__de-us-20250515-call-pres__46417.md,31
Deere & Company,DE,2025-05-15,FY2025Q2,EARNINGS_CALL,call-pres,6% | 2.994 billion | 574 million | 19.2% | 30%,"Unknown speaker: Moving now to small ag and turf on slide six, net sales were down 6%, totaling $2.994 billion in the second quarter as a result of lower shipment volumes, partially offset by price realization. Price realization was positive by just under one point. Currency translation was negative by roughly half a point. Operating profit was approximately flat year-over-year at $574 million, re",challenge/offline-data/deere/call-transcripts/2025-05-15__de-us-20250515-call-pres__46417.md,35
Deere & Company,DE,2025-05-15,FY2025Q2,EARNINGS_CALL,call-pres,10% | 15% | 5%,"Unknown speaker: These headwinds are slightly mitigated by stable crop prices given tighter global stocks and bolstered farm balance sheets strengthened by the distribution of government funds. For small ag and turf in the U.S. and Canada, industry demand is now expected to be down between 10% and 15%. While the dairy and livestock segment remains at historically strong levels of profitability and",challenge/offline-data/deere/call-transcripts/2025-05-15__de-us-20250515-call-pres__46417.md,37
Deere & Company,DE,2025-05-15,FY2025Q2,EARNINGS_CALL,call-pres,15% | 20% | 15.5% | 17% | 10% | 15%,"Unknown speaker: For production and precision ag, our net sales forecast for the full year remains down between 15% and 20%. The forecast now assumes roughly a point of positive price realization for the full year, offset by one and a half points of negative currency translation. Our full-year forecast for the segment's operating margin is now between 15.5% and 17%, primarily due to tariff impacts",challenge/offline-data/deere/call-transcripts/2025-05-15__de-us-20250515-call-pres__46417.md,41
Deere & Company,DE,2025-05-15,FY2025Q2,EARNINGS_CALL,call-pres,"11.5% | 13.5% | 10,  | 23% | 2.947 billion | 379 million","Unknown speaker: The segment's operating margin guide is now between 11.5% and 13.5%, primarily due to tariff impacts and the reduction in projected U.S. turf and compact utility tractor shipment volumes. Shifting over to construction and forestry on slide 10, net sales for the quarter declined roughly 23% year-over-year to $2.947 billion due to lower shipment volumes. Price realization was negati",challenge/offline-data/deere/call-transcripts/2025-05-15__de-us-20250515-call-pres__46417.md,43
Deere & Company,DE,2025-05-15,FY2025Q2,EARNINGS_CALL,call-pres,5%,"Unknown speaker: Markets continue to see high utilization as construction backlogs are steady and construction employment remains at all-time highs. However, trade uncertainty and high interest rates are pressuring order activity for both construction and compact construction equipment. U.S. government infrastructure spending continues to provide support to the industry. However, projections for s",challenge/offline-data/deere/call-transcripts/2025-05-15__de-us-20250515-call-pres__46417.md,45
Deere & Company,DE,2025-05-15,FY2025Q2,EARNINGS_CALL,call-pres,"12,  | 2025  | 10% | 15% | 8.5% | 11.5%","Unknown speaker: Moving on to the construction and forestry segment outlook on slide 12, 2025 net sales remain forecasted to be down between 10% and 15%. That sales guidance for the year includes one point of negative net price realization and flat currency translation. The segment's operating margin is now projected to be between 8.5% and 11.5% due primarily to tariff impacts and, to a lesser deg",challenge/offline-data/deere/call-transcripts/2025-05-15__de-us-20250515-call-pres__46417.md,47
Deere & Company,DE,2025-05-15,FY2025Q2,EARNINGS_CALL,call-pres,"2025,  | 750 million | 14  | 2025,  | 4.75 billion | 5.5 billion","Unknown speaker: For fiscal year 2025, our outlook remains at $750 million as benefits from a favorable comparative special items related to the sale of Bronco John Deere and lower SA&G expenses are partially offset by less favorable financing spreads. Finally, slide 14 outlines our guidance for net income, effective tax rate, and operating cash flow. For fiscal year 2025, our outlook for net inco",challenge/offline-data/deere/call-transcripts/2025-05-15__de-us-20250515-call-pres__46417.md,49
Deere & Company,DE,2025-05-15,FY2025Q2,EARNINGS_CALL,call-pres,100 million,"Unknown speaker: Thanks, Josh. That's a great segue into my next question, which is probably top of mind for everyone given there's been a lot of fluctuation in trade policy over the last few months. As you noted, we saw roughly $100 million of tariff headwinds in the second quarter. What should we expect going forward, and what have we incorporated into our guide for the rest of the year?",challenge/offline-data/deere/call-transcripts/2025-05-15__de-us-20250515-call-pres__46417.md,57
Deere & Company,DE,2025-05-15,FY2025Q2,EARNINGS_CALL,call-pres,"2025  | 500 million | 13,  | 40% | 35% | 25%","Unknown speaker: As it relates to our forecast, we expect a pre-tax tariff impact in fiscal year 2025 of just over $500 million should these tariff levels continue throughout the remainder of the fiscal year. This forecast is based on the impact of tariffs in effect as of May 13, including the reductions in reciprocal and retaliatory tariffs between China and the U.S. announced earlier this week. ",challenge/offline-data/deere/call-transcripts/2025-05-15__de-us-20250515-call-pres__46417.md,61
Deere & Company,DE,2025-05-15,FY2025Q2,EARNINGS_CALL,call-pres,10% | 40%,"Unknown speaker: That's a great callout, Josh, and an important point to clarify. I'll start by reiterating that the majority of the margin compression seen in our updated CNF guide this quarter was driven by forecasted tariff impacts. That exposure is primarily driven by three areas. First, U.S. sales from our road building business are exposed to the 10% global tariffs as production is located a",challenge/offline-data/deere/call-transcripts/2025-05-15__de-us-20250515-call-pres__46417.md,69
Deere & Company,DE,2025-05-15,FY2025Q2,EARNINGS_CALL,call-pres,20 | 75% | 10 billion | 2024 | -2025 ,"Unknown speaker: Yeah, sure thing, Josh. Trade uncertainty is having an impact on customer sentiment, creating a headwind for the market. However, crop prices have generally stabilized, albeit at lower profitability levels, due to tight stocks driven by better-than-expected consumption and lower-than-expected crop production. Notably, excluding China stock, global grain and oilseed stocks-to-use r",challenge/offline-data/deere/call-transcripts/2025-05-15__de-us-20250515-call-pres__46417.md,81
Deere & Company,DE,2025-05-15,FY2025Q2,EARNINGS_CALL,call-pres,"10,000  | 2024  | 3,500  | 2025  | 2025  | 2024 ","Unknown speaker: In fact, in the first half of this fiscal year, we've already received nearly 10,000 orders globally, exceeding the entire fiscal 2024 order count in just six months. Brazil alone accounts for over 3,500 of those 2025 orders, and we're seeing strong order activity in North America and Europe as well. Going forward, success for this and other subscription-based technologies will de",challenge/offline-data/deere/call-transcripts/2025-05-15__de-us-20250515-call-pres__46417.md,103
Deere & Company,DE,2025-05-15,FY2025Q2,EARNINGS_CALL,call-qna,5 ,"Unknown speaker: Hey, Rob. Thanks for the question. I can start off. I mean, I think as you think about our SaaS offerings, it's fair to put them in really three buckets. First, think about precision digital technologies, things like Precision Essentials, things like our G5 licenses. Many of those are the foundational pieces of the tech stack. So Precision Essentials, again, is those core elements",challenge/offline-data/deere/call-transcripts/2025-05-15__de-us-20250515-call-qna__46440.md,17
Deere & Company,DE,2025-05-15,FY2025Q2,EARNINGS_CALL,call-qna,500 million | 100 million | 400 million | 500 million | 2  | 2 ,"Unknown speaker: Yeah. David, walk through a couple of things here. I mean, I think if you think about first and foremost, the impact of tariffs, as we've said, if it's $500 million for the full year, we incurred $100 million. In the second quarter, it's about $400 million rest of year. The full year impact on the equipment operations for that tariff impact of $500 million is about a point to a po",challenge/offline-data/deere/call-transcripts/2025-05-15__de-us-20250515-call-qna__46440.md,57
Deere & Company,DE,2025-05-15,FY2025Q2,STRUCTURED_RESULT,q2-10q,"52 | 53  | 2025  | 2024  | 27,  | 2025 ","We use a 52/53 week fiscal year with quarters ending on the last Sunday in the reporting period. The second quarter ends for fiscal years 2025 and 2024 were April 27, 2025 and April 28, 2024, respectively. Both quarters contained 13 weeks, while both year-to-date periods contained 26 weeks. Fiscal year 2025 will contain 53 weeks, with the additional week occurring in the fourth quarter. Unless oth",challenge/offline-data/deere/filings/2025-05-15__de-us-20250515-q2-10q__105831.md,441
Deere & Company,DE,2025-05-15,FY2025Q2,STRUCTURED_RESULT,q2-10q,10,"The interim consolidated financial statements of Deere &amp; Company have been prepared by us, without audit, pursuant to the rules and regulations of the U.S. Securities and Exchange Commission (SEC). Certain information and footnote disclosures normally included in annual financial statements prepared in accordance with accounting principles generally accepted in the U.S. have been condensed or ",challenge/offline-data/deere/filings/2025-05-15__de-us-20250515-q2-10q__105831.md,467
Deere & Company,DE,2025-05-15,FY2025Q2,STRUCTURED_RESULT,q2-10q,"2025, ","(FASB) and other authoritative guidance. We adopted the following standards in 2025, none of which had a",challenge/offline-data/deere/filings/2025-05-15__de-us-20250515-q2-10q__105831.md,477
Deere & Company,DE,2025-05-15,FY2025Q2,STRUCTURED_RESULT,q2-10q,2028 ,be effective for us beginning with our annual reporting for fiscal year 2028 and interim periods thereafter. We are,challenge/offline-data/deere/filings/2025-05-15__de-us-20250515-q2-10q__105831.md,489
Deere & Company,DE,2025-05-15,FY2025Q2,STRUCTURED_RESULT,q2-10q,"2025, ","We closely monitor all Accounting Standard Updates (ASUs) issued by the Financial Accounting Standards Board (FASB) and other authoritative guidance. We adopted the following standards in 2025, none of which had a material effect on our consolidated financial statements.",challenge/offline-data/deere/filings/2025-05-15__de-us-20250515-q2-10q__105831.md,537
Deere & Company,DE,2025-05-15,FY2025Q2,STRUCTURED_RESULT,q2-10q,"2024,  | 2024 | -03,  | 220 | -40 | 2025, ","In November 2024, the FASB issued ASU 2024-03, Income Statement - Reporting Comprehensive Income Expense Disaggregation Disclosures (Subtopic 220-40): Disaggregation of Income Statement Expenses, which expands disclosures about specific expense categories presented on the face of the income statement. In January 2025, the FASB issued ASU 2025-01, Income Statement - Reporting Comprehensive Income -",challenge/offline-data/deere/filings/2025-05-15__de-us-20250515-q2-10q__105831.md,545
Deere & Company,DE,2025-05-15,FY2025Q2,STRUCTURED_RESULT,q2-10q,"2023,  | 2023 | -09,  | 740 | 2026. ","In December 2023, the FASB issued ASU 2023-09, Income Taxes (Topic 740): Improvements to Income Tax Disclosures, which expands disclosures in an entity's income tax rate reconciliation table and cash taxes paid both in the U.S. and foreign jurisdictions. The ASU will be effective for us beginning with our annual reporting for fiscal year 2026. We are assessing the effect of this update on our rela",challenge/offline-data/deere/filings/2025-05-15__de-us-20250515-q2-10q__105831.md,547
Deere & Company,DE,2025-05-15,FY2025Q2,STRUCTURED_RESULT,q2-10q,"2,089,  | 1,923,  | 1,911  | 27,  | 2025,  | 27, ","We invoice in advance of recognizing the revenue of certain products and services. These relate to extended warranty premiums, advance payments for future equipment sales, and subscription and service revenue related to precision guidance, telematic services, and other information enabled solutions. These advanced customer payments are presented as deferred revenue, a contract liability, in 'Accou",challenge/offline-data/deere/filings/2025-05-15__de-us-20250515-q2-10q__105831.md,728
Deere & Company,DE,2025-05-15,FY2025Q2,STRUCTURED_RESULT,q2-10q,"1,774  | 27,  | 2025.  | 2025  | 289,  | 2026 ","The amount of unsatisfied performance obligations for contracts with an original duration greater than one year was $1,774 at April 27, 2025. The estimated revenue to be recognized by fiscal year follows: remainder of 2025 $289, 2026 - $478, 2027 - $383, 2028 - $262, 2029 - $162, 2030 - $116, and later years - $84. As permitted, we elected only to disclose remaining performance obligations with an",challenge/offline-data/deere/filings/2025-05-15__de-us-20250515-q2-10q__105831.md,730
Deere & Company,DE,2025-05-15,FY2025Q2,STRUCTURED_RESULT,q2-10q,244 | 241 | 498 | 482,Expected return on plan assets (244) (241) (498) (482),challenge/offline-data/deere/filings/2025-05-15__de-us-20250515-q2-10q__105831.md,853
Deere & Company,DE,2025-05-15,FY2025Q2,STRUCTURED_RESULT,q2-10q,27 | 27 | 55 | 54,Expected return on plan assets (27) (27) (55) (54),challenge/offline-data/deere/filings/2025-05-15__de-us-20250515-q2-10q__105831.md,861
Deere & Company,DE,2025-05-15,FY2025Q2,STRUCTURED_RESULT,q2-10q,"2025, ","During the first six months of 2025, we contributed and expect to contribute the following amounts to our pension",challenge/offline-data/deere/filings/2025-05-15__de-us-20250515-q2-10q__105831.md,867
Deere & Company,DE,2025-05-15,FY2025Q2,STRUCTURED_RESULT,q2-10q,59  | 44,Expected contributions remainder of the year 59 44,challenge/offline-data/deere/filings/2025-05-15__de-us-20250515-q2-10q__105831.md,871
Deere & Company,DE,2025-05-15,FY2025Q2,STRUCTURED_RESULT,q2-10q,"2025, ","During the first six months of 2025, we contributed and expect to contribute the following amounts to our pension and OPEB plans:",challenge/offline-data/deere/filings/2025-05-15__de-us-20250515-q2-10q__105831.md,900
Deere & Company,DE,2025-05-15,FY2025Q2,STRUCTURED_RESULT,q2-10q,"2025, ","The allowance for credit losses increased in the second quarter and first six months of 2025, primarily due to higher expected losses on agriculture and turf customer accounts as a result of elevated delinquencies and a decline in market conditions.",challenge/offline-data/deere/filings/2025-05-15__de-us-20250515-q2-10q__105831.md,1088
Deere & Company,DE,2025-05-15,FY2025Q2,STRUCTURED_RESULT,q2-10q,2025,## Industry Sales Outlook for Fiscal Year 2025,challenge/offline-data/deere/filings/2025-05-15__de-us-20250515-q2-10q__105831.md,1836
Deere & Company,DE,2025-05-15,FY2025Q2,STRUCTURED_RESULT,q2-10q,2025 ,Agriculture and turf and construction equipment sales volumes during the remainder of 2025 are expected to continue to be lower than the prior year due to reduced demand.,challenge/offline-data/deere/filings/2025-05-15__de-us-20250515-q2-10q__105831.md,1852
Deere & Company,DE,2025-05-15,FY2025Q2,STRUCTURED_RESULT,q2-10q,2025,## Agriculture and Turf Outlook for 2025,challenge/offline-data/deere/filings/2025-05-15__de-us-20250515-q2-10q__105831.md,1854
Deere & Company,DE,2025-05-15,FY2025Q2,STRUCTURED_RESULT,q2-10q,2024 ,"- We expect small agricultural equipment sales to be down from 2024 levels in the U.S. and Canada. Strong profitability is anticipated to continue in the small agricultural sector as dairy and livestock prices remain elevated and certain high value crops return to profitability; however, this is projected to be more than offset by restrained demand in the turf and compact utility tractor markets a",challenge/offline-data/deere/filings/2025-05-15__de-us-20250515-q2-10q__105831.md,1857
Deere & Company,DE,2025-05-15,FY2025Q2,STRUCTURED_RESULT,q2-10q,2025,## Construction and Forestry Outlook for 2025,challenge/offline-data/deere/filings/2025-05-15__de-us-20250515-q2-10q__105831.md,1870
Deere & Company,DE,2025-05-15,FY2025Q2,STRUCTURED_RESULT,q2-10q,"2025, ","Agricultural Market Business Cycle. The agricultural market is affected by various factors including commodity prices, acreage planted, crop yields, government policies, and uncertainty in macroeconomic trends. These factors affect farmers' income and sentiment which may result in lower demand for equipment. In 2025, we expect to continue experiencing the following effects due to unfavorable marke",challenge/offline-data/deere/filings/2025-05-15__de-us-20250515-q2-10q__105831.md,1886
Deere & Company,DE,2025-05-15,FY2025Q2,STRUCTURED_RESULT,q2-10q,12  | 12  | 2025  | 2024 ,"We closely monitor our cash requirements. Based on the available sources of liquidity, we expect to meet our funding needs in the short term (next 12 months) and long term (beyond 12 months). We are forecasting lower operating cash flows from equipment operations in 2025 compared with 2024 driven by a decrease in net income adjusted for non-cash provisions.",challenge/offline-data/deere/filings/2025-05-15__de-us-20250515-q2-10q__105831.md,2111
Deere & Company,DE,2025-05-15,FY2025Q2,STRUCTURED_RESULT,q2-10q,10,Report on Form 10-Q). There also may be other factors that we cannot anticipate or that are not described,challenge/offline-data/deere/filings/2025-05-15__de-us-20250515-q2-10q__105831.md,2380
Deere & Company,DE,2025-05-15,FY2025Q2,STRUCTURED_RESULT,q2-10q,1 | 10 | 10,"Further information concerning us and our businesses, including factors that could materially affect our financial results, is included in our other filings with the SEC (including, but not limited to, the factors discussed in Item 1A. 'Risk Factors' of our most recent Annual Report on Form 10-K and this Quarterly Report on Form 10-Q). There also may be other factors that we cannot anticipate or t",challenge/offline-data/deere/filings/2025-05-15__de-us-20250515-q2-10q__105831.md,2413
Deere & Company,DE,2025-05-15,FY2025Q2,STRUCTURED_RESULT,q2-10q,1471  | 1474  | 1471 | 1,"'FATCA': Sections 1471 through 1474 of the Code (and any comparable successor provisions), any effective regulations published thereunder or official interpretations thereof issued by any Governmental Authority charged with the administration thereof, any agreements entered into pursuant to Section 1471(b)(1) of the Code, any applicable intergovernmental agreements with respect thereto, and any tr",challenge/offline-data/deere/filings/2025-05-15__de-us-20250515-q2-10q__105831.md,3544
Deere & Company,DE,2025-05-15,FY2025Q2,STRUCTURED_RESULT,q2-10q,5.8 ,"- 5.8 Compliance. Each of the Borrowers shall comply, and cause each of its Subsidiaries to comply, in all material respects with all applicable laws, rules, regulations and orders, noncompliance with which would reasonably be expected to materially adversely affect (i) the financial condition or operations of such Borrower and its consolidated Subsidiaries taken as a whole or (ii) the ability of ",challenge/offline-data/deere/filings/2025-05-15__de-us-20250515-q2-10q__105831.md,5918
Deere & Company,DE,2025-05-15,FY2025Q2,STRUCTURED_RESULT,q2-10q,12  | 25%,"(g) Any action is undertaken to terminate any Plan as to which a Borrower, or any Subsidiary of a Borrower, may have liability, or any such Plan is terminated or such Borrower or Subsidiary withdraws from such Plan, or any Reportable Event as to any such Plan shall occur, and there shall exist a deficiency in the assets available to satisfy the benefits guaranteeable under ERISA with respect to su",challenge/offline-data/deere/filings/2025-05-15__de-us-20250515-q2-10q__105831.md,6216
Deere & Company,DE,2025-05-15,FY2025Q2,STRUCTURED_RESULT,q2-10q,1471  | 1474  | 1471 | 1,"'FATCA': Sections 1471 through 1474 of the Code (and any comparable successor provisions), any effective regulations published thereunder or official interpretations thereof issued by any Governmental Authority charged with the administration thereof, any agreements entered into pursuant to Section 1471(b)(1) of the Code, any applicable intergovernmental agreements with respect thereto, and any tr",challenge/offline-data/deere/filings/2025-05-15__de-us-20250515-q2-10q__105831.md,8971
Deere & Company,DE,2025-05-15,FY2025Q2,STRUCTURED_RESULT,q2-10q,5.8 ,"- 5.8 Compliance. Each of the Borrowers shall comply, and cause each of its Subsidiaries to comply, in all material respects with all applicable laws, rules, regulations and orders, noncompliance with which would reasonably be expected to materially adversely affect (i) the financial condition or operations of such Borrower and its consolidated Subsidiaries taken as a whole or (ii) the ability of ",challenge/offline-data/deere/filings/2025-05-15__de-us-20250515-q2-10q__105831.md,11629
Deere & Company,DE,2025-05-15,FY2025Q2,STRUCTURED_RESULT,q2-10q,12  | 25%,"- (g) Any action is undertaken to terminate any Plan as to which a Borrower, or any Subsidiary of a Borrower, may have liability, or any such Plan is terminated or such Borrower or Subsidiary withdraws from such Plan, or any Reportable Event as to any such Plan shall occur, and there shall exist a deficiency in the assets available to satisfy the benefits guaranteeable under ERISA with respect to ",challenge/offline-data/deere/filings/2025-05-15__de-us-20250515-q2-10q__105831.md,11882
Deere & Company,DE,2025-05-15,FY2025Q2,STRUCTURED_RESULT,q2-10q,1471 | 1,"Section 1471(b)(1) of the Code, any applicable intergovernmental agreements with respect thereto, and any treaty, law, regulations, or other official guidance enacted in any other jurisdiction relating to such intergovernmental agreement.",challenge/offline-data/deere/filings/2025-05-15__de-us-20250515-q2-10q__105831.md,14469
Deere & Company,DE,2025-05-15,FY2025Q2,STRUCTURED_RESULT,q2-10q,5.8 ,"- 5.8 Compliance. Each of the Borrowers shall comply, and cause each of its Subsidiaries to comply, in all material respects with all applicable laws, rules, regulations and orders, noncompliance with which would reasonably be expected to materially adversely affect (i) the financial condition or operations of such Borrower and its consolidated Subsidiaries taken as a whole or (ii) the ability of ",challenge/offline-data/deere/filings/2025-05-15__de-us-20250515-q2-10q__105831.md,17622
Deere & Company,DE,2025-05-15,FY2025Q2,STRUCTURED_RESULT,q2-10q,12  | 25%,"- (g) Any action is undertaken to terminate any Plan as to which a Borrower, or any Subsidiary of a Borrower, may have liability, or any such Plan is terminated or such Borrower or Subsidiary withdraws from such Plan, or any Reportable Event as to any such Plan shall occur, and there shall exist a deficiency in the assets available to satisfy the benefits guaranteeable under ERISA with respect to ",challenge/offline-data/deere/filings/2025-05-15__de-us-20250515-q2-10q__105831.md,17980
Deere & Company,DE,2025-05-15,FY2025Q2,STRUCTURED_RESULT,q2-8k,2025 ,Net income attributable to Deere & Company for fiscal 2025 is forecasted to be in a range of,challenge/offline-data/deere/filings/2025-05-15__de-us-20250515-q2-8k__105808.md,41
Deere & Company,DE,2025-05-15,FY2025Q2,STRUCTURED_RESULT,q2-8k,2025  | 4.75 billion | 5.50 billion,Net income attributable to Deere &amp; Company for fiscal 2025 is forecasted to be in a range of $4.75 billion to $5.50 billion.,challenge/offline-data/deere/filings/2025-05-15__de-us-20250515-q2-8k__105808.md,69
Deere & Company,DE,2025-05-15,FY2025Q2,STRUCTURED_RESULT,q2-8k,2025,## Deere Segment Outlook for Fiscal 2025,challenge/offline-data/deere/filings/2025-05-15__de-us-20250515-q2-8k__105808.md,155
Deere & Company,DE,2025-05-15,FY2025Q2,STRUCTURED_RESULT,q2-8k,"13,  | 2025. ","The Deere &amp; Company outlook incorporates the impacts from global import tariffs that are in effect as of May 13, 2025. Due to the uncertain global trade environment, the potential impacts of future tariffs are not included in the outlook.",challenge/offline-data/deere/filings/2025-05-15__de-us-20250515-q2-8k__105808.md,157
Deere & Company,DE,2025-05-15,FY2025Q2,STRUCTURED_RESULT,q2-8k,"2025, | 2025, | 1995 ","Certain statements contained herein, including in the section entitled 'Company Outlook &amp; Summary,' 'Industry Outlook for Fiscal 2025,' 'Deere Segment Outlook for Fiscal 2025,' and 'Condensed Notes to Interim Consolidated Financial Statements' relating to future events, expectations, forecasted financial and industry results, future investment and trends constitute 'forward-looking statements'",challenge/offline-data/deere/filings/2025-05-15__de-us-20250515-q2-8k__105808.md,170
Deere & Company,DE,2025-05-15,FY2025Q2,STRUCTURED_RESULT,q2-8k,1 | 10 | 10,"Further information concerning the company or its businesses, including factors that could materially affect the company's financial results, is included in the company's filings with the SEC (including, but not limited to, the factors discussed in Item 1A. 'Risk Factors' of the company's most recent Annual Report on Form 10-K and subsequent Quarterly Reports on Form 10-Q). There also may be other",challenge/offline-data/deere/filings/2025-05-15__de-us-20250515-q2-8k__105808.md,206
Deere & Company,DE,2025-02-13,FY2025Q1,EARNINGS_CALL,call-q1-pres,7.7%,"Unknown speaker: Good morning, and thank you for joining us today. John Deere completed the first quarter with a 7.7% margin for the equipment operations. Global ag fundamentals generally improved this quarter. However, demand remains constrained by overall uncertainty in the market, which has continued to put pressure on order velocities, particularly in North America. Our fiscal twenty twenty fi",challenge/offline-data/deere/call-transcripts/2025-02-13__de-us-20250213-call-q1-pres__46459.md,21
Deere & Company,DE,2025-02-13,FY2025Q1,EARNINGS_CALL,call-q1-pres,"124,000,000  | 7.1%","Unknown speaker: Currency translation was negative by just under one point as well. Operating profit declined year over year to $124,000,000 resulting in a 7.1% operating margin. The decrease was primarily due to lower shipment volumes and sales mix, partially offset by lower production costs. Slide six gives our industry outlook for ag and turf markets globally. We continue to expect large ag equ",challenge/offline-data/deere/call-transcripts/2025-02-13__de-us-20250213-call-q1-pres__46459.md,27
Deere & Company,DE,2025-02-13,FY2025Q1,EARNINGS_CALL,call-q1-pres,5%,"Unknown speaker: Moving to Europe, the industry is now projected to decline around 5%. Farm fundamentals have stabilized, albeit down with less volatile commodity prices and stronger dairy margins offsetting macro uncertainty. Additionally, in Central And Eastern Europe, reduced pressure from Ukrainian grain imports is supporting better than expected farm net incomes. In South America, industry sa",challenge/offline-data/deere/call-transcripts/2025-02-13__de-us-20250213-call-q1-pres__46459.md,33
Deere & Company,DE,2025-02-13,FY2025Q1,EARNINGS_CALL,call-q1-pres,1520% | 2.5  | 1617%,"Unknown speaker: For Production and Precision Ag, net sales are now forecasted to be down between 1520% for the full year. The forecast assumes roughly one point of positive price realization for the full year, offset by 2.5 points of negative currency impact. The reduction to our sales guide from the prior quarter is primarily driven by the strengthening of the dollar relative to nearly all forei",challenge/offline-data/deere/call-transcripts/2025-02-13__de-us-20250213-call-q1-pres__46459.md,37
Deere & Company,DE,2025-02-13,FY2025Q1,EARNINGS_CALL,call-q1-pres,"10% | 0.5  | 1.5  | 9.  | 38% | 1,994,000,000 ","Unknown speaker: We expect net sales to remain down around 10%. This guide now includes a 0.5 of positive price realization and 1.5 of negative currency translation. The segment's operating margin guide remains between thirteen percent and fourteen percent. Shifting now to Construction and Forestry on Slide 9. Net sales for the quarter declined roughly 38% year over year to $1,994,000,000 due to l",challenge/offline-data/deere/call-transcripts/2025-02-13__de-us-20250213-call-q1-pres__46459.md,39
Deere & Company,DE,2025-02-13,FY2025Q1,EARNINGS_CALL,call-q1-pres,"65,000,000  | 3.3% | 10 ","Unknown speaker: Price realization was negative by roughly one point. Currency translation was also negative by more than one point. Operating profit of $65,000,000 was down year over year resulting in a 3.3% operating margin due primarily to lower shipment volumes and sales mix as well as unfavorable price realization and higher SAG and R and D expenses. Lower shipment volumes were primarily due ",challenge/offline-data/deere/call-transcripts/2025-02-13__de-us-20250213-call-q1-pres__46459.md,41
Deere & Company,DE,2025-02-13,FY2025Q1,EARNINGS_CALL,call-q1-pres,10% | 5%,"Unknown speaker: Industry sales for Earthmoving equipment in The U. S. And Canada are expected to be down around 10%, while compact construction equipment in The U. S. And Canada is expected to be down 5%.",challenge/offline-data/deere/call-transcripts/2025-02-13__de-us-20250213-call-q1-pres__46459.md,43
Deere & Company,DE,2025-02-13,FY2025Q1,EARNINGS_CALL,call-q1-pres,5% | 11.  | 20  | 20  | 1015%,"Unknown speaker: Additionally, earthmoving rental refloating remains at low levels. Global forestry markets are expected to be flat to down 5% as all global markets continue to be challenged. Global roadbuilding markets are forecasted to be roughly flat with strong end market demand persisting amid a return to more normal ordering seasonality. Moving to the C and F segment outlook on Slide 11. 20 ",challenge/offline-data/deere/call-transcripts/2025-02-13__de-us-20250213-call-q1-pres__46459.md,47
Deere & Company,DE,2025-02-13,FY2025Q1,EARNINGS_CALL,call-q1-pres,"1.5  | 11.512 | 5% | 12.  | 230,000,000  | 50%","Unknown speaker: Net sales guidance for the year includes flat net price realization and 1.5 points of negative currency translation. The segment's operating margin continues to be projected between 11.512.5%. Now transitioning to our Financial Services operations on Slide 12. Worldwide Financial Services net income attributable to Deere and Company in the first quarter was $230,000,000 Net income",challenge/offline-data/deere/call-transcripts/2025-02-13__de-us-20250213-call-q1-pres__46459.md,49
Deere & Company,DE,2025-02-13,FY2025Q1,EARNINGS_CALL,call-q1-pres,"750,000,000  | 13  | 5,000,000,000  | 5,500,000,000  | 2022% | 4,500,000,000 ","Unknown speaker: Excluding this special item, net income decreased due to a higher provision for credit losses, which was partially offset by lower SA and G expenses. For fiscal year twenty twenty five, our outlook remains at $750,000,000 as benefits from a lower provision for credit losses are partially offset by less favorable financing spreads. Finally, Slide 13 outlines our guidance for net in",challenge/offline-data/deere/call-transcripts/2025-02-13__de-us-20250213-call-q1-pres__46459.md,51
Deere & Company,DE,2025-02-13,FY2025Q1,EARNINGS_CALL,call-q1-pres,35% | 8%,"Unknown speaker: However, our guidance range remains unchanged. This concludes our formal comments. We'll now shift to a few topics specific to the quarter. Let's begin with Deere's performance this quarter. We saw net sales decline roughly 35% year over year and margins come in just under 8%, But we held the majority of our guides for the full year, notably net income.",challenge/offline-data/deere/call-transcripts/2025-02-13__de-us-20250213-call-q1-pres__46459.md,53
Deere & Company,DE,2025-02-13,FY2025Q1,EARNINGS_CALL,call-q1-pres,35 ,"Unknown speaker: We feel great about the progress that we made across all three fronts. The plans that we executed, while contributing to the 35 year over year decline in sales that you mentioned, reflect our ongoing focus on proactively managing our business through this downturn. There were a few variances this quarter that caused sales to decline slightly more than we had anticipated, specifica",challenge/offline-data/deere/call-transcripts/2025-02-13__de-us-20250213-call-q1-pres__46459.md,59
Deere & Company,DE,2025-02-13,FY2025Q1,EARNINGS_CALL,call-q1-pres,"163,000,000  | 2025 ","Unknown speaker: Additionally, lower SA and G expenses this quarter reflect our focus and commitment to operational efficiency throughout the business. Turning to the full year guide, our market demand outlook remains relatively unchanged this quarter. Outside of the FX impacts that moved our PPA guide slightly lower, this quarter was really a story of continued production and inventory management",challenge/offline-data/deere/call-transcripts/2025-02-13__de-us-20250213-call-q1-pres__46459.md,65
Deere & Company,DE,2025-02-13,FY2025Q1,EARNINGS_CALL,call-q1-pres,2025 ,"Unknown speaker: Great. Thanks for that breakdown, Josh. So overall, it was really a quiet quarter once you back out the timing, FX and tax items. I guess moving then to the broader ag industry, I'd like to talk through farm fundamentals. The USDA just updated their 2025 forecast for net cash farm income.",challenge/offline-data/deere/call-transcripts/2025-02-13__de-us-20250213-call-q1-pres__46459.md,67
Deere & Company,DE,2025-02-13,FY2025Q1,EARNINGS_CALL,call-q1-pres,22  | 2% | 2024.,"Unknown speaker: While U. S. Net cash farm income is now forecasted to be up 22 year over year, crop cash receipts are still expected to fall 2% driven by lower commodity prices. The difference then would be the significant government support expected for farmers this year. Obviously, it's still early in the year, but this seems to be a somewhat positive proof point for our customers following a t",challenge/offline-data/deere/call-transcripts/2025-02-13__de-us-20250213-call-q1-pres__46459.md,69
Deere & Company,DE,2025-02-13,FY2025Q1,EARNINGS_CALL,call-q1-pres,2025. ,"Unknown speaker: Yes, sure thing, Josh. Clearly a positive headline with forecast up year over year, but it's important to break down how we get to that point. There are a number of positive data points this quarter, keeping in mind this is all within the context of a trough level outlook for 2025. For starters, the recent rally in commodity prices has been fueled by both a cut in last season's U.",challenge/offline-data/deere/call-transcripts/2025-02-13__de-us-20250213-call-q1-pres__46459.md,73
Deere & Company,DE,2025-02-13,FY2025Q1,EARNINGS_CALL,call-q1-pres,"10% | 10,000,000,000 ","Unknown speaker: Yield forecast along with dryness in South America. Additionally, the USDA forecast for global ending stocks of corn, soy and wheat declined over 10% during the quarter as stocks to use retreated. This provides some benefit for our customers as they market last year's strong harvest. On the input side, farmers are continuing to see a decline in input costs for the third consecutiv",challenge/offline-data/deere/call-transcripts/2025-02-13__de-us-20250213-call-q1-pres__46459.md,75
Deere & Company,DE,2025-02-13,FY2025Q1,EARNINGS_CALL,call-q1-pres,"2024, ","Unknown speaker: S. Support for farmers as you noted. This assistance will offset some of the margin decline farmers saw in 2024, while potentially helping to relieve concerns around macro risk and high interest rates. But ultimately, we don't expect this to translate into immediate order velocity as general uncertainty continues to persist and customers remain cautious across all markets.",challenge/offline-data/deere/call-transcripts/2025-02-13__de-us-20250213-call-q1-pres__46459.md,77
Deere & Company,DE,2025-02-13,FY2025Q1,EARNINGS_CALL,call-q1-pres,"25% | 1,500  | 1,200 ","Unknown speaker: And to that end, we saw great progress in our combine inventory this quarter, with field levels down over 25% in the past three months and down nearly two thirds since the end of fiscal twenty twenty three. Along with improving customer sentiment in the region, our strategic focus on tech adoption has been met with strong customer interest. During the quarter, over 1,500 Precision",challenge/offline-data/deere/call-transcripts/2025-02-13__de-us-20250213-call-q1-pres__46459.md,103
Deere & Company,DE,2025-02-13,FY2025Q1,EARNINGS_CALL,call-q1-pres,35% | 15% | 30%,"Unknown speaker: Yes, no problem, Josh. As you rightly noted, our first quarter in C and F was all about rightsizing inventories to ensure strong execution throughout the remainder of the year. To that extent, we underproduced retail demand by approximately 35% in the first quarter, resulting in an earthmoving inventory reduction of more than 15% over the past three months and nearly 30% in the pr",challenge/offline-data/deere/call-transcripts/2025-02-13__de-us-20250213-call-q1-pres__46459.md,113
Deere & Company,DE,2025-02-13,FY2025Q1,EARNINGS_CALL,call-q1-pres,50%,"Unknown speaker: Turning to the broader industry, we remain focused on supporting sales in a highly competitive North America market. End markets remain strong with only around 50% of IIJA funds committed and equipment utilization reflecting the fact that construction employment is at record levels and continuing to rise. However, equipment purchases remain constrained given macro uncertainty and ",challenge/offline-data/deere/call-transcripts/2025-02-13__de-us-20250213-call-q1-pres__46459.md,115
Deere & Company,DE,2025-02-13,FY2025Q1,EARNINGS_CALL,call-q1-qna,15% | 20%,"Unknown speaker: Yes. Hey, Tim, thanks for the question. I mean, I think as you think about large ag demand and shifting some of those shipments out to future years, it's still going to more or less follow normal seasonality for the business. As we look at the second quarter, it's still we'd anticipate being the highest quarter for us in terms of sales. Full year guide for large ag being down 15% ",challenge/offline-data/deere/call-transcripts/2025-02-13__de-us-20250213-call-q1-qna__46478.md,17
Deere & Company,DE,2025-02-13,FY2025Q1,EARNINGS_CALL,call-q1-qna,15% | 20% | 3  | 4 ,"Unknown speaker: Quarter over quarter, we'd expect that second quarter year over year compared to last quarter or last year's quarter to be down more than the guide, so probably down more than the 15% to 20% that you're seeing in the full year. And that gets sequentially better as you go to Q3 and Q4 in terms of the year over year comps.",challenge/offline-data/deere/call-transcripts/2025-02-13__de-us-20250213-call-q1-qna__46478.md,19
Deere & Company,DE,2025-02-13,FY2025Q1,EARNINGS_CALL,call-q1-qna,4,"Unknown speaker: Yes. Tim, this is Josh Epsom. Maybe one thing I'd add to. As you think about the sequence, you know, Bill laid out kind of how that plays out. I think for production precision ag as well as the rest of our businesses, we would expect fourth quarter we're actually growing year over year because of some of the comps and actions we took, but we actually start to see increases year ov",challenge/offline-data/deere/call-transcripts/2025-02-13__de-us-20250213-call-q1-qna__46478.md,21
Deere & Company,DE,2025-02-13,FY2025Q1,EARNINGS_CALL,call-q1-qna,30%,"Unknown speaker: And maybe I'll talk combines and then walk a little bit around the other product lines as well. As you recall for North America, our guide for the industry is down 30%. If you kind of take product line by product line, sprayer EOP came in pretty close to that industry guide. We're expecting tractors to be a little down a little bit less year over year, row crop tractors. And then ",challenge/offline-data/deere/call-transcripts/2025-02-13__de-us-20250213-call-q1-qna__46478.md,29
Deere & Company,DE,2025-02-13,FY2025Q1,EARNINGS_CALL,call-q1-qna,"30,  | 1.  | 11% | 90  | 1.","Unknown speaker: And then as you mentioned, given the results of the comment early order program, we'd expect that to be down a little more than the guide as well. So weighted to get to that industry down 30, but a little bit of difference by product line. Yes, as you saw in the quarter and this is consistent with the shipment timing that we talked about, the EOP for combines both a little more sl",challenge/offline-data/deere/call-transcripts/2025-02-13__de-us-20250213-call-q1-qna__46478.md,31
Deere & Company,DE,2025-02-13,FY2025Q1,EARNINGS_CALL,call-q1-qna,20% | 15% | 80% | 14.5% | 2013. ,"Unknown speaker: We're essentially flat on R and D, and we're making room elsewhere in the cost structure. So I think those are the pieces that we can control and that we're working to manage. And stepping back as it relates to our longer term goal of 20% in mid cycle, this level of performance, this guide, if you look at the equipment operations where we're at, call it, just below 15%, fourteen p",challenge/offline-data/deere/call-transcripts/2025-02-13__de-us-20250213-call-q1-qna__46478.md,85
Deere & Company,DE,2025-02-13,FY2025Q1,EARNINGS_CALL,call-q1-qna,2,"Unknown speaker: We've seen incremental improvement in the first quarter of twenty twenty five. But it's still higher than it should be, probably on a percentage basis, probably 2x the number of one- and two year old equipment that we would normally want in that population or would normally see. And so continue to work to do there, and we'll continue to focus on that through the course of the year",challenge/offline-data/deere/call-transcripts/2025-02-13__de-us-20250213-call-q1-qna__46478.md,99
Deere & Company,DE,2025-02-13,FY2025Q1,EARNINGS_CALL,call-q1-qna,25%,"Unknown speaker: Hi. Thank you. I just want to make sure I understand the North American new inventory commentary. Essentially, you said by calendar year end, not your fiscal, the large ag field inventory was down 25% year over year. And then you're saying you're targeting to finish the year, I assume that was a fiscal year comment, that The U.",challenge/offline-data/deere/call-transcripts/2025-02-13__de-us-20250213-call-q1-qna__46478.md,109
Deere & Company,DE,2025-02-13,FY2025Q1,EARNINGS_CALL,call-q1-qna,1%,"Unknown speaker: Can you just talk about the level of confidence that in that plus 1%? And then similarly on the construction side, you lowered that to flat this quarter or I guess for the full year. Can you talk about there as well the level of confidence that actually being flat now versus perhaps some of the competitive dynamics you're seeing to kind of drive and move volume in that segment?",challenge/offline-data/deere/call-transcripts/2025-02-13__de-us-20250213-call-q1-qna__46478.md,151
Deere & Company,DE,2025-02-13,FY2025Q1,EARNINGS_CALL,call-q1-qna,2% | 3%,"Unknown speaker: Yes, sure. Thanks for the question, Angel. Starting with large ag, again, as you mentioned, our full year guide is one percent, and that contemplates additional incentives to help support the used market. You'll recall North America as an example, list price increases in our early order programs and on tractors will kind of range from 2% to 3% for the year. The net price realizati",challenge/offline-data/deere/call-transcripts/2025-02-13__de-us-20250213-call-q1-qna__46478.md,153
Deere & Company,DE,2025-02-13,FY2025Q1,EARNINGS_CALL,call-q1-qna,2 | 2,"Unknown speaker: Yes. Maybe one thing to add just on the C and F side. You brought up a good point, Josh, in terms of a little more price pressure in 2Q, we could see that. We probably have a little more underproduction in on the roof moving side in 2Q there as well. So that will impact kind of their cadence of margins as we go through the year. They'll actually we'd expect them to actually build ",challenge/offline-data/deere/call-transcripts/2025-02-13__de-us-20250213-call-q1-qna__46478.md,161
Deere & Company,DE,2025-02-13,FY2025Q1,EARNINGS_CALL,call-q1-qna,1 ,"Unknown speaker: Okay. All right. Thanks for taking the question. I'm wondering if you can maybe give us a little bit of handholding on margins. We're starting pretty slow, obviously, Q1 across all segments. How do you sort of see getting to the full year guidance? And again, this is a question that applies across the board, all three segments. Thank you.",challenge/offline-data/deere/call-transcripts/2025-02-13__de-us-20250213-call-q1-qna__46478.md,167
Deere & Company,DE,2025-02-13,FY2025Q1,EARNINGS_CALL,call-q1-qna,2 | 3 | 4,"Unknown speaker: Yes. Megan, this is Jeffson. I think from a margin perspective, similarly, we would expect 2Q as normal to be strong, strongest quarter. 3Q probably not terribly far off that and so strength kind of in two and three which is a little more normal. And then as I mentioned 4Q normally lighter on revenue, but will be we should mark the turn from sales being down year over year for the",challenge/offline-data/deere/call-transcripts/2025-02-13__de-us-20250213-call-q1-qna__46478.md,173
Deere & Company,DE,2025-02-13,FY2025Q1,STRUCTURED_RESULT,q1-10q,"52 | 53  | 2025  | 2024  | 26,  | 2025 ","We use a 52/53 week fiscal year with quarters ending on the last Sunday in the reporting period. The first quarter ends for fiscal year 2025 and 2024 were January 26, 2025 and January 28, 2024, respectively. Both periods contained 13 weeks. Fiscal year 2025 will contain 53 weeks, with the additional week occurring in the fourth quarter. Unless otherwise stated, references to particular years, quar",challenge/offline-data/deere/filings/2025-02-13__de-us-20250213-q1-10q__105832.md,461
Deere & Company,DE,2025-02-13,FY2025Q1,STRUCTURED_RESULT,q1-10q,10,"The interim consolidated financial statements of Deere &amp; Company have been prepared by us, without audit, pursuant to the rules and regulations of the U.S. Securities and Exchange Commission (SEC). Certain information and footnote disclosures normally included in annual financial statements prepared in accordance with accounting principles generally accepted in the U.S. have been condensed or ",challenge/offline-data/deere/filings/2025-02-13__de-us-20250213-q1-10q__105832.md,469
Deere & Company,DE,2025-02-13,FY2025Q1,STRUCTURED_RESULT,q1-10q,"2025, ","We closely monitor all Accounting Standard Updates (ASUs) issued by the Financial Accounting Standards Board (FASB) and other authoritative guidance. We adopted the following standards in 2025, none of which had a material effect on our consolidated financial statements.",challenge/offline-data/deere/filings/2025-02-13__de-us-20250213-q1-10q__105832.md,477
Deere & Company,DE,2025-02-13,FY2025Q1,STRUCTURED_RESULT,q1-10q,"2024,  | 2024 | -03,  | 220 | -40 | 2025, ","In November 2024, the FASB issued ASU 2024-03, Income Statement - Reporting Comprehensive Income Expense Disaggregation Disclosures (Subtopic 220-40): Disaggregation of Income Statement Expenses, which expands disclosures about specific expense categories presented on the face of the income statement. In January 2025, the FASB issued ASU 2025-01, Income Statement - Reporting Comprehensive Income -",challenge/offline-data/deere/filings/2025-02-13__de-us-20250213-q1-10q__105832.md,485
Deere & Company,DE,2025-02-13,FY2025Q1,STRUCTURED_RESULT,q1-10q,"2023,  | 2023 | -09,  | 740 | 2026. ","In December 2023, the FASB issued ASU 2023-09, Income Taxes (Topic 740): Improvements to Income Tax Disclosures, which expands disclosures in an entity's income tax rate reconciliation table and cash taxes paid both in the U.S. and foreign jurisdictions. The ASU will be effective for us beginning with our annual reporting for fiscal year 2026. We are assessing the effect of this update on our rela",challenge/offline-data/deere/filings/2025-02-13__de-us-20250213-q1-10q__105832.md,487
Deere & Company,DE,2025-02-13,FY2025Q1,STRUCTURED_RESULT,q1-10q,"2,027,  | 1,923,  | 1,747  | 26,  | 2025,  | 27, ","We invoice in advance of recognizing the revenue of certain products and services. These relate to extended warranty premiums, advance payments for future equipment sales, and subscription and service revenue related to precision guidance, telematic services, and other information-enabled solutions. These advanced customer payments are presented as deferred revenue, a contract liability, in 'Accou",challenge/offline-data/deere/filings/2025-02-13__de-us-20250213-q1-10q__105832.md,668
Deere & Company,DE,2025-02-13,FY2025Q1,STRUCTURED_RESULT,q1-10q,"1,734  | 26,  | 2025.  | 2025  | 395,  | 2026 ","The amount of unsatisfied performance obligations for contracts with an original duration greater than one year was $1,734 at January 26, 2025. The estimated revenue to be recognized by fiscal year follows: remainder of 2025 - $395, 2026 - $444, 2027 - $352, 2028 - $235, 2029 - $144, 2030 - $102, and later years - $62. As permitted, we elected only to disclose remaining performance obligations wit",challenge/offline-data/deere/filings/2025-02-13__de-us-20250213-q1-10q__105832.md,670
Deere & Company,DE,2025-02-13,FY2025Q1,STRUCTURED_RESULT,q1-10q,"2025, ","During the first three months of 2025, we contributed and expect to contribute the following amounts to our pension and OPEB plans:",challenge/offline-data/deere/filings/2025-02-13__de-us-20250213-q1-10q__105832.md,767
Deere & Company,DE,2025-02-13,FY2025Q1,STRUCTURED_RESULT,q1-10q,"2025, ","The allowance for credit losses on retail notes and financing lease receivables increased in the first quarter of 2025, primarily due to higher expected losses as a result of elevated delinquencies and market conditions.",challenge/offline-data/deere/filings/2025-02-13__de-us-20250213-q1-10q__105832.md,946
Deere & Company,DE,2025-02-13,FY2025Q1,STRUCTURED_RESULT,q1-10q,2025,Industry Sales Outlook for Fiscal Year 2025,challenge/offline-data/deere/filings/2025-02-13__de-us-20250213-q1-10q__105832.md,1447
Deere & Company,DE,2025-02-13,FY2025Q1,STRUCTURED_RESULT,q1-10q,2025  | 2024 ,Sales volumes are expected to decline in 2025 compared to 2024 due to reduced demand. We are uncertain,challenge/offline-data/deere/filings/2025-02-13__de-us-20250213-q1-10q__105832.md,1462
Deere & Company,DE,2025-02-13,FY2025Q1,STRUCTURED_RESULT,q1-10q,2024 ,We expect small agricultural equipment sales to be down from 2024 levels in the U.S. and Canada.,challenge/offline-data/deere/filings/2025-02-13__de-us-20250213-q1-10q__105832.md,1469
Deere & Company,DE,2025-02-13,FY2025Q1,STRUCTURED_RESULT,q1-10q,2025,## Industry Sales Outlook for Fiscal Year 2025,challenge/offline-data/deere/filings/2025-02-13__de-us-20250213-q1-10q__105832.md,1496
Deere & Company,DE,2025-02-13,FY2025Q1,STRUCTURED_RESULT,q1-10q,2025  | 2024 ,Sales volumes are expected to decline in 2025 compared to 2024 due to reduced demand. We are uncertain of the impact potential import tariffs by the U.S. and retaliatory actions taken by other countries could have on our outlook due to the rapidly evolving environment.,challenge/offline-data/deere/filings/2025-02-13__de-us-20250213-q1-10q__105832.md,1512
Deere & Company,DE,2025-02-13,FY2025Q1,STRUCTURED_RESULT,q1-10q,2025,## Agriculture and Turf Outlook for 2025,challenge/offline-data/deere/filings/2025-02-13__de-us-20250213-q1-10q__105832.md,1514
Deere & Company,DE,2025-02-13,FY2025Q1,STRUCTURED_RESULT,q1-10q,2024 ,"- We expect small agricultural equipment sales to be down from 2024 levels in the U.S. and Canada. Strong profitability is anticipated to continue in the dairy and livestock segment as dairy and livestock prices remain elevated; however, this is projected to be more than offset by restrained demand in the turf and compact utility tractor markets amid high interest rates.",challenge/offline-data/deere/filings/2025-02-13__de-us-20250213-q1-10q__105832.md,1517
Deere & Company,DE,2025-02-13,FY2025Q1,STRUCTURED_RESULT,q1-10q,2025,## Construction and Forestry Outlook for 2025,challenge/offline-data/deere/filings/2025-02-13__de-us-20250213-q1-10q__105832.md,1529
Deere & Company,DE,2025-02-13,FY2025Q1,STRUCTURED_RESULT,q1-10q,2024 ,"- Construction equipment industry sales are forecasted to be down in the U.S. and Canada from 2024 levels. The decline is due to further slowdowns in multi-family housing developments and the commercial real estate market and low levels of earthmoving rental purchases, partially offset by high levels of U.S. government infrastructure spending and projected growth in single family housing starts. H",challenge/offline-data/deere/filings/2025-02-13__de-us-20250213-q1-10q__105832.md,1531
Deere & Company,DE,2025-02-13,FY2025Q1,STRUCTURED_RESULT,q1-10q,"2025, ","Agricultural Market Business Cycle. The agricultural market is affected by various factors including commodity prices, acreage planted, crop yields, government policies, and uncertainty in macroeconomic trends. These factors affect farmers' income and sentiment which may result in lower demand for equipment. In 2025, we expect to continue experiencing the following effects due to unfavorable marke",challenge/offline-data/deere/filings/2025-02-13__de-us-20250213-q1-10q__105832.md,1545
Deere & Company,DE,2025-02-13,FY2025Q1,STRUCTURED_RESULT,q1-10q,"2025,  | 2025 ","Foreign Exchange Rates. During the first quarter of 2025, the U.S. dollar strengthened against the primary currencies in which we conduct business overseas. A stronger U.S. dollar is expected to have an unfavorable impact on our fiscal year 2025 financial results. We utilize foreign currency derivatives that are not designated to mitigate the impact of currency fluctuations on our cash flow, which",challenge/offline-data/deere/filings/2025-02-13__de-us-20250213-q1-10q__105832.md,1549
Deere & Company,DE,2025-02-13,FY2025Q1,STRUCTURED_RESULT,q1-10q,12  | 12  | 2025  | 2024  | 2025 ,"We closely monitor our cash requirements. Based on the available sources of liquidity, we expect to meet our funding needs in the short term (next 12 months) and long term (beyond 12 months). We are forecasting lower operating cash flows from equipment operations in 2025 compared with 2024 driven by a decrease in net income adjusted for non-cash provisions and a lower reduction in inventories in 2",challenge/offline-data/deere/filings/2025-02-13__de-us-20250213-q1-10q__105832.md,1721
Deere & Company,DE,2025-02-13,FY2025Q1,STRUCTURED_RESULT,q1-10q,1 | 10 | 10,"Further information concerning us and our businesses, including factors that could materially affect our financial results, is included in our other filings with the SEC (including, but not limited to, the factors discussed in Item 1A. 'Risk Factors' of our most recent Annual Report on Form 10-K and this Quarterly Report on Form 10-Q). There also may be other factors that we cannot anticipate or t",challenge/offline-data/deere/filings/2025-02-13__de-us-20250213-q1-10q__105832.md,1964
Deere & Company,DE,2025-02-13,FY2025Q1,STRUCTURED_RESULT,q1-8k,2025 ,Net income attributable to Deere & Company for fiscal 2025 is forecasted to remain in a,challenge/offline-data/deere/filings/2025-02-13__de-us-20250213-q1-8k__105841.md,38
Deere & Company,DE,2025-02-13,FY2025Q1,STRUCTURED_RESULT,q1-8k,2025  | 5.0 billion | 5.5 billion,Net income attributable to Deere &amp; Company for fiscal 2025 is forecasted to remain in a range of $5.0 billion to $5.5 billion.,challenge/offline-data/deere/filings/2025-02-13__de-us-20250213-q1-8k__105841.md,71
Deere & Company,DE,2025-02-13,FY2025Q1,STRUCTURED_RESULT,q1-8k,2025,## Deere Segment Outlook for Fiscal 2025,challenge/offline-data/deere/filings/2025-02-13__de-us-20250213-q1-8k__105841.md,156
Deere & Company,DE,2025-02-13,FY2025Q1,STRUCTURED_RESULT,q1-8k,1995 ,"Certain statements contained herein, including in the section entitled 'Company Outlook &amp; Summary,' 'Industry Outlook,' 'Deere Segment Outlook,' and 'Condensed Notes to Interim Consolidated Financial Statements' relating to future events, expectations, and trends constitute 'forward-looking statements' as defined in the Private Securities Litigation Reform Act of 1995 and involve factors that ",challenge/offline-data/deere/filings/2025-02-13__de-us-20250213-q1-8k__105841.md,169
Deere & Company,DE,2025-02-13,FY2025Q1,STRUCTURED_RESULT,q1-8k,1 | 10 | 10,"Further information concerning the company or its businesses, including factors that could materially affect the company's financial results, is included in the company's filings with the SEC (including, but not limited to, the factors discussed in Item 1A. 'Risk Factors' of the company's most recent Annual Report on Form 10-K and subsequent Quarterly Reports on Form 10-Q). There also may be other",challenge/offline-data/deere/filings/2025-02-13__de-us-20250213-q1-8k__105841.md,205
Deere & Company,DE,2024-11-21,FY2024Q4,EARNINGS_CALL,call-q4-pres,4 | 2025. ,"Unknown speaker: Hello. Welcome and thank you for joining us on today's call. Joining me on the call today are John May, Chairman and Chief Executive Officer Josh Jepsen, Chief Financial Officer Corey Reed, President, Worldwide Agriculture and Turf Division, Production and Precision Ag Americas and Australia and Josh Rollater, Manager, Investor Communications. Today, we'll take a closer look at De",challenge/offline-data/deere/call-transcripts/2024-11-21__de-us-20241121-call-q4-pres__46452.md,17
Deere & Company,DE,2024-11-21,FY2024Q4,EARNINGS_CALL,call-q4-pres,"4  | 13.1% | 18.2% | 6,900,000,000 ","Unknown speaker: I will now turn the call over to Josh Rollater. Good morning, and an early happy holidays to everyone joining us today. John Deere finished the year with a better than expected Q4 that included 13.1% margins for equipment operations. Full year operating margins came in at 18.2%, reflecting solid proactive execution throughout our organization amidst a challenging and rapidly chang",challenge/offline-data/deere/call-transcripts/2024-11-21__de-us-20241121-call-q4-pres__46452.md,23
Deere & Company,DE,2024-11-21,FY2024Q4,EARNINGS_CALL,call-q4-pres,"2025,  | 3  | 2024.  | 16% | 51,700,000,000  | 19 percent","Unknown speaker: Looking ahead to 2025, we expect continued contraction of Ag markets globally to result in ag and turf equipment demand at or below trough levels. Additionally, construction and forestry market demand is expected to be down as healthy end markets are offset by continued uncertainty in equipment purchases. Slide 3 begins with the results for fiscal year 2024. Net sales and revenues",challenge/offline-data/deere/call-transcripts/2024-11-21__de-us-20241121-call-q4-pres__46452.md,25
Deere & Company,DE,2024-11-21,FY2024Q4,EARNINGS_CALL,call-q4-pres,7  | 2025  | 30%,"Unknown speaker: Slide 7 details our fiscal year 2025 ag and turf industry outlook. We expect industry sales of large ag equipment in the U. S. And Canada to decline approximately 30% as demand further moderates amid weak farm fundamentals, high interest rates, elevated used inventory levels and short term farmer liquidity concerns heading into next year's growing season. For small ag and turf in ",challenge/offline-data/deere/call-transcripts/2024-11-21__de-us-20241121-call-q4-pres__46452.md,33
Deere & Company,DE,2024-11-21,FY2024Q4,EARNINGS_CALL,call-q4-pres,"2025.  | 2024  | 2025, ","Unknown speaker: Farm fundamentals in the region continue to deteriorate. Lingering headwinds include depressed yields from unfavorable weather, reduced regional commodity prices and persistently elevated input costs. Confluence of these issues coupled with high interest rates are expected to keep industry equipment demand at low levels throughout 2025. Within South America, we anticipate industry",challenge/offline-data/deere/call-transcripts/2024-11-21__de-us-20241121-call-q4-pres__46452.md,37
Deere & Company,DE,2024-11-21,FY2024Q4,EARNINGS_CALL,call-q4-pres,8.  | 15% | 2025.,"Unknown speaker: Argentina, however, is experiencing some favorable tailwinds as government actions begin to stabilize the currency amid a recovery in the ag industry. Finally, industry sales in Asia are projected to be down slightly. As foundational technology adoption and improving ag fundamentals in India provide moderate demand tailwinds. Moving to our segment forecast on Slide 8. We anticipat",challenge/offline-data/deere/call-transcripts/2024-11-21__de-us-20241121-call-q4-pres__46452.md,41
Deere & Company,DE,2024-11-21,FY2024Q4,EARNINGS_CALL,call-q4-pres,0.5  | 17% | 18% | 9  | 2025  | 10%,"Unknown speaker: The forecast assumes roughly one point of positive price realization and 0.5 point of negative currency translation. Segment operating margin forecast for the full fiscal year is between 17% 18%, reflecting strong execution amid tough geographic and product mix headwinds. Slide 9 provides our forecast for the Small Ag and Turf segment. We expect fiscal year 2025 net sales to be do",challenge/offline-data/deere/call-transcripts/2024-11-21__de-us-20241121-call-q4-pres__46452.md,43
Deere & Company,DE,2024-11-21,FY2024Q4,EARNINGS_CALL,call-q4-pres,11  | 2025  | 10%,"Unknown speaker: Lower shipment volumes and sales mix were partially offset by lower production costs and proceeds from special non recurring items. Slide 11 outlines our 2025 Construction and Forestry Industry outlook. Industry sales for earthmoving equipment in the U. S. And Canada are expected to be down around 10%, while compact construction equipment in the U.",challenge/offline-data/deere/call-transcripts/2024-11-21__de-us-20241121-call-q4-pres__46452.md,47
Deere & Company,DE,2024-11-21,FY2024Q4,EARNINGS_CALL,call-q4-pres,5% | 2025 ,Unknown speaker: S. And Canada is expected to be down 5%. Mixed end markets in 2025 are expected to temper equipment demand across both construction and compact construction equipment. Modest growth in single family housing starts and U. S.,challenge/offline-data/deere/call-transcripts/2024-11-21__de-us-20241121-call-q4-pres__46452.md,49
Deere & Company,DE,2024-11-21,FY2024Q4,EARNINGS_CALL,call-q4-pres,2025.  | 5% | 2025.  | 12.,"Unknown speaker: Government infrastructure spending will be more than offset by further slowdowns in multifamily housing developments, still softening non residential building investments and muted CapEx spending in oil and gas. Additional headwinds from historically low levels of earthmovingrentalrefleting and somewhat elevated used inventories will further pressure equipment sales as market unce",challenge/offline-data/deere/call-transcripts/2024-11-21__de-us-20241121-call-q4-pres__46452.md,51
Deere & Company,DE,2024-11-21,FY2024Q4,EARNINGS_CALL,call-q4-pres,2025  | 10% | 15% | 1  | 11.5% | 12.5%,Unknown speaker: 2025 net sales are forecasted to be down around 10% 15%. Our net sales guidance for the year includes about 1 point of positive price realization and flat currency translation. The segment's operating margin is projected to be between 11.5% and 12.5%. Switching to our Financial Services operations on Slide 13. Worldwide Financial Services net income attributable to Deere and Compa,challenge/offline-data/deere/call-transcripts/2024-11-21__de-us-20241121-call-q4-pres__46452.md,53
Deere & Company,DE,2024-11-21,FY2024Q4,EARNINGS_CALL,call-q4-pres,"2025,  | 750,000,000  | 2024  | 14 ","Unknown speaker: The year over year decline was mainly due to a higher provision for credit losses, partially offset by income earned on a higher average portfolio balance, a reduction in derivative valuation adjustments and lower SA and G expenses. Results were also negatively impacted by the increased valuation allowance on assets held for sale of Banco John Deere. For fiscal year 2025, net inco",challenge/offline-data/deere/call-transcripts/2024-11-21__de-us-20241121-call-q4-pres__46452.md,55
Deere & Company,DE,2024-11-21,FY2024Q4,EARNINGS_CALL,call-q4-pres,"2025,  | 5,000,000,000  | 5,500,000,000  | 23% | 25% | 4,500,000,000 ","Unknown speaker: For fiscal year 2025, our full year net income forecast is expected to be in the range of $5,000,000,000 $5,500,000,000 highlighting structural improvements over previous cycles. Next, our guidance incorporates an effective tax rate between 23% 25%. Lastly, cash flow from equipment operations is projected to be in the range of $4,500,000,000 to $5,500,000,000 It is important to em",challenge/offline-data/deere/call-transcripts/2024-11-21__de-us-20241121-call-q4-pres__46452.md,57
Deere & Company,DE,2024-11-21,FY2024Q4,EARNINGS_CALL,call-q4-pres,3 ,"Unknown speaker: We managed this under production while controlling costs, delivering year over year improvements in production costs and SA and G and R and D. Additionally, we successfully reduced in process inventory levels, which drove much of the cash flow outperformance relative to our Q3 guide. Turning to the full year, John previously highlighted that our performance was marked by resilienc",challenge/offline-data/deere/call-transcripts/2024-11-21__de-us-20241121-call-q4-pres__46452.md,75
Deere & Company,DE,2024-11-21,FY2024Q4,EARNINGS_CALL,call-q4-pres,2024  | 2025. ,"Unknown speaker: Despite muted sales, we remained disciplined and committed to our investments in the business, maintaining record levels of R and D spending. We recognize that many of the new product introductions this year stemmed from investments that we made throughout the previous cycle, and we will continue to prioritize these value creating investments moving forward. Overall, the decisive ",challenge/offline-data/deere/call-transcripts/2024-11-21__de-us-20241121-call-q4-pres__46452.md,77
Deere & Company,DE,2024-11-21,FY2024Q4,EARNINGS_CALL,call-q4-pres,2024.  | 2025 ,Unknown speaker: That's great color on 2024. Let's pivot directions now and discuss our fiscal 2025 outlook for Ag,challenge/offline-data/deere/call-transcripts/2024-11-21__de-us-20241121-call-q4-pres__46452.md,79
Deere & Company,DE,2024-11-21,FY2024Q4,EARNINGS_CALL,call-q4-pres,2025. ,"Unknown speaker: and Turf. With commodity prices down albeit partially offset by bumper crops across the U. S, farmer margins have been compressed. Our guide implies a challenging year for farmers in 2025. Josh, could you help us unpack what we're seeing here and what to expect by segment and geography?",challenge/offline-data/deere/call-transcripts/2024-11-21__de-us-20241121-call-q4-pres__46452.md,81
Deere & Company,DE,2024-11-21,FY2024Q4,EARNINGS_CALL,call-q4-pres,"2025, ","Unknown speaker: Sure. It's definitely going to be another dynamic year across the Ag industry. Let's start with Large Ag in North America. We expect farm fundamentals to remain depressed globally in 2025, putting additional pressure on farm profitability. Given the strong yields from U.",challenge/offline-data/deere/call-transcripts/2024-11-21__de-us-20241121-call-q4-pres__46452.md,83
Deere & Company,DE,2024-11-21,FY2024Q4,EARNINGS_CALL,call-q4-pres,"4,  | 4% | 2023  | 220  | 50% | 10%","Unknown speaker: In North American Large Ag, we successfully achieved our underproduction goals for the Q4, reaching targeted inventory levels on most of our key products. For example, new combine inventory was down mid teens year over year on a unit basis and finished the year at 4% inventory to sales, in line with 2023 year end levels. In 220 horsepower and above large tractors, we reduced field",challenge/offline-data/deere/call-transcripts/2024-11-21__de-us-20241121-call-q4-pres__46452.md,89
Deere & Company,DE,2024-11-21,FY2024Q4,EARNINGS_CALL,call-q4-pres,"100  | 2025,  | 2024,  | 2025 ","Unknown speaker: We're encouraged by the progress we've made on this front, particularly as industry inventory to sales ratios for new equipment are more than double Deere's ratios for both 100 horsepower and above tractors and combines. Despite our proactive inventory management, macro factors continue to be a headwind for equipment demand in 2025, resulting in subdued early order program results",challenge/offline-data/deere/call-transcripts/2024-11-21__de-us-20241121-call-q4-pres__46452.md,91
Deere & Company,DE,2024-11-21,FY2024Q4,EARNINGS_CALL,call-q4-pres,3  | 2025  | 2024.  | 4  | 2025  | 2024.,"Unknown speaker: Finally, combines will complete the second of 3 early order program phases next week. And when this program closes at the end of January, we expect the product line to be down in a range similar to the reduction we've seen in sprayers. North American tractors are managed on a rolling order basis with row crop tractor order books full through the middle of the second quarter. Deman",challenge/offline-data/deere/call-transcripts/2024-11-21__de-us-20241121-call-q4-pres__46452.md,93
Deere & Company,DE,2024-11-21,FY2024Q4,EARNINGS_CALL,call-q4-pres,"2024  | 2023.  | 2025  | 2025  | 2024,  | 2025 ","Unknown speaker: Of course. As you recall, Brazil represented our largest targeted underproduction in 2024 as we worked to correct excess new field inventory resulting from the market slowdown at the end of 2023. Our factory and marketing teams in the region worked diligently over the last year to adjust production and shipping in the midst of a dynamic retail sales environment. As a result, we've",challenge/offline-data/deere/call-transcripts/2024-11-21__de-us-20241121-call-q4-pres__46452.md,103
Deere & Company,DE,2024-11-21,FY2024Q4,EARNINGS_CALL,call-q4-pres,"2024  | 2025  | 2024,  | 20%","Unknown speaker: 2024 was a tough year for the region. We really saw a perfect storm of factors depressed commodity prices, lower yields, regional conflicts and frustration with Ag policy that ultimately drove a retail sales decline much greater than normal for a market that is traditionally less volatile than North and South America. We expect this atypical trend to continue in 2025 with another ",challenge/offline-data/deere/call-transcripts/2024-11-21__de-us-20241121-call-q4-pres__46452.md,113
Deere & Company,DE,2024-11-21,FY2024Q4,EARNINGS_CALL,call-q4-pres,2024  | 2025.  | 2 ,"Unknown speaker: However, due to the ongoing and greater than expected declines in retail demand, our field inventory targets have continued to adjust downward in line with the market softening. We finished 2024 with inventory to sales ratios for both midsize tractors and combines at or slightly above the upper end of our targeted vans, which we feel necessitates further under production in those ",challenge/offline-data/deere/call-transcripts/2024-11-21__de-us-20241121-call-q4-pres__46452.md,115
Deere & Company,DE,2024-11-21,FY2024Q4,EARNINGS_CALL,call-q4-pres,"2025  | 1  | 1  | 2024.  | 1  | 2025, ",Unknown speaker: One additional point to highlight for the ag outlook broadly is that our implied 2025 decrementals are impacted by product and geographic mix as North American large egg equipment like combines and row crop tractors experienced larger reductions compared to the rest of the world. This is particularly noteworthy in the Q1 given the year over year comparison to strong North American,challenge/offline-data/deere/call-transcripts/2024-11-21__de-us-20241121-call-q4-pres__46452.md,117
Deere & Company,DE,2024-11-21,FY2024Q4,EARNINGS_CALL,call-q4-pres,3 | 4 | 2025.  | 50%,"Unknown speaker: Yes, definitely. As you noted, we saw ongoing strength in retail demand for earthmoving equipment in the first half of twenty twenty four, but that shifted to a softening market in both our 3rd and 4th quarters. We're seeing that trend continue this next year and as reflected in our industry guides for both construction and compact construction, we expect further softening in 2025",challenge/offline-data/deere/call-transcripts/2024-11-21__de-us-20241121-call-q4-pres__46452.md,137
Deere & Company,DE,2024-11-21,FY2024Q4,EARNINGS_CALL,call-q4-pres,"4  | 2024,  | 3  | 2025,  | 1  | 5%","Unknown speaker: our decision to under produce earthmoving retail demand in the Q4 of 2024, which successfully drove downfield inventories over the past 3 months. Given the additional softening in retail demand that we're anticipating in 2025, we've made the decision to continue to under produce retail in the first half of next year to ensure inventory levels are appropriately sized to respond to ",challenge/offline-data/deere/call-transcripts/2024-11-21__de-us-20241121-call-q4-pres__46452.md,143
Deere & Company,DE,2024-11-21,FY2024Q4,EARNINGS_CALL,call-q4-pres,75% | 20%,"Unknown speaker: For example, over 75% of combine EOP orders have opted for our highest level of harvest settings automation because of the immediate value this technology will bring to their operations. In fact, we expect our customers will experience up to 20% boost on average in harvest productivity from this feature alone. Another great example would be large ag equipment in Brazil. We brought",challenge/offline-data/deere/call-transcripts/2024-11-21__de-us-20241121-call-q4-pres__46452.md,153
Deere & Company,DE,2024-11-21,FY2024Q4,EARNINGS_CALL,call-q4-pres,"25  | 10% | 80% | 1,000,000  | 2024  | 100 ","Unknown speaker: For example, the adoption of ExactApply technology on model year 25 sprayers increased by over 10% year over year, reaching a nearly 80% take rate in this year's early order program. On See and Spray, as John mentioned, we covered over 1,000,000 acres in 2024 with just a few 100 units in the field. For 2025, across both factory installed options and retrofit precision upgrades, we",challenge/offline-data/deere/call-transcripts/2024-11-21__de-us-20241121-call-q4-pres__46452.md,157
Deere & Company,DE,2024-11-21,FY2024Q4,EARNINGS_CALL,call-q4-pres,3 ,"Unknown speaker: Corey, this is Jeffson. Maybe one thing to add on to that. There's been quite a bit of discussion about our pay per use model and if it's the right go to market strategy for some of our latest offerings. The reality is that we're seeing higher levels of adoption using this model compared to our traditional upfront pricing approach, but only when it makes sense. For example, take o",challenge/offline-data/deere/call-transcripts/2024-11-21__de-us-20241121-call-q4-pres__46452.md,161
Deere & Company,DE,2024-11-21,FY2024Q4,EARNINGS_CALL,call-q4-pres,"2025,  | 2024  | 80% | 2013. ","Unknown speaker: As we look ahead to 2025, we're excited and confident as ever that we can perform at step function levels better than previous cycles. Our proactive decisions in 2024 have positioned us well to achieve structurally better margins in what we anticipate will be a sub 80% of mid cycle year for our equipment operations. Said more simply, we expect to deliver higher margins at trough t",challenge/offline-data/deere/call-transcripts/2024-11-21__de-us-20241121-call-q4-pres__46452.md,171
Deere & Company,DE,2024-11-21,FY2024Q4,EARNINGS_CALL,call-q4-qna,2025 ,"# Fiscal Year 2025 Outlook, Margin, and Inventory Discussion",challenge/offline-data/deere/call-transcripts/2024-11-21__de-us-20241121-call-q4-qna__46471.md,12
Deere & Company,DE,2024-11-21,FY2024Q4,EARNINGS_CALL,call-q4-qna,13%,"Unknown speaker: Expectations, as you look at the individual guides would be that total equipment operations would be down and then kind of around 13% for the full year and certainly that continued level of volume reduction is weighing on the margins. As we mentioned, we expect pricing to be positive across all three segments And Josh Jepsen mentioned favorable production costs as well. So, we're ",challenge/offline-data/deere/call-transcripts/2024-11-21__de-us-20241121-call-q4-qna__46471.md,17
Deere & Company,DE,2024-11-21,FY2024Q4,EARNINGS_CALL,call-q4-qna,4  | 2025 ,"Unknown speaker: Because of that and again by design, we've seen pool fund balances decline over the course of the year as dealers are using those funds. We put some additional incentives that worked to help support that balance. That's what you saw with pricing in the Q4 for large ag. As we talk about really flat pricing for the quarter, that was really some specific work targeted towards used an",challenge/offline-data/deere/call-transcripts/2024-11-21__de-us-20241121-call-q4-qna__46471.md,29
Deere & Company,DE,2024-11-21,FY2024Q4,EARNINGS_CALL,call-q4-qna,"2025, ","Unknown speaker: So as you look at how that's going to play out in year over year comps for 2025, we would expect greater year over year declines in the first half of the year for both segments, particularly Construction and Forestry where we talked about significant under production in the first half of the year. And then those comps will get progressively better as we move through the year when ",challenge/offline-data/deere/call-transcripts/2024-11-21__de-us-20241121-call-q4-qna__46471.md,45
Deere & Company,DE,2024-11-21,FY2024Q4,EARNINGS_CALL,call-q4-qna,"1,  | 300  | 400  | 1,  | 1,  | 2020 ","Unknown speaker: And as Josh mentioned, if you look at the margin expectations for the Q1, 300 to 400 basis points below the full year guide for equipment ops. So certainly you're going to see more of that decline in Q1, particularly again again, noting Construction and Forestry, which will be at the top end of that range, a top line sequential decline. And then actually margins, if you think abou",challenge/offline-data/deere/call-transcripts/2024-11-21__de-us-20241121-call-q4-qna__46471.md,59
Deere & Company,DE,2024-11-21,FY2024Q4,EARNINGS_CALL,call-q4-qna,1%,"Unknown speaker: Hey, Jamie, thanks for the question. Yes, we expect to maintain positive price in North America. And again, they're taking production costs as well. So price cost will be positive. More muted than we've seen, we talked about 1% price realization.",challenge/offline-data/deere/call-transcripts/2024-11-21__de-us-20241121-call-q4-qna__46471.md,109
Deere & Company,DE,2024-11-21,FY2024Q4,EARNINGS_CALL,call-q4-qna,"2024  | 2025, ","Unknown speaker: Hey, Jamie, this is Josh. The one other thing I'd point out is Brazil in 2024 given kind of all the challenges there was negative from a price perspective. We see that bounce back and we see positive price in 2025, I think reflective of a flatter environment, inventory is in better shape. So we expect that to turn favorably. So I think as you walk across the globe, we would expect",challenge/offline-data/deere/call-transcripts/2024-11-21__de-us-20241121-call-q4-qna__46471.md,115
Deere & Company,DE,2024-11-21,FY2024Q4,STRUCTURED_RESULT,q4-10k,10 | 10,"This Annual Report on Form 10-K contains forward-looking statements that are subject to risks and uncertainties. All statements other than statements of historical fact included in this Annual Report on Form 10-K are forward-looking statements. Forward-looking statements provide our current expectations and projections relating to our financial condition, results of operations, plans, objectives, ",challenge/offline-data/deere/filings/2024-11-21__de-us-20241121-q4-10k__105810.md,187
Deere & Company,DE,2024-11-21,FY2024Q4,STRUCTURED_RESULT,q4-10k,"1 | 7,  | 10","All forward-looking statements are subject to risks and uncertainties that may cause actual results to differ materially from those that we expected. Important factors that could cause actual results to differ materially from our expectations, or cautionary statements, and other important information about forward-looking statements are disclosed under Item 1A, 'Risk Factors,' and Item 7, 'Managem",challenge/offline-data/deere/filings/2024-11-21__de-us-20241121-q4-10k__105810.md,189
Deere & Company,DE,2024-11-21,FY2024Q4,STRUCTURED_RESULT,q4-10k,2 ,"We also aim to enable our customers to be more sustainable in their production steps. For example, we provide our agricultural customers with technology solutions that help to improve their crops' nitrogen use efficiency and increase their crops' protection efficiency. Across all segments we believe we will deliver ongoing value by continuing to focus on reducing the CO 2 e emissions from our equi",challenge/offline-data/deere/filings/2024-11-21__de-us-20241121-q4-10k__105810.md,342
Deere & Company,DE,2024-11-21,FY2024Q4,STRUCTURED_RESULT,q4-10k,1 | 100  | 2 | 3,"With challenging economic conditions including higher interest rates and decreasing crop prices, innovations in machinery and technology may have an even greater influence on agricultural equipment purchasing. For example, larger, more productive equipment is well accepted where farmers are striving for more efficiency in their operations to increase profits. Large, cost-efficient, highly mechaniz",challenge/offline-data/deere/filings/2024-11-21__de-us-20241121-q4-10k__105810.md,447
Deere & Company,DE,2024-11-21,FY2024Q4,STRUCTURED_RESULT,q4-10k,2025.,expect to incur material capital expenditures related to compliance with regulations during fiscal year 2025.,challenge/offline-data/deere/filings/2024-11-21__de-us-20241121-q4-10k__105810.md,737
Deere & Company,DE,2024-11-21,FY2024Q4,STRUCTURED_RESULT,q4-10k,"2024,  | 2025. ","We are subject to a variety of local, state, and federal environmental laws and regulations in the U.S., as well as the environmental laws and regulations of other countries in which we conduct business. We strive to comply with applicable laws and regulations; however, in the event of noncompliance, we could be subject to fines and other penalties. Compliance with these laws and regulations adds ",challenge/offline-data/deere/filings/2024-11-21__de-us-20241121-q4-10k__105810.md,751
Deere & Company,DE,2024-11-21,FY2024Q4,STRUCTURED_RESULT,q4-10k,"2024,  | 2025.","Compliance with these laws and regulations often requires the dedication of time and effort of our employees, as well as financial resources. In fiscal year 2024, compliance with the regulations applicable to us did not have a material effect on our capital expenditures, earnings, or competitive position. At this time, we do not expect to incur material capital expenditures related to compliance w",challenge/offline-data/deere/filings/2024-11-21__de-us-20241121-q4-10k__105810.md,767
Deere & Company,DE,2024-11-21,FY2024Q4,STRUCTURED_RESULT,q4-10k,2025. ,expect certain of these conditions to persist in fiscal year 2025. Changes in interest rates and the,challenge/offline-data/deere/filings/2024-11-21__de-us-20241121-q4-10k__105810.md,955
Deere & Company,DE,2024-11-21,FY2024Q4,STRUCTURED_RESULT,q4-10k,"2024,  | 2025. ","The demand for our products and services depends on the fundamentals in the markets in which we operate and can be significantly reduced in an economic environment characterized by high unemployment, high interest rates, cautious consumer spending, inflation, lower corporate earnings, and lower business investment. In fiscal year 2024, unfavorable market conditions resulted in lower sales volumes,",challenge/offline-data/deere/filings/2024-11-21__de-us-20241121-q4-10k__105810.md,999
Deere & Company,DE,2024-11-21,FY2024Q4,STRUCTURED_RESULT,q4-10k,2021  | 2022. ,"We have experienced changes in the availability and prices of raw materials, components, whole goods, and freight over the past several years, especially in fiscal years 2021 and 2022. Global logistics network challenges resulted in delays, shortages of key manufacturing components, increased order backlogs, increased transportation costs, and production inefficiencies from a higher number of part",challenge/offline-data/deere/filings/2024-11-21__de-us-20241121-q4-10k__105810.md,1031
Deere & Company,DE,2024-11-21,FY2024Q4,STRUCTURED_RESULT,q4-10k,"2026  | 2030, ","Similarly, we may not realize the anticipated benefits of our Leap Ambitions and related goals within the expected timelines, or at all. As part of our Leap Ambitions, we adopted various goals we expect to achieve by 2026 or 2030, but these goals and their timelines might be modified or updated. We may modify or not be able to achieve these goals for a variety of reasons, some of which may be beyo",challenge/offline-data/deere/filings/2024-11-21__de-us-20241121-q4-10k__105810.md,1300
Deere & Company,DE,2024-11-21,FY2024Q4,STRUCTURED_RESULT,q4-10k,2022 ,"To ensure adequate inventory supply, we must forecast inventory needs and expenses and place orders sufficiently in advance with suppliers and contract manufacturers. These forecasts are based on estimates of future demand for products and services. Failure to accurately forecast our needs may result in unmet market demand, parts shortages, manufacturing delays or inefficiencies, increased costs, ",challenge/offline-data/deere/filings/2024-11-21__de-us-20241121-q4-10k__105810.md,1317
Deere & Company,DE,2024-11-21,FY2024Q4,STRUCTURED_RESULT,q4-10k,2024. ,"While we strive to reduce the impact of the departure of employees, our operations or ability to execute our business strategy may be affected by the loss of employees, such as in connection with the reduction in workforce we conducted in fiscal year 2024. This reduction may adversely affect us as a result of decreased employee morale, the loss of institutional knowledge held by departing employee",challenge/offline-data/deere/filings/2024-11-21__de-us-20241121-q4-10k__105810.md,1428
Deere & Company,DE,2024-11-21,FY2024Q4,STRUCTURED_RESULT,q4-10k,"2024,  | 10.0 million","In addition, we must comply with the U.S. Foreign Corrupt Practices Act (FCPA) and all applicable foreign anti-bribery and anti-corruption laws. These laws generally prohibit companies and their intermediaries from making improper payments or providing anything of value to improperly influence government officials or private individuals for the purpose of obtaining or retaining a business advantag",challenge/offline-data/deere/filings/2024-11-21__de-us-20241121-q4-10k__105810.md,1548
Deere & Company,DE,2024-11-21,FY2024Q4,STRUCTURED_RESULT,q4-10k,21 ,"- (a) Our common stock is listed on the New York Stock Exchange (NYSE) under the symbol 'DE.' We have a history of paying quarterly cash dividends. While we currently expect a cash dividend to be paid in the future, future dividend payments will depend on our earnings, capital requirements, financial condition, and other factors considered relevant by our Board. See the information concerning the ",challenge/offline-data/deere/filings/2024-11-21__de-us-20241121-q4-10k__105810.md,1817
Deere & Company,DE,2024-11-21,FY2024Q4,STRUCTURED_RESULT,q4-10k,"500  | 500  | 500  | 100  | 1,  | 2019, ",The following graph compares the yearly percentage change of Deere &amp; Company's cumulative total shareholder returns (TSR) for the last five years to that of the S&amp;P 500 Index and the S&amp;P 500 Industrials Index. The S&amp;P 500 Industrials Index represents a focus group of companies across major industrial manufacturing categories that carry similar operational characteristics to us. The,challenge/offline-data/deere/filings/2024-11-21__de-us-20241121-q4-10k__105810.md,1838
Deere & Company,DE,2024-11-21,FY2024Q4,STRUCTURED_RESULT,q4-10k,2025,## Industry Sales Outlook for Fiscal 2025,challenge/offline-data/deere/filings/2024-11-21__de-us-20241121-q4-10k__105810.md,1972
Deere & Company,DE,2024-11-21,FY2024Q4,STRUCTURED_RESULT,q4-10k,2024.,"Customers seek to improve profitability, productivity, and sustainability through integrating technology into their operations. Deeper integration of technology into equipment is a persistent market trend. These technologies are incorporated into products within each of our operating segments. We expect this trend to persist for the foreseeable future. Our Smart Industrial Operating Model and Leap",challenge/offline-data/deere/filings/2024-11-21__de-us-20241121-q4-10k__105810.md,1996
Deere & Company,DE,2024-11-21,FY2024Q4,STRUCTURED_RESULT,q4-10k,2025,## Agriculture and Turf Outlook for 2025,challenge/offline-data/deere/filings/2024-11-21__de-us-20241121-q4-10k__105810.md,2003
Deere & Company,DE,2024-11-21,FY2024Q4,STRUCTURED_RESULT,q4-10k,2025 ,"- Demand in the U.S. and Canada is expected to further moderate amidst weak farm fundamentals, high interest rates, elevated used inventory levels, and short-term farmer liquidity concerns heading into the 2025 growing season.",challenge/offline-data/deere/filings/2024-11-21__de-us-20241121-q4-10k__105810.md,2005
Deere & Company,DE,2024-11-21,FY2024Q4,STRUCTURED_RESULT,q4-10k,2024 ,- We expect small agricultural equipment sales to be down from 2024 levels in the U.S. and Canada. The dairy and livestock segment is anticipated to have another year of strong profitability as elevated livestock and hay prices are further enhanced by low input feed costs. This is projected to be more than offset by restrained demand in the turf and compact utility tractor markets as single family,challenge/offline-data/deere/filings/2024-11-21__de-us-20241121-q4-10k__105810.md,2006
Deere & Company,DE,2024-11-21,FY2024Q4,STRUCTURED_RESULT,q4-10k,2025,"In Brazil, we expect crop prices to decline in 2025",challenge/offline-data/deere/filings/2024-11-21__de-us-20241121-q4-10k__105810.md,2021
Deere & Company,DE,2024-11-21,FY2024Q4,STRUCTURED_RESULT,q4-10k,2025,Construction and Forestry Outlook for 2025,challenge/offline-data/deere/filings/2024-11-21__de-us-20241121-q4-10k__105810.md,2037
Deere & Company,DE,2024-11-21,FY2024Q4,STRUCTURED_RESULT,q4-10k,2025.,levels are expected to keep industry equipment demand at low levels throughout 2025.,challenge/offline-data/deere/filings/2024-11-21__de-us-20241121-q4-10k__105810.md,2133
Deere & Company,DE,2024-11-21,FY2024Q4,STRUCTURED_RESULT,q4-10k,2025 ,"- Demand in South America is expected to be flat. In Brazil, we expect crop prices to decline in 2025 offset by decreasing input costs and improving yields as drought concerns abate. These factors coupled with continued acreage expansion and recent appreciation of the U.S. dollar against the Brazilian real will offer further profitability tailwinds to farmers. Across the rest of South America, str",challenge/offline-data/deere/filings/2024-11-21__de-us-20241121-q4-10k__105810.md,2135
Deere & Company,DE,2024-11-21,FY2024Q4,STRUCTURED_RESULT,q4-10k,2025,## Construction and Forestry Outlook for 2025,challenge/offline-data/deere/filings/2024-11-21__de-us-20241121-q4-10k__105810.md,2138
Deere & Company,DE,2024-11-21,FY2024Q4,STRUCTURED_RESULT,q4-10k,2024 ,"- Construction equipment industry sales are forecasted to be down in the U.S. and Canada from 2024 levels. The decline is due to projected modest growth in single family housing starts and U.S. government infrastructure spending, which is expected to be more than offset by further slowdowns in multi-family housing developments, non-residential buildings, and reduced spending in oil and gas. Histor",challenge/offline-data/deere/filings/2024-11-21__de-us-20241121-q4-10k__105810.md,2140
Deere & Company,DE,2024-11-21,FY2024Q4,STRUCTURED_RESULT,q4-10k,"2024, ","Agricultural Market Business Cycle The agricultural market is affected by various factors including commodity prices, acreage planted, crop yields, and government policies. These factors affect farmers' income and may result in varying demand for our equipment. In 2024, we experienced unfavorable market conditions which resulted in lower sales volumes, higher sales incentives, higher receivable wr",challenge/offline-data/deere/filings/2024-11-21__de-us-20241121-q4-10k__105810.md,2160
Deere & Company,DE,2024-11-21,FY2024Q4,STRUCTURED_RESULT,q4-10k,12  | 12  | 2025  | 2024 ,"We closely monitor our cash requirements. Based on the available sources of liquidity, we expect to meet our funding needs in the short term (next 12 months) and long term (beyond 12 months). We are forecasting lower operating cash flows from equipment operations in 2025 compared with 2024 driven by a decrease in net income adjusted for noncash provisions, partially offset by higher cash flows gen",challenge/offline-data/deere/filings/2024-11-21__de-us-20241121-q4-10k__105810.md,2629
Deere & Company,DE,2024-11-21,FY2024Q4,STRUCTURED_RESULT,q4-10k,2025 ,(OPEB) contributions in 2025 are expected to be,challenge/offline-data/deere/filings/2024-11-21__de-us-20241121-q4-10k__105810.md,2800
Deere & Company,DE,2024-11-21,FY2024Q4,STRUCTURED_RESULT,q4-10k,"27,  | 2024,  | 17.6 billion | 2.5 billion | 12  | 19 ","Borrowings - As of October 27, 2024, we had $17.6 billion of payments due on borrowings and securitization borrowings in the next year, along with interest payments of $2.5 billion. The securitization borrowing payments are based on the expected liquidation of the retail notes. See Notes 12 and 19 for additional borrowing details. These payments will likely be replaced with new borrowings to finan",challenge/offline-data/deere/filings/2024-11-21__de-us-20241121-q4-10k__105810.md,2865
Deere & Company,DE,2024-11-21,FY2024Q4,STRUCTURED_RESULT,q4-10k,2025 ,"- expected quarterly cash dividend throughout 2025 (subject to change at the discretion of our Board of Directors), and",challenge/offline-data/deere/filings/2024-11-21__de-us-20241121-q4-10k__105810.md,2872
Deere & Company,DE,2024-11-21,FY2024Q4,STRUCTURED_RESULT,q4-10k,2025  | 760  | 520  | 7,- total pension and other postretirement benefit (OPEB) contributions in 2025 are expected to be approximately $760 including a voluntary OPEB contribution of up to $520 (see Note 7).,challenge/offline-data/deere/filings/2024-11-21__de-us-20241121-q4-10k__105810.md,2873
Deere & Company,DE,2024-11-21,FY2024Q4,STRUCTURED_RESULT,q4-10k,2024  | 2023  | 7,The increase in the 2024 pension and OPEB net benefit was due to an increase in the expected longterm rates of return on pension plan assets and the Canadian pension settlement charge recognized in 2023 (see Note 7).,challenge/offline-data/deere/filings/2024-11-21__de-us-20241121-q4-10k__105810.md,3222
Deere & Company,DE,2024-11-21,FY2024Q4,STRUCTURED_RESULT,q4-10k,90 percent,"- Linear regression models are used for large and complex retail customer receivable pools, which represent more than 90 percent of retail customer receivables. These statistical models utilize independent variables, or predictive features, to estimate lifetime default rates, which are subsequently adjusted for expected",challenge/offline-data/deere/filings/2024-11-21__de-us-20241121-q4-10k__105810.md,3251
Deere & Company,DE,2024-11-21,FY2024Q4,STRUCTURED_RESULT,q4-10k,"2024,  | 4","During 2024, we determined that the financial services business in Brazil met the held for sale criteria. The receivables in Brazil were reclassified to 'Assets held for sale.' The associated allowance for credit losses was reversed and a valuation allowance for the assets held for sale was recorded (see Note 4). Excluding the business in Brazil, the allowance for credit losses increased, primaril",challenge/offline-data/deere/filings/2024-11-21__de-us-20241121-q4-10k__105810.md,3262
Deere & Company,DE,2024-11-21,FY2024Q4,STRUCTURED_RESULT,q4-10k,1 | 10,"Further information concerning us and our businesses, including factors that could materially affect our financial results, is included in our other filings with the SEC (including, but not limited to, the factors discussed in Item 1A. 'Risk Factors' of this Annual Report on Form 10-K). There also may be other factors that we cannot anticipate or that are not described herein because we do not cur",challenge/offline-data/deere/filings/2024-11-21__de-us-20241121-q4-10k__105810.md,3580
Deere & Company,DE,2024-11-21,FY2024Q4,STRUCTURED_RESULT,q4-10k,"10 percent | 2025  | 2025  | 25.  | 29,  | 2023, ","We hedge significant currency exposures for our equipment operations. Worldwide foreign currency exposures are reviewed quarterly. Based on the anticipated and committed foreign currency cash inflows, outflows, and hedging policy for the next twelve months, we estimate that a hypothetical 10 percent strengthening of the U.S. dollar relative to other currencies through 2025 would increase the 2025 ",challenge/offline-data/deere/filings/2024-11-21__de-us-20241121-q4-10k__105810.md,4007
Deere & Company,DE,2024-11-21,FY2024Q4,STRUCTURED_RESULT,q4-10k,"2024,","forecast period. In the fourth quarter of 2024,",challenge/offline-data/deere/filings/2024-11-21__de-us-20241121-q4-10k__105810.md,4735
Deere & Company,DE,2024-11-21,FY2024Q4,STRUCTURED_RESULT,q4-10k,18,We also offer extended warranty arrangements for purchase at the customer's option. The premiums for extended warranties are recognized in 'Other income' primarily in proportion to the costs expected to be incurred over the contract period. The unamortized extended warranty premiums (deferred revenue) are recorded in 'Accounts payable and accrued expenses' (see Note 18).,challenge/offline-data/deere/filings/2024-11-21__de-us-20241121-q4-10k__105810.md,4777
Deere & Company,DE,2024-11-21,FY2024Q4,STRUCTURED_RESULT,q4-10k,"90 percent | 2024, ","- Linear regression models are used for large and complex retail customer receivable pools, which represent more than 90 percent of retail customer receivables. These statistical models utilize independent variables, or predictive features, to estimate lifetime default rates, which are subsequently adjusted for expected recoveries to arrive at lifetime credit loss estimates. Independent variables ",challenge/offline-data/deere/filings/2024-11-21__de-us-20241121-q4-10k__105810.md,4817
Deere & Company,DE,2024-11-21,FY2024Q4,STRUCTURED_RESULT,q4-10k,"2024, ","We closely monitor all Accounting Standard Updates (ASUs) issued by the Financial Accounting Standards Board (FASB) and other authoritative guidance. We adopted the following standards in 2024, none of which had a material effect on our consolidated financial statements:",challenge/offline-data/deere/filings/2024-11-21__de-us-20241121-q4-10k__105810.md,4983
Deere & Company,DE,2024-11-21,FY2024Q4,STRUCTURED_RESULT,q4-10k,2025. ,is expected to be paid in 2025. The remaining,challenge/offline-data/deere/filings/2024-11-21__de-us-20241121-q4-10k__105810.md,5413
Deere & Company,DE,2024-11-21,FY2024Q4,STRUCTURED_RESULT,q4-10k,"165.  | 2024,  | 157  | 124  | 130  | 2024 ","The programs' total pretax expenses are estimated to be approximately $165. In 2024, we recorded $157 pretax expenses ($124 after-tax) related to the programs, of which $130 was paid in 2024 and $27 is expected to be paid in 2025. The remaining expenses are associated with programs in international locations and are expected to be recorded in 2025.",challenge/offline-data/deere/filings/2024-11-21__de-us-20241121-q4-10k__105810.md,5523
Deere & Company,DE,2024-11-21,FY2024Q4,STRUCTURED_RESULT,q4-10k,"2024,  | 50 percent | 2025,  | 50 percent","In August 2024, we entered into a joint venture agreement with a Brazilian bank, Banco Bradesco S.A. (Bradesco), for Bradesco to invest and become 50 percent owner of our wholly-owned subsidiary in Brazil, Banco John Deere S.A. (BJD). BJD is included in our financial services segment and finances retail and wholesale loans for agricultural, construction, and forestry equipment. The transaction is ",challenge/offline-data/deere/filings/2024-11-21__de-us-20241121-q4-10k__105810.md,5540
Deere & Company,DE,2024-11-21,FY2024Q4,STRUCTURED_RESULT,q4-10k,2025 ,The 2025 net periodic pension benefit is expected,challenge/offline-data/deere/filings/2024-11-21__de-us-20241121-q4-10k__105810.md,6156
Deere & Company,DE,2024-11-21,FY2024Q4,STRUCTURED_RESULT,q4-10k,"1,923  | 1,697  | 27,  | 2024  | 29,  | 2023, ","We invoice in advance of recognizing the sale of certain products and the revenue for certain services. These relate to extended warranty premiums, advance payments for future equipment sales, and subscription and service revenue related to precision guidance, telematic services, and other information enabled solutions. These advanced customer payments are presented as deferred revenue, a contract",challenge/offline-data/deere/filings/2024-11-21__de-us-20241121-q4-10k__105810.md,6165
Deere & Company,DE,2024-11-21,FY2024Q4,STRUCTURED_RESULT,q4-10k,"2025  | 100  | 7.1 percent | 2024, ","The 2025 net periodic pension benefit is expected to increase by $100 due to an increase in the expected long-term rates of return on pension plan assets (estimated to be 7.1 percent) and the U.S. hourly pension curtailment recognized in 2024, described above.",challenge/offline-data/deere/filings/2024-11-21__de-us-20241121-q4-10k__105810.md,6238
Deere & Company,DE,2024-11-21,FY2024Q4,STRUCTURED_RESULT,q4-10k,"100  | 660  | 2025.  | 2024,  | 520  | 2025. ","We expect to contribute approximately $100 to our pension plans and approximately $660 to our OPEB plans in 2025. In November 2024, a committee of our Board of Directors approved a voluntary contribution to a U.S. OPEB plan for up to $520 to be made during the first quarter of 2025. This contribution will increase plan assets. The contributions include required and voluntary contributions and dire",challenge/offline-data/deere/filings/2024-11-21__de-us-20241121-q4-10k__105810.md,6498
Deere & Company,DE,2024-11-21,FY2024Q4,STRUCTURED_RESULT,q4-10k,"27,  | 2024 ","The expected future benefit payments at October 27, 2024 were as follows:",challenge/offline-data/deere/filings/2024-11-21__de-us-20241121-q4-10k__105810.md,6502
Deere & Company,DE,2024-11-21,FY2024Q4,STRUCTURED_RESULT,q4-10k,10  | 20  | 7.2 percent | 8.0 percent | 20 ,"The expected long-term rate of return on plan assets reflects management's expectations of long-term average rates of return on funds invested to provide for benefits included in the projected benefit obligations. The expected return is based on the outlook for inflation and for returns in multiple asset classes, while also considering historical returns, asset allocation, and investment strategy.",challenge/offline-data/deere/filings/2024-11-21__de-us-20241121-q4-10k__105810.md,6935
Deere & Company,DE,2024-11-21,FY2024Q4,STRUCTURED_RESULT,q4-10k,401,We have Voluntary Employees' Beneficiary Association trusts (VEBAs) for the funding of hourly and salary postretirement health care benefits. The future expected asset returns for the VEBAs are lower than the expected return on the other pension and health care plan assets due to investment in a higher proportion of liquid securities. These assets are in addition to the other postretirement health,challenge/offline-data/deere/filings/2024-11-21__de-us-20241121-q4-10k__105810.md,6937
Deere & Company,DE,2024-11-21,FY2024Q4,STRUCTURED_RESULT,q4-10k,"27,  | 2024  | 29,  | 2023  | 410  | 329, ","The amount of unrecognized tax benefits at October 27, 2024 and October 29, 2023 that would impact the effective tax rate if the tax benefits were recognized was $410 and $329, respectively. The remaining liability was related to tax positions for which there are offsetting tax receivables, or the uncertainty was only related to timing. We expect that any reasonably possible change in the amounts ",challenge/offline-data/deere/filings/2024-11-21__de-us-20241121-q4-10k__105810.md,7170
Deere & Company,DE,2024-11-21,FY2024Q4,STRUCTURED_RESULT,q4-10k,"2024,  | 4 | 2024 ","During 2024, we determined that the financial services business in Brazil met the held for sale criteria. The receivables in Brazil were reclassified to 'Assets held for sale.' The associated allowance for credit losses was reversed and a valuation allowance for the assets held for sale was recorded (see Note 4). The allowance for credit losses on retail notes and financing lease receivables incre",challenge/offline-data/deere/filings/2024-11-21__de-us-20241121-q4-10k__105810.md,7984
Deere & Company,DE,2024-11-21,FY2024Q4,STRUCTURED_RESULT,q4-10k,"2023,  | 2023  | 3 | 2023, ","During 2023, we determined that the financial services business in Russia met the held for sale criteria. The financing receivables in Russia were reclassified to 'Other assets' and the associated allowance for credit losses was reversed. These operations were sold in the second quarter of 2023 (see Note 3). Excluding the portfolio in Russia, the allowance increased in 2023, primarily driven by gr",challenge/offline-data/deere/filings/2024-11-21__de-us-20241121-q4-10k__105810.md,7990
Deere & Company,DE,2024-11-21,FY2024Q4,STRUCTURED_RESULT,q4-10k,"27,  | 2024 ","October 27, 2024 based on the expected liquidation",challenge/offline-data/deere/filings/2024-11-21__de-us-20241121-q4-10k__105810.md,8135
Deere & Company,DE,2024-11-21,FY2024Q4,STRUCTURED_RESULT,q4-10k,"27,  | 2024  | 2025  | 4,036,  | 2026  | 2,440, ","Although these securitization borrowings are classified as short-term since payment is required if the financing receivables are liquidated early, the payment schedule for these borrowings at October 27, 2024 based on the expected liquidation of the retail notes is as follows: 2025 - $4,036, 2026 - $2,440, 2027 -$1,428, 2028 - $500, 2029 $37, and later years - $4.",challenge/offline-data/deere/filings/2024-11-21__de-us-20241121-q4-10k__105810.md,8232
Deere & Company,DE,2024-11-21,FY2024Q4,STRUCTURED_RESULT,q4-10k,"27,  | 2024 ","We have commitments to extend credit to customers. The commitments are in the form of lines of credit and other pre-approved credit arrangements. We have the right to cancel or amend the terms of these commitments at any time. These commitments are not expected to be fully drawn upon; therefore, the total commitment amounts likely do not represent a future cash requirement. The commitments to exte",challenge/offline-data/deere/filings/2024-11-21__de-us-20241121-q4-10k__105810.md,8725
Deere & Company,DE,2024-11-21,FY2024Q4,STRUCTURED_RESULT,q4-10k,"27,  | 2024,  | 110  | 1.5 ","At October 27, 2024, there was $110 of total unrecognized compensation cost from share-based compensation arrangements. This compensation is expected to be recognized over a weighted-average period of approximately 1.5 years.",challenge/offline-data/deere/filings/2024-11-21__de-us-20241121-q4-10k__105810.md,8950
Deere & Company,DE,2024-11-21,FY2024Q4,STRUCTURED_RESULT,q4-10k,2024 ,"2024 that is expected to be reclassified to ""Interest",challenge/offline-data/deere/filings/2024-11-21__de-us-20241121-q4-10k__105810.md,10026
Deere & Company,DE,2024-11-21,FY2024Q4,STRUCTURED_RESULT,q4-10k,"27,  | 2024  | 6 ","The amount of loss recorded in OCI at October 27, 2024 that is expected to be reclassified to 'Interest expense' in the next twelve months if interest rates remain unchanged is $6 after-tax. There were no gains or losses reclassified from OCI to earnings based on the probability that the original forecasted transaction would not occur.",challenge/offline-data/deere/filings/2024-11-21__de-us-20241121-q4-10k__105810.md,10145
Deere & Company,DE,2024-11-21,FY2024Q4,STRUCTURED_RESULT,q4-10k,90 percent,"The Company utilizes linear regression models to estimate the expected credit losses for large and complex retail customer receivable pools, which represent more than 90 percent of retail customer receivables. These statistical models utilize independent variables, or predictive features, to estimate lifetime default rates, which are subsequently adjusted for expected recoveries to arrive at lifet",challenge/offline-data/deere/filings/2024-11-21__de-us-20241121-q4-10k__105810.md,10525
Deere & Company,DE,2024-11-21,FY2024Q4,STRUCTURED_RESULT,q4-8k,2025 ,# Fourth Quarter and Fiscal Year Financial Results and 2025 Outlook,challenge/offline-data/deere/filings/2024-11-21__de-us-20241121-q4-8k__105840.md,12
Deere & Company,DE,2024-11-21,FY2024Q4,STRUCTURED_RESULT,q4-8k,2025  | 5.0  | 5.5 billion,"Full-year 2025 earnings projected to range from $5.0 to $5.5 billion, highlighting",challenge/offline-data/deere/filings/2024-11-21__de-us-20241121-q4-8k__105840.md,24
Deere & Company,DE,2024-11-21,FY2024Q4,STRUCTURED_RESULT,q4-8k,"2.369 billion | 8.26  | 29,  | 2023. ","income of $2.369 billion, or $8.26 per share, for the quarter ended October 29, 2023. For fiscal-",challenge/offline-data/deere/filings/2024-11-21__de-us-20241121-q4-8k__105840.md,30
Deere & Company,DE,2024-11-21,FY2024Q4,STRUCTURED_RESULT,q4-8k,2024  | 16 percent | 51.716 billion,"quarter of fiscal 2024 and decreased 16 percent, to $51.716 billion, for the full year. Net sales",challenge/offline-data/deere/filings/2024-11-21__de-us-20241121-q4-8k__105840.md,34
Deere & Company,DE,2024-11-21,FY2024Q4,STRUCTURED_RESULT,q4-8k,2025 ,Net income attributable to Deere & Company for fiscal 2025 is forecasted to be in a range of,challenge/offline-data/deere/filings/2024-11-21__de-us-20241121-q4-8k__105840.md,43
Deere & Company,DE,2024-11-21,FY2024Q4,STRUCTURED_RESULT,q4-8k,1.245  | 7.1 ,"## Deere Reports Net Income of $1.245 Billion for Fourth Quarter, $7.1 Billion for Fiscal Year",challenge/offline-data/deere/filings/2024-11-21__de-us-20241121-q4-8k__105840.md,63
Deere & Company,DE,2024-11-21,FY2024Q4,STRUCTURED_RESULT,q4-8k,2025  | 5.0  | 5.5 billion,"- Full-year 2025 earnings projected to range from $5.0 to $5.5 billion, highlighting improved structural performance.",challenge/offline-data/deere/filings/2024-11-21__de-us-20241121-q4-8k__105840.md,66
Deere & Company,DE,2024-11-21,FY2024Q4,STRUCTURED_RESULT,q4-8k,28 percent | 11.143 billion | 2024  | 16 percent | 51.716 billion | 9.275 billion,"Worldwide net sales and revenues decreased 28 percent, to $11.143 billion, for the fourth quarter of fiscal 2024 and decreased 16 percent, to $51.716 billion, for the full year. Net sales were $9.275 billion for the quarter and $44.759 billion for the year, compared with $13.801 billion and $55.565 billion in fiscal 2023, respectively.",challenge/offline-data/deere/filings/2024-11-21__de-us-20241121-q4-8k__105840.md,71
Deere & Company,DE,2024-11-21,FY2024Q4,STRUCTURED_RESULT,q4-8k,2025  | 5.0 billion | 5.5 billion,Net income attributable to Deere &amp; Company for fiscal 2025 is forecasted to be in a range of $5.0 billion to $5.5 billion.,challenge/offline-data/deere/filings/2024-11-21__de-us-20241121-q4-8k__105840.md,77
Deere & Company,DE,2024-11-21,FY2024Q4,STRUCTURED_RESULT,q4-8k,1995 ,"Certain statements contained herein, including in the section entitled 'Company Outlook &amp; Summary,' 'Industry Outlook,' 'Deere Segment Outlook,' and 'Condensed Notes to Consolidated Financial Statements' relating to future events, expectations, and trends constitute 'forward-looking statements' as defined in the Private Securities Litigation Reform Act of 1995 and involve factors that are subj",challenge/offline-data/deere/filings/2024-11-21__de-us-20241121-q4-8k__105840.md,170
Deere & Company,DE,2024-11-21,FY2024Q4,STRUCTURED_RESULT,q4-8k,1 | 10 | 10,"Further information concerning the company or its businesses, including factors that could materially affect the company's financial results, is included in the company's filings with the SEC (including, but not limited to, the factors discussed in Item 1A. 'Risk Factors' of the company's most recent Annual Report on Form 10-K and subsequent Quarterly Reports on Form 10-Q). There also may be other",challenge/offline-data/deere/filings/2024-11-21__de-us-20241121-q4-8k__105840.md,208
Deere & Company,DE,2024-11-21,FY2024Q4,STRUCTURED_RESULT,q4-8k,"165 million | 2024,  | 157 million | 124 million | 130 million | 2024 ","The programs' total pretax expenses are estimated to be approximately $165 million. In 2024, $157 million pretax ($124 million after-tax) expenses were recorded related to the programs, of which $130 million was paid in 2024 and the remainder is expected to be paid in 2025. The remaining expenses are associated with programs in international locations and are expected to be recorded and paid in 20",challenge/offline-data/deere/filings/2024-11-21__de-us-20241121-q4-8k__105840.md,399
Deere & Company,DE,2024-08-15,FY2024Q3,EARNINGS_CALL,call-pres,2024. ,"Unknown speaker: Hello, welcome, and thank you for joining us on today's call. Joining me on the call today are John May, Chief Executive Officer, Josh Jepsen, Chief Financial Officer, Luke Gackstetter, Senior Vice President, Ag and Turf Sales and Marketing for Americas and Australia, and Josh Rohleder, Manager of Investor Communications. Today, we'll take a closer look at Deere's third quarter ea",challenge/offline-data/deere/call-transcripts/2024-08-15__de-us-20240815-call-pres__46429.md,15
Deere & Company,DE,2024-08-15,FY2024Q3,EARNINGS_CALL,call-pres,496 million | 16.2% | 6  | 2024  | 15%,"Unknown speaker: Operating profit declined year-over-year to $496 million, leading to a 16.2% operating margin. The decrease was primarily due to lower shipment volumes and higher warranty expenses, which were partially offset by price realization. Slide 6 gives our 2024 industry outlook for ag and turf markets globally. Across all major markets, we continue to see muted demand resulting from a ch",challenge/offline-data/deere/call-transcripts/2024-08-15__de-us-20240815-call-pres__46429.md,27
Deere & Company,DE,2024-08-15,FY2024Q3,EARNINGS_CALL,call-pres,15% | 20% | 7.  | 20% | 25% | 2 ,"Unknown speaker: In South America, we expect industry sales of tractors and combines to decline between 15% and 20%. Commodity price softening and elevated interest rates continue to pressure grower profitability, especially in Brazil, our largest market in the region. Fundamentals are further pressured by better-than-expected production in Brazil, despite regional weather challenges and a slower-",challenge/offline-data/deere/call-transcripts/2024-08-15__de-us-20240815-call-pres__46429.md,31
Deere & Company,DE,2024-08-15,FY2024Q3,EARNINGS_CALL,call-pres,20% | 25% | 2  | 13.5% | 14.5% | 9. ,"Unknown speaker: We expect net sales to remain down between 20% and 25%. The guide now includes 2 points of positive price realization and flat currency translation. The segment's operating margin continues to be forecasted between 13.5% and 14.5%, in line with slowing net sales. Shifting now to Construction and Forestry on slide 9. Net sales for the quarter were down 13% year-over-year to $3.235 ",challenge/offline-data/deere/call-transcripts/2024-08-15__de-us-20240815-call-pres__46429.md,33
Deere & Company,DE,2024-08-15,FY2024Q3,EARNINGS_CALL,call-pres,5% | -10% | 5% | 2023  | 10%,"Unknown speaker: Industry sales for earthmoving equipment in the U.S. and Canada is now expected to be down 5%-10%, while compact construction equipment in the U.S. and Canada is now expected to be flat to down 5%. Demand for earthmoving and compact construction equipment is down from robust levels in 2023 and increasingly competitive as rental re-fleeting decelerates and used inventory levels ris",challenge/offline-data/deere/call-transcripts/2024-08-15__de-us-20240815-call-pres__46429.md,35
Deere & Company,DE,2024-08-15,FY2024Q3,EARNINGS_CALL,call-pres,5% | 11.  | 2024  | 10% | -15% | 0.5 ,"Unknown speaker: The global road building market forecast remains flat to down 5%, as strong infrastructure spending in the U.S. is offset by continued softness in Western Europe. Moving on to Construction and Forestry segment outlook on slide 11. 2024 net sales estimates are now expected to be down 10%-15%, as moderating demand is coupled with planned underproduction. Net sales guidance for the y",challenge/offline-data/deere/call-transcripts/2024-08-15__de-us-20240815-call-pres__46429.md,37
Deere & Company,DE,2024-08-15,FY2024Q3,EARNINGS_CALL,call-pres,"2024,  | 720 million | 50% | 2025.","Unknown speaker: Net income was lower due to a higher provision for credit losses and less favorable financing spreads, which were partially offset by a higher average portfolio and favorable discrete tax items. For fiscal year 2024, our outlook for net income is now at $720 million, as benefits from a higher average portfolio balance are expected to be more than offset by a higher provision for c",challenge/offline-data/deere/call-transcripts/2024-08-15__de-us-20240815-call-pres__46429.md,39
Deere & Company,DE,2024-08-15,FY2024Q3,EARNINGS_CALL,call-pres,"15 million | 13  | 2024,  | 7 billion | 23% | 25%","Unknown speaker: In our quarterly results, we classified Banco John Deere as a business held for sale, which resulted in the net impact of a pre-tax and after-tax loss of $15 million, accounted for in SA&G within the financial services segment. Next, slide 13 outlines our guidance for Deere & Company's net income, our effective tax rate, and operating cash flow. For fiscal year 2024, we maintain o",challenge/offline-data/deere/call-transcripts/2024-08-15__de-us-20240815-call-pres__46429.md,41
Deere & Company,DE,2024-08-15,FY2024Q3,EARNINGS_CALL,call-pres,80% | 10 ,"Unknown speaker: Across our more established solutions, we have seen average adoption rates well above 80%, with ExactApply in particular, up nearly 10 points. For our newest and most advanced offerings, like ExactShot and See & Spray, we are seeing healthy adoption rates during the first year. And in particular, our See & Spray technology has achieved high single-digit take rates in its first ful",challenge/offline-data/deere/call-transcripts/2024-08-15__de-us-20240815-call-pres__46429.md,75
Deere & Company,DE,2024-08-15,FY2024Q3,EARNINGS_CALL,call-pres,"8  | 50% | 2024,  | 2024 ","Unknown speaker: If I might jump in and quickly add some color to Luke's comment on rest of the year reductions in North America. The underproduction of large tractors we highlighted last quarter will be a significant driver of the implied margin decline in our fourth quarter. For example, our guide contemplates planned shutdowns of our 8 Series tractor production line in Waterloo, Iowa, for about",challenge/offline-data/deere/call-transcripts/2024-08-15__de-us-20240815-call-pres__46429.md,85
Deere & Company,DE,2024-08-15,FY2024Q3,EARNINGS_CALL,call-pres,150 million | 125 million | 230 million | 2024  | 25 million,"Unknown speaker: Yeah, absolutely, Josh. I'd like to start by echoing John's appreciation to our entire John Deere team for their adaptability and resilience to the changes in demand and their continued commitment to delivering for our customers. This quarter, we made difficult decisions to structure the business to align with current market conditions. This involved a mid-single-digit reduction i",challenge/offline-data/deere/call-transcripts/2024-08-15__de-us-20240815-call-pres__46429.md,105
Deere & Company,DE,2024-08-15,FY2024Q3,EARNINGS_CALL,call-pres,2024 ,"Unknown speaker: As a result, we've seen a downward revision to our operating cash flow guide. However, it's important to note that there are our cost management actions, whether that be our supply management teams that are driving down production costs or focus on reducing inbound and outbound freight, or engineering teams working diligently to design out costs from new equipment and retrofit sol",challenge/offline-data/deere/call-transcripts/2024-08-15__de-us-20240815-call-pres__46429.md,107
Deere & Company,DE,2024-08-15,FY2024Q3,EARNINGS_CALL,call-pres,7 billion,"Unknown speaker: Which gives us confidence in our ability to deliver on our net income guide of approximately $7 billion this fiscal year. These cost management actions are an example of the many things our team is doing every day to drive a structurally better business that has capital available to invest in value-enhancing products, solutions, and support to help make our customers more producti",challenge/offline-data/deere/call-transcripts/2024-08-15__de-us-20240815-call-pres__46429.md,109
Deere & Company,DE,2024-08-15,FY2024Q3,EARNINGS_CALL,call-qna,1.5  | 2  | 2025. ,"Unknown speaker: Hey, Jamie, it's Josh Jepsen. One thing I would add in a little bit to your question is, are incentives included in that number? And they are. You know, so when we talk about incremental pool funds that Luke mentioned to help move used in the full year, that's in. So that, you know, that raise in the net price from 1.5 to 2 for Production & Precision ag embeds, you know, what we'r",challenge/offline-data/deere/call-transcripts/2024-08-15__de-us-20240815-call-qna__46445.md,21
Deere & Company,DE,2024-08-15,FY2024Q3,EARNINGS_CALL,call-qna,1 | 2,"Unknown speaker: Hi, thanks for taking my question, and congrats on this hard quarter. Just wanted to dig in a little bit more into the construction segment. You talked about implementing an underproduction strategy similar to what you've been doing in ag. Could you talk about the magnitude of that, how much you're planning to underproduce? And you noted, I think, rising inventories. So as we thin",challenge/offline-data/deere/call-transcripts/2024-08-15__de-us-20240815-call-qna__46445.md,25
Deere & Company,DE,2024-08-15,FY2024Q3,EARNINGS_CALL,call-qna,4,"Unknown speaker: Yeah, Angel, I would say, I think as you contemplate inventory levels and where we're planning, you know, as we look to execute this underproduction and see, you know, our retail plans come through in 4Q, we think that positions us really well for the year to come, and you would not expect to see dramatic, you know, changes there. But the guide would be or the goal would be to bui",challenge/offline-data/deere/call-transcripts/2024-08-15__de-us-20240815-call-qna__46445.md,31
Deere & Company,DE,2024-08-15,FY2024Q3,EARNINGS_CALL,call-qna,"2025  | 0.5  | 2024,  | 4,  | 0.5 ","Unknown speaker: Hey, Tami. We wouldn't have a guide yet for 2025 on pricing. I think, you know, definitely in the construction market, you know, we talked about increased levels of price competition. You know, we're seeing that. We did lower our full year guide, you know, down to 0.5 point for 2024, you know, given some of the increased pressure. And then that would imply, you know, for Q4, you k",challenge/offline-data/deere/call-transcripts/2024-08-15__de-us-20240815-call-qna__46445.md,37
Deere & Company,DE,2024-08-15,FY2024Q3,EARNINGS_CALL,call-qna,4.20 | 3. ,"Unknown speaker: Hi, thank you for the time. Yeah, the spirit of the question is related to, you know, how to look at the fourth quarter. You know, if people are trying to figure out what's that kind of run rate, annualized, you know, adjusting for seasonality. I guess I have a question, but just clarification, the first on the fourth quarter. The net income guide for the year implies EPS for the ",challenge/offline-data/deere/call-transcripts/2024-08-15__de-us-20240815-call-qna__46445.md,59
Deere & Company,DE,2024-08-15,FY2024Q3,EARNINGS_CALL,call-qna,1 | 25.  | 1 | 25 ,"Unknown speaker: And you're right, margins, EPS will suffer as a result of that. but we don't think that is a good launching point from an EPS perspective or how we run from a margin perspective into 1Q25. While we don't have a 1Q25 guide, I would say, you know, because of that underproduction, probably the typical seasonal patterns in sales should not follow to what maybe they would have historic",challenge/offline-data/deere/call-transcripts/2024-08-15__de-us-20240815-call-qna__46445.md,69
Deere & Company,DE,2024-08-15,FY2024Q3,EARNINGS_CALL,call-qna,2 | 10%,"Unknown speaker: Hi, thank you for taking the question. Also a little bit of clarification on some of the prepared comments and some of the Q&A afterwards. I just want to make sure I understand. Inventory to Sales Ratio in the third quarter looks like that was flat from 2Q. Just help us understand the difference in end-user demand versus those production declines, and then how we should still thin",challenge/offline-data/deere/call-transcripts/2024-08-15__de-us-20240815-call-qna__46445.md,77
Deere & Company,DE,2024-08-15,FY2024Q3,EARNINGS_CALL,call-qna,10% | 15% | 220  | 10% | 15% | 220,"Unknown speaker: And, and we are if you talk about that in absolute units, it's about a 10% reduction in absolute units in the field over the quarter. So we, we are seeing the progress, you know, that, that we anticipated. And, you know, as we mentioned last year, you know, we talked about, we ended the year at about 15% inventory to sales on 220 horsepower plus. You know, we expect to be at that ",challenge/offline-data/deere/call-transcripts/2024-08-15__de-us-20240815-call-qna__46445.md,81
Deere & Company,DE,2024-08-15,FY2024Q3,EARNINGS_CALL,call-qna,4 | 1.5 | -2  | 4,"Unknown speaker: Hey, Chad, this is Jefferson. I think, yeah, I mean, decremental is a bit higher in 4Q compared to what we've done through the year. The underproduction is the biggest driver, far and away. I don't have a good impact on just the fourth quarter, but if you look at the full year, the underproduction is probably 1.5-2 points of margin drag. You know, and that's more, you know, than w",challenge/offline-data/deere/call-transcripts/2024-08-15__de-us-20240815-call-qna__46445.md,115
Deere & Company,DE,2024-08-15,FY2024Q3,STRUCTURED_RESULT,q3-10q,"52 | 53  | 2024  | 2023  | 28,  | 2024 ","We use a 52/53 week fiscal year with quarters ending on the last Sunday in the reporting period. The third quarter ends for fiscal year 2024 and 2023 were July 28, 2024 and July 30, 2023, respectively. Both third quarters contained 13 weeks, while both year-to-date periods contained 39 weeks. Unless otherwise stated, references to particular years, quarters, or months refer to our fiscal years gen",challenge/offline-data/deere/filings/2024-08-15__de-us-20240815-q3-10q__105828.md,437
Deere & Company,DE,2024-08-15,FY2024Q3,STRUCTURED_RESULT,q3-10q,10,"The interim consolidated financial statements of Deere &amp; Company have been prepared by us, without audit, pursuant to the rules and regulations of the U.S. Securities and Exchange Commission (SEC). Certain information and footnote disclosures normally included in annual financial statements prepared in accordance with accounting principles generally accepted in the U.S. have been condensed or ",challenge/offline-data/deere/filings/2024-08-15__de-us-20240815-q3-10q__105828.md,445
Deere & Company,DE,2024-08-15,FY2024Q3,STRUCTURED_RESULT,q3-10q,"1,895,  | 1,697,  | 1,753  | 28,  | 2024,  | 29, ","We invoice in advance of recognizing the sale of certain products and the revenue for certain services. These relate to extended warranty premiums, advance payments for future equipment sales, and subscription and service revenue related to precision guidance, telematic services, and other information enabled solutions. These advanced customer payments are presented as deferred revenue, a contract",challenge/offline-data/deere/filings/2024-08-15__de-us-20240815-q3-10q__105828.md,905
Deere & Company,DE,2024-08-15,FY2024Q3,STRUCTURED_RESULT,q3-10q,"1,677  | 28,  | 2024.  | 2024  | 188,  | 2025 ","The amount of unsatisfied performance obligations for contracts with an original duration greater than one year was $1,677 at July 28, 2024. The estimated revenue to be recognized by fiscal year follows: remainder of 2024 $188, 2025 - $456, 2026 - $384, 2027 - $254, 2028 - $157, 2029 - $128, and later years - $110. As permitted, we elected only to disclose remaining performance obligations with an",challenge/offline-data/deere/filings/2024-08-15__de-us-20240815-q3-10q__105828.md,907
Deere & Company,DE,2024-08-15,FY2024Q3,STRUCTURED_RESULT,q3-10q,"2024, ","During the first nine months of 2024, we contributed and expect to contribute the following amounts to our pension and OPEB plans:",challenge/offline-data/deere/filings/2024-08-15__de-us-20240815-q3-10q__105828.md,1048
Deere & Company,DE,2024-08-15,FY2024Q3,STRUCTURED_RESULT,q3-10q,120 ,"- Write-offs generally occur when receivables are 120 days delinquent. In these situations, the estimated uncollectible amount is written off to the allowance for credit losses. Any expected recovery is presented as nonperforming.",challenge/offline-data/deere/filings/2024-08-15__de-us-20240815-q3-10q__105828.md,1105
Deere & Company,DE,2024-08-15,FY2024Q3,STRUCTURED_RESULT,q3-10q,"150,  | 124  | 2024.  | 2025.  | 2024  | 30. ","The programs' total pretax expenses are estimated to be approximately $150, with $124 recorded in the third quarter of 2024. The remaining expenses are expected to be recorded primarily in 2025. Payments made during the third quarter of 2024 with respect to these program expenses totaled $30. The expenses for the three months and nine months ended July 28, 2024 were recorded as follows:",challenge/offline-data/deere/filings/2024-08-15__de-us-20240815-q3-10q__105828.md,2049
Deere & Company,DE,2024-08-15,FY2024Q3,STRUCTURED_RESULT,q3-10q,"2024,  | 50 percent | 38  | 53  | 15  | 2025.","In the third quarter of 2024, our board of directors authorized the sale of 50 percent ownership in our wholly owned subsidiary, Banco John Deere S.A. (BJD). BJD, located in Brazil, is included in our financial services segment and finances retail and wholesale loans for agricultural, construction, and forestry equipment. The transaction will reduce our incremental risk as we continue to grow in t",challenge/offline-data/deere/filings/2024-08-15__de-us-20240815-q3-10q__105828.md,2065
Deere & Company,DE,2024-08-15,FY2024Q3,STRUCTURED_RESULT,q3-10q,"2024,  | 50 percent | 2025,  | 50 percent","In August 2024, we entered into an agreement with a Brazilian bank, Banco Bradesco S.A. (Bradesco), for Bradesco to invest and become 50 percent owner of BJD. On the transaction date, which is expected to occur in the second quarter of 2025, subject to usual and customary regulatory approval, Bradesco will contribute capital equal to our equity investment in BJD. We will retain a 50 percent equity",challenge/offline-data/deere/filings/2024-08-15__de-us-20240815-q3-10q__105828.md,2089
Deere & Company,DE,2024-08-15,FY2024Q3,STRUCTURED_RESULT,q3-10q,2024,Industry Sales Outlook for Fiscal Year 2024,challenge/offline-data/deere/filings/2024-08-15__de-us-20240815-q3-10q__105828.md,2154
Deere & Company,DE,2024-08-15,FY2024Q3,STRUCTURED_RESULT,q3-10q,2024,## Industry Sales Outlook for Fiscal Year 2024,challenge/offline-data/deere/filings/2024-08-15__de-us-20240815-q3-10q__105828.md,2197
Deere & Company,DE,2024-08-15,FY2024Q3,STRUCTURED_RESULT,q3-10q,2024 ,Production volumes are expected to continue to decline during the remainder of 2024 due to reduced demand amid challenges in the global agricultural and turf sectors and construction industry coupled with inventory management through planned underproduction to retail demand.,challenge/offline-data/deere/filings/2024-08-15__de-us-20240815-q3-10q__105828.md,2223
Deere & Company,DE,2024-08-15,FY2024Q3,STRUCTURED_RESULT,q3-10q,2024,## Agriculture and Turf Outlook for 2024,challenge/offline-data/deere/filings/2024-08-15__de-us-20240815-q3-10q__105828.md,2227
Deere & Company,DE,2024-08-15,FY2024Q3,STRUCTURED_RESULT,q3-10q,2023 ,- We expect large and small agricultural equipment sales to be down from 2023 levels across all our major markets.,challenge/offline-data/deere/filings/2024-08-15__de-us-20240815-q3-10q__105828.md,2229
Deere & Company,DE,2024-08-15,FY2024Q3,STRUCTURED_RESULT,q3-10q,2024 ,"- Agricultural fundamentals are expected to continue to moderate in 2024 due to rising global grain stocks from excellent growing conditions, lower commodity prices, elevated interest rates, and geopolitical uncertainty.",challenge/offline-data/deere/filings/2024-08-15__de-us-20240815-q3-10q__105828.md,2230
Deere & Company,DE,2024-08-15,FY2024Q3,STRUCTURED_RESULT,q3-10q,2024,## Construction and Forestry Outlook for 2024,challenge/offline-data/deere/filings/2024-08-15__de-us-20240815-q3-10q__105828.md,2238
Deere & Company,DE,2024-08-15,FY2024Q3,STRUCTURED_RESULT,q3-10q,66  | 2024  | 2023.  | 2024.,"Rising interest rates have historically impacted our borrowings sooner than the benefit is realized from receivable and lease portfolios. As a result, our financial services operations experienced $66 (after-tax) less favorable financing spreads in 2024 compared to 2023. We expect to continue experiencing spread compression in 2024.",challenge/offline-data/deere/filings/2024-08-15__de-us-20240815-q3-10q__105828.md,2265
Deere & Company,DE,2024-08-15,FY2024Q3,STRUCTURED_RESULT,q3-10q,12  | 12  | 2024  | 2023 ,"We closely monitor our cash requirements. Based on the available sources of liquidity, we expect to meet our funding needs in the short term (next 12 months) and long term (beyond 12 months). We are forecasting lower operating cash flows from equipment operations in 2024 compared with 2023 driven by a decrease in net income adjusted for non-cash provisions and a reduction in accounts payable and a",challenge/offline-data/deere/filings/2024-08-15__de-us-20240815-q3-10q__105828.md,2589
Deere & Company,DE,2024-08-15,FY2024Q3,STRUCTURED_RESULT,q3-10q,1 | 10 | 10,"Further information concerning us and our businesses, including factors that could materially affect our financial results, is included in our other filings with the SEC (including, but not limited to, the factors discussed in Item 1A. 'Risk Factors' of our most recent Annual Report on Form 10-K and this Quarterly Report on Form 10-Q). There also may be other factors that we cannot anticipate or t",challenge/offline-data/deere/filings/2024-08-15__de-us-20240815-q3-10q__105828.md,2826
Deere & Company,DE,2024-08-15,FY2024Q3,STRUCTURED_RESULT,q3-8k,2024 ,Net income attributable to Deere & Company for fiscal 2024 is forecasted to be,challenge/offline-data/deere/filings/2024-08-15__de-us-20240815-q3-8k__105836.md,38
Deere & Company,DE,2024-08-15,FY2024Q3,STRUCTURED_RESULT,q3-8k,2024  | 7.0 billion,Net income attributable to Deere &amp; Company for fiscal 2024 is forecasted to be approximately $7.0 billion.,challenge/offline-data/deere/filings/2024-08-15__de-us-20240815-q3-8k__105836.md,69
Deere & Company,DE,2024-08-15,FY2024Q3,STRUCTURED_RESULT,q3-8k,2024,## Deere Segment Outlook for Fiscal 2024,challenge/offline-data/deere/filings/2024-08-15__de-us-20240815-q3-8k__105836.md,152
Deere & Company,DE,2024-08-15,FY2024Q3,STRUCTURED_RESULT,q3-8k,2024  | 720 million | 2023  | 2023  | 173 million | 135 million,"Financial Services. Fiscal-year 2024 net income attributable to Deere &amp; Company for the financial services operations is forecasted to be approximately $720 million. Results are expected to be higher than fiscal year 2023 due to income earned on higher average portfolio balances, partially offset by a higher provision for credit losses and less-favorable financing spreads. A correction of the ",challenge/offline-data/deere/filings/2024-08-15__de-us-20240815-q3-8k__105836.md,192
Deere & Company,DE,2024-08-15,FY2024Q3,STRUCTURED_RESULT,q3-8k,1995 ,"Certain statements contained herein, including in the section entitled 'Company Outlook &amp; Summary,' 'Industry Outlook,' 'Deere Segment Outlook,' and 'Condensed Notes to Interim Consolidated Financial Statements' relating to future events, expectations, and trends constitute 'forward-looking statements' as defined in the Private Securities Litigation Reform Act of 1995 and involve factors that ",challenge/offline-data/deere/filings/2024-08-15__de-us-20240815-q3-8k__105836.md,196
Deere & Company,DE,2024-08-15,FY2024Q3,STRUCTURED_RESULT,q3-8k,1 | 10 | 10,"Further information concerning the company and its businesses, including factors that could materially affect the financial results, is included in the company's filings with the SEC (including, but not limited to, the factors discussed in Item 1A. 'Risk Factors' of the company's most recent Annual Report on Form 10-K and subsequent Quarterly Reports on Form 10-Q). There also may be other factors ",challenge/offline-data/deere/filings/2024-08-15__de-us-20240815-q3-8k__105836.md,288
Deere & Company,DE,2024-08-15,FY2024Q3,STRUCTURED_RESULT,q3-8k,"150 million | 124 million | 2024.  | 2025.  | 28,  | 2024 ","The total programs' pretax expenses are estimated to be approximately $150 million, with $124 million recorded in the third quarter of 2024. The remaining expenses are expected to be recorded primarily in 2025. The expenses for the three months and nine months ended July 28, 2024 were recorded as follows in millions of dollars:",challenge/offline-data/deere/filings/2024-08-15__de-us-20240815-q3-8k__105836.md,475
Deere & Company,DE,2024-05-16,FY2024Q2,EARNINGS_CALL,call-pres,2024. ,"Unknown speaker: Hello, welcome, and thank you for joining us on today's call. Joining me on the call today are Josh Jepsen, Chief Financial Officer, Cory Reed, President, Worldwide Agriculture and Turf Division, Production and Precision Ag, Americas and Australia, and Josh Rohleder, Manager of Investor Communications. Today, we'll take a closer look at Deere's second quarter earnings, then spend ",challenge/offline-data/deere/call-transcripts/2024-05-16__de-us-20240516-call-pres__46458.md,15
Deere & Company,DE,2024-05-16,FY2024Q2,EARNINGS_CALL,call-pres,23% | 3.185 billion | 1.5  | 571 million | 17.9%,"Unknown speaker: The year-over-year decrease was primarily due to lower shipment volumes and higher production costs. These were partially offset by price realization. Turning to Small Ag and Turf on Slide five. Net sales were down 23%, totaling $3.185 billion in the second quarter as a result of lower shipment volumes, partially offset by price realization. Price realization was positive by 1.5 p",challenge/offline-data/deere/call-transcripts/2024-05-16__de-us-20240516-call-pres__46458.md,25
Deere & Company,DE,2024-05-16,FY2024Q2,EARNINGS_CALL,call-pres,15%,"Unknown speaker: Across all our major markets, we see continued softening in grower sentiment as the combined impacts of rising global stocks, lower commodity prices, high interest rates, and weather volatility weigh on customer purchase decisions. Amidst this backdrop to rising uncertainty, we're seeing customers exercise greater discretion in their equipment purchases, which is reflected in the ",challenge/offline-data/deere/call-transcripts/2024-05-16__de-us-20240516-call-pres__46458.md,27
Deere & Company,DE,2024-05-16,FY2024Q2,EARNINGS_CALL,call-pres,10% | 15% | 10 | 15% | -20%,"Unknown speaker: For Small Ag and Turf in the U.S. and Canada, industry demand estimates are now down 10%. In the quarter, we saw notable reductions in our expectations for the turf segment, particularly riding lawn equipment, where high interest rates and are impacting purchase behavior following several years of strong market demand. In Europe, the industry is now forecasted to be down 15%, refl",challenge/offline-data/deere/call-transcripts/2024-05-16__de-us-20240516-call-pres__46458.md,29
Deere & Company,DE,2024-05-16,FY2024Q2,EARNINGS_CALL,call-pres,20% | 25% | 1.5  | 20.5% | 21.5%,"Unknown speaker: Brazil remains the largest affected market, with additional pressure stemming from strong global yields, driving down commodity prices. Both soy and corn margin expectations softened over the quarter. Conditions are further impacted by elevated interest rates and an expected strong recovery in Argentina production levels following last year's drought. Industry sales in Asia contin",challenge/offline-data/deere/call-transcripts/2024-05-16__de-us-20240516-call-pres__46458.md,31
Deere & Company,DE,2024-05-16,FY2024Q2,EARNINGS_CALL,call-pres,20% | -25% | 1.5  | 13.5% | -14.5% | 7%,"Unknown speaker: We now expect net sales to be down 20%-25%. The guide includes 1.5 points of positive price realization and flat currency translation. The segment's operating margin is now 13.5%-14.5%, in line with slowing net sales. Shifting to Construction and Forestry on slide nine. Net sales for the quarter were down 7% year-over-year at $3.844 billion due to lower shipment volumes. Price rea",challenge/offline-data/deere/call-transcripts/2024-05-16__de-us-20240516-call-pres__46458.md,33
Deere & Company,DE,2024-05-16,FY2024Q2,EARNINGS_CALL,call-pres,5% | 10% | 5% | 11.,"Unknown speaker: Industry sales expectations for earthmoving equipment in the U.S. and Canada remain flat to down 5%, while compact construction equipment in the U.S. and Canada is expected to be flat. Industry fundamentals remain vastly unchanged, with stabilized demand supported by visibility into the balance of the year. Markets continue to be healthy as U.S. government infrastructure spending ",challenge/offline-data/deere/call-transcripts/2024-05-16__de-us-20240516-call-pres__46458.md,35
Deere & Company,DE,2024-05-16,FY2024Q2,EARNINGS_CALL,call-pres,2024  | 5% | -10% | 1.5  | 17% | 12. ,Unknown speaker: 2024 net sales remain forecasted to be down between 5%-10%. Net sales guidance for the year includes about 1.5 points of positive price realization and flat currency translation. The segment's operating margin is projected to be around 17%. Transitioning to our financial services operations on slide 12. Worldwide financial services net income attributable to Deere & Company in the,challenge/offline-data/deere/call-transcripts/2024-05-16__de-us-20240516-call-pres__46458.md,37
Deere & Company,DE,2024-05-16,FY2024Q2,EARNINGS_CALL,call-pres,"2024,  | 770 million | 13  | 2024,  | 7 billion | 23%","Unknown speaker: For fiscal year 2024, our outlook for net income remains at $770 million, as benefits from a higher average portfolio balance offset a higher provision for credit losses and less favorable financing spreads. Finally, slide 13 outlines our guidance for Deere & Company's net income, our effective tax rate, and operating cash flow. For fiscal year 2024, our outlook for net income is ",challenge/offline-data/deere/call-transcripts/2024-05-16__de-us-20240516-call-pres__46458.md,39
Deere & Company,DE,2024-05-16,FY2024Q2,EARNINGS_CALL,call-pres,15% | 21%,"Unknown speaker: We saw net sales decline roughly 15% year-over-year, yet operating margin came in at just over 21%. Across all business segments, we saw better-than-expected performance despite a more challenging macro backdrop. Josh Beal, can you walk us through what went well for Deere?",challenge/offline-data/deere/call-transcripts/2024-05-16__de-us-20240516-call-pres__46458.md,41
Deere & Company,DE,2024-05-16,FY2024Q2,EARNINGS_CALL,call-pres,21%,"Unknown speaker: Yeah, absolutely, Josh. This is really a story of executional discipline across the organization. We were able to outperform on the top line as demand held up slightly better than we expected. In particular, we saw a resilient earthmoving and road building market that exceeded our expectations, despite a tough competitive environment. Turning to production costs, freight came in s",challenge/offline-data/deere/call-transcripts/2024-05-16__de-us-20240516-call-pres__46458.md,43
Deere & Company,DE,2024-05-16,FY2024Q2,EARNINGS_CALL,call-pres,"2023, ","Unknown speaker: Right. The forecast change is really volume-driven, primarily in our Ag and Turf segments. Underlying the demand decline is a tougher backdrop in global Ag, which, as you mentioned in your opening comments, has continued to weigh on our customer base. Uncertainty has caused a decline in farmer sentiment, and as a result, we are seeing a softer retail environment today than we did ",challenge/offline-data/deere/call-transcripts/2024-05-16__de-us-20240516-call-pres__46458.md,47
Deere & Company,DE,2024-05-16,FY2024Q2,EARNINGS_CALL,call-pres,2024.  | 2025.,"Unknown speaker: Given the environment that I just mentioned, we do expect incremental demand decline in the back half of 2024. Notably, our production volumes will decline more than demand in the back half as we're taking proactive steps to drive down field inventories. This is true for all of our major markets: South America, Europe, and also now for North America large tractors. We believe this",challenge/offline-data/deere/call-transcripts/2024-05-16__de-us-20240516-call-pres__46458.md,49
Deere & Company,DE,2024-05-16,FY2024Q2,EARNINGS_CALL,call-pres,2025 ,"Unknown speaker: Yeah, absolutely, and I'll start with new equipment. In North America, Large Ag, we're seeing intra-season inventory build as expected, albeit below industry levels, and inventory-to-sales ratio increases in line with historical norms. That said, given our proactive underproduction previously discussed, we expect these numbers to fall by year-end, with beginning 2025 inventory-to-",challenge/offline-data/deere/call-transcripts/2024-05-16__de-us-20240516-call-pres__46458.md,75
Deere & Company,DE,2024-05-16,FY2024Q2,EARNINGS_CALL,call-pres,2024  | 2025. ,"Unknown speaker: That said, we do expect some favorable offsets with a strong cotton crop this year and a better-than-expected corn crop, which should provide some support to farmer sentiment for the 2024 season. All in, ag equipment retail demand in the region continues to decline, driving the change in our industry guide. While production cuts came through as expected for the quarter, retail sal",challenge/offline-data/deere/call-transcripts/2024-05-16__de-us-20240516-call-pres__46458.md,87
Deere & Company,DE,2024-05-16,FY2024Q2,EARNINGS_CALL,call-pres,2023. ,"Unknown speaker: Definitely, Josh. The key takeaway for the quarter is what you noted, minimal change at healthy levels of demand. As we've noted on previous calls, we expected some decline year-over-year, unrelated to end market demand, as we build less inventory this year relative to 2023. While contractor backlogs remain healthy and utilization at sustainable levels, we've seen rental CapEx com",challenge/offline-data/deere/call-transcripts/2024-05-16__de-us-20240516-call-pres__46458.md,99
Deere & Company,DE,2024-05-16,FY2024Q2,EARNINGS_CALL,call-pres,1.5 billion,"Unknown speaker: Certainly. It was a good second quarter with strong results to round out the first half of the year. Despite a dynamic global ag market and competitive construction environment in North America, we performed at structurally higher levels across the business. Given the pullback we've seen in ag markets, we now expect to end the year moderately below mid-cycle levels. This quarter, ",challenge/offline-data/deere/call-transcripts/2024-05-16__de-us-20240516-call-pres__46458.md,105
Deere & Company,DE,2024-05-16,FY2024Q2,EARNINGS_CALL,call-pres,18%,"Unknown speaker: Our proactive management reflects this and demonstrates that we are a structurally better business today, with equipment margins forecast just above 18%, despite unfavorable mix in a rapidly shifting global environment. As a result, we feel that we are putting ourselves in the best position possible for the future. Regardless of where we are in the cycle, we remain committed to ou",challenge/offline-data/deere/call-transcripts/2024-05-16__de-us-20240516-call-pres__46458.md,107
Deere & Company,DE,2024-05-16,FY2024Q2,EARNINGS_CALL,call-qna,50%,"Unknown speaker: Hi, this is Grace on for Angel. Thanks for the question. I think your updated guidance for Production and Precision Ag, I believe, implies 50% decrementals and high-teens margins. So can you talk about the underlying drivers of that and what you see as ultimately the normalized level of profitability for a segment? And as part of that, what gives you comfort that we won't see marg",challenge/offline-data/deere/call-transcripts/2024-05-16__de-us-20240516-call-qna__46474.md,25
Deere & Company,DE,2024-05-16,FY2024Q2,EARNINGS_CALL,call-qna,"44% | 2020,  | 90% | 16% | 16% | 21%","Unknown speaker: Yeah, Grace, this is Josh Jepsen. Maybe just to comment around decrementals. I think, you know, full year, I think we expect your PPA to do around, you know, 44%. I think the back half is actually pretty similar to that, so not materially different. And maybe important, important, just compare juxtaposition in terms of the structural profitability of that business is if we look ba",challenge/offline-data/deere/call-transcripts/2024-05-16__de-us-20240516-call-qna__46474.md,33
Deere & Company,DE,2024-05-16,FY2024Q2,EARNINGS_CALL,call-qna,30% | 31 ,"Unknown speaker: You know, and similarly, in region two or sorry, excuse me, in Europe, our region two, as we call it, you know, tractors kind of in line with that guide in the mid, in the midsize, combines a little bit heavier. But again, globally, you know, if you look at Production and Precision Ag, you know, it's about high single digit underproduction. You know, as you referenced, you know, o",challenge/offline-data/deere/call-transcripts/2024-05-16__de-us-20240516-call-qna__46474.md,45
Deere & Company,DE,2024-05-16,FY2024Q2,EARNINGS_CALL,call-qna,"4,  | 2024,  | 2025 ","Unknown speaker: Hey, Kristen, it's Jepsen. I would say, you know, definitely we see the bigger impact in Q4, as, you know, seasonally, you see higher level of retail, but then also we get into seasonal shutdowns and those sorts of things. You know, as we work through the back half of the year, we're resetting production rates, as Josh mentioned. We're also getting the cost structure aligned, so, ",challenge/offline-data/deere/call-transcripts/2024-05-16__de-us-20240516-call-qna__46474.md,71
Deere & Company,DE,2024-05-16,FY2024Q2,EARNINGS_CALL,call-qna,1.5% | 1.5%,"Unknown speaker: Yeah, I, I think maybe shifting, Nicole, to your question on C&F decrementals for the quarter. I think the one thing to point out there is we did have lower price realization than originally anticipated. That was due to, you know, discount accrual that we put on some field inventory that will affect really sales for the balance of the year. So it's a little bit of a timing around ",challenge/offline-data/deere/call-transcripts/2024-05-16__de-us-20240516-call-qna__46474.md,89
Deere & Company,DE,2024-05-16,FY2024Q2,EARNINGS_CALL,call-qna,2025  | 2024  | 1.5  | 2% | -3%,"Unknown speaker: Yeah, I mean, a bit early to talk about 2025 pricing, but I think, you know, as we talk 2024 and where it stands and kind of do a walk around the world here. You know, again, in Large Ag, we're talking about 1.5 price realization for the year. As we kind of step through the different regions, you know, North America, we would say normal. You know, price realization is in the range",challenge/offline-data/deere/call-transcripts/2024-05-16__de-us-20240516-call-qna__46474.md,95
Deere & Company,DE,2024-05-16,FY2024Q2,EARNINGS_CALL,call-qna,"2023,  | 2% | -3%","Unknown speaker: You know, South America, you know, we've talked, you know, Brazil specifically, you know, with the inventory that we built in, in 2023, we will have some negative price there this year, kind of in the mid-single digits. Candidly, as that sort of plays out through the course of the year, was higher on the front end, it starts to mitigate on the back end. And then Europe, you know, ",challenge/offline-data/deere/call-transcripts/2024-05-16__de-us-20240516-call-qna__46474.md,97
Deere & Company,DE,2024-05-16,FY2024Q2,STRUCTURED_RESULT,q2-10q,"52 | 53  | 2024  | 2023  | 28,  | 2024 ","We use a 52/53 week fiscal year with quarters ending on the last Sunday in the reporting period. The second quarter ends for fiscal year 2024 and 2023 were April 28, 2024 and April 30, 2023, respectively. Both second quarters contained 13 weeks, while both year-to-date periods contained 26 weeks. Unless otherwise stated, references to particular years, quarters, or months refer to our fiscal years",challenge/offline-data/deere/filings/2024-05-16__de-us-20240516-q2-10q__105820.md,433
Deere & Company,DE,2024-05-16,FY2024Q2,STRUCTURED_RESULT,q2-10q,10,"The interim consolidated financial statements of Deere &amp; Company have been prepared by us, without audit, pursuant to the rules and regulations of the U.S. Securities and Exchange Commission (SEC). Certain information and footnote disclosures normally included in annual financial statements prepared in accordance with accounting principles generally accepted in the U.S. have been condensed or ",challenge/offline-data/deere/filings/2024-05-16__de-us-20240516-q2-10q__105820.md,441
Deere & Company,DE,2024-05-16,FY2024Q2,STRUCTURED_RESULT,q2-10q,"1,911,  | 1,697,  | 1,622  | 28,  | 2024,  | 29, ","We invoice in advance of recognizing the sale of certain products and the revenue for certain services. These relate to extended warranty premiums, advance payments for future equipment sales, and subscription and service revenue related to precision guidance, telematic services, and other information enabled solutions. These advanced customer payments are presented as deferred revenue, a contract",challenge/offline-data/deere/filings/2024-05-16__de-us-20240516-q2-10q__105820.md,915
Deere & Company,DE,2024-05-16,FY2024Q2,STRUCTURED_RESULT,q2-10q,"1,633  | 28,  | 2024.  | 2024  | 297,  | 2025 ","The amount of unsatisfied performance obligations for contracts with an original duration greater than one year was $1,633 at April 28, 2024. The estimated revenue to be recognized by fiscal year follows: remainder of 2024 $297, 2025 - $438, 2026 - $352, 2027 - $224, 2028 - $137, 2029 - $97, and later years - $88. As permitted, we elected only to disclose remaining performance obligations with an ",challenge/offline-data/deere/filings/2024-05-16__de-us-20240516-q2-10q__105820.md,917
Deere & Company,DE,2024-05-16,FY2024Q2,STRUCTURED_RESULT,q2-10q,241 | 220 | 482 | 432,Expected return on plan assets (241) (220) (482) (432),challenge/offline-data/deere/filings/2024-05-16__de-us-20240516-q2-10q__105820.md,1093
Deere & Company,DE,2024-05-16,FY2024Q2,STRUCTURED_RESULT,q2-10q,27 | 29 | 54 | 58,Expected return on plan assets (27) (29) (54) (58),challenge/offline-data/deere/filings/2024-05-16__de-us-20240516-q2-10q__105820.md,1101
Deere & Company,DE,2024-05-16,FY2024Q2,STRUCTURED_RESULT,q2-10q,"2024, ","During the first six months of 2024, we contributed and expect to contribute the following amounts to our pension",challenge/offline-data/deere/filings/2024-05-16__de-us-20240516-q2-10q__105820.md,1107
Deere & Company,DE,2024-05-16,FY2024Q2,STRUCTURED_RESULT,q2-10q,39  | 44,Expected contributions remainder of the year 39 44,challenge/offline-data/deere/filings/2024-05-16__de-us-20240516-q2-10q__105820.md,1111
Deere & Company,DE,2024-05-16,FY2024Q2,STRUCTURED_RESULT,q2-10q,"2024, ","During the first six months of 2024, we contributed and expect to contribute the following amounts to our pension and OPEB plans.",challenge/offline-data/deere/filings/2024-05-16__de-us-20240516-q2-10q__105820.md,1140
Deere & Company,DE,2024-05-16,FY2024Q2,STRUCTURED_RESULT,q2-10q,120 ,"- Write-offs generally occur when receivables are 120 days delinquent. In these situations, the estimated uncollectible amount is written off to the allowance for credit losses. Any expected recovery is presented as nonperforming.",challenge/offline-data/deere/filings/2024-05-16__de-us-20240516-q2-10q__105820.md,1197
Deere & Company,DE,2024-05-16,FY2024Q2,STRUCTURED_RESULT,q2-10q,"2024, ","The allowance for credit losses increased in the second quarter and first six months of 2024, primarily due to higher expected losses on the agricultural receivable portfolio as a result of elevated delinquencies and a decline in market conditions.",challenge/offline-data/deere/filings/2024-05-16__de-us-20240516-q2-10q__105820.md,1800
Deere & Company,DE,2024-05-16,FY2024Q2,STRUCTURED_RESULT,q2-10q,"2023,  | 2023  | 20 | 2023 ","In the first quarter of 2023, we determined that the financial services business in Russia met the held for sale criteria. The financing receivables in Russia were reclassified to 'Other assets.' The associated allowance for credit losses was reversed and a valuation allowance for the assets held for sale was recorded. These operations were sold in the second quarter of 2023 (see Note 20). Excludi",challenge/offline-data/deere/filings/2024-05-16__de-us-20240516-q2-10q__105820.md,1802
Deere & Company,DE,2024-05-16,FY2024Q2,STRUCTURED_RESULT,q2-10q,2024,Industry Sales Outlook for Fiscal Year 2024,challenge/offline-data/deere/filings/2024-05-16__de-us-20240516-q2-10q__105820.md,2462
Deere & Company,DE,2024-05-16,FY2024Q2,STRUCTURED_RESULT,q2-10q,2024,## Industry Sales Outlook for Fiscal Year 2024,challenge/offline-data/deere/filings/2024-05-16__de-us-20240516-q2-10q__105820.md,2505
Deere & Company,DE,2024-05-16,FY2024Q2,STRUCTURED_RESULT,q2-10q,2024 ,Production volumes are expected to continue to decline during the remainder of 2024 due to demand shifts amid challenges in the global agricultural and turf sectors coupled with proactive production and inventory management while the construction industry remains relatively stable.,challenge/offline-data/deere/filings/2024-05-16__de-us-20240516-q2-10q__105820.md,2527
Deere & Company,DE,2024-05-16,FY2024Q2,STRUCTURED_RESULT,q2-10q,2024,## Agriculture and Turf Outlook for 2024,challenge/offline-data/deere/filings/2024-05-16__de-us-20240516-q2-10q__105820.md,2531
Deere & Company,DE,2024-05-16,FY2024Q2,STRUCTURED_RESULT,q2-10q,2023 ,"- We expect large and small agricultural equipment sales to be down from 2023 levels in North America, Europe, and South America.",challenge/offline-data/deere/filings/2024-05-16__de-us-20240516-q2-10q__105820.md,2533
Deere & Company,DE,2024-05-16,FY2024Q2,STRUCTURED_RESULT,q2-10q,2024 ,"- Agricultural fundamentals across all our major markets are expected to moderate in 2024 due to rising global stocks, lower commodity prices, elevated interest rates, and weather volatility. In the U.S. and Canada, this is partially offset by resilient farm balance sheets.",challenge/offline-data/deere/filings/2024-05-16__de-us-20240516-q2-10q__105820.md,2534
Deere & Company,DE,2024-05-16,FY2024Q2,STRUCTURED_RESULT,q2-10q,2024,## Construction and Forestry Outlook for 2024,challenge/offline-data/deere/filings/2024-05-16__de-us-20240516-q2-10q__105820.md,2541
Deere & Company,DE,2024-05-16,FY2024Q2,STRUCTURED_RESULT,q2-10q,2024.,The market for our products is negatively impacted by higher interest rates. We expect higher borrowing costs for our customers to affect product sales in 2024.,challenge/offline-data/deere/filings/2024-05-16__de-us-20240516-q2-10q__105820.md,2562
Deere & Company,DE,2024-05-16,FY2024Q2,STRUCTURED_RESULT,q2-10q,"35  | 2024  | 2023.  | 2024,  | 2023.","Rising interest rates have historically impacted our borrowings sooner than the benefit is realized from receivable and lease portfolios. As a result, our financial services operations experienced $35 (after-tax) less favorable financing spreads in 2024 compared to 2023. We expect to continue experiencing spread compression in 2024, but at a moderating pace relative to spread compression experienc",challenge/offline-data/deere/filings/2024-05-16__de-us-20240516-q2-10q__105820.md,2566
Deere & Company,DE,2024-05-16,FY2024Q2,STRUCTURED_RESULT,q2-10q,12  | 12  | 2024  | 2023.,"We closely monitor our cash requirements. Based on the available sources of liquidity, we expect to meet our funding needs in the short term (next 12 months) and long term (beyond 12 months). We are forecasting lower operating cash flows in 2024 compared with 2023.",challenge/offline-data/deere/filings/2024-05-16__de-us-20240516-q2-10q__105820.md,2763
Deere & Company,DE,2024-05-16,FY2024Q2,STRUCTURED_RESULT,q2-10q,10,Report on Form 10-Q). There also may be other factors that we cannot anticipate or that are not described,challenge/offline-data/deere/filings/2024-05-16__de-us-20240516-q2-10q__105820.md,3004
Deere & Company,DE,2024-05-16,FY2024Q2,STRUCTURED_RESULT,q2-10q,1 | 10 | 10,"Further information concerning us and our businesses, including factors that could materially affect our financial results, is included in our other filings with the SEC (including, but not limited to, the factors discussed in Item 1A. 'Risk Factors' of our most recent Annual Report on Form 10-K and this Quarterly Report on Form 10-Q). There also may be other factors that we cannot anticipate or t",challenge/offline-data/deere/filings/2024-05-16__de-us-20240516-q2-10q__105820.md,3042
Deere & Company,DE,2024-05-16,FY2024Q2,STRUCTURED_RESULT,q2-8k,7.0 billion,Full-year net income forecast updated to approximately $7.0 billion.,challenge/offline-data/deere/filings/2024-05-16__de-us-20240516-q2-8k__105819.md,24
Deere & Company,DE,2024-05-16,FY2024Q2,STRUCTURED_RESULT,q2-8k,2024 ,Net income attributable to Deere & Company for fiscal 2024 is forecasted to be,challenge/offline-data/deere/filings/2024-05-16__de-us-20240516-q2-8k__105819.md,40
Deere & Company,DE,2024-05-16,FY2024Q2,STRUCTURED_RESULT,q2-8k,7.0 billion,- Full-year net income forecast updated to approximately $7.0 billion.,challenge/offline-data/deere/filings/2024-05-16__de-us-20240516-q2-8k__105819.md,57
Deere & Company,DE,2024-05-16,FY2024Q2,STRUCTURED_RESULT,q2-8k,2024  | 7.0 billion,Net income attributable to Deere &amp; Company for fiscal 2024 is forecasted to be approximately $7.0 billion.,challenge/offline-data/deere/filings/2024-05-16__de-us-20240516-q2-8k__105819.md,67
Deere & Company,DE,2024-05-16,FY2024Q2,STRUCTURED_RESULT,q2-8k,2024,## Deere Segment Outlook for Fiscal 2024,challenge/offline-data/deere/filings/2024-05-16__de-us-20240516-q2-8k__105819.md,150
Deere & Company,DE,2024-05-16,FY2024Q2,STRUCTURED_RESULT,q2-8k,2024  | 770 million | 2023  | 2023  | 173 million | 135 million,"Financial Services. Fiscal-year 2024 net income attributable to Deere &amp; Company for the financial services operations is forecasted to be approximately $770 million. Results are expected to be higher than fiscal year 2023 due to income earned on a higher average portfolio, partially offset by a higher provision for credit losses and less-favorable financing spreads. A correction of the account",challenge/offline-data/deere/filings/2024-05-16__de-us-20240516-q2-8k__105819.md,190
Deere & Company,DE,2024-05-16,FY2024Q2,STRUCTURED_RESULT,q2-8k,1995 ,"Certain statements contained herein, including in the section entitled 'Company Outlook &amp; Summary,' 'Industry Outlook,' and 'Deere Segment Outlook,' relating to future events, expectations, and trends constitute 'forward-looking statements' as defined in the Private Securities Litigation Reform Act of 1995 and involve factors that are subject to change, assumptions, risks, and uncertainties th",challenge/offline-data/deere/filings/2024-05-16__de-us-20240516-q2-8k__105819.md,194
Deere & Company,DE,2024-05-16,FY2024Q2,STRUCTURED_RESULT,q2-8k,1 | 10 | 10,"Further information concerning the company and its businesses, including factors that could materially affect the financial results, is included in the company's filings with the SEC (including, but not limited to, the factors discussed in Item 1A. 'Risk Factors' of the company's most recent Annual Report on Form 10-K and subsequent Quarterly Reports on Form 10-Q). There also may be other factors ",challenge/offline-data/deere/filings/2024-05-16__de-us-20240516-q2-8k__105819.md,281
Deere & Company,DE,2024-02-15,FY2024Q1,EARNINGS_CALL,call-pres,2024. ,"Unknown speaker: Hello. Welcome, and thank you for joining us on today's call. Joining me on the call today are John May, Chairman and Chief Executive Officer, Josh Jepsen, Chief Financial Officer, Aaron Wetzel, Vice President, Production Systems for Production and Precision Ag, and Josh Rohleder, Manager, Investor Communications. Today, we'll take a closer look at Deere's first quarter earnings, ",challenge/offline-data/deere/call-transcripts/2024-02-15__de-us-20240215-call-pres__46480.md,15
Deere & Company,DE,2024-02-15,FY2024Q1,EARNINGS_CALL,call-pres,6  | 10% | -15% | 5% | -10%,"Unknown speaker: The decrease was primarily due to lower shipment volumes and higher SA&G and R&D expenses, which were partially offset by price realization and lower production costs. Slide 6 gives our industry outlook for ag and turf markets globally. We continue to expect large ag equipment industry sales in the U.S. and Canada to decline 10%-15%, trending closer to the lower end of that range,",challenge/offline-data/deere/call-transcripts/2024-02-15__de-us-20240215-call-pres__46480.md,27
Deere & Company,DE,2024-02-15,FY2024Q1,EARNINGS_CALL,call-pres,10% | -15% | 10% | 2023. ,"Unknown speaker: The compact utility tractor market remains soft as the industry works to bring down inventory levels, while demand for turf products has stabilized. Moving to Europe, the industry is now forecasted to be down 10%-15%. Demand is expected to be softest in Central and Eastern Europe, as local commodity markets remain disrupted by the ongoing conflict in Ukraine. Western Europe is far",challenge/offline-data/deere/call-transcripts/2024-02-15__de-us-20240215-call-pres__46480.md,29
Deere & Company,DE,2024-02-15,FY2024Q1,EARNINGS_CALL,call-pres,7.  | 20% | 1.5  | 21.5% | 22.5% | 8 ,"Unknown speaker: Argentina is expected to deliver strong ag production after multiple years of drought, while the industry will remain regulated by ongoing economic challenges. Industry sales in Asia remain forecasted to be down moderately. Next, our segment forecasts begin on slide 7. For production and precision ag, net sales are forecasted to be down around 20% for the full year. The forecast a",challenge/offline-data/deere/call-transcripts/2024-02-15__de-us-20240215-call-pres__46480.md,31
Deere & Company,DE,2024-02-15,FY2024Q1,EARNINGS_CALL,call-pres,15% | -16% | 3.212 billion | 3  | 1  | 566 million,"Unknown speaker: The segment's operating margin remains between 15%-16%. Shifting to construction and forestry on slide nine. Net sales for the quarter were roughly flat year-over-year at $3.212 billion, with positive price realization offset by lower shipment volumes. Price realization was positive by nearly 3 points. Currency translation was also positive by just under 1 point. Operating profit ",challenge/offline-data/deere/call-transcripts/2024-02-15__de-us-20240215-call-pres__46480.md,33
Deere & Company,DE,2024-02-15,FY2024Q1,EARNINGS_CALL,call-pres,5% | 10% | 11.,"Unknown speaker: Industry sales for earthmoving equipment in the U.S. and Canada are now expected to be flat to down 5%, while compact construction equipment in the U.S. and Canada is expected to be flat. Improvements in the industry outlook are reflective of a better-than-expected demand backdrop and stabilized optimism through the balance of the year as dealer inventories return to more normal l",challenge/offline-data/deere/call-transcripts/2024-02-15__de-us-20240215-call-pres__46480.md,35
Deere & Company,DE,2024-02-15,FY2024Q1,EARNINGS_CALL,call-pres,2024  | 5% | -10% | 1.5  | 17% | -18%,"Unknown speaker: 2024 net sales are now forecasted to be down 5%-10%. Net sales guidance for the year includes about 1.5 points of positive price realization and flat currency translation. The segment's operating margin remains projected between 17%-18%. Transitioning to our financial services operations on slide 12. Worldwide financial services net income attributable to Deere & Company is, in th",challenge/offline-data/deere/call-transcripts/2024-02-15__de-us-20240215-call-pres__46480.md,37
Deere & Company,DE,2024-02-15,FY2024Q1,EARNINGS_CALL,call-pres,"13  | 2024,  | 7.5 billion | 7.75 billion | 24% | 26%","Unknown speaker: Finally, slide 13 outlines our guidance for net income, our effective tax rate, and operating cash flow. For fiscal year 2024, our outlook for net income is now expected to be between $7.5 billion and $7.75 billion. Next, our guidance incorporates an effective tax rate between 24% and 26%. Lastly, cash flow from the equipment operations is now projected to be in the range of $7 bi",challenge/offline-data/deere/call-transcripts/2024-02-15__de-us-20240215-call-pres__46480.md,39
Deere & Company,DE,2024-02-15,FY2024Q1,EARNINGS_CALL,call-pres,"2024  | 2022,  | 48 billion | 7.1 billion | 23  | 2023, ","Unknown speaker: You know, to put 2024 financials in context, let's look at how we've performed since introducing Smart Industrial. In 2022, our equipment operations net sales were just under $48 billion, and we delivered net income of over $7.1 billion, equating to just over $23 of EPS. In 2023, net sales increased 16% to over $55 billion, and we delivered record net income of over $10 billion, o",challenge/offline-data/deere/call-transcripts/2024-02-15__de-us-20240215-call-pres__46480.md,43
Deere & Company,DE,2024-02-15,FY2024Q1,EARNINGS_CALL,call-pres,2024  | 20% | 2023  | 2024,"Unknown speaker: Great. Thanks, John. Now, let's start off with farm fundamentals this quarter. The USDA just updated 2024 forecasts for net cash farm income, as well as global supply and demand estimates. US net cash farm income is forecasted to be down over 20% from 2023 levels, albeit up from November estimates. At the same time, global stocks for corn and soybeans are expected to fully recover",challenge/offline-data/deere/call-transcripts/2024-02-15__de-us-20240215-call-pres__46480.md,47
Deere & Company,DE,2024-02-15,FY2024Q1,EARNINGS_CALL,call-pres,20 | 7%,"Unknown speaker: The punchline here is that farmers continue to be profitable at these levels. In addition to farmer profitability, there's other factors that are supportive. The U.S. fleet age remains above 20-year averages for both tractors and combines. Used inventory in the U.S., while having increased, remains at manageable levels. Additionally, farm balance sheets are strong, with U.S. farml",challenge/offline-data/deere/call-transcripts/2024-02-15__de-us-20240215-call-pres__46480.md,51
Deere & Company,DE,2024-02-15,FY2024Q1,EARNINGS_CALL,call-pres,2025.  | 2024  | 25%,"Unknown speaker: Tractors are managed on a rolling order book, and as a quick update, we're currently taking orders into the third quarter for row crop tractors, while our four-wheel drive tractors are full through the balance of the third quarter. All in all, we expect to end the year in the U.S. and Canada, positioned to produce in line with retail demand in 2025. Let's move on to new inventory ",challenge/offline-data/deere/call-transcripts/2024-02-15__de-us-20240215-call-pres__46480.md,61
Deere & Company,DE,2024-02-15,FY2024Q1,EARNINGS_CALL,call-pres,18.5% | 2024 ,"Unknown speaker: Thank you, all. That's really helpful perspective on what has been a topic of interest lately. On that note, one overarching impact from this discussion that we've yet to address is the updated outlook for the quarter. Markets have clearly shifted this year, but we've maintained strong performance through the first quarter with 18.5% margins for our equipment operations. This clea",challenge/offline-data/deere/call-transcripts/2024-02-15__de-us-20240215-call-pres__46480.md,77
Deere & Company,DE,2024-02-15,FY2024Q1,EARNINGS_CALL,call-pres,1.5 ,"Unknown speaker: Yeah, great points, Josh, and definitely worth unpacking here. Let's start with our production and precision ag and small ag and turf businesses. Beginning with the quarter, we saw strong year-over-year price realization across both segments. It's worth noting, however, that we expect price realization to moderate throughout the remainder of the year, in line with our annual guide",challenge/offline-data/deere/call-transcripts/2024-02-15__de-us-20240215-call-pres__46480.md,79
Deere & Company,DE,2024-02-15,FY2024Q1,EARNINGS_CALL,call-pres,2024.  | 2025 ,"Unknown speaker: Notably, we don't expect the first quarter to be indicative of our SG&A run rate for the rest of the year, as we're pulling levers in line with the rest of our operations. Shifting to our outlook, we are seeing demand shifts in production and Precision Ag impacting combines and large tractors, which is felt mostly in the back half of 2024. Conversely, we're seeing minimal change t",challenge/offline-data/deere/call-transcripts/2024-02-15__de-us-20240215-call-pres__46480.md,81
Deere & Company,DE,2024-02-15,FY2024Q1,EARNINGS_CALL,call-pres,2024 ,"Unknown speaker: Thanks, Aaron and Josh. That's really helping bridge between the ag industry outlook and our tier forecast. Let's shift now to construction and forestry, which we haven't really touched on yet. Results for the quarter came in better than expected, with margins slightly off year-over-year compares, given flat sales levels. Josh Beal, can you walk us through how activity in the quar",challenge/offline-data/deere/call-transcripts/2024-02-15__de-us-20240215-call-pres__46480.md,85
Deere & Company,DE,2024-02-15,FY2024Q1,EARNINGS_CALL,call-pres,"2023,  | 40% | 2025  | 2026 ","Unknown speaker: This is Jepsen. I'd like to emphasize quickly the runway that remains on government infrastructure projects in the U.S. Through 2023, roughly 40% of the IIJA dollars have been awarded, but relatively minimal amounts have actually been spent thus far. Needless to say, we expect infrastructure spending to provide a strong tailwind well into 2025 and 2026 across both our construction",challenge/offline-data/deere/call-transcripts/2024-02-15__de-us-20240215-call-pres__46480.md,89
Deere & Company,DE,2024-02-15,FY2024Q1,EARNINGS_CALL,call-pres,500 million | 2026. ,"Unknown speaker: Sure. Within our Production and Precision Ag business, our Leap Ambitions are to help customers produce more with less. Less inputs like herbicides and fertilizers, and more productivity through more efficient use of labor. One measurement for this progress is through our Engaged Acres metrics, where we are planning to achieve 500 million acres engaged by 2026. As customers use ou",challenge/offline-data/deere/call-transcripts/2024-02-15__de-us-20240215-call-pres__46480.md,101
Deere & Company,DE,2024-02-15,FY2024Q1,EARNINGS_CALL,call-pres,19%,"Unknown speaker: As John noted, we expect to perform better across all points of the cycle, as evidenced by our nearly 19% equip ops operating margin forecast, just below mid-cycle levels, while remaining focused on managing production and inventories proactively. We are, at the same time, focused on building a more resilient, less variable business while delivering more value to customers than ev",challenge/offline-data/deere/call-transcripts/2024-02-15__de-us-20240215-call-pres__46480.md,123
Deere & Company,DE,2024-02-15,FY2024Q1,EARNINGS_CALL,call-qna,500 million | 700 million,"Unknown speaker: I'm wondering if we can start the conversation on the revision to Precision Ag EBIT to coming down by about $500 million on a $700 million sales reduction? Obviously, you're off to a really good start in the year. It sounds like costs are tracking pretty well. Can you just expand on when do you expect a deterioration in performance? And what's driving the revision this early, cons",challenge/offline-data/deere/call-transcripts/2024-02-15__de-us-20240215-call-qna__46498.md,19
Deere & Company,DE,2024-02-15,FY2024Q1,EARNINGS_CALL,call-qna,15 | -20. ,"Unknown speaker: Yeah. No, thanks, thanks for the question, Jerry. But I think starting out, if you think about our PPA guide, and as we've noted in the change, you know, we were a range of down 15-20. We're now down in the lower end of that range. And a couple things I think to point out there.",challenge/offline-data/deere/call-transcripts/2024-02-15__de-us-20240215-call-qna__46498.md,21
Deere & Company,DE,2024-02-15,FY2024Q1,EARNINGS_CALL,call-qna,"2024, ","Unknown speaker: Yeah, I know. Thanks for the question, Angel. Yeah, you know, a couple things to note there. As you know, we did bring down the cash flow forecast a bit, and a big piece of that is described or is you know part of our net income reduction. There's a couple other, you know, levers at play or things at play there. I think first, at working capital assumptions, we expect there, there",challenge/offline-data/deere/call-transcripts/2024-02-15__de-us-20240215-call-qna__46498.md,61
Deere & Company,DE,2024-02-15,FY2024Q1,EARNINGS_CALL,call-qna,"2  | 3,  | 4 ","Unknown speaker: Yeah, great. You know, thanks, Nicole. I mean, I think as you look at overall equipment operations, you know, we'd expect Q2 to be down relatively more, you know, than the down for the rest of the year, although pretty close. PPA, though, it's a little bit of a different story. That's a little bit more back half loaded. Q3, Q4 is I think where you'll see more of the reduction comi",challenge/offline-data/deere/call-transcripts/2024-02-15__de-us-20240215-call-qna__46498.md,121
Deere & Company,DE,2024-02-15,FY2024Q1,EARNINGS_CALL,call-qna,37 | -38% | 30  | 40 | 45.  | 40 ,"Unknown speaker: Hey, Steve, it's Josh Jepsen. I would say, you know, we're running right now. If you look at the total equipment operations, our forecast is probably in the range of, you know, 37-38% overall, kind of across the businesses. And then obviously, there's a range there from, you know, 30 to, you know, just in the low 40s on the Production Precision Ag side. You know, that's that Produ",challenge/offline-data/deere/call-transcripts/2024-02-15__de-us-20240215-call-qna__46498.md,129
Deere & Company,DE,2024-02-15,FY2024Q1,EARNINGS_CALL,call-qna,25,"Unknown speaker: You know, back to the earlier point around early indicators for next year, what will that do? Do you expect that to be as useful of a signal for large ag demand in 25? Then I guess, importantly, how do you expect you'll approach pricing on that? So thank you.",challenge/offline-data/deere/call-transcripts/2024-02-15__de-us-20240215-call-qna__46498.md,141
Deere & Company,DE,2024-02-15,FY2024Q1,STRUCTURED_RESULT,q1-10q,"52 | 53  | 2024  | 2023  | 28,  | 2024 ","We use a 52/53 week fiscal year with quarters ending on the last Sunday in the reporting period. The first quarter ends for fiscal year 2024 and 2023 were January 28, 2024 and January 29, 2023, respectively. Both periods contained 13 weeks. Unless otherwise stated, references to particular years, quarters, or months refer to our fiscal years generally ending in October and the associated periods i",challenge/offline-data/deere/filings/2024-02-15__de-us-20240215-q1-10q__105826.md,418
Deere & Company,DE,2024-02-15,FY2024Q1,STRUCTURED_RESULT,q1-10q,10,"The interim consolidated financial statements of Deere &amp; Company have been prepared by us, without audit, pursuant to the rules and regulations of the U.S. Securities and Exchange Commission (SEC). Certain information and footnote disclosures normally included in annual financial statements prepared in accordance with accounting principles generally accepted in the U.S. have been condensed or ",challenge/offline-data/deere/filings/2024-02-15__de-us-20240215-q1-10q__105826.md,426
Deere & Company,DE,2024-02-15,FY2024Q1,STRUCTURED_RESULT,q1-10q,"2024, ","We closely monitor all Accounting Standard Updates (ASUs) issued by the Financial Accounting Standards Board (FASB) and other authoritative guidance. We adopted the following standards in 2024, none of which had a material effect on our consolidated financial statements.",challenge/offline-data/deere/filings/2024-02-15__de-us-20240215-q1-10q__105826.md,434
Deere & Company,DE,2024-02-15,FY2024Q1,STRUCTURED_RESULT,q1-10q,"1,747,  | 1,697,  | 1,502  | 28,  | 2024,  | 29, ","We invoice in advance of recognizing the sale of certain products and the revenue for certain services. These relate to extended warranty premiums, advance payments for future equipment sales, and subscription and service revenue related to precision guidance, telematic services, and other information enabled solutions. These advanced customer payments are presented as deferred revenue, a contract",challenge/offline-data/deere/filings/2024-02-15__de-us-20240215-q1-10q__105826.md,643
Deere & Company,DE,2024-02-15,FY2024Q1,STRUCTURED_RESULT,q1-10q,"1,531  | 28,  | 2024.  | 2024  | 373,  | 2025 ","The amount of unsatisfied performance obligations for contracts with an original duration greater than one year was $1,531 at January 28, 2024. The estimated revenue to be recognized by fiscal year follows: remainder of 2024 - $373, 2025 - $409, 2026 - $304, 2027 - $179, 2028 - $108, 2029 - $74, and later years - $84. As permitted, we elected only to disclose remaining performance obligations with",challenge/offline-data/deere/filings/2024-02-15__de-us-20240215-q1-10q__105826.md,645
Deere & Company,DE,2024-02-15,FY2024Q1,STRUCTURED_RESULT,q1-10q,"2024, ","During the first three months of 2024, we contributed and expect to contribute the following amounts to our pension and OPEB plans:",challenge/offline-data/deere/filings/2024-02-15__de-us-20240215-q1-10q__105826.md,744
Deere & Company,DE,2024-02-15,FY2024Q1,STRUCTURED_RESULT,q1-10q,120 ,"- Write-offs generally occur when receivables are 120 days delinquent. In these situations, the estimated uncollectible amount is written off to the allowance for credit losses. Any expected recovery is presented as non-performing.",challenge/offline-data/deere/filings/2024-02-15__de-us-20240215-q1-10q__105826.md,803
Deere & Company,DE,2024-02-15,FY2024Q1,STRUCTURED_RESULT,q1-10q,2024,Industry Sales Outlook for Fiscal Year 2024,challenge/offline-data/deere/filings/2024-02-15__de-us-20240215-q1-10q__105826.md,1875
Deere & Company,DE,2024-02-15,FY2024Q1,STRUCTURED_RESULT,q1-10q,2024,## Industry Sales Outlook for Fiscal Year 2024,challenge/offline-data/deere/filings/2024-02-15__de-us-20240215-q1-10q__105826.md,1915
Deere & Company,DE,2024-02-15,FY2024Q1,STRUCTURED_RESULT,q1-10q,"2024, ","Company Trends - Customers seek to improve profitability, productivity, and sustainability through technology. Integration of technology into equipment is a persistent market trend. Our Smart Industrial Operating Model and Leap Ambitions are intended to capitalize on this market trend. These technologies are incorporated into products within each of our operating segments. We expect this trend to ",challenge/offline-data/deere/filings/2024-02-15__de-us-20240215-q1-10q__105826.md,1925
Deere & Company,DE,2024-02-15,FY2024Q1,STRUCTURED_RESULT,q1-10q,2024 ,Production volumes are expected to decline in 2024 as demand moderates to more normal levels.,challenge/offline-data/deere/filings/2024-02-15__de-us-20240215-q1-10q__105826.md,1931
Deere & Company,DE,2024-02-15,FY2024Q1,STRUCTURED_RESULT,q1-10q,2023 ,"We expect large and small agricultural equipment sales to be down from 2023 levels in North America,",challenge/offline-data/deere/filings/2024-02-15__de-us-20240215-q1-10q__105826.md,1933
Deere & Company,DE,2024-02-15,FY2024Q1,STRUCTURED_RESULT,q1-10q,2024 ,Agricultural fundamentals are expected to moderate in 2024 due to lower commodity prices and elevated,challenge/offline-data/deere/filings/2024-02-15__de-us-20240215-q1-10q__105826.md,1939
Deere & Company,DE,2024-02-15,FY2024Q1,STRUCTURED_RESULT,q1-10q,2024,Construction and Forestry Outlook for 2024,challenge/offline-data/deere/filings/2024-02-15__de-us-20240215-q1-10q__105826.md,1948
Deere & Company,DE,2024-02-15,FY2024Q1,STRUCTURED_RESULT,q1-10q,2024  | 2023. ,favorable financing spreads in 2024 compared to 2023. We expect to continue experiencing spread,challenge/offline-data/deere/filings/2024-02-15__de-us-20240215-q1-10q__105826.md,1978
Deere & Company,DE,2024-02-15,FY2024Q1,STRUCTURED_RESULT,q1-10q,2024 ,Production volumes are expected to decline in 2024 as demand moderates to more normal levels.,challenge/offline-data/deere/filings/2024-02-15__de-us-20240215-q1-10q__105826.md,1987
Deere & Company,DE,2024-02-15,FY2024Q1,STRUCTURED_RESULT,q1-10q,2024,## Agriculture and Turf Outlook for 2024,challenge/offline-data/deere/filings/2024-02-15__de-us-20240215-q1-10q__105826.md,1989
Deere & Company,DE,2024-02-15,FY2024Q1,STRUCTURED_RESULT,q1-10q,2023 ,"- We expect large and small agricultural equipment sales to be down from 2023 levels in North America, Europe, and South America.",challenge/offline-data/deere/filings/2024-02-15__de-us-20240215-q1-10q__105826.md,1991
Deere & Company,DE,2024-02-15,FY2024Q1,STRUCTURED_RESULT,q1-10q,2024 ,"- Agricultural fundamentals are expected to moderate in 2024 due to lower commodity prices and elevated interest rates, offset by resilient farm balance sheets and lower input costs.",challenge/offline-data/deere/filings/2024-02-15__de-us-20240215-q1-10q__105826.md,1994
Deere & Company,DE,2024-02-15,FY2024Q1,STRUCTURED_RESULT,q1-10q,2024,## Construction and Forestry Outlook for 2024,challenge/offline-data/deere/filings/2024-02-15__de-us-20240215-q1-10q__105826.md,2001
Deere & Company,DE,2024-02-15,FY2024Q1,STRUCTURED_RESULT,q1-10q,2024.,The market for our products is negatively impacted by higher interest rates. We expect higher borrowing costs for our customers to primarily affect discretionary and residential product sales in 2024.,challenge/offline-data/deere/filings/2024-02-15__de-us-20240215-q1-10q__105826.md,2022
Deere & Company,DE,2024-02-15,FY2024Q1,STRUCTURED_RESULT,q1-10q,"27  | 2024  | 2023.  | 2024,  | 2023.","Rising interest rates have historically impacted our borrowings sooner than the benefit is realized from receivable and lease portfolios. As a result, our financial services operations experienced $27 (after-tax) less favorable financing spreads in 2024 compared to 2023. We expect to continue experiencing spread compression in 2024, but at a moderating pace relative to spread compression experienc",challenge/offline-data/deere/filings/2024-02-15__de-us-20240215-q1-10q__105826.md,2026
Deere & Company,DE,2024-02-15,FY2024Q1,STRUCTURED_RESULT,q1-10q,12  | 12  | 2024  | 2023.,"We closely monitor our cash requirements. Based on the available sources of liquidity, we expect to meet our funding needs in the short term (next 12 months) and long term (beyond 12 months). We are forecasting lower operating cash flows in 2024 compared with 2023.",challenge/offline-data/deere/filings/2024-02-15__de-us-20240215-q1-10q__105826.md,2153
Deere & Company,DE,2024-02-15,FY2024Q1,STRUCTURED_RESULT,q1-10q,"28,  | 2024  | 29,  | 2023  | 2024 ","The increase in unused credit lines at January 28, 2024 compared to October 29, 2023 relates to a decrease in commercial paper outstanding generally corresponding with the level of receivable and lease portfolios. We forecast lower operating cash flows in 2024 driven by a decrease in net income adjusted for non-cash provisions and an unfavorable change in working capital.",challenge/offline-data/deere/filings/2024-02-15__de-us-20240215-q1-10q__105826.md,2174
Deere & Company,DE,2024-02-15,FY2024Q1,STRUCTURED_RESULT,q1-10q,"10,310  | 28,  | 2024,  | 1,577  | 28,  | 2024 ","Lines of Credit - We also have access to bank lines of credit with various banks throughout the world. Worldwide lines of credit totaled $10,310 at January 28, 2024, $1,577 of which were unused. For the purpose of computing unused credit lines, commercial paper, and short-term bank borrowings were considered to constitute utilization. Included in the total credit lines at January 28, 2024 was a 36",challenge/offline-data/deere/filings/2024-02-15__de-us-20240215-q1-10q__105826.md,2276
Deere & Company,DE,2024-02-15,FY2024Q1,STRUCTURED_RESULT,q1-10q,10,Report on Form 10-Q). There also may be other factors that we cannot anticipate or that are not described,challenge/offline-data/deere/filings/2024-02-15__de-us-20240215-q1-10q__105826.md,2330
Deere & Company,DE,2024-02-15,FY2024Q1,STRUCTURED_RESULT,q1-10q,1 | 10 | 10,"Further information concerning us and our businesses, including factors that could materially affect our financial results, is included in our other filings with the SEC (including, but not limited to, the factors discussed in Item 1A. 'Risk Factors' of our most recent Annual Report on Form 10-K and this Quarterly Report on Form 10-Q). There also may be other factors that we cannot anticipate or t",challenge/offline-data/deere/filings/2024-02-15__de-us-20240215-q1-10q__105826.md,2363
Deere & Company,DE,2024-02-15,FY2024Q1,STRUCTURED_RESULT,q1-8k,7.50  | 7.75 billion,Strong quarterly operating margins from equipment operations demonstrate structural improvement near mid-cycle volumes. Fleet replenishment moderating as agricultural fundamentals normalize. Full-year net income now forecasted to be $7.50 to $7.75 billion.,challenge/offline-data/deere/filings/2024-02-15__de-us-20240215-q1-8k__105824.md,18
Deere & Company,DE,2024-02-15,FY2024Q1,STRUCTURED_RESULT,q1-8k,2024  | 7.50 billion | 7.75 billion,Net income attributable to Deere & Company for fiscal 2024 is forecasted to be in a range of $7.50 billion to $7.75 billion.,challenge/offline-data/deere/filings/2024-02-15__de-us-20240215-q1-8k__105824.md,23
Deere & Company,DE,2024-02-15,FY2024Q1,STRUCTURED_RESULT,q1-8k,"2022  | 2023,","""Moving forward, we expect fleet replenishment to moderate as agricultural fundamentals normalize from record levels in 2022 and 2023,"" May said. ""Regardless of where weare in the cycle, demand is accelerating for products and solutions that empower our customers to do more with less, and we are uniquely positioned to deliver unparalleled valueto our customers.""",challenge/offline-data/deere/filings/2024-02-15__de-us-20240215-q1-8k__105824.md,24
Deere & Company,DE,2024-02-15,FY2024Q1,STRUCTURED_RESULT,q1-8k,7.50  | 7.75 billion,- Full-year net income now forecasted to be $7.50 to $7.75 billion.,challenge/offline-data/deere/filings/2024-02-15__de-us-20240215-q1-8k__105824.md,37
Deere & Company,DE,2024-02-15,FY2024Q1,STRUCTURED_RESULT,q1-8k,2024  | 7.50 billion | 7.75 billion,Net income attributable to Deere &amp; Company for fiscal 2024 is forecasted to be in a range of $7.50 billion to $7.75 billion.,challenge/offline-data/deere/filings/2024-02-15__de-us-20240215-q1-8k__105824.md,47
Deere & Company,DE,2024-02-15,FY2024Q1,STRUCTURED_RESULT,q1-8k,"2022  | 2023,","'Moving forward, we expect fleet replenishment to moderate as agricultural fundamentals normalize from record levels in 2022 and 2023,' May said. 'Regardless of where we are in the cycle, demand is accelerating for products and solutions that empower our customers to do more with less, and we are uniquely positioned to deliver unparalleled value to our customers.'",challenge/offline-data/deere/filings/2024-02-15__de-us-20240215-q1-8k__105824.md,49
Deere & Company,DE,2024-02-15,FY2024Q1,STRUCTURED_RESULT,q1-8k,2024  | 770 million | 2023  | 2023  | 173 million | 135 million,"Financial Services. Fiscal-year 2024 net income attributable to Deere &amp; Company for the financial services operations is forecast to be approximately $770 million. Results are expected to be higher than fiscal year 2023 due to income earned on a higher average portfolio, partially offset by less-favorable financing spreads. A correction of the accounting treatment for financing incentives offe",challenge/offline-data/deere/filings/2024-02-15__de-us-20240215-q1-8k__105824.md,151
Deere & Company,DE,2024-02-15,FY2024Q1,STRUCTURED_RESULT,q1-8k,1995 ,"Certain statements contained herein, including in the section entitled 'Company Outlook &amp; Summary,' 'Industry Outlook,' and 'Deere Segment Outlook,' relating to future events, expectations, and trends constitute 'forward-looking statements' as defined in the Private Securities Litigation Reform Act of 1995 and involve factors that are subject to change, assumptions, risks, and uncertainties th",challenge/offline-data/deere/filings/2024-02-15__de-us-20240215-q1-8k__105824.md,155
Deere & Company,DE,2024-02-15,FY2024Q1,STRUCTURED_RESULT,q1-8k,1 | 10 | 10,"Further information concerning the company and its businesses, including factors that could materially affect the financial results, is included in the company's filings with the SEC (including, but not limited to, the factors discussed in Item 1A. 'Risk Factors' of our most recent Annual Report on Form 10-K and subsequent Quarterly Reports on Form 10-Q). There also may be other factors that the c",challenge/offline-data/deere/filings/2024-02-15__de-us-20240215-q1-8k__105824.md,196
Deere & Company,DE,2023-12-15,FY2023Q4,STRUCTURED_RESULT,fy-10k,10 | 10,"This Annual Report on Form 10-K contains forward-looking statements that are subject to risks and uncertainties. All statements other than statements of historical fact included in this Annual Report on Form 10-K are forward-looking statements. Forward-looking statements provide our current expectations and projections relating to our financial condition, results of operations, plans, objectives, ",challenge/offline-data/deere/filings/2023-12-15__de-us-20231215-fy-10k__645297.md,155
Deere & Company,DE,2023-12-15,FY2023Q4,STRUCTURED_RESULT,fy-10k,"1 | 7,  | 10","All forward-looking statements are subject to risks and uncertainties that may cause actual results to differ materially from those that we expected. Important factors that could cause actual results to differ materially from our expectations, or cautionary statements, and other important information about forward-looking statements are disclosed under Item 1A, ""Risk Factors,"" and Item 7, ""Managem",challenge/offline-data/deere/filings/2023-12-15__de-us-20231215-fy-10k__645297.md,157
Deere & Company,DE,2023-12-15,FY2023Q4,STRUCTURED_RESULT,fy-10k,2,"We anticipate enabling sustainable outcomes for our customers. Specifically, we aim to enable our agriculture customers to be more sustainable in their production steps by providing technology solutions that help to improve their nitrogen use efficiency, increase their crop protection efficiency, and reduce their CO2e emissions.",challenge/offline-data/deere/filings/2023-12-15__de-us-20231215-fy-10k__645297.md,208
Deere & Company,DE,2023-12-15,FY2023Q4,STRUCTURED_RESULT,fy-10k,"2022,  | 2023 ","As compared with fiscal year 2022, PPA net sales for fiscal year 2023 were:",challenge/offline-data/deere/filings/2023-12-15__de-us-20231215-fy-10k__645297.md,224
Deere & Company,DE,2023-12-15,FY2023Q4,STRUCTURED_RESULT,fy-10k,8,"Examples of recent developments to unlock customer value and address challenges in the field include ExactShot™ and FurrowVision, which help customers reduce inputs during planting applications, generating cost savings, and lowering their environmental footprint; our fully autonomous 8R tillage tractor with a GPS guidance system and stereo cameras to execute tillage work without an in-cab operator",challenge/offline-data/deere/filings/2023-12-15__de-us-20231215-fy-10k__645297.md,241
Deere & Company,DE,2023-12-15,FY2023Q4,STRUCTURED_RESULT,fy-10k,"2022,  | 2023 ","As compared with fiscal year 2022, SAT net sales for fiscal year 2023 were:",challenge/offline-data/deere/filings/2023-12-15__de-us-20231215-fy-10k__645297.md,264
Deere & Company,DE,2023-12-15,FY2023Q4,STRUCTURED_RESULT,fy-10k,"2022,  | 2023 ","As compared with fiscal year 2022, CF net sales for fiscal year 2023 were:",challenge/offline-data/deere/filings/2023-12-15__de-us-20231215-fy-10k__645297.md,317
Deere & Company,DE,2023-12-15,FY2023Q4,STRUCTURED_RESULT,fy-10k,2024. ,"We are subject to a variety of local, state, and federal environmental laws and regulations in the U.S., as well as the environmental laws and regulations of other countries in which we conduct business. We strive to comply with applicable laws and regulations; however, in the event of noncompliance, we could be subject to fines and other penalties. Compliance with these laws and regulations adds ",challenge/offline-data/deere/filings/2023-12-15__de-us-20231215-fy-10k__645297.md,436
Deere & Company,DE,2023-12-15,FY2023Q4,STRUCTURED_RESULT,fy-10k,2024. ,"With respect to properties and businesses that have been or will be acquired, we conduct due diligence into potential exposure to environmental liabilities but cannot be certain that we have identified, or will identify, all adverse environmental conditions. Compliance with these laws and regulations adds to the cost of our production operations. Compliance with emissions regulations adds to the c",challenge/offline-data/deere/filings/2023-12-15__de-us-20231215-fy-10k__645297.md,446
Deere & Company,DE,2023-12-15,FY2023Q4,STRUCTURED_RESULT,fy-10k,25  | 2024  | 2026. ,"California promulgated regulations prohibiting the use of small off-road spark-ignition engines under 25 horsepower. These regulations go into effect in 2024 and will impact some of our products, such as our turf care and golf course maintenance products. Even though we do not expect a material impact to our business from these regulations, to comply with new laws and regulations that limit off-ro",challenge/offline-data/deere/filings/2023-12-15__de-us-20231215-fy-10k__645297.md,450
Deere & Company,DE,2023-12-15,FY2023Q4,STRUCTURED_RESULT,fy-10k,"2023,  | 2024.  | 1","Compliance with these laws and regulations often requires the dedication of time and effort of our employees, as well as financial resources. In fiscal year 2023, compliance with the regulations applicable to us did not have a material effect on our capital expenditures, earnings, or competitive position. At this time, we do not expect to incur material capital expenditures related to compliance w",challenge/offline-data/deere/filings/2023-12-15__de-us-20231215-fy-10k__645297.md,462
Deere & Company,DE,2023-12-15,FY2023Q4,STRUCTURED_RESULT,fy-10k,2026  | 2030. ,"Similarly, we may not realize the anticipated benefits of our Leap Ambitions and related goals within the expected timelines, or at all. As part of our Leap Ambitions we adopted various goals we expect to achieve by 2026 or 2030. We may not be able to achieve these goals for a variety reasons, some of which may be beyond our control. Examples include:",challenge/offline-data/deere/filings/2023-12-15__de-us-20231215-fy-10k__645297.md,635
Deere & Company,DE,2023-12-15,FY2023Q4,STRUCTURED_RESULT,fy-10k,2024.  | 2026. ,"Further, our financial services segment is subject to additional international and national European regulations relating to climate and environmental risk, which are continually evolving and could affect the financing operations and climate-risk processes developed by the segment. Regulators in Europe and the U.S. have also focused efforts on increased disclosure related to climate change and mit",challenge/offline-data/deere/filings/2023-12-15__de-us-20231215-fy-10k__645297.md,738
Deere & Company,DE,2023-12-15,FY2023Q4,STRUCTURED_RESULT,fy-10k,"2022,  | 2023 ","To ensure adequate inventory supply, we must forecast inventory needs and expenses and place orders sufficiently in advance with suppliers and contract manufacturers. These forecasts are based on estimates of future demand for products and services. Failure to accurately forecast our needs may result in unmet market demand, parts shortages, manufacturing delays, increased costs, or excess inventor",challenge/offline-data/deere/filings/2023-12-15__de-us-20231215-fy-10k__645297.md,792
Deere & Company,DE,2023-12-15,FY2023Q4,STRUCTURED_RESULT,fy-10k,"500  | 500  | 500  | 100  | 26,  | 2018 ","The graph compares the total shareholder returns (TSR) of Deere & Company, the Standard & Poor's (S&P) 500 Construction Machinery & Heavy Transportation Equipment Index, the S&P 500 Industrials, and the S&P 500 Stock Index over a five-year period. It assumes $100 was invested on October 26, 2018 and that dividends were reinvested. Our stock price at October 27, 2023, was $361.15. Going forward, we",challenge/offline-data/deere/filings/2023-12-15__de-us-20231215-fy-10k__645297.md,970
Deere & Company,DE,2023-12-15,FY2023Q4,STRUCTURED_RESULT,fy-10k,2024,**Industry Sales Outlook for Fiscal 2024**,challenge/offline-data/deere/filings/2023-12-15__de-us-20231215-fy-10k__645297.md,1166
Deere & Company,DE,2023-12-15,FY2023Q4,STRUCTURED_RESULT,fy-10k,"2023,  | 2023.","**Company Trends** – Customers seek to improve profitability, productivity, and sustainability through technology. Integration of technology into equipment is a persistent market trend. Our Smart Industrial Operating Model and Leap Ambitions are intended to capitalize on this market trend. These technologies are incorporated into products within each of our operating segments. We expect this trend",challenge/offline-data/deere/filings/2023-12-15__de-us-20231215-fy-10k__645297.md,1168
Deere & Company,DE,2023-12-15,FY2023Q4,STRUCTURED_RESULT,fy-10k,2024,**Agriculture and Turf Outlook for 2024**,challenge/offline-data/deere/filings/2023-12-15__de-us-20231215-fy-10k__645297.md,1178
Deere & Company,DE,2023-12-15,FY2023Q4,STRUCTURED_RESULT,fy-10k,2024,**Construction and Forestry Outlook for 2024**,challenge/offline-data/deere/filings/2023-12-15__de-us-20231215-fy-10k__645297.md,1215
Deere & Company,DE,2023-12-15,FY2023Q4,STRUCTURED_RESULT,fy-10k,170  | 2023  | 2022.  | 2024.,"Rising interest rates have historically impacted our borrowings sooner than the benefit is realized from receivable and lease portfolios. As a result, our financial services operations experienced $170 (after-tax) less favorable financing spreads in 2023 compared to 2022. If interest rates continue to rise, we expect to continue experiencing spread compression in 2024.",challenge/offline-data/deere/filings/2023-12-15__de-us-20231215-fy-10k__645297.md,1248
Deere & Company,DE,2023-12-15,FY2023Q4,STRUCTURED_RESULT,fy-10k,2024.,Demand for our products is negatively impacted by rising interest rates. We expect higher borrowing costs for our customers to primarily affect discretionary and residential product sales in 2024.,challenge/offline-data/deere/filings/2023-12-15__de-us-20231215-fy-10k__645297.md,1250
Deere & Company,DE,2023-12-15,FY2023Q4,STRUCTURED_RESULT,fy-10k,12  | 12 ,"We closely monitor our cash requirements. Based on the available sources of liquidity, we expect to meet our funding needs in the short term (next 12 months) and long term (beyond 12 months). We",challenge/offline-data/deere/filings/2023-12-15__de-us-20231215-fy-10k__645297.md,1500
Deere & Company,DE,2023-12-15,FY2023Q4,STRUCTURED_RESULT,fy-10k,"29,  | 2023,  | 21.2 billion | 2.2 billion | 12  | 19 ","_Borrowings_ – As of October 29, 2023, we had $21.2 billion of payments due on borrowings and securitization borrowings in the next year, along with interest payments of $2.2 billion. The securitization borrowing payments are based on the expected liquidation of the retail notes. See Notes 12 and 19 for additional borrowing details. These payments will likely be replaced with new borrowings to fin",challenge/offline-data/deere/filings/2023-12-15__de-us-20231215-fy-10k__645297.md,1625
Deere & Company,DE,2023-12-15,FY2023Q4,STRUCTURED_RESULT,fy-10k,2023 ,The reduction in the 2023 pension and OPEB net (benefit) cost was due to increased expected long-term return rates on plan assets and increased discount rates.,challenge/offline-data/deere/filings/2023-12-15__de-us-20231215-fy-10k__645297.md,1787
Deere & Company,DE,2023-12-15,FY2023Q4,STRUCTURED_RESULT,fy-10k,2023  | 11 | 2022 ,"The allowance decreased in 2023 due to the disposition of the receivable portfolio in Russia (see Note 11). Excluding the portfolio in Russia, the allowance increased slightly as higher portfolio balances and higher expected losses on turf and construction customer accounts. The allowance increased in 2022 due to higher reserves related to the economic uncertainty in Russia.",challenge/offline-data/deere/filings/2023-12-15__de-us-20231215-fy-10k__645297.md,1863
Deere & Company,DE,2023-12-15,FY2023Q4,STRUCTURED_RESULT,fy-10k,1 | 10,"Further information concerning our businesses, including factors that could materially affect our financial results, is included in our filings with the SEC (including, but not limited to, the factors discussed in Item 1A. ""Risk Factors"" of this Annual Report on Form 10-K). There also may be other factors that we cannot anticipate or that are not described herein because we do not currently percei",challenge/offline-data/deere/filings/2023-12-15__de-us-20231215-fy-10k__645297.md,2048
Deere & Company,DE,2023-12-15,FY2023Q4,STRUCTURED_RESULT,fy-10k,2022  | 2023.  | 2023.  | 2024.,"_Results of Operations_ – Central bank policy rates increased in 2022 and 2023. Rising interest rates have historically impacted our borrowings sooner than the benefit is realized from the financing receivable and equipment on operating lease portfolios. As a result, our financial services operations experienced spread compression in 2023. If interest rates continue to rise, we expect to continue ",challenge/offline-data/deere/filings/2023-12-15__de-us-20231215-fy-10k__645297.md,2347
Deere & Company,DE,2023-12-15,FY2023Q4,STRUCTURED_RESULT,fy-10k,"2023.  | 2024, ","_Reference Rate Reform_ – We transitioned our financing, funding, and hedging portfolios from the London Interbank Offered Rate (LIBOR) to alternative reference rates in 2023. In 2024, we will transition certain portfolios from the Canadian Dollar Offered Rate (CDOR) to an alternative reference rate. These transition activities did not / are not expected to have a material impact on our financial ",challenge/offline-data/deere/filings/2023-12-15__de-us-20231215-fy-10k__645297.md,2368
Deere & Company,DE,2023-12-15,FY2023Q4,STRUCTURED_RESULT,fy-10k,"10 percent | 2024  | 2024  | 25.  | 29,  | 2023, ","In the equipment operations, the practice is to hedge significant currency exposures. Worldwide foreign currency exposures are reviewed quarterly. Based on the anticipated and committed foreign currency cash inflows, outflows, and hedging policy for the next twelve months, we estimate that a hypothetical 10 percent strengthening of the U.S. dollar relative to other currencies through 2024 would in",challenge/offline-data/deere/filings/2023-12-15__de-us-20231215-fy-10k__645297.md,2372
Deere & Company,DE,2023-12-15,FY2023Q4,STRUCTURED_RESULT,fy-10k,18,"We also offer extended warranty arrangements for purchase at the customer's option. The premiums for extended warranties are recognized in ""Other income"" primarily in proportion to the costs expected to be incurred over the contract period. The unamortized extended warranty premiums (deferred revenue) are recorded in ""Accounts payable and accrued expenses"" (see Note 18).",challenge/offline-data/deere/filings/2023-12-15__de-us-20231215-fy-10k__645297.md,2797
Deere & Company,DE,2023-12-15,FY2023Q4,STRUCTURED_RESULT,fy-10k,"2023, ","We closely monitor all Accounting Standard Updates (ASUs) issued by the Financial Accounting Standards Board (FASB) and other authoritative guidance. We adopted the following standards in 2023, none of which had a material effect on our consolidated financial statements:",challenge/offline-data/deere/filings/2023-12-15__de-us-20231215-fy-10k__645297.md,2921
Deere & Company,DE,2023-12-15,FY2023Q4,STRUCTURED_RESULT,fy-10k,"1,697  | 1,423  | 29,  | 2023  | 30,  | 2022, ","We invoice in advance of recognizing the sale of certain products and the revenue for certain services. These relate to extended warranty premiums, advance payments for future equipment sales, and subscription and service revenue related to precision guidance, telematic services, and other information enabled solutions. These advanced customer payments are presented as deferred revenue, a contract",challenge/offline-data/deere/filings/2023-12-15__de-us-20231215-fy-10k__645297.md,3352
Deere & Company,DE,2023-12-15,FY2023Q4,STRUCTURED_RESULT,fy-10k,"2024  | 130  | 7.0 percent | 2023, ","The 2024 net periodic pension benefit is expected to increase by $130 due to an increase in the expected long-term rates of return on plan assets (estimated to be 7.0 percent) and the Canadian pension settlement charge recognized in 2023, described below.",challenge/offline-data/deere/filings/2023-12-15__de-us-20231215-fy-10k__645297.md,3452
Deere & Company,DE,2023-12-15,FY2023Q4,STRUCTURED_RESULT,fy-10k,85  | 140  | 2024.  | 2024 ,We expect to contribute approximately $85 to our pension plans and approximately $140 to our OPEB plans in 2024. The contributions include required and voluntary contributions and direct benefit payments from company funds. We have no significant required contributions to U.S. pension plan assets in 2024 under applicable funding regulations.,challenge/offline-data/deere/filings/2023-12-15__de-us-20231215-fy-10k__645297.md,3618
Deere & Company,DE,2023-12-15,FY2023Q4,STRUCTURED_RESULT,fy-10k,"29,  | 2023 ","The expected future benefit payments at October 29, 2023 were as follows:",challenge/offline-data/deere/filings/2023-12-15__de-us-20231215-fy-10k__645297.md,3622
Deere & Company,DE,2023-12-15,FY2023Q4,STRUCTURED_RESULT,fy-10k,"3,  | 3  | 3  | 29,  | 2023.","_Real Estate, Venture Capital, Private Equity, and Hedge Funds_ _–_ The investments that are structured as limited partnerships, excluding the private equity investments classified as Level 3, are valued at estimated fair value based on their proportionate share of the limited partnership's fair value that is determined by the respective general partner. These investments are valued using the fund",challenge/offline-data/deere/filings/2023-12-15__de-us-20231215-fy-10k__645297.md,3801
Deere & Company,DE,2023-12-15,FY2023Q4,STRUCTURED_RESULT,fy-10k,401,We have created a Voluntary Employees' Beneficiary Association trust (VEBA) for the funding of hourly postretirement health care benefits. The future expected asset returns for the VEBA is lower than the expected return on the other pension and health care plan assets due to investment in a higher proportion of liquid securities. These assets are in addition to the other postretirement health care,challenge/offline-data/deere/filings/2023-12-15__de-us-20231215-fy-10k__645297.md,3828
Deere & Company,DE,2023-12-15,FY2023Q4,STRUCTURED_RESULT,fy-10k,"29,  | 2023  | 30,  | 2022  | 329  | 303, ","The amount of unrecognized tax benefits at October 29, 2023 and October 30, 2022 that would impact the effective tax rate if the tax benefits were recognized was $329 and $303, respectively. The remaining liability was related to tax positions for which there are offsetting tax receivables, or the uncertainty was only related to timing. We expect that any reasonably possible change in the amounts ",challenge/offline-data/deere/filings/2023-12-15__de-us-20231215-fy-10k__645297.md,3941
Deere & Company,DE,2023-12-15,FY2023Q4,STRUCTURED_RESULT,fy-10k,"29,  | 2023  | 2024  | 3,278,  | 2025  | 2,076, ","Although these securitization borrowings are classified as short-term since payment is required if the financing receivables are liquidated early, the payment schedule for these borrowings at October 29, 2023 based on the expected liquidation of the retail notes is as follows: 2024 - $3,278, 2025 - $2,076, 2026 - $1,187, 2027 - $417, 2028 - $44, and later years - $4.",challenge/offline-data/deere/filings/2023-12-15__de-us-20231215-fy-10k__645297.md,4612
Deere & Company,DE,2023-12-15,FY2023Q4,STRUCTURED_RESULT,fy-10k,"29,  | 2023 ","We have commitments to extend credit to customers. The commitments are in the form of lines of credit and other pre-approved credit arrangements. We have the right to cancel or amend the terms of these commitments at any time. These commitments are not expected to be fully drawn upon; therefore, the total commitment amounts likely do not represent a future cash requirement. The commitments to exte",challenge/offline-data/deere/filings/2023-12-15__de-us-20231215-fy-10k__645297.md,4953
Deere & Company,DE,2023-12-15,FY2023Q4,STRUCTURED_RESULT,fy-10k,"29,  | 2023,  | 93  | 1.5 ","At October 29, 2023, there was $93 of total unrecognized compensation cost from share-based compensation arrangements. This compensation is expected to be recognized over a weighted-average period of approximately 1.5 years.",challenge/offline-data/deere/filings/2023-12-15__de-us-20231215-fy-10k__645297.md,5060
Deere & Company,DE,2023-12-15,FY2023Q4,STRUCTURED_RESULT,fy-10k,"29,  | 2023  | 31 ","The amount of gain recorded in OCI at October 29, 2023 that is expected to be reclassified to ""Interest expense"" or ""Other operating expenses"" in the next twelve months if interest rates or exchange rates remain unchanged is $31 after-tax. There were no gains or losses reclassified from OCI to earnings based on the probability that the original forecasted transaction would not occur.",challenge/offline-data/deere/filings/2023-12-15__de-us-20231215-fy-10k__645297.md,5703
Deere & Company,DE,2023-12-15,FY2023Q4,STRUCTURED_RESULT,fy-10k,90 percent,The Company utilizes loss forecast models to estimate expected credit losses. Transition matrix models are used for large and complex retail customer receivable pools. These models are used for more than 90 percent of retail customer receivables. Historical portfolio performance and current delinquency levels are used to forecast future defaults. Estimated recovery rates are applied to the estimat,challenge/offline-data/deere/filings/2023-12-15__de-us-20231215-fy-10k__645297.md,6001
Deere & Company,DE,2023-11-22,FY2023Q4,EARNINGS_CALL,call-pres,2024. ,"Unknown speaker: Hello. Good morning. Also on the call today are Josh Jepsen, Chief Financial Officer, Josh Beal, Director of Investor Relations, and Josh Rohleder, Manager of Investor Communications. Today, we'll take a closer look at Deere's fourth quarter earnings, then spend some time talking about our markets and our current outlook for fiscal year 2024. After that, we'll respond to your ques",challenge/offline-data/deere/call-transcripts/2023-11-22__de-us-20231122-call-pres__46470.md,15
Deere & Company,DE,2023-11-22,FY2023Q4,EARNINGS_CALL,call-pres,"20.3% | 16% | 2023.  | 22% | 12 billion | 2024, ","Unknown speaker: Good morning, and an early happy holidays to everyone. John Deere finished the year with an excellent fourth quarter, thanks in part to strong margins of 20.3% for equipment operations. Continued outperformance throughout the year resulted in 16% top-line net sales and revenue growth for 2023. Operating margins came in for the year just shy of 22%, helping generate nearly $12 bill",challenge/offline-data/deere/call-transcripts/2023-11-22__de-us-20231122-call-pres__46470.md,21
Deere & Company,DE,2023-11-22,FY2023Q4,EARNINGS_CALL,call-pres,2023.  | 16% | 61.3 billion | 16% | 55.6 billion | 10.2 billion,"Unknown speaker: Meanwhile, the Construction and Forestry market demand outlook remains mixed, with uncertainty in housing and commercial investments partially offset by tailwinds from mega projects and infrastructure spending. Slide three opens with the results for fiscal year 2023. Net sales and revenues were up 16% to $61.3 billion, while net sales for equipment operations were also up 16% to $",challenge/offline-data/deere/call-transcripts/2023-11-22__de-us-20231122-call-pres__46470.md,23
Deere & Company,DE,2023-11-22,FY2023Q4,EARNINGS_CALL,call-pres,"2022,  | 13% | 3.094 billion | 444 million | 14.3%","Unknown speaker: Recall that tough fourth quarter year-over-year comps for PPA were expected due to supply chain issues in 2022, which drove late shipments and out-of-season deliveries into the fourth quarter. Turning to Small Ag and Turf on Slide six, net sales were down 13%, totaling $3.094 billion in the fourth quarter, due to lower shipment volumes, partially offset by price realization. Price",challenge/offline-data/deere/call-transcripts/2023-11-22__de-us-20231122-call-pres__46470.md,27
Deere & Company,DE,2023-11-22,FY2023Q4,EARNINGS_CALL,call-pres,2024  | 10% | -15% | 5% | -10%,"Unknown speaker: Please flip to slide seven for the fiscal year 2024 Ag and Turf industry outlook. We expect Large Ag equipment industry sales in the U.S. and Canada to decline 10%-15%, reflecting softening sales on the heels of three years of strong demand, coupled with moderating farm fundamentals and high interest rates weighing on discretionary equipment purchases. Headwinds will be tempered b",challenge/offline-data/deere/call-transcripts/2023-11-22__de-us-20231122-call-pres__46470.md,29
Deere & Company,DE,2023-11-22,FY2023Q4,EARNINGS_CALL,call-pres,10% | 2023.  | 2023.  | 2024  | 5%,"Unknown speaker: In South America, we expect industry sales of tractors and combines to be down about 10%, moderated by strong headwinds during 2023. Brazil, in particular, was challenged with political uncertainty early on and a delayed government ag financing plan announcement. Coupled with already high interest rates and lower commodity prices that reduced farm profitability, the cumulative imp",challenge/offline-data/deere/call-transcripts/2023-11-22__de-us-20231122-call-pres__46470.md,33
Deere & Company,DE,2023-11-22,FY2023Q4,EARNINGS_CALL,call-pres,15% | 20% | 2024.  | 1. | 23% | 24%,"Unknown speaker: Turning to our segment forecasts on slide eight, we anticipate Production and Precision Ag net sales to be down between 15% and 20% in fiscal year 2024. The forecast assumes approximately 1.five points of positive price realization and flat currency translation. Segment operating margin forecast for the full fiscal year is between 23% and 24%, reflecting our ability to sustain gai",challenge/offline-data/deere/call-transcripts/2023-11-22__de-us-20231122-call-pres__46470.md,35
Deere & Company,DE,2023-11-22,FY2023Q4,EARNINGS_CALL,call-pres,"10,  | 11% | 3.742 billion | 516 million | 13.8% | 11 ","Unknown speaker: Shifting to Construction and Forestry on slide 10, price realization and higher shipment volumes both contributed to an 11% increase in net sales for the quarter to $3.742 billion. Price realization in the quarter was positive by over six points. This was supported by just over one point of positive currency translation. Operating profit, profit increased to $516 million, resultin",challenge/offline-data/deere/call-transcripts/2023-11-22__de-us-20231122-call-pres__46470.md,37
Deere & Company,DE,2023-11-22,FY2023Q4,EARNINGS_CALL,call-pres,"10% | 12,  | 2024  | 10% | 1. | 17%","Unknown speaker: While end market segments vary, oil and gas continues to be stable, and while housing starts and non-res investments require caution due to the current interest rate environment, U.S. infrastructure and mega, mega project spending supports continued equipment investment. Global forestry markets are expected to be down around 10%, as all global markets continue to be challenged. Gl",challenge/offline-data/deere/call-transcripts/2023-11-22__de-us-20231122-call-pres__46470.md,39
Deere & Company,DE,2023-11-22,FY2023Q4,EARNINGS_CALL,call-pres,"13.  | 190 million | 2024,  | 770 million | 2023.  | 14 ","Unknown speaker: Ultimately, let's transition to our financial service operations on Slide 13. Worldwide financial services net income attributable to Deere & Company was $190 million for the fourth quarter. The year-over-year decline was mainly due to unfavorable derivative market valuation adjustments, coupled with less favorable financing spreads and a higher provision for credit losses. These ",challenge/offline-data/deere/call-transcripts/2023-11-22__de-us-20231122-call-pres__46470.md,41
Deere & Company,DE,2023-11-22,FY2023Q4,EARNINGS_CALL,call-pres,"2024,  | 7.75 billion | 8.25 billion | 24% | 26% | 8 billion","Unknown speaker: For fiscal year 2024, our full-year net income forecast is expected to be between $7.75 billion and $8.25 billion, demonstrating executional discipline despite increasing pressure from industry headwinds. Next, our guidance incorporates an effective tax rate between 24% and 26%. Lastly, cash flow from equipment operations is projected to be in the range of $8 billion to $8.5 billi",challenge/offline-data/deere/call-transcripts/2023-11-22__de-us-20231122-call-pres__46470.md,43
Deere & Company,DE,2023-11-22,FY2023Q4,EARNINGS_CALL,call-pres,2024.  | 60 billion | 10 billion,"Unknown speaker: This now concludes our formal remarks. Let's turn to a few key topics of interest before opening the line for Q&A. I'd like to start with the year in review before we jump to 2024. Not only did we have a record fourth quarter in terms of net income, but we finished the full year with net sales and revenues, as well as net income, eclipsing the $60 billion and $10 billion mark, res",challenge/offline-data/deere/call-transcripts/2023-11-22__de-us-20231122-call-pres__46470.md,45
Deere & Company,DE,2023-11-22,FY2023Q4,EARNINGS_CALL,call-pres,2023 ,"Unknown speaker: This is a direct result of our team's efforts to rein in inflationary costs, combined with some relief on raw materials and freight prices, which have come down from record highs. Overall, these factors drove a strong finish to an incredible year, making 2023 a story of disciplined execution. Following multiple years of a disruptive and challenging environment, we worked through o",challenge/offline-data/deere/call-transcripts/2023-11-22__de-us-20231122-call-pres__46470.md,49
Deere & Company,DE,2023-11-22,FY2023Q4,EARNINGS_CALL,call-pres,2024  | 20% | -25% | 300 | -400 ,"Unknown speaker: This is Jepsen here. Maybe to add, I think the overarching takeaway here is that we're finally getting back to a steady state of execution. As Brent mentioned, factory production schedules and customer deliveries have returned to traditional seasonal patterns, which has been very good for the business, and we expect that 2024 will be much the same, meaning we'll see the highest le",challenge/offline-data/deere/call-transcripts/2023-11-22__de-us-20231122-call-pres__46470.md,51
Deere & Company,DE,2023-11-22,FY2023Q4,EARNINGS_CALL,call-pres,2024 ,"Unknown speaker: That's great color, Brent, and thanks for the reminder on seasonality, Josh. It's been a few years since we've been able to use seasonal trends as a guide for future expectations. Speaking of future expectations, this is a perfect segue into my next question, which is probably top of mind for everybody today. Our 2024 guidance would indicate that markets will be a bit more dynamic",challenge/offline-data/deere/call-transcripts/2023-11-22__de-us-20231122-call-pres__46470.md,53
Deere & Company,DE,2023-11-22,FY2023Q4,EARNINGS_CALL,call-pres,"2024,  | 2024,  | 2024. ","Unknown speaker: Thanks, Josh. Definitely a lot to unpack here. Why don't we start with Large Ag in North America? Farm fundamentals are expected to remain sound in 2024, albeit down from record highs of the last few years. That said, customers are still profitable heading into 2024, with balance sheets bolstered by multiple years of record net income. Farm debt-to-equity ratios are forecasted to ",challenge/offline-data/deere/call-transcripts/2023-11-22__de-us-20231122-call-pres__46470.md,55
Deere & Company,DE,2023-11-22,FY2023Q4,EARNINGS_CALL,call-pres,2021  | 2024. ,"Unknown speaker: Fertilizer costs, for example, is now below 2021 levels. Finally, North American yields are coming in better than expected, which could drive some tax buying for used equipment during the remainder of the calendar year. There's certainly a lot of puts and takes to farm fundamentals this year, but the takeaway is that lower commodity prices and higher interest rates are weighing on",challenge/offline-data/deere/call-transcripts/2023-11-22__de-us-20231122-call-pres__46470.md,57
Deere & Company,DE,2023-11-22,FY2023Q4,EARNINGS_CALL,call-pres,2023.  | 2023.  | 2024.,"Unknown speaker: While our combine early order program does not finish until the end of November, we expect volumes to be down double digits when compared to 2023. Finally, we manage tractors on a rolling order book basis. Our row crop tractor orders are booked through most of the second quarter with similar product production levels to 2023. Meanwhile, four-wheel drive tractors are sold out throu",challenge/offline-data/deere/call-transcripts/2023-11-22__de-us-20231122-call-pres__46470.md,61
Deere & Company,DE,2023-11-22,FY2023Q4,EARNINGS_CALL,call-pres,2024. ,"Unknown speaker: That's great to hear, Josh. And Brent, I'd actually like to pull on a thread you hinted at just a second ago. Our guide would imply that demand modulates in some markets for 2024. Could you compare how we're positioned today relative to prior replacement periods?",challenge/offline-data/deere/call-transcripts/2023-11-22__de-us-20231122-call-pres__46470.md,71
Deere & Company,DE,2023-11-22,FY2023Q4,EARNINGS_CALL,call-pres,"2023,  | 2024.  | 25% | 10% | 2023, ","Unknown speaker: Of course. I think it's best to start with what happened in 2023, which is driving much of our expectations for 2024. As we noted, Brazil has been a very dynamic market with a number of temporary headwinds. We experienced industry demand weaken much faster than expected in the second half of the year for the reasons, Josh Rohleder, you mentioned earlier. For example, we saw combin",challenge/offline-data/deere/call-transcripts/2023-11-22__de-us-20231122-call-pres__46470.md,81
Deere & Company,DE,2023-11-22,FY2023Q4,EARNINGS_CALL,call-pres,2023.  | 2024 ,"Unknown speaker: As a result, we, along with the rest of the industry, ended up building more inventory than planned, even though we pulled back production in 2023. Therefore, we will underproduce demand next year, and our 2024 guide reflects us bringing inventory back to target levels. Importantly, we will continue to invest in the market due to the tremendous potential of our integrated offering",challenge/offline-data/deere/call-transcripts/2023-11-22__de-us-20231122-call-pres__46470.md,83
Deere & Company,DE,2023-11-22,FY2023Q4,EARNINGS_CALL,call-pres,2024  | 2024.  | 2024  | 45%,"Unknown speaker: You know, while volumes will be down a bit next year, Europe remains more stable relative to the other markets we've already discussed. It's been a consistent story, and we expect 2024 to be no different. While large tractor demand finished strong, we did see moderation across mid-tractors and combines. We were able to manage production accordingly and feel well-positioned heading",challenge/offline-data/deere/call-transcripts/2023-11-22__de-us-20231122-call-pres__46470.md,87
Deere & Company,DE,2023-11-22,FY2023Q4,EARNINGS_CALL,call-pres,2023  | 2024,"Unknown speaker: Thanks, Brent. That's really helpful. Let's shift now to C&F. With 2023 being a story of rental and dealer refleeting following two years of constrained production, what should we expect to see in 2024? And then secondly, we've heard a lot about mega project and infrastructure spending still to come, yet guidance is down for the next fiscal year. Can you walk us through what's goi",challenge/offline-data/deere/call-transcripts/2023-11-22__de-us-20231122-call-pres__46470.md,89
Deere & Company,DE,2023-11-22,FY2023Q4,EARNINGS_CALL,call-pres,"2023.  | 2022, ","Unknown speaker: You bet, Josh. You know, on one hand, you have strong end markets and infrastructure, as you noted earlier, which are offset by some caution in our guide around residential and the office and commercial sector, given elevated interest rates. On the other hand, you have these mega projects and systemic investment in U.S. manufacturing, which will be significant, albeit hard to pred",challenge/offline-data/deere/call-transcripts/2023-11-22__de-us-20231122-call-pres__46470.md,91
Deere & Company,DE,2023-11-22,FY2023Q4,EARNINGS_CALL,call-pres,"2024,  | 2018  | 2025, ","Unknown speaker: Sure. We've made some big strides across our entire tech product portfolio this year, with much of the focus on our retrofit solutions, or what we refer to as precision upgrades. With See & Spray, which is our down payment on Sense & Act technologies, we successfully launched See & Spray Ultimate for model year 2024, and have seen significant interest in our limited release of See",challenge/offline-data/deere/call-transcripts/2023-11-22__de-us-20231122-call-pres__46470.md,97
Deere & Company,DE,2023-11-22,FY2023Q4,EARNINGS_CALL,call-pres,2024 ,"Unknown speaker: Our 2024 guide implies that overall production costs will be slightly favorable for the full year. As price realization moderates to normal levels, the focus on cost becomes an increasingly more important component to maintaining and improving our structural cost position. The focus on reducing our direct and indirect materials, as well as our logistics costs, becomes especially a",challenge/offline-data/deere/call-transcripts/2023-11-22__de-us-20231122-call-pres__46470.md,107
Deere & Company,DE,2023-11-22,FY2023Q4,EARNINGS_CALL,call-pres,"2023,  | 2024","Unknown speaker: Okay, great. And my final question is back to you, Josh. We've had a significant year from a cash flow perspective. Can you talk briefly about our use of cash priorities and capital allocation in 2023, and then what we might expect in 2024?",challenge/offline-data/deere/call-transcripts/2023-11-22__de-us-20231122-call-pres__46470.md,111
Deere & Company,DE,2023-11-22,FY2023Q4,EARNINGS_CALL,call-pres,"2023,  | 2024, ","Unknown speaker: Sure. We saw excellent cash flow conversion in 2023, allowing us to execute on all of our priorities. Liquidity, along with our single A credit rating, remains in good shape, which has allowed us to reinvest diligently in the business. This has never been more important than today. Despite top-line guidance being down in 2024, we are well positioned to continue our organic and ino",challenge/offline-data/deere/call-transcripts/2023-11-22__de-us-20231122-call-pres__46470.md,113
Deere & Company,DE,2023-11-22,FY2023Q4,EARNINGS_CALL,call-pres,"2024  | 2  | 2.5  | 2018,  | 2019 ","Unknown speaker: And lastly, we embraced a more disciplined capital allocation framework, focused on prioritizing the greatest opportunities for customer value unlock, optimizing our business portfolio, which included exiting some unprofitable markets and product lines that didn't serve our strategy or create significant customer value, and accelerating development and deployment of value-creating",challenge/offline-data/deere/call-transcripts/2023-11-22__de-us-20231122-call-pres__46470.md,121
Deere & Company,DE,2023-11-22,FY2023Q4,EARNINGS_CALL,call-qna,2024 ,# Fiscal Year 2024 Outlook and Strategy Discussion,challenge/offline-data/deere/call-transcripts/2023-11-22__de-us-20231122-call-qna__46484.md,12
Deere & Company,DE,2023-11-22,FY2023Q4,EARNINGS_CALL,call-qna,35%,"Unknown speaker: Great. Good morning, all the Joshes and Brent. My question, I guess, is around kind of the cost side of this. I guess historically, I've been through a few cycles with you guys. I might have thought that there'd be more opportunity on the cost side relative to the sort of top-line guide that you're giving. You know, I'm calculating kind of a 35% incremental. I guess that's kind of",challenge/offline-data/deere/call-transcripts/2023-11-22__de-us-20231122-call-qna__46484.md,15
Deere & Company,DE,2023-11-22,FY2023Q4,EARNINGS_CALL,call-qna,35  | 2024.,"Unknown speaker: Yeah. So certainly our guide would contemplate achieving further reductions, and that's already included in our 35 decremental. There's certainly gonna be opportunities to continue to control decrementals with further supply management and cost activities for 2024.",challenge/offline-data/deere/call-transcripts/2023-11-22__de-us-20231122-call-qna__46484.md,25
Deere & Company,DE,2023-11-22,FY2023Q4,EARNINGS_CALL,call-qna,2024  | 5 | -6 ,"Unknown speaker: This is Josh. One thing I would add is, I mean, if we compare back to, you know, periods when we've been at or around mid-cycle, which we're projecting 2024 will be, you know, our margins will be nearly double, net income, about two and a half times greater. So when you think about being around mid-cycle, delivering this decremental and significant improvement from a mid-cycle per",challenge/offline-data/deere/call-transcripts/2023-11-22__de-us-20231122-call-qna__46484.md,31
Deere & Company,DE,2023-11-22,FY2023Q4,EARNINGS_CALL,call-qna,"2024,  | 1.5  | 1  | 2024.  | 2024. ","Unknown speaker: Hey, good morning, Stanley. You know, regarding our pricing strategy for 2024, you know, we'll be at about 1.5 for both PPA and C&F, and then 1 for SAT. You know, we will see some carryover early in the year, but we would expect the entire year to remain positive for all three segments. You know, importantly, that forecast does include a return of some retail discounts. So that is",challenge/offline-data/deere/call-transcripts/2023-11-22__de-us-20231122-call-qna__46484.md,37
Deere & Company,DE,2023-11-22,FY2023Q4,EARNINGS_CALL,call-qna,2024.  | 2024 ,"Unknown speaker: Yeah. Happy Thanksgiving to you too, Seth. Regarding our guide, our financial guide, relative to our industry forecast, you'll notice a slight differences, some slight differences between the segments, maybe starting with Production and Precision Ag. You know, in North America, we have positioned ourselves really well, and we will be able to produce in line with retail demand for ",challenge/offline-data/deere/call-transcripts/2023-11-22__de-us-20231122-call-qna__46484.md,45
Deere & Company,DE,2023-11-22,FY2023Q4,EARNINGS_CALL,call-qna,"2024,  | 2023. ","Unknown speaker: We did build some inventory, but certainly not at the pace that the broader industry did. And so we actually may have a little further inventory build yet to come in 2024, but it will be an inventory build to a lesser extent than what happened in 2023. So that'll drive lower shipment volumes year over year relative to the industry there. So it's a little bit different story, depen",challenge/offline-data/deere/call-transcripts/2023-11-22__de-us-20231122-call-qna__46484.md,49
Deere & Company,DE,2023-11-22,FY2023Q4,EARNINGS_CALL,call-qna,2024.  | 2024,"Unknown speaker: Thank you. Good morning. Maybe just going back to the comments on production costs, and I guess it's a bit more of a clarification, but I thought I heard you say earlier that you expect the production costs to be favorable overall for the company in 2024. But then later, it sounded like maybe there were pieces of it that you expected to be favorable. So just so we're on the same p",challenge/offline-data/deere/call-transcripts/2023-11-22__de-us-20231122-call-qna__46484.md,55
Deere & Company,DE,2023-11-22,FY2023Q4,EARNINGS_CALL,call-qna,"2024,  | 2024.  | 2024  | 2023.  | 2024, ","Unknown speaker: Yeah, regarding production cost for 2024, our guide would contemplate production cost to be flat to a tailwind next year, a slight tailwind, I should say. There are some subcomponents within production costs that will still be inflationary, but net-net, we should be moderately positive in the year 2024. Specifically, we would expect tailwinds to come from further material and frei",challenge/offline-data/deere/call-transcripts/2023-11-22__de-us-20231122-call-qna__46484.md,57
Deere & Company,DE,2023-11-22,FY2023Q4,EARNINGS_CALL,call-qna,100% | 2024.  | 25% | -35%,"Unknown speaker: Great. Thank you so much for taking the questions, and Happy Thanksgiving. Wanted to ask, on a broader capital allocation question, just given the outlook, you've got operating cash flow conversion greater than 100% guided in 2024. So my question is twofold. First, on the internal investments, can you talk about the technology spend through the cycle and how you're prioritizing th",challenge/offline-data/deere/call-transcripts/2023-11-22__de-us-20231122-call-qna__46484.md,65
Deere & Company,DE,2023-11-22,FY2023Q4,EARNINGS_CALL,call-qna,38  | 35. ,"Unknown speaker: Hi. Thank you. I just wanted to circle back to decremental margins in Large Ag. I think the production precision is more like 38 versus the 35. Obviously, not a huge difference. I was curious if there's any mixed headwind within that segment or R&D. I'm actually curious how you interpret what sounds like a more negative kind of combine early order program versus some of the others",challenge/offline-data/deere/call-transcripts/2023-11-22__de-us-20231122-call-qna__46484.md,89
Deere & Company,DE,2023-11-22,FY2023Q4,EARNINGS_CALL,call-qna,2024.  | 2024,"Unknown speaker: Hi, hi, good morning. Happy Thanksgiving, and thanks for taking my question here. Mine is a very simple one. Just a little more, you know, granularity on your comments about this being a midcycle year in 2024. I guess I wanna know, are all three segments looking to be at midcycle for fiscal 2024? And are the margin expectations for each segment also about where it should be at mid",challenge/offline-data/deere/call-transcripts/2023-11-22__de-us-20231122-call-qna__46484.md,99
Deere & Company,DE,2023-11-22,FY2023Q4,STRUCTURED_RESULT,q4-10k,10 | 10,"This Annual Report on Form 10-K contains forward-looking statements that are subject to risks and uncertainties. All statements other than statements of historical fact included in this Annual Report on Form 10-K are forward-looking statements. Forward-looking statements provide our current expectations and projections relating to our financial condition, results of operations, plans, objectives, ",challenge/offline-data/deere/filings/2023-11-22__de-us-20231122-q4-10k__105844.md,160
Deere & Company,DE,2023-11-22,FY2023Q4,STRUCTURED_RESULT,q4-10k,"1 | 7,  | 10","All forward-looking statements are subject to risks and uncertainties that may cause actual results to differ materially from those that we expected. Important factors that could cause actual results to differ materially from our expectations, or cautionary statements, and other important information about forward-looking statements are disclosed under Item 1A, 'Risk Factors,' and Item 7, 'Managem",challenge/offline-data/deere/filings/2023-11-22__de-us-20231122-q4-10k__105844.md,162
Deere & Company,DE,2023-11-22,FY2023Q4,STRUCTURED_RESULT,q4-10k,2,"We anticipate enabling sustainable outcomes for our customers. Specifically, we aim to enable our agriculture customers to be more sustainable in their production steps by providing technology solutions that help to improve their nitrogen use efficiency, increase their crop protection efficiency, and reduce their CO2e emissions.",challenge/offline-data/deere/filings/2023-11-22__de-us-20231122-q4-10k__105844.md,255
Deere & Company,DE,2023-11-22,FY2023Q4,STRUCTURED_RESULT,q4-10k,"2022,  | 2023 ","As compared with fiscal year 2022, PPA net sales for fiscal year 2023 were:",challenge/offline-data/deere/filings/2023-11-22__de-us-20231122-q4-10k__105844.md,269
Deere & Company,DE,2023-11-22,FY2023Q4,STRUCTURED_RESULT,q4-10k,8,"Examples of recent developments to unlock customer value and address challenges in the field include ExactShot(tm) and FurrowVision, which help customers reduce inputs during planting applications, generating cost savings, and lowering their environmental footprint; our fully autonomous 8R tillage tractor with a GPS guidance system and stereo cameras to execute tillage work without an in-cab opera",challenge/offline-data/deere/filings/2023-11-22__de-us-20231122-q4-10k__105844.md,281
Deere & Company,DE,2023-11-22,FY2023Q4,STRUCTURED_RESULT,q4-10k,"2022,  | 2023 ","As compared with fiscal year 2022, SAT net sales for fiscal year 2023 were:",challenge/offline-data/deere/filings/2023-11-22__de-us-20231122-q4-10k__105844.md,298
Deere & Company,DE,2023-11-22,FY2023Q4,STRUCTURED_RESULT,q4-10k,"2022,  | 2023 ","As compared with fiscal year 2022, CF net sales for fiscal year 2023 were:",challenge/offline-data/deere/filings/2023-11-22__de-us-20231122-q4-10k__105844.md,341
Deere & Company,DE,2023-11-22,FY2023Q4,STRUCTURED_RESULT,q4-10k,2024. ,"We are subject to a variety of local, state, and federal environmental laws and regulations in the U.S., as well as the environmental laws and regulations of other countries in which we conduct business. We strive to comply with applicable laws and regulations; however, in the event of noncompliance, we could be subject to fines and other penalties. Compliance with these laws and regulations adds ",challenge/offline-data/deere/filings/2023-11-22__de-us-20231122-q4-10k__105844.md,444
Deere & Company,DE,2023-11-22,FY2023Q4,STRUCTURED_RESULT,q4-10k,2024. ,"With respect to properties and businesses that have been or will be acquired, we conduct due diligence into potential exposure to environmental liabilities but cannot be certain that we have identified, or will identify, all adverse environmental conditions. Compliance with these laws and regulations adds to the cost of our production operations. Compliance with emissions regulations adds to the c",challenge/offline-data/deere/filings/2023-11-22__de-us-20231122-q4-10k__105844.md,454
Deere & Company,DE,2023-11-22,FY2023Q4,STRUCTURED_RESULT,q4-10k,25  | 2024  | 2026. ,"California promulgated regulations prohibiting the use of small off-road spark-ignition engines under 25 horsepower. These regulations go into effect in 2024 and will impact some of our products, such as our turf care and golf course maintenance products. Even though we do not expect a material impact to our business from these regulations, to comply with new laws and regulations that limit off-ro",challenge/offline-data/deere/filings/2023-11-22__de-us-20231122-q4-10k__105844.md,458
Deere & Company,DE,2023-11-22,FY2023Q4,STRUCTURED_RESULT,q4-10k,"2023,  | 2024.  | 1","Compliance with these laws and regulations often requires the dedication of time and effort of our employees, as well as financial resources. In fiscal year 2023, compliance with the regulations applicable to us did not have a material effect on our capital expenditures, earnings, or competitive position. At this time, we do not expect to incur material capital expenditures related to compliance w",challenge/offline-data/deere/filings/2023-11-22__de-us-20231122-q4-10k__105844.md,466
Deere & Company,DE,2023-11-22,FY2023Q4,STRUCTURED_RESULT,q4-10k,2026  | 2030. ,"Similarly, we may not realize the anticipated benefits of our Leap Ambitions and related goals within the expected timelines, or at all. As part of our Leap Ambitions we adopted various goals we expect to achieve by 2026 or 2030. We may not be able to achieve these goals for a variety reasons, some of which may be beyond our control. Examples include:",challenge/offline-data/deere/filings/2023-11-22__de-us-20231122-q4-10k__105844.md,599
Deere & Company,DE,2023-11-22,FY2023Q4,STRUCTURED_RESULT,q4-10k,2024.  | 2026. ,"Further, our financial services segment is subject to additional international and national European regulations relating to climate and environmental risk, which are continually evolving and could affect the financing operations and climate-risk processes developed by the segment. Regulators in Europe and the U.S. have also focused efforts on increased disclosure related to climate change and mit",challenge/offline-data/deere/filings/2023-11-22__de-us-20231122-q4-10k__105844.md,671
Deere & Company,DE,2023-11-22,FY2023Q4,STRUCTURED_RESULT,q4-10k,"2022,  | 2023 ","To ensure adequate inventory supply, we must forecast inventory needs and expenses and place orders sufficiently in advance with suppliers and contract manufacturers. These forecasts are based on estimates of future demand for products and services. Failure to accurately forecast our needs may result in unmet market demand, parts shortages, manufacturing delays, increased costs, or excess inventor",challenge/offline-data/deere/filings/2023-11-22__de-us-20231122-q4-10k__105844.md,721
Deere & Company,DE,2023-11-22,FY2023Q4,STRUCTURED_RESULT,q4-10k,21 ,"- (a) Our common stock is listed on the New York Stock Exchange (NYSE) under the symbol 'DE.' We have a history of paying quarterly cash dividends. While we currently expect a cash dividend to be paid in the future, future dividend payments will depend on our earnings, capital requirements, financial condition, and other factors considered relevant by our Board of Directors. See the information co",challenge/offline-data/deere/filings/2023-11-22__de-us-20231122-q4-10k__105844.md,841
Deere & Company,DE,2023-11-22,FY2023Q4,STRUCTURED_RESULT,q4-10k,"500  | 500  | 500  | 100  | 26,  | 2018 ","The graph compares the total shareholder returns (TSR) of Deere &amp; Company, the Standard &amp; Poor's (S&amp;P) 500 Construction Machinery &amp; Heavy Transportation Equipment Index, the S&amp;P 500 Industrials, and the S&amp;P 500 Stock Index over a five-year period. It assumes $100 was invested on October 26, 2018 and that dividends were reinvested. Our stock price at October 27, 2023, was $3",challenge/offline-data/deere/filings/2023-11-22__de-us-20231122-q4-10k__105844.md,862
Deere & Company,DE,2023-11-22,FY2023Q4,STRUCTURED_RESULT,q4-10k,2024.,* Demand is expected to decline in 2024.,challenge/offline-data/deere/filings/2023-11-22__de-us-20231122-q4-10k__105844.md,1058
Deere & Company,DE,2023-11-22,FY2023Q4,STRUCTURED_RESULT,q4-10k,2024,* We expect large agricultural equipment sales to decline in 2024,challenge/offline-data/deere/filings/2023-11-22__de-us-20231122-q4-10k__105844.md,1061
Deere & Company,DE,2023-11-22,FY2023Q4,STRUCTURED_RESULT,q4-10k,2024,* Agricultural fundamentals are expected to moderate in 2024,challenge/offline-data/deere/filings/2023-11-22__de-us-20231122-q4-10k__105844.md,1069
Deere & Company,DE,2023-11-22,FY2023Q4,STRUCTURED_RESULT,q4-10k,2024,## Industry Sales Outlook for Fiscal 2024,challenge/offline-data/deere/filings/2023-11-22__de-us-20231122-q4-10k__105844.md,1100
Deere & Company,DE,2023-11-22,FY2023Q4,STRUCTURED_RESULT,q4-10k,"2023,  | 2023.","Company Trends - Customers seek to improve profitability, productivity, and sustainability through technology. Integration of technology into equipment is a persistent market trend. Our Smart Industrial Operating Model and Leap Ambitions are intended to capitalize on this market trend. These technologies are incorporated into products within each of our operating segments. We expect this trend to ",challenge/offline-data/deere/filings/2023-11-22__de-us-20231122-q4-10k__105844.md,1136
Deere & Company,DE,2023-11-22,FY2023Q4,STRUCTURED_RESULT,q4-10k,2024.,- Demand is expected to decline in 2024.,challenge/offline-data/deere/filings/2023-11-22__de-us-20231122-q4-10k__105844.md,1140
Deere & Company,DE,2023-11-22,FY2023Q4,STRUCTURED_RESULT,q4-10k,2024,## Agriculture and Turf Outlook for 2024,challenge/offline-data/deere/filings/2023-11-22__de-us-20231122-q4-10k__105844.md,1143
Deere & Company,DE,2023-11-22,FY2023Q4,STRUCTURED_RESULT,q4-10k,2024 ,"- We expect large agricultural equipment sales to decline in 2024 in North America, Europe, and South America.",challenge/offline-data/deere/filings/2023-11-22__de-us-20231122-q4-10k__105844.md,1145
Deere & Company,DE,2023-11-22,FY2023Q4,STRUCTURED_RESULT,q4-10k,2024 ,"- Agricultural fundamentals are expected to moderate in 2024 due to lower commodity prices and elevated interest rates, offset by declining input costs and improved customer financials.",challenge/offline-data/deere/filings/2023-11-22__de-us-20231122-q4-10k__105844.md,1151
Deere & Company,DE,2023-11-22,FY2023Q4,STRUCTURED_RESULT,q4-10k,2024,## Construction and Forestry Outlook for 2024,challenge/offline-data/deere/filings/2023-11-22__de-us-20231122-q4-10k__105844.md,1163
Deere & Company,DE,2023-11-22,FY2023Q4,STRUCTURED_RESULT,q4-10k,170  | 2023  | 2022.  | 2024.,"Rising interest rates have historically impacted our borrowings sooner than the benefit is realized from receivable and lease portfolios. As a result, our financial services operations experienced $170 (after-tax) less favorable financing spreads in 2023 compared to 2022. If interest rates continue to rise, we expect to continue experiencing spread compression in 2024.",challenge/offline-data/deere/filings/2023-11-22__de-us-20231122-q4-10k__105844.md,1188
Deere & Company,DE,2023-11-22,FY2023Q4,STRUCTURED_RESULT,q4-10k,2024.,Demand for our products is negatively impacted by rising interest rates. We expect higher borrowing costs for our customers to primarily affect discretionary and residential product sales in 2024.,challenge/offline-data/deere/filings/2023-11-22__de-us-20231122-q4-10k__105844.md,1190
Deere & Company,DE,2023-11-22,FY2023Q4,STRUCTURED_RESULT,q4-10k,12  | 12  | 2024  | 2023 ,"We closely monitor our cash requirements. Based on the available sources of liquidity, we expect to meet our funding needs in the short term (next 12 months) and long term (beyond 12 months). We are forecasting lower operating cash flows in 2024 compared with 2023 as identified previously in Trends and Economic Conditions.",challenge/offline-data/deere/filings/2023-11-22__de-us-20231122-q4-10k__105844.md,1389
Deere & Company,DE,2023-11-22,FY2023Q4,STRUCTURED_RESULT,q4-10k,1.9 billion | 2024.,- Capital expenditures are forecast to be $1.9 billion in 2024.,challenge/offline-data/deere/filings/2023-11-22__de-us-20231122-q4-10k__105844.md,1428
Deere & Company,DE,2023-11-22,FY2023Q4,STRUCTURED_RESULT,q4-10k,"29,  | 2023,  | 21.2 billion | 2.2 billion | 12  | 19 ","Borrowings - As of October 29, 2023, we had $21.2 billion of payments due on borrowings and securitization borrowings in the next year, along with interest payments of $2.2 billion. The securitization borrowing payments are based on the expected liquidation of the retail notes. See Notes 12 and 19 for additional borrowing details. These payments will likely be replaced with new borrowings to finan",challenge/offline-data/deere/filings/2023-11-22__de-us-20231122-q4-10k__105844.md,1496
Deere & Company,DE,2023-11-22,FY2023Q4,STRUCTURED_RESULT,q4-10k,2024 ,"- expected quarterly cash dividend throughout 2024 (subject to change at the discretion of our Board of Directors), and",challenge/offline-data/deere/filings/2023-11-22__de-us-20231122-q4-10k__105844.md,1503
Deere & Company,DE,2023-11-22,FY2023Q4,STRUCTURED_RESULT,q4-10k,2024  | 225.,- total pension and OPEB contributions in 2024 are expected to be approximately $225.,challenge/offline-data/deere/filings/2023-11-22__de-us-20231122-q4-10k__105844.md,1504
Deere & Company,DE,2023-11-22,FY2023Q4,STRUCTURED_RESULT,q4-10k,2023 ,The reduction in the 2023 pension and OPEB net (benefit) cost was due to increased expected long-term return rates on plan assets and increased discount rates.,challenge/offline-data/deere/filings/2023-11-22__de-us-20231122-q4-10k__105844.md,1602
Deere & Company,DE,2023-11-22,FY2023Q4,STRUCTURED_RESULT,q4-10k,90 percent,- Transition matrix models are used for large and complex retail customer receivable pools. These models are used for more than 90 percent of retail customer receivables. Historical portfolio performance and current delinquency levels are used to forecast future defaults. Estimated recovery rates are applied to the estimated default balance to calculate the expected credit losses.,challenge/offline-data/deere/filings/2023-11-22__de-us-20231122-q4-10k__105844.md,1632
Deere & Company,DE,2023-11-22,FY2023Q4,STRUCTURED_RESULT,q4-10k,2023  | 11 | 2022 ,"The allowance decreased in 2023 due to the disposition of the receivable portfolio in Russia (see Note 11). Excluding the portfolio in Russia, the allowance increased slightly as higher portfolio balances and higher expected losses on turf and construction customer accounts. The allowance increased in 2022 due to higher reserves related to the economic uncertainty in Russia.",challenge/offline-data/deere/filings/2023-11-22__de-us-20231122-q4-10k__105844.md,1654
Deere & Company,DE,2023-11-22,FY2023Q4,STRUCTURED_RESULT,q4-10k,1 | 10,"Further information concerning our businesses, including factors that could materially affect our financial results, is included in our filings with the SEC (including, but not limited to, the factors discussed in Item 1A. 'Risk Factors' of this Annual Report on Form 10-K). There also may be other factors that we cannot anticipate or that are not described herein because we do not currently percei",challenge/offline-data/deere/filings/2023-11-22__de-us-20231122-q4-10k__105844.md,1755
Deere & Company,DE,2023-11-22,FY2023Q4,STRUCTURED_RESULT,q4-10k,2022  | 2023.  | 2023.  | 2024.,"Results of Operations - Central bank policy rates increased in 2022 and 2023. Rising interest rates have historically impacted our borrowings sooner than the benefit is realized from the financing receivable and equipment on operating lease portfolios. As a result, our financial services operations experienced spread compression in 2023. If interest rates continue to rise, we expect to continue ex",challenge/offline-data/deere/filings/2023-11-22__de-us-20231122-q4-10k__105844.md,1982
Deere & Company,DE,2023-11-22,FY2023Q4,STRUCTURED_RESULT,q4-10k,"2023.  | 2024, ","Reference Rate Reform - We transitioned our financing, funding, and hedging portfolios from the London Interbank Offered Rate (LIBOR) to alternative reference rates in 2023. In 2024, we will transition certain portfolios from the Canadian Dollar Offered Rate (CDOR) to an alternative reference rate. These transition activities did not / are not expected to have a material impact on our financial st",challenge/offline-data/deere/filings/2023-11-22__de-us-20231122-q4-10k__105844.md,1994
Deere & Company,DE,2023-11-22,FY2023Q4,STRUCTURED_RESULT,q4-10k,"10 percent | 2024  | 2024  | 25.  | 29,  | 2023, ","In the equipment operations, the practice is to hedge significant currency exposures. Worldwide foreign currency exposures are reviewed quarterly. Based on the anticipated and committed foreign currency cash inflows, outflows, and hedging policy for the next twelve months, we estimate that a hypothetical 10 percent strengthening of the U.S. dollar relative to other currencies through 2024 would in",challenge/offline-data/deere/filings/2023-11-22__de-us-20231122-q4-10k__105844.md,1998
Deere & Company,DE,2023-11-22,FY2023Q4,STRUCTURED_RESULT,q4-10k,18,We also offer extended warranty arrangements for purchase at the customer's option. The premiums for extended warranties are recognized in 'Other income' primarily in proportion to the costs expected to be incurred over the contract period. The unamortized extended warranty premiums (deferred revenue) are recorded in 'Accounts payable and accrued expenses' (see Note 18).,challenge/offline-data/deere/filings/2023-11-22__de-us-20231122-q4-10k__105844.md,2302
Deere & Company,DE,2023-11-22,FY2023Q4,STRUCTURED_RESULT,q4-10k,90 percent,- Transition matrix models are used for large and complex retail customer receivable pools. These models are used for more than 90 percent of retail customer receivables. Historical portfolio performance and current delinquency levels are used to forecast future defaults. Estimated recovery rates are applied to the estimated default balance to calculate the expected credit losses.,challenge/offline-data/deere/filings/2023-11-22__de-us-20231122-q4-10k__105844.md,2344
Deere & Company,DE,2023-11-22,FY2023Q4,STRUCTURED_RESULT,q4-10k,"2023, ","We closely monitor all Accounting Standard Updates (ASUs) issued by the Financial Accounting Standards Board (FASB) and other authoritative guidance. We adopted the following standards in 2023, none of which had a material effect on our consolidated financial statements:",challenge/offline-data/deere/filings/2023-11-22__de-us-20231122-q4-10k__105844.md,2388
Deere & Company,DE,2023-11-22,FY2023Q4,STRUCTURED_RESULT,q4-10k,"1,697  | 1,423  | 29,  | 2023  | 30,  | 2022, ","We invoice in advance of recognizing the sale of certain products and the revenue for certain services. These relate to extended warranty premiums, advance payments for future equipment sales, and subscription and service revenue related to precision guidance, telematic services, and other information enabled solutions. These advanced customer payments are presented as deferred revenue, a contract",challenge/offline-data/deere/filings/2023-11-22__de-us-20231122-q4-10k__105844.md,2708
Deere & Company,DE,2023-11-22,FY2023Q4,STRUCTURED_RESULT,q4-10k,"2024  | 130  | 7.0 percent | 2023, ","The 2024 net periodic pension benefit is expected to increase by $130 due to an increase in the expected long-term rates of return on plan assets (estimated to be 7.0 percent) and the Canadian pension settlement charge recognized in 2023, described below.",challenge/offline-data/deere/filings/2023-11-22__de-us-20231122-q4-10k__105844.md,2781
Deere & Company,DE,2023-11-22,FY2023Q4,STRUCTURED_RESULT,q4-10k,85 ,We expect to contribute approximately $85 to our pension plans,challenge/offline-data/deere/filings/2023-11-22__de-us-20231122-q4-10k__105844.md,2913
Deere & Company,DE,2023-11-22,FY2023Q4,STRUCTURED_RESULT,q4-10k,"29,  | 2023 ","The expected future benefit payments at October 29, 2023 were",challenge/offline-data/deere/filings/2023-11-22__de-us-20231122-q4-10k__105844.md,2920
Deere & Company,DE,2023-11-22,FY2023Q4,STRUCTURED_RESULT,q4-10k,85  | 140  | 2024.  | 2024 ,We expect to contribute approximately $85 to our pension plans and approximately $140 to our OPEB plans in 2024. The contributions include required and voluntary contributions and direct benefit payments from company funds. We have no significant required contributions to U.S. pension plan assets in 2024 under applicable funding regulations.,challenge/offline-data/deere/filings/2023-11-22__de-us-20231122-q4-10k__105844.md,3009
Deere & Company,DE,2023-11-22,FY2023Q4,STRUCTURED_RESULT,q4-10k,"29,  | 2023 ","The expected future benefit payments at October 29, 2023 were as follows:",challenge/offline-data/deere/filings/2023-11-22__de-us-20231122-q4-10k__105844.md,3013
Deere & Company,DE,2023-11-22,FY2023Q4,STRUCTURED_RESULT,q4-10k,"3,  | 3  | 3  | 29,  | 2023.","Real Estate, Venture Capital, Private Equity, and Hedge Funds The investments that are structured as limited partnerships, excluding the private equity investments classified as Level 3, are valued at estimated fair value based on their proportionate share of the limited partnership's fair value that is determined by the respective general partner. These investments are valued using the fund's NAV",challenge/offline-data/deere/filings/2023-11-22__de-us-20231122-q4-10k__105844.md,3153
Deere & Company,DE,2023-11-22,FY2023Q4,STRUCTURED_RESULT,q4-10k,10  | 20  | 6.8 percent | 7  | 8 percent | 20 ,"The expected long-term rate of return on plan assets reflects management's expectations of long-term average rates of return on funds invested to provide for benefits included in the projected benefit obligations. The expected return is based on the outlook for inflation and for returns in multiple asset classes, while also considering historical returns, asset allocation, and investment strategy.",challenge/offline-data/deere/filings/2023-11-22__de-us-20231122-q4-10k__105844.md,3170
Deere & Company,DE,2023-11-22,FY2023Q4,STRUCTURED_RESULT,q4-10k,401,We have created a Voluntary Employees' Beneficiary Association trust (VEBA) for the funding of hourly postretirement health care benefits. The future expected asset returns for the VEBA is lower than the expected return on the other pension and health care plan assets due to investment in a higher proportion of liquid securities. These assets are in addition to the other postretirement health care,challenge/offline-data/deere/filings/2023-11-22__de-us-20231122-q4-10k__105844.md,3172
Deere & Company,DE,2023-11-22,FY2023Q4,STRUCTURED_RESULT,q4-10k,"29,  | 2023  | 30,  | 2022  | 329  | 303, ","The amount of unrecognized tax benefits at October 29, 2023 and October 30, 2022 that would impact the effective tax rate if the tax benefits were recognized was $329 and $303, respectively. The remaining liability was related to tax positions for which there are offsetting tax receivables, or the uncertainty was only related to timing. We expect that any reasonably possible change in the amounts ",challenge/offline-data/deere/filings/2023-11-22__de-us-20231122-q4-10k__105844.md,3259
Deere & Company,DE,2023-11-22,FY2023Q4,STRUCTURED_RESULT,q4-10k,120 ,"- Write-offs generally occur when receivables are 120 days delinquent. In these situations, the estimated uncollectible amount is written off to the allowance for credit losses. Any expected recovery is presented as non-performing.",challenge/offline-data/deere/filings/2023-11-22__de-us-20231122-q4-10k__105844.md,3477
Deere & Company,DE,2023-11-22,FY2023Q4,STRUCTURED_RESULT,q4-10k,"29,  | 2023  | 2024  | 3,278,  | 2025  | 2,076, ","Although these securitization borrowings are classified as shortterm since payment is required if the financing receivables are liquidated early, the payment schedule for these borrowings at October 29, 2023 based on the expected liquidation of the retail notes is as follows: 2024 - $3,278, 2025 - $2,076, 2026 - $1,187 , 2027 - $417 , 2028 - $44, and later years - $4.",challenge/offline-data/deere/filings/2023-11-22__de-us-20231122-q4-10k__105844.md,4079
Deere & Company,DE,2023-11-22,FY2023Q4,STRUCTURED_RESULT,q4-10k,"29,  | 2023 ","We have commitments to extend credit to customers. The commitments are in the form of lines of credit and other preapproved credit arrangements. We have the right to cancel or amend the terms of these commitments at any time. These commitments are not expected to be fully drawn upon; therefore, the total commitment amounts likely do not represent a future cash requirement. The commitments to exten",challenge/offline-data/deere/filings/2023-11-22__de-us-20231122-q4-10k__105844.md,4311
Deere & Company,DE,2023-11-22,FY2023Q4,STRUCTURED_RESULT,q4-10k,"29,  | 2023,  | 93  | 1.5 ","At October 29, 2023, there was $93 of total unrecognized compensation cost from share-based compensation arrangements. This compensation is expected to be recognized over a weighted-average period of approximately 1.5 years.",challenge/offline-data/deere/filings/2023-11-22__de-us-20231122-q4-10k__105844.md,4376
Deere & Company,DE,2023-11-22,FY2023Q4,STRUCTURED_RESULT,q4-10k,"29,  | 2023  | 31 ","The amount of gain recorded in OCI at October 29, 2023 that is expected to be reclassified to 'Interest expense' or 'Other operating expenses' in the next twelve months if interest rates or exchange rates remain unchanged is $31 after-tax. There were no gains or losses reclassified from OCI to earnings based on the probability that the original forecasted transaction would not occur.",challenge/offline-data/deere/filings/2023-11-22__de-us-20231122-q4-10k__105844.md,4819
Deere & Company,DE,2023-11-22,FY2023Q4,STRUCTURED_RESULT,q4-10k,90 percent,The Company utilizes loss forecast models to estimate expected credit losses. Transition matrix models are used for large and complex retail customer receivable pools. These models are used for more than 90 percent of retail customer receivables. Historical portfolio performance and current delinquency levels are used to forecast future defaults. Estimated recovery rates are applied to the estimat,challenge/offline-data/deere/filings/2023-11-22__de-us-20231122-q4-10k__105844.md,5009
Deere & Company,DE,2023-11-22,FY2023Q4,STRUCTURED_RESULT,q4-8k,2024  | 7.  | 75  | 8.25 billion,"Full-year 2024 earnings forecast to be $7. 75 to $8.25 billion, as volumes return to",challenge/offline-data/deere/filings/2023-11-22__de-us-20231122-q4-8k__105823.md,24
Deere & Company,DE,2023-11-22,FY2023Q4,STRUCTURED_RESULT,q4-8k,"7.44  | 30,  | 2022.  | 2023, ","billion, or $7.44 per share, for the quarter ended October 30, 2022. For fiscal-year 2023, net income",challenge/offline-data/deere/filings/2023-11-22__de-us-20231122-q4-8k__105823.md,29
Deere & Company,DE,2023-11-22,FY2023Q4,STRUCTURED_RESULT,q4-8k,2023  | 16 percent | 61.251 billion | 13.801 billion,"fiscal 2023 and rose 16 percent, to $61.251 billion, for the full year. Net sales were $13.801 billion for the",challenge/offline-data/deere/filings/2023-11-22__de-us-20231122-q4-8k__105823.md,33
Deere & Company,DE,2023-11-22,FY2023Q4,STRUCTURED_RESULT,q4-8k,2024 ,Net income attributable to Deere & Company for fiscal 2024 is forecasted to be in a range of,challenge/offline-data/deere/filings/2023-11-22__de-us-20231122-q4-8k__105823.md,41
Deere & Company,DE,2023-11-22,FY2023Q4,STRUCTURED_RESULT,q4-8k,"2024, ","investing in solutions that drive customer value,"" May said. ""As evidenced by our guidance for 2024, we",challenge/offline-data/deere/filings/2023-11-22__de-us-20231122-q4-8k__105823.md,44
Deere & Company,DE,2023-11-22,FY2023Q4,STRUCTURED_RESULT,q4-8k,2.369  | 10.166 ,"## Deere Reports Net Income of $2.369 Billion for Fourth Quarter, $10.166 Billion for Fiscal Year",challenge/offline-data/deere/filings/2023-11-22__de-us-20231122-q4-8k__105823.md,60
Deere & Company,DE,2023-11-22,FY2023Q4,STRUCTURED_RESULT,q4-8k,2024  | 7.75  | 8.25 billion,"- Full-year 2024 earnings forecast to be $7.75 to $8.25 billion, as volumes return to mid-cycle levels.",challenge/offline-data/deere/filings/2023-11-22__de-us-20231122-q4-8k__105823.md,64
Deere & Company,DE,2023-11-22,FY2023Q4,STRUCTURED_RESULT,q4-8k,"22,  | 2023 | 2.369 billion | 29,  | 2023,  | 8.26 ","MOLINE, Illinois (November 22, 2023) - Deere &amp; Company reported net income of $2.369 billion for the fourth quarter ended October 29, 2023, or $8.26 per share, compared with net income of $2.246 billion, or $7.44 per share, for the quarter ended October 30, 2022. For fiscal-year 2023, net income attributable to Deere &amp; Company was $10.166 billion, or $34.63 per share, compared with $7.131 ",challenge/offline-data/deere/filings/2023-11-22__de-us-20231122-q4-8k__105823.md,66
Deere & Company,DE,2023-11-22,FY2023Q4,STRUCTURED_RESULT,q4-8k,1 percent | 15.412 billion | 2023  | 16 percent | 61.251 billion | 13.801 billion,"Worldwide net sales and revenues decreased 1 percent, to $15.412 billion, for the fourth quarter of fiscal 2023 and rose 16 percent, to $61.251 billion, for the full year. Net sales were $13.801 billion for the quarter and $55.565 billion for the year, compared with $14.351 billion and $47.917 billion in 2022.",challenge/offline-data/deere/filings/2023-11-22__de-us-20231122-q4-8k__105823.md,68
Deere & Company,DE,2023-11-22,FY2023Q4,STRUCTURED_RESULT,q4-8k,2024  | 7.75 billion | 8.25 billion,Net income attributable to Deere &amp; Company for fiscal 2024 is forecasted to be in a range of $7.75 billion to $8.25 billion.,challenge/offline-data/deere/filings/2023-11-22__de-us-20231122-q4-8k__105823.md,74
Deere & Company,DE,2023-11-22,FY2023Q4,STRUCTURED_RESULT,q4-8k,"2024, ","'While our end markets will fluctuate, we remain focused on disciplined execution and strategically investing in solutions that drive customer value,' May said. 'As evidenced by our guidance for 2024, we are demonstrating higher levels of through-cycle structural profitability while making our company more resilient and better equipped for the future.'",challenge/offline-data/deere/filings/2023-11-22__de-us-20231122-q4-8k__105823.md,76
Deere & Company,DE,2023-11-22,FY2023Q4,STRUCTURED_RESULT,q4-8k,2024  | 770 million | 2024  | 2023  | 1 ,"Financial Services. Fiscal-year 2024 net income attributable to Deere &amp; Company for the financial services operations is forecast to be approximately $770 million. Results are expected to be higher in 2024 due to income earned on a higher average portfolio, partially offset by less-favorable financing spreads and lower gains on operating-lease residual values. A correction of the accounting tr",challenge/offline-data/deere/filings/2023-11-22__de-us-20231122-q4-8k__105823.md,175
Deere & Company,DE,2023-11-22,FY2023Q4,STRUCTURED_RESULT,q4-8k,1995 ,"Certain statements contained herein, including in the section entitled 'Company Outlook &amp; Summary,' 'Industry Outlook,' and 'Deere Segment Outlook,' relating to future events, expectations, and trends constitute 'forward-looking statements' as defined in the Private Securities Litigation Reform Act of 1995 and involve factors that are subject to change, assumptions, risks, and uncertainties th",challenge/offline-data/deere/filings/2023-11-22__de-us-20231122-q4-8k__105823.md,179
Deere & Company,DE,2023-11-22,FY2023Q4,STRUCTURED_RESULT,q4-8k,1 | 10 | 10,"Further information concerning the company and its businesses, including factors that could materially affect the financial results, is included in the company's filings with the SEC (including, but not limited to, the factors discussed in Item 1A. 'Risk Factors' of the most recent Annual Report on Form 10-K and subsequent Quarterly Reports on Form 10-Q). There also may be other factors that the c",challenge/offline-data/deere/filings/2023-11-22__de-us-20231122-q4-8k__105823.md,213
Deere & Company,DE,2023-08-18,FY2023Q3,EARNINGS_CALL,call-pres,2023. ,"Unknown speaker: Hello. Also on the call today are Josh Jepsen, Chief Financial Officer, and Josh Rohleder, Manager of Investor Communications. Today, we'll take a closer look at Deere's third quarter earnings, then spend some time talking about our markets and our current outlook for fiscal year 2023. After that, we'll respond to your questions. Please note that slides are available to complement",challenge/offline-data/deere/call-transcripts/2023-08-18__de-us-20230818-call-pres__46455.md,15
Deere & Company,DE,2023-08-18,FY2023Q3,EARNINGS_CALL,call-pres,6  | 10% | 5% | -10%,"Unknown speaker: Slide 6 shows our industry outlook for ag and turf markets globally. In the US and Canada, we expect industry sales of l& arge ag equipment to be up approximately 10% during the fiscal year, reflecting a continuation of strong demand. Ag fundamentals remain solid, with farm net income expected to be near historical highs, even if down from last year's record levels. Drier weather ",challenge/offline-data/deere/call-transcripts/2023-08-18__de-us-20230818-call-pres__46455.md,27
Deere & Company,DE,2023-08-18,FY2023Q3,EARNINGS_CALL,call-pres,100  | 180  | 40  | 2022  | 5% | 2023. ,"Unknown speaker: Mid-size tractors in the 100 to 180 horsepower range are sold out for the remainder of the year, while production cuts in the sub 40 horsepower compact tractor range have helped bring inventory levels down from April highs. Hay and forage continues to see significant year-over-year increases as production shortages in 2022 fully abate. Turning to Europe, the industry is forecasted",challenge/offline-data/deere/call-transcripts/2023-08-18__de-us-20230818-call-pres__46455.md,29
Deere & Company,DE,2023-08-18,FY2023Q3,EARNINGS_CALL,call-pres,2023.  | 2021.  | 7.  | 20% | 15  | 25%,"Unknown speaker: The market remains stable, and order books now provide visibility through the remainder of 2023. Industry sales in Asia are forecasted to be down moderately, as volumes in India remain subdued when compared to record levels in 2021. Moving now to segment forecasts on slide 7. For Production & Precision Ag, net sales continue to be forecasted up around 20% for the fiscal year. The ",challenge/offline-data/deere/call-transcripts/2023-08-18__de-us-20230818-call-pres__46455.md,31
Deere & Company,DE,2023-08-18,FY2023Q3,EARNINGS_CALL,call-pres,17% | -18% | 9.  | 3.739 billion | 14% | 10 ,"Unknown speaker: The segment's projected operating margin is now between 17%-18%, reflecting stronger than expected operational efficiency, notably in Europe. Now switching to Construction & Forestry on slide 9. Net sales for the quarter were $3.739 billion, up 14%, primarily due to price realization and higher shipment volumes. Price realization was positive by nearly 10 points, and currency tran",challenge/offline-data/deere/call-transcripts/2023-08-18__de-us-20230818-call-pres__46455.md,33
Deere & Company,DE,2023-08-18,FY2023Q3,EARNINGS_CALL,call-pres,5% | 5% | 5% | 11.,"Unknown speaker: Industry sales of earthmoving and compact construction equipment in North America are both projected to remain flat to up 5%. Demand for earthmoving and compact construction equipment remains robust, driven primarily by the early stages of infrastructure spending and rental re-fleeting. The industry has also benefited from some stabilization in housing, as well as reshoring effort",challenge/offline-data/deere/call-transcripts/2023-08-18__de-us-20230818-call-pres__46455.md,35
Deere & Company,DE,2023-08-18,FY2023Q3,EARNINGS_CALL,call-pres,2023  | 15% | 20% | 11  | 18.5% | -19.5%,"Unknown speaker: Deere's Construction & Forestry 2023 net sales are now forecasted up between 15% and 20%, with results likely to converge towards the middle of that range. Our net sales guidance for the year contains about 11 points of positive price realization. Operating margin is now expected to be between 18.5%-19.5%. Next, we'll transition to our Financial Services operations on slide 12. Wo",challenge/offline-data/deere/call-transcripts/2023-08-18__de-us-20230818-call-pres__46455.md,37
Deere & Company,DE,2023-08-18,FY2023Q3,EARNINGS_CALL,call-pres,"2023,  | 630 million | 13  | 2023,  | 500 million | 9.75 billion","Unknown speaker: For fiscal year 2023, our outlook remains at $630 million, reflecting less favorable financing spreads, the second quarter correction of the accounting treatment for financing incentives, a higher provision for credit losses, increased SA&G expenses, and lower gains on operating lease dispositions. These were partially offset by benefits from a higher average portfolio balance. Fi",challenge/offline-data/deere/call-transcripts/2023-08-18__de-us-20230818-call-pres__46455.md,39
Deere & Company,DE,2023-08-18,FY2023Q3,EARNINGS_CALL,call-pres,50%,"Unknown speaker: In premium freight alone, we've been able to reduce costs by nearly 50% this year when compared to last year. From a production standpoint, we've seen material cost inflation come down meaningfully throughout the year. We expect this trend to continue throughout the rest of the year. When you successfully execute on all of these different initiatives simultaneously, you get factor",challenge/offline-data/deere/call-transcripts/2023-08-18__de-us-20230818-call-pres__46455.md,49
Deere & Company,DE,2023-08-18,FY2023Q3,EARNINGS_CALL,call-pres,"2024  | 2025,  | 2021, ","Unknown speaker: Yes, that's great context, Josh. You know, earthmoving industry fundamentals remain quite strong, driven by construction job growth across most sectors, and in particular, large infrastructure project spending. Coupled with continued rental industry refleeting, demand is expected to remain steady throughout the remainder of the year. While we see nice tailwinds from mega project s",challenge/offline-data/deere/call-transcripts/2023-08-18__de-us-20230818-call-pres__46455.md,53
Deere & Company,DE,2023-08-18,FY2023Q3,EARNINGS_CALL,call-pres,2024. ,"Unknown speaker: Okay, that's perfect. Near-term construction fundamentals remain resilient, and the business appears to be very well positioned on the construction side heading into 2024. Focusing now on ag fundamentals. Farmers are expected to have another strong year relative to historicals. WASDE just released its latest forecast last week, showing crop yields down and stocks tightening. How s",challenge/offline-data/deere/call-transcripts/2023-08-18__de-us-20230818-call-pres__46455.md,57
Deere & Company,DE,2023-08-18,FY2023Q3,EARNINGS_CALL,call-pres,2023.  | 90%,"Unknown speaker: Yeah, Brazil has been a real dynamic market this year. You know, earlier in the year, we saw some of the political uncertainty and the delayed government-sponsored financing plans weigh on sentiment. You know, while profitability has been very good, some farmers generated lower than expected income due to lower grain prices, combined with a strengthening Brazilian currency relativ",challenge/offline-data/deere/call-transcripts/2023-08-18__de-us-20230818-call-pres__46455.md,63
Deere & Company,DE,2023-08-18,FY2023Q3,EARNINGS_CALL,call-pres,95%,"Unknown speaker: That's a great question, Josh. You know, starting from the top, all of our North America large ag production is sold out for this year. We expect ending year-over-year changes in new field inventory to be modest. In-season inventory in- increases have largely corresponded to our quarterly production schedules, which will come down in the fourth quarter. Combine inventory, for exam",challenge/offline-data/deere/call-transcripts/2023-08-18__de-us-20230818-call-pres__46455.md,69
Deere & Company,DE,2023-08-18,FY2023Q3,EARNINGS_CALL,call-pres,2023  | 2024.,"Unknown speaker: This is Josh. Maybe one thing to highlight, just the, I mean, the important takeaway here is that by year-end, we expect both new and used inventory levels to be below historic levels on a unit basis. Really positioning us well as we exit 2023 into 2024.",challenge/offline-data/deere/call-transcripts/2023-08-18__de-us-20230818-call-pres__46455.md,77
Deere & Company,DE,2023-08-18,FY2023Q3,EARNINGS_CALL,call-pres,"2023,  | 2024.  | 2 | 2024,  | 2024  | 2024.","Unknown speaker: Yeah, absolutely. Actually, Josh, I just want to amend my prior statement. Tractors are sold out through calendar year 2023, not 2024. In Europe, however, order books are stretching into the 2Q of 2024, providing decent visibility, but with some early order programs having just kicked off, it remains too early to form a view on 2024 outlook. Expect markets in Europe to remain dyna",challenge/offline-data/deere/call-transcripts/2023-08-18__de-us-20230818-call-pres__46455.md,89
Deere & Company,DE,2023-08-18,FY2023Q3,EARNINGS_CALL,call-pres,2024. ,"Unknown speaker: Markets with close proximity to Ukraine will contend with lower commodity prices as reduced port access means grains are flowing over neighboring borders, pressuring local prices. Expect Europe to remain a dynamic market going into 2024. We'll have a more informed view as we get closer to the start of our fiscal year.",challenge/offline-data/deere/call-transcripts/2023-08-18__de-us-20230818-call-pres__46455.md,91
Deere & Company,DE,2023-08-18,FY2023Q3,EARNINGS_CALL,call-pres,"2023, ","Unknown speaker: Yeah, thanks. As previously noted, the team is executing at a high level in 2023, which is evident in our results. We're actively working to reduce some of the inflationary and disruption costs experienced over the past couple of years, and we expect to see that benefit continue. Over the last decade, we've been on a journey to deliver more value per unit. This is clearly visible ",challenge/offline-data/deere/call-transcripts/2023-08-18__de-us-20230818-call-pres__46455.md,103
Deere & Company,DE,2023-08-18,FY2023Q3,EARNINGS_CALL,call-qna,"2024, ","Unknown speaker: All right. Great. Thanks. Good, good morning. Maybe just on, on ag, just coming back to the comments on Brazil, if you can just maybe help us frame that up a bit, just in terms of... You mentioned the, some of the, the production cuts you made or you're, I guess, targeting in, in the second half of the year. How, how do you think that, obviously, again, a lot of moving parts in a ",challenge/offline-data/deere/call-transcripts/2023-08-18__de-us-20230818-call-qna__46472.md,51
Deere & Company,DE,2023-08-18,FY2023Q3,EARNINGS_CALL,call-qna,"2023,  | 2022.  | 2023.","Unknown speaker: You know, as it relates to Brazil, as we noted in our opening comments, you know, it's been a really dynamic year. I think a lot of puts and takes. You know, at this point, the order book is full for the rest of 2023, and, you know, it- managing the year has been interesting. You know, we've seen record production for corn and soy, and near record production for cotton and sugar. ",challenge/offline-data/deere/call-transcripts/2023-08-18__de-us-20230818-call-qna__46472.md,55
Deere & Company,DE,2023-08-18,FY2023Q3,EARNINGS_CALL,call-qna,2  | 2% | -3%,"Unknown speaker: Thanks. Good morning. The year-over-year step down in pricing and Production and Precision Ag from Q2 was a bit bigger than the kind of headwind you had from tougher comparison than the year before. I guess, were you expecting such a big step down in pricing? I mean, you didn't change your pricing forecast, so maybe it's really not any surprise. I'm curious if the environment and ",challenge/offline-data/deere/call-transcripts/2023-08-18__de-us-20230818-call-qna__46472.md,65
Deere & Company,DE,2023-08-18,FY2023Q3,EARNINGS_CALL,call-qna,2022.  | 12%,"Unknown speaker: Hey, Steven Fisher. You know, as it relates to, to pricing, I would say that the second quarter came in almost, you know, right on the forecast for, for Production and Precision Ag, and Construction & Forestry. Small Ag & Turf probably fared just a, a shade better as they're retaining a little more price than we had in the forecast. You know, all of this is, is largely in line wit",challenge/offline-data/deere/call-transcripts/2023-08-18__de-us-20230818-call-qna__46472.md,67
Deere & Company,DE,2023-08-18,FY2023Q3,EARNINGS_CALL,call-qna,2024. ,"Unknown speaker: You know, we would expect, you know, overall realization to be within that range, inclusive of whatever discounts begin to get layered back into the market for, for 2024. Thanks.",challenge/offline-data/deere/call-transcripts/2023-08-18__de-us-20230818-call-qna__46472.md,71
Deere & Company,DE,2023-08-18,FY2023Q3,EARNINGS_CALL,call-qna,"2023  | 2024,  | 2024  | 2023. ","Unknown speaker: Yeah, as it relates to C&F, and if you look at the order book, I mean, I'd say, you know, comparing year-over-year is a little bit difficult because we were constrained last year, so probably not a good way to compare just total order activity. What I would say is, on the order book that we have, you know, we're looking at similar production rates, you know, in 2023 to 2024, so no",challenge/offline-data/deere/call-transcripts/2023-08-18__de-us-20230818-call-qna__46472.md,125
Deere & Company,DE,2023-08-18,FY2023Q3,STRUCTURED_RESULT,q3-10q,"52 | 53  | 2023  | 2022  | 30,  | 2023 ","The Company uses a 52/53 week fiscal year with quarters ending on the last Sunday in the reporting period. The third quarter ends for fiscal year 2023 and 2022 were July 30, 2023 and July 31, 2022, respectively. Both third quarters contained 13 weeks, while both year-to-date periods contained 39 weeks. Unless otherwise stated, references to particular years, quarters, or months refer to the Compan",challenge/offline-data/deere/filings/2023-08-18__de-us-20230818-q3-10q__105835.md,438
Deere & Company,DE,2023-08-18,FY2023Q3,STRUCTURED_RESULT,q3-10q,10,"The interim consolidated financial statements of Deere &amp; Company have been prepared by the Company, without audit, pursuant to the rules and regulations of the U.S. Securities and Exchange Commission (SEC). Certain information and footnote disclosures normally included in annual financial statements prepared in accordance with accounting principles generally accepted in the U.S. have been cond",challenge/offline-data/deere/filings/2023-08-18__de-us-20230818-q3-10q__105835.md,444
Deere & Company,DE,2023-08-18,FY2023Q3,STRUCTURED_RESULT,q3-10q,2023 ,The Company closely monitors all Accounting Standard Updates (ASUs) issued by the Financial Accounting Standards Board and other authoritative guidance. ASUs adopted in 2023 did not have a material impact on the Company's financial statements. ASUs to be adopted in future periods are being evaluated and at this point are not expected to have a material impact on the Company's financial statements.,challenge/offline-data/deere/filings/2023-08-18__de-us-20230818-q3-10q__105835.md,452
Deere & Company,DE,2023-08-18,FY2023Q3,STRUCTURED_RESULT,q3-10q,"16,  | 1,753 million | 1,423 million | 1,424 million | 30,  | 2023, ","The Company invoices in advance of recognizing the sale of certain products and the revenue for certain services. These relate to extended warranty premiums, advance payments for future equipment sales, and subscription and service revenue related to precision guidance and telematic services. These advanced customer payments are presented as deferred revenue, a contract liability, in 'Accounts pay",challenge/offline-data/deere/filings/2023-08-18__de-us-20230818-q3-10q__105835.md,644
Deere & Company,DE,2023-08-18,FY2023Q3,STRUCTURED_RESULT,q3-10q,"1,437 million | 30,  | 2023.  | 2023  | 139,  | 2024 ","The amount of unsatisfied performance obligations for contracts with an original duration greater than one year was $1,437 million at July 30, 2023. The estimated revenue to be recognized by fiscal year follows in millions of dollars: remainder of 2023 - $139, 2024 - $403, 2025 - $337, 2026 - $228, 2027 - $136, 2028 - $86 and later years - $108. As permitted, the Company elected only to disclose r",challenge/offline-data/deere/filings/2023-08-18__de-us-20230818-q3-10q__105835.md,646
Deere & Company,DE,2023-08-18,FY2023Q3,STRUCTURED_RESULT,q3-10q,2023 ,The reduction in the 2023 pension net cost is due to increases in the expected long-term return rates on plan assets and increases in discount rates. The components of net periodic pension and OPEB (benefit) cost excluding the service cost component are included in the line item 'Other operating expenses' in the statements of consolidated income.,challenge/offline-data/deere/filings/2023-08-18__de-us-20230818-q3-10q__105835.md,782
Deere & Company,DE,2023-08-18,FY2023Q3,STRUCTURED_RESULT,q3-10q,2023  | 2023 ,"The allowance for credit losses decreased slightly in the third quarter of 2023 as strong fundamentals within the agriculture market continued to benefit the portfolio. Excluding the portfolio in Russia, the allowance for the first nine months of 2023 increased slightly as higher portfolio balances and higher expected losses on turf and construction customer accounts offset the favorable benefits ",challenge/offline-data/deere/filings/2023-08-18__de-us-20230818-q3-10q__105835.md,1024
Deere & Company,DE,2023-08-18,FY2023Q3,STRUCTURED_RESULT,q3-10q,"999 million | 839 million | 30,  | 2023  | 31,  | 2022, ","The premiums for extended warranties are recognized in other income in the statements of consolidated income in proportion to the costs expected to be incurred over the contract period. The unamortized extended warranty premiums (deferred revenue) included in the following table totaled $999 million and $839 million at July 30, 2023 and July 31, 2022, respectively.",challenge/offline-data/deere/filings/2023-08-18__de-us-20230818-q3-10q__105835.md,1234
Deere & Company,DE,2023-08-18,FY2023Q3,STRUCTURED_RESULT,q3-10q,2023  | 2023  | 10 percent | 2022.  | 5  | 10 percent,Industry Trends for Fiscal Year 2023 - Industry sales of large agricultural machinery in the U.S. and Canada for 2023 are forecasted to increase approximately 10 percent compared to 2022. Industry sales of small agricultural and turf equipment in the U.S. and Canada are expected to be down 5 to 10 percent in 2023. Industry sales of agricultural machinery in Europe are forecasted to be flat to up 5,challenge/offline-data/deere/filings/2023-08-18__de-us-20230818-q3-10q__105835.md,1535
Deere & Company,DE,2023-08-18,FY2023Q3,STRUCTURED_RESULT,q3-10q,2023.  | 2023  | 2023  | 2022  | 2022  | 2022 ,"Demand for the Company's equipment remains strong, as order books are full throughout 2023. Agricultural fundamentals are expected to remain solid through 2023 with farm net income in the U.S. and Canada expected to be near historical highs. Crop prices remain favorable to our customers in part due to weather conditions putting downward pressure on yields. The Company expects sales volume of large",challenge/offline-data/deere/filings/2023-08-18__de-us-20230818-q3-10q__105835.md,1541
Deere & Company,DE,2023-08-18,FY2023Q3,STRUCTURED_RESULT,q3-10q,2023  | 2022. ,spreads in the first nine months of 2023 compared to 2022. The Company expects spread compression to,challenge/offline-data/deere/filings/2023-08-18__de-us-20230818-q3-10q__105835.md,1564
Deere & Company,DE,2023-08-18,FY2023Q3,STRUCTURED_RESULT,q3-10q,2023.  | 133 million | 2023  | 2022.  | 2023.,"Central bank policy interest rates increased in the first nine months of 2023. Most retail receivables are fixed rate, while wholesale financing receivables are variable rate. The Company has both fixed and variable rate borrowings. The Company manages the risk of interest rate fluctuations by balancing the types and amounts of its funding sources to its financing receivable and equipment on opera",challenge/offline-data/deere/filings/2023-08-18__de-us-20230818-q3-10q__105835.md,1584
Deere & Company,DE,2023-08-18,FY2023Q3,STRUCTURED_RESULT,q3-10q,12  | 12 ,"The Company has access to most global capital markets at a reasonable cost. Sources of liquidity for the Company include cash and cash equivalents, marketable securities, funds from operations, the issuance of commercial paper and term debt, the securitization of retail notes (both public and private markets), and bank lines of credit. The Company closely monitors its liquidity sources against the",challenge/offline-data/deere/filings/2023-08-18__de-us-20230818-q3-10q__105835.md,1791
Deere & Company,DE,2023-08-18,FY2023Q3,STRUCTURED_RESULT,q3-10q,1 | 10 | 10,"Further information concerning the Company and its businesses, including factors that could materially affect the Company's financial results, is included in the Company's other filings with the SEC (including, but not limited to, the factors discussed in Item 1A. 'Risk Factors' of our Annual Report on Form 10-K and this Quarterly Report on Form 10-Q). There also may be other factors that we canno",challenge/offline-data/deere/filings/2023-08-18__de-us-20230818-q3-10q__105835.md,2010
Deere & Company,DE,2023-08-18,FY2023Q3,STRUCTURED_RESULT,q3-8k,9.75 billion | 10.00 billion,Full-year net income forecast increased to $9.75 billion to $10.00 billion.,challenge/offline-data/deere/filings/2023-08-18__de-us-20230818-q3-8k__105829.md,24
Deere & Company,DE,2023-08-18,FY2023Q3,STRUCTURED_RESULT,q3-8k,2023 ,Net income attributable to Deere & Company for fiscal 2023 is forecast to be in a range of,challenge/offline-data/deere/filings/2023-08-18__de-us-20230818-q3-8k__105829.md,40
Deere & Company,DE,2023-08-18,FY2023Q3,STRUCTURED_RESULT,q3-8k,9.75 billion | 10.00 billion,- Full-year net income forecast increased to $9.75 billion to $10.00 billion.,challenge/offline-data/deere/filings/2023-08-18__de-us-20230818-q3-8k__105829.md,62
Deere & Company,DE,2023-08-18,FY2023Q3,STRUCTURED_RESULT,q3-8k,2023  | 9.75 billion | 10.00 billion,Net income attributable to Deere &amp; Company for fiscal 2023 is forecast to be in a range of $9.75 billion to $10.00 billion.,challenge/offline-data/deere/filings/2023-08-18__de-us-20230818-q3-8k__105829.md,72
Deere & Company,DE,2023-08-18,FY2023Q3,STRUCTURED_RESULT,q3-8k,2023  | 630 million | 2022  | 2023,"Financial Services. Fiscal-year 2023 net income attributable to Deere &amp; Company for the financial services operations is forecast to be $630 million. Results are expected to be lower than fiscal year 2022 due to less-favorable financing spreads, a correction of the accounting treatment for financing incentives offered to John Deere dealers (recorded in the second quarter of 2023), a higher pro",challenge/offline-data/deere/filings/2023-08-18__de-us-20230818-q3-8k__105829.md,170
Deere & Company,DE,2023-08-18,FY2023Q3,STRUCTURED_RESULT,q3-8k,1995. ,"Certain statements contained herein, including in the section entitled 'Company Outlook &amp; Summary,' 'Industry Outlook,' and 'Deere Segment Outlook,' relating to future events, expectations, and trends, constitute 'forward-looking statements' as defined in the Private Securities Litigation Reform Act of 1995. Some of these risks and uncertainties could affect all lines of the company's operatio",challenge/offline-data/deere/filings/2023-08-18__de-us-20230818-q3-8k__105829.md,176
Deere & Company,DE,2023-08-18,FY2023Q3,STRUCTURED_RESULT,q3-8k,1 | 10 | 10,"Further information concerning the company and its businesses, including factors that could materially affect the company's financial results, is included in the company's other filings with the SEC (including, but not limited to, the factors discussed in Item 1A. 'Risk Factors' of our Annual Report on Form 10-K and subsequent Quarterly Reports on Form 10-Q). There also may be other factors that w",challenge/offline-data/deere/filings/2023-08-18__de-us-20230818-q3-8k__105829.md,205
Deere & Company,DE,2023-05-19,FY2023Q2,EARNINGS_CALL,call-pres,2023. ,"Unknown speaker: Hello. Also on the call today are Josh Jepsen, Chief Financial Officer, Dave Gilmore, Senior Vice President, Ag & Turf Sales and Marketing, Kanlaya Barr, Director of Corporate Economics, and Rachel Bach, Manager of Investor Communications. Today, we'll take a closer look at Deere's second quarter earnings, spend some time talking about our markets and our current outlook for fisca",challenge/offline-data/deere/call-transcripts/2023-05-19__de-us-20230519-call-pres__46451.md,15
Deere & Company,DE,2023-05-19,FY2023Q2,EARNINGS_CALL,call-pres,2.86 billion | 9.65  | 7.822 billion | 53% | 20  | 3 ,"Unknown speaker: Net income attributable to Deere & Company was $2.86 billion or $9.65 per diluted share. Taking a closer look at the individual segments, we begin with the Production and Precision Ag business on slide four. Net sales of $7.822 billion were up 53% compared to the second quarter last year, in fact more than our own forecast, primarily due to increased shipment volumes and price rea",challenge/offline-data/deere/call-transcripts/2023-05-19__de-us-20230519-call-pres__46451.md,23
Deere & Company,DE,2023-05-19,FY2023Q2,EARNINGS_CALL,call-pres,6  | 10% | 2024.,"Unknown speaker: The increased profit was primarily due to price realization and to a lesser extent, higher shipment volumes and mix, which were partially offset by higher production costs, R&D and SA&G, and negative currency translation. Slide 6 covers our industry outlook for Ag and Turf markets globally. We expect industry sales of large Ag equipment in U.S. and Canada to be up approximately 10",challenge/offline-data/deere/call-transcripts/2023-05-19__de-us-20230519-call-pres__46451.md,27
Deere & Company,DE,2023-05-19,FY2023Q2,EARNINGS_CALL,call-pres,20% | 15 ,"Unknown speaker: In South America, we expect industry sales of tractors and combines to be flat, holding strong relative to historical levels. Ag fundamentals remain solid in Brazil, but markets are tempered by delays in government sponsored financing programs for small Ag producers. Meanwhile, Argentina continues to grapple with a historic drought, which has significantly pressured yields for the",challenge/offline-data/deere/call-transcripts/2023-05-19__de-us-20230519-call-pres__46451.md,31
Deere & Company,DE,2023-05-19,FY2023Q2,EARNINGS_CALL,call-pres,25% | 26% | 8  | 5% | 2023.  | 9 ,"Unknown speaker: For the segment's operating margin, our full year forecast is now between 25% and 26%. Slide 8 shows our forecast for the Small Ag and Turf segment. We now expect net sales to be up around 5% in fiscal year 2023. This guidance includes about 9 points of positive price realization and just over half a point of currency headwind. The segment's operating margin is now projected to be",challenge/offline-data/deere/call-transcripts/2023-05-19__de-us-20230519-call-pres__46451.md,33
Deere & Company,DE,2023-05-19,FY2023Q2,EARNINGS_CALL,call-pres,838 million | 20.4% | 279 million | 10  | 2023 ,"Unknown speaker: Operating profit increased year-over-year to $838 million, resulting in a 20.4% operating margin due to price realization and higher shipment volumes and mix, partially offset by higher production costs and increased SA&G and R&D expenses. When comparing to last year, keep in mind the prior period results included a non-repeating net benefit of $279 million, mostly driven by a gai",challenge/offline-data/deere/call-transcripts/2023-05-19__de-us-20230519-call-pres__46451.md,35
Deere & Company,DE,2023-05-19,FY2023Q2,EARNINGS_CALL,call-pres,11.  | 2023  | 15% | 10  | 18% | -19%,"Unknown speaker: Headwinds from year-over-year declines in residential and commercial have been more than offset by strong U.S. infrastructure spending and rental inventory restocking. Dealer inventory remains below historical averages. In forestry, we estimate the global industry will be flat as the U.S. and Canada markets continue to soften while Europe continues to grow. Global road building ma",challenge/offline-data/deere/call-transcripts/2023-05-19__de-us-20230519-call-pres__46451.md,37
Deere & Company,DE,2023-05-19,FY2023Q2,EARNINGS_CALL,call-pres,"2023,  | 630 million | 13,  | 17  | 2023  | 14, ","Unknown speaker: For fiscal year 2023, our outlook is now $630 million, reflecting the less favorable financing spreads, the correction of the accounting treatment for financing incentives, a higher provision for credit losses, increased SA&G expenses, and lower gains on operating lease dispositions, partially offset by the benefits from a higher average portfolio balance. Turning to slide 13, cre",challenge/offline-data/deere/call-transcripts/2023-05-19__de-us-20230519-call-pres__46451.md,41
Deere & Company,DE,2023-05-19,FY2023Q2,EARNINGS_CALL,call-pres,"2023,  | 9.25 billion | 9.5 billion | 23% | 25% | 10 billion","Unknown speaker: For fiscal year 2023, we are again raising our outlook for net income to be between $9.25 billion and $9.5 billion, reflecting the strong results for the second quarter and continued optimism for the remainder of the year. Next, our guidance incorporates an effective tax rate between 23% and 25%. Lastly, our cash flow from equipment operations is now projected to be in the range o",challenge/offline-data/deere/call-transcripts/2023-05-19__de-us-20230519-call-pres__46451.md,43
Deere & Company,DE,2023-05-19,FY2023Q2,EARNINGS_CALL,call-pres,10% | 1 | 2021.,"Unknown speaker: Thanks, Rachel. I would start by saying the performance came in ahead of our own internal expectations due to two primary drivers. From a top-line perspective, our factories had their best quarter of execution since the beginning of COVID. Supply chain improvements enabled our factories to hit their line rates and deliver machines at a faster pace. As a result, we were able to pul",challenge/offline-data/deere/call-transcripts/2023-05-19__de-us-20230519-call-pres__46451.md,47
Deere & Company,DE,2023-05-19,FY2023Q2,EARNINGS_CALL,call-pres,2023. ,"Unknown speaker: Supply chain improvements have enabled our suppliers to deliver towards their volume commitments and improve their on-time deliveries. There are still enough constraints in the supply base that will limit higher levels of production later in the year. You know, our safety stocks for critical components are still low, and our margin of error is relatively thin. Given the existing c",challenge/offline-data/deere/call-transcripts/2023-05-19__de-us-20230519-call-pres__46451.md,53
Deere & Company,DE,2023-05-19,FY2023Q2,EARNINGS_CALL,call-pres,"3  | 2023, ","Unknown speaker: Of course, Rachel. We're closely monitoring all the challenges in the banking sector as the market has contended with rising rates over the last year. Fortunately, John Deere Financial remains in excellent condition. There's been no change in our ability to fund the portfolio, and the credit quality has been outstanding. As we discussed previously, our forecast this year implies p",challenge/offline-data/deere/call-transcripts/2023-05-19__de-us-20230519-call-pres__46451.md,87
Deere & Company,DE,2023-05-19,FY2023Q2,EARNINGS_CALL,call-pres,23%,"Unknown speaker: Meanwhile, our combine inventory to sales ratio currently sits at 23%, as we were able to pull some of our production ahead into the second quarter. At this time, we expect the second quarter to be the highest production for combines this year. Combine inventory seasonally peaks during the quarter of highest production, with historic average I/S ratios greater than where we are cu",challenge/offline-data/deere/call-transcripts/2023-05-19__de-us-20230519-call-pres__46451.md,97
Deere & Company,DE,2023-05-19,FY2023Q2,EARNINGS_CALL,call-pres,"20% | -25% | 2023,  | 2023  | 2024.  | 1 ","Unknown speaker: To quantify that, we are producing roughly 20%-25% less than the average production volumes of prior replacement periods. As we look ahead to the rest of 2023, we see robust demand with our order books providing excellent visibility through the end of the year. We expect the ending inventories in 2023 to be below target levels, making for a very good starting position entering 202",challenge/offline-data/deere/call-transcripts/2023-05-19__de-us-20230519-call-pres__46451.md,105
Deere & Company,DE,2023-05-19,FY2023Q2,EARNINGS_CALL,call-qna,2024. ,"Unknown speaker: Hi, good morning, congrats on a nice quarter. I guess first, you know, with regard to Production and Precision Ag, your sales guide hasn't changed. You know, with North America large ag industry better and pricing up a bit. I understand there's a pull forward, you know, again, higher production than you thought. To what degree do you want to if supply chain improves, do you want t",challenge/offline-data/deere/call-transcripts/2023-05-19__de-us-20230519-call-qna__46469.md,15
Deere & Company,DE,2023-05-19,FY2023Q2,EARNINGS_CALL,call-qna,2024. ,"Unknown speaker: From a U.S. and Canada perspective, when you reference the products that we would include in quote-unquote ""Small Ag and Turf,"" a majority of those products are going to customers, perhaps in dairy and livestock operations. Which again, in the U.S. and Canada, those customers are generating profits and expected to continue that profit generation into 2024. That's been a good marke",challenge/offline-data/deere/call-transcripts/2023-05-19__de-us-20230519-call-qna__46469.md,101
Deere & Company,DE,2023-05-19,FY2023Q2,EARNINGS_CALL,call-qna,"2023,  | 2022.  | 3 | 22% | 1 | 20%","Unknown speaker: Regarding price, maybe there's a couple of different dynamics at play here. You know, maybe I'll just start with the rest of the year, and you can, you can see this in our guide. You know, we would expect price realization to moderate as we progress through 2023, and that really reflects some of the midyear pricing actions that we took in 2022. We'll anniversary and we'll lap thos",challenge/offline-data/deere/call-transcripts/2023-05-19__de-us-20230519-call-qna__46469.md,117
Deere & Company,DE,2023-05-19,FY2023Q2,EARNINGS_CALL,call-qna,2023.  | 2023  | 2024.,"Unknown speaker: That's really the one call-out I would have for sort of the rest of 2023. As it relates to inventory, our comments on the call have all been Deere-specific inventory. You know, similar to large ag, we've seen a little bit of an increase here in season, but that's all commensurate with our production levels that we had in the second quarter. You know, our ending inventory forecast ",challenge/offline-data/deere/call-transcripts/2023-05-19__de-us-20230519-call-qna__46469.md,151
Deere & Company,DE,2023-05-19,FY2023Q2,EARNINGS_CALL,call-qna,1.3 billion,"Unknown speaker: Hey, Stanley, it's Josh. appreciate the question. You know, I think we're seeing here the benefit of our business model in executing the strategy in terms of really strong cash generation. Clearly with our full year guide, we see that continuing. You know, we did about $1.3 billion here this quarter. You know, we don't provide a forecast there, but I think, you know, fair to assum",challenge/offline-data/deere/call-transcripts/2023-05-19__de-us-20230519-call-qna__46469.md,165
Deere & Company,DE,2023-05-19,FY2023Q2,STRUCTURED_RESULT,q2-10q,"52 | 53  | 2023  | 2022  | 30,  | 2023 ","The Company uses a 52/53 week fiscal year with quarters ending on the last Sunday in the reporting period. The second quarter ends for fiscal year 2023 and 2022 were April 30, 2023 and May 1, 2022, respectively. Both second quarters contained 13 weeks, while both year-to-date periods contained 26 weeks. Unless otherwise stated, references to particular years, quarters, or months refer to the Compa",challenge/offline-data/deere/filings/2023-05-19__de-us-20230519-q2-10q__105852.md,490
Deere & Company,DE,2023-05-19,FY2023Q2,STRUCTURED_RESULT,q2-10q,10,"The interim consolidated financial statements of Deere &amp; Company have been prepared by the Company, without audit, pursuant to the rules and regulations of the U.S. Securities and Exchange Commission (SEC). Certain information and footnote disclosures normally included in annual financial statements prepared in accordance with accounting principles generally accepted in the U.S. have been cond",challenge/offline-data/deere/filings/2023-05-19__de-us-20230519-q2-10q__105852.md,496
Deere & Company,DE,2023-05-19,FY2023Q2,STRUCTURED_RESULT,q2-10q,2023 ,The Company closely monitors all Accounting Standard Updates (ASUs) issued by the Financial Accounting Standards Board and other authoritative guidance. ASUs adopted in 2023 did not have a material impact on the Company's financial statements. ASUs to be adopted in future periods are being evaluated and at this point are not expected to have a material impact on the Company's financial statements.,challenge/offline-data/deere/filings/2023-05-19__de-us-20230519-q2-10q__105852.md,504
Deere & Company,DE,2023-05-19,FY2023Q2,STRUCTURED_RESULT,q2-10q,"16,  | 1,622 million | 1,423 million | 1,423 million | 30,  | 2023, ","The Company invoices in advance of recognizing the sale of certain products and the revenue for certain services. These relate to extended warranty premiums, advance payments for future equipment sales, and subscription and service revenue related to precision guidance and telematic services. These advanced customer payments are presented as deferred revenue, a contract liability, in 'Accounts pay",challenge/offline-data/deere/filings/2023-05-19__de-us-20230519-q2-10q__105852.md,690
Deere & Company,DE,2023-05-19,FY2023Q2,STRUCTURED_RESULT,q2-10q,"1,378 million | 30,  | 2023.  | 2023  | 238,  | 2024 ","The amount of unsatisfied performance obligations for contracts with an original duration greater than one year was $1,378 million at April 30, 2023. The estimated revenue to be recognized by fiscal year follows in millions of dollars: remainder of 2023 - $238, 2024 - $376, 2025 - $294, 2026 - $191, 2027 - $111, 2028 - $68 and later years - $100. As permitted, the Company elected only to disclose ",challenge/offline-data/deere/filings/2023-05-19__de-us-20230519-q2-10q__105852.md,692
Deere & Company,DE,2023-05-19,FY2023Q2,STRUCTURED_RESULT,q2-10q,2023 ,The reduction in the 2023 pension net cost is due to increases in the expected long-term return rates on plan assets and increases in discount rates. The components of net periodic pension and OPEB (benefit) cost excluding the service cost component are included in the line item 'Other operating expenses' in the statements of consolidated income.,challenge/offline-data/deere/filings/2023-05-19__de-us-20230519-q2-10q__105852.md,831
Deere & Company,DE,2023-05-19,FY2023Q2,STRUCTURED_RESULT,q2-10q,2023 ,"Excluding the portfolio in Russia, the allowance for credit losses increased in the second quarter and the first six months of 2023 mainly due to higher portfolio balances and higher expected losses on turf and construction financing receivables. As part of the allowance setting process, the Company continues to monitor the economy, including potential impacts of inflation and interest rates, amon",challenge/offline-data/deere/filings/2023-05-19__de-us-20230519-q2-10q__105852.md,1068
Deere & Company,DE,2023-05-19,FY2023Q2,STRUCTURED_RESULT,q2-10q,"949 million | 809 million | 30,  | 2023  | 1,  | 2022, ","The premiums for extended warranties are recognized in other income in the statements of consolidated income in proportion to the costs expected to be incurred over the contract period. The unamortized extended warranty premiums (deferred revenue) included in the following table totaled $949 million and $809 million at April 30, 2023 and May 1, 2022, respectively.",challenge/offline-data/deere/filings/2023-05-19__de-us-20230519-q2-10q__105852.md,1336
Deere & Company,DE,2023-05-19,FY2023Q2,STRUCTURED_RESULT,q2-10q,"30,  | 2023 ","The amount of gain recorded in OCI at April 30, 2023 that is expected to be reclassified to interest expense in the",challenge/offline-data/deere/filings/2023-05-19__de-us-20230519-q2-10q__105852.md,1532
Deere & Company,DE,2023-05-19,FY2023Q2,STRUCTURED_RESULT,q2-10q,"30,  | 2023  | 30 million","The amount of gain recorded in OCI at April 30, 2023 that is expected to be reclassified to interest expense in the next twelve months if interest rates remain unchanged is approximately $30 million after-tax. No gains or losses were reclassified from OCI to earnings based on the probability that the original forecasted transaction would not occur.",challenge/offline-data/deere/filings/2023-05-19__de-us-20230519-q2-10q__105852.md,1565
Deere & Company,DE,2023-05-19,FY2023Q2,STRUCTURED_RESULT,q2-10q,2023  | 2023  | 10 percent | 2022.  | 5 percent | 2023. ,Industry Trends for Fiscal Year 2023 - Industry sales of large agricultural machinery in the U.S. and Canada for 2023 are forecasted to increase approximately 10 percent compared to 2022. Industry sales of small agricultural and turf equipment in the U.S. and Canada are expected to be down about 5 percent in 2023. Industry sales of agricultural machinery in Europe are forecasted to be flat to up 5,challenge/offline-data/deere/filings/2023-05-19__de-us-20230519-q2-10q__105852.md,1779
Deere & Company,DE,2023-05-19,FY2023Q2,STRUCTURED_RESULT,q2-10q,"2023.  | 2023,  | 2023  | 2024.  | 10 | 2023 ","Demand for the Company's equipment remains strong, as order books are full throughout 2023. Agricultural fundamentals are expected to remain solid through 2023, and retail demand will comprise most of 2023 sales. The North American retail customer fleet age of combines and large tractors is historically high, and dealer inventories are low due to the manufacturing and supply chain constraints over",challenge/offline-data/deere/filings/2023-05-19__de-us-20230519-q2-10q__105852.md,1785
Deere & Company,DE,2023-05-19,FY2023Q2,STRUCTURED_RESULT,q2-10q,2023  | 2022. ,spreads in the first six months of 2023 compared to 2022. The Company expects spread compression to,challenge/offline-data/deere/filings/2023-05-19__de-us-20230519-q2-10q__105852.md,1819
Deere & Company,DE,2023-05-19,FY2023Q2,STRUCTURED_RESULT,q2-10q,2022 ,"fiscal year 2022 due to less-favorable financing spreads, the correction of the accounting treatment for financing incentives offered to John Deere dealers, unfavorable derivative market valuation adjustments, a higher provision for credit losses, higher selling, administrative and general expenses, and lower gains on operating-lease dispositions. These factors are expected to be partially offset ",challenge/offline-data/deere/filings/2023-05-19__de-us-20230519-q2-10q__105852.md,1841
Deere & Company,DE,2023-05-19,FY2023Q2,STRUCTURED_RESULT,q2-10q,2023.  | 84 million | 2023  | 2022.  | 2023.,"Central bank policy interest rates increased in the first six months of 2023. Most retail receivables are fixed rate, while wholesale financing receivables are variable rate. The Company has both fixed and variable rate borrowings. The Company manages the risk of interest rate fluctuations by balancing the types and amounts of its funding sources to its financing receivable and equipment on operat",challenge/offline-data/deere/filings/2023-05-19__de-us-20230519-q2-10q__105852.md,1853
Deere & Company,DE,2023-05-19,FY2023Q2,STRUCTURED_RESULT,q2-10q,"12  | 12  | 2022.  | 2023, ","The Company has access to most global capital markets at a reasonable cost. Sources of liquidity for the Company include cash and cash equivalents, marketable securities, funds from operations, the issuance of commercial paper and term debt, the securitization of retail notes (both public and private markets), and bank lines of credit. The Company closely monitors its liquidity sources against the",challenge/offline-data/deere/filings/2023-05-19__de-us-20230519-q2-10q__105852.md,2099
Deere & Company,DE,2023-05-19,FY2023Q2,STRUCTURED_RESULT,q2-10q,1 | 10 | 10,"Further information concerning the Company and its businesses, including factors that could materially affect the Company's financial results, is included in the Company's other filings with the SEC (including, but not limited to, the factors discussed in Item 1A. 'Risk Factors' of our Annual Report on Form 10-K and this Quarterly Report on Form 10-Q). There also may be other factors that we canno",challenge/offline-data/deere/filings/2023-05-19__de-us-20230519-q2-10q__105852.md,2375
Deere & Company,DE,2023-05-19,FY2023Q2,STRUCTURED_RESULT,q2-8k,9.25 billion | 9.50 billion,Full-year net income forecast increased to $9.25 billion to $9.50 billion with cash flow from,challenge/offline-data/deere/filings/2023-05-19__de-us-20230519-q2-8k__105839.md,26
Deere & Company,DE,2023-05-19,FY2023Q2,STRUCTURED_RESULT,q2-8k,10.00 billion | 10.50 billion,equipment operations expected to be $10.00 billion to $10.50 billion.,challenge/offline-data/deere/filings/2023-05-19__de-us-20230519-q2-8k__105839.md,27
Deere & Company,DE,2023-05-19,FY2023Q2,STRUCTURED_RESULT,q2-8k,2023 ,Net income attributable to Deere & Company for fiscal 2023 is forecast to be in a range of,challenge/offline-data/deere/filings/2023-05-19__de-us-20230519-q2-8k__105839.md,44
Deere & Company,DE,2023-05-19,FY2023Q2,STRUCTURED_RESULT,q2-8k,9.25 billion | 9.50 billion | 10.00 billion | 10.50 billion,- Full-year net income forecast increased to $9.25 billion to $9.50 billion with cash flow from equipment operations expected to be $10.00 billion to $10.50 billion.,challenge/offline-data/deere/filings/2023-05-19__de-us-20230519-q2-8k__105839.md,63
Deere & Company,DE,2023-05-19,FY2023Q2,STRUCTURED_RESULT,q2-8k,2023  | 9.25 billion | 9.50 billion,Net income attributable to Deere &amp; Company for fiscal 2023 is forecast to be in a range of $9.25 billion to $9.50 billion.,challenge/offline-data/deere/filings/2023-05-19__de-us-20230519-q2-8k__105839.md,73
Deere & Company,DE,2023-05-19,FY2023Q2,STRUCTURED_RESULT,q2-8k,2023,## Deere Segment Outlook for Fiscal 2023,challenge/offline-data/deere/filings/2023-05-19__de-us-20230519-q2-8k__105839.md,197
Deere & Company,DE,2023-05-19,FY2023Q2,STRUCTURED_RESULT,q2-8k,2023  | 630 million | 2022 ,"Financial Services. Fiscal-year 2023 net income attributable to Deere &amp; Company for the financial services operations is forecast to be $630 million. Results are expected to be lower than fiscal year 2022 due to less-favorable financing spreads, the correction of the accounting treatment for financing incentives offered to John Deere dealers, unfavorable derivative market valuation adjustments",challenge/offline-data/deere/filings/2023-05-19__de-us-20230519-q2-8k__105839.md,231
Deere & Company,DE,2023-05-19,FY2023Q2,STRUCTURED_RESULT,q2-8k,1995. ,"Certain statements contained herein, including in the section entitled 'Company Outlook &amp; Summary,' 'Industry Outlook,' and 'Deere Segment Outlook,' relating to future events, expectations, and trends, constitute 'forward-looking statements' as defined in the Private Securities Litigation Reform Act of 1995. Some of these risks and uncertainties could affect all lines of the company's operatio",challenge/offline-data/deere/filings/2023-05-19__de-us-20230519-q2-8k__105839.md,247
Deere & Company,DE,2023-05-19,FY2023Q2,STRUCTURED_RESULT,q2-8k,1 | 10 | 10,"Further information concerning the company and its businesses, including factors that could materially affect the company's financial results, is included in the company's other filings with the SEC (including, but not limited to, the factors discussed in Item 1A. 'Risk Factors' of our Annual Report on Form 10-K and subsequent Quarterly Reports on Form 10-Q). There also may be other factors that w",challenge/offline-data/deere/filings/2023-05-19__de-us-20230519-q2-8k__105839.md,276
