company,ticker,published_at,period,source_file,guidance_metric,division,contract_type,value,low,high,unit,basis,status,quote
Hays plc,LSE:HAS,2018-10-11,Q1 2019,call-transcripts/2018-10-11__has-ln-20181011-call-pres-2__1467953.md,consultant_headcount,Group,,5,5,7,%,company_expectation,new,"Seven, group consultant headcount rose 5% in the quarter, in line with our expectation, and up 7% year-on-year."
Hays plc,LSE:HAS,2018-10-11,Q1 2019,call-transcripts/2018-10-11__has-ln-20181011-call-pres-2__1467953.md,net_fees,Australia & New Zealand,,4,4,29,%,company_expectation,new,"In New Zealand, which represents about 4% of ANZ, our growth remains below expectations, and net fees fell by 29%."
Hays plc,LSE:HAS,2018-10-11,Q1 2019,call-transcripts/2018-10-11__has-ln-20181011-call-pres-2__1467953.md,consultant_headcount,,,2019,,,,company_expectation,new,"As flagged at our full-year results, we expect a smoother profile of headcount additions in FY 2019 compared to the prior year."
Hays plc,LSE:HAS,2018-10-11,Q1 2019,call-transcripts/2018-10-11__has-ln-20181011-call-pres-2__1467953.md,net_fees,Germany,,3,3,1,%,company_expectation,new,We expect this to have a 3% positive impact on Q2 net fees in Germany and a 1% positive impact on Q2 group net fees.
Hays plc,LSE:HAS,2018-10-11,Q1 FY2019,call-transcripts/2018-10-11__has-ln-20181011-call-qna__1467961.md,temp_outlook,,contracting,,,,qualitative,company_expectation,qualitative,"Firstly, there's no doubt that if we focus on the contracting and temp side, we're a couple of percentage points below where we would have expected, certainly when I did the Q4 update at the end of June."
Hays plc,LSE:HAS,2018-10-11,Q1 FY2019,call-transcripts/2018-10-11__has-ln-20181011-call-qna__1467961.md,consultant_headcount,,,,,,qualitative,company_expectation,qualitative,"One follow-up question, with respect to headcount additions, consultant headcount additions, what do you expect, let's say, for Q2 to add?"
Hays plc,LSE:HAS,2018-10-11,Q1 FY2019,call-transcripts/2018-10-11__has-ln-20181011-call-qna__1467961.md,consultant_headcount,,,10,,,%,narrative,new,"Unknown speaker: Having put a lot of headcount in last year, a bit more in at the moment, we will be a little bit more cautious as we go across the next few months, but we're going to try to keep the fee growth at 10%."
Hays plc,LSE:HAS,2018-10-11,Q1 FY2019,call-transcripts/2018-10-11__has-ln-20181011-call-qna__1467961.md,consultant_headcount,,,10,10,12,%,narrative,new,"Sorry, the headcount growth at about 10% and drive a little bit of productivity on the top, excepting, of course, that the headcount we brought in 12 months ago is now becoming more productive, and it will go through that productivity curve."
Hays plc,LSE:HAS,2018-10-11,Q1 FY2019,call-transcripts/2018-10-11__has-ln-20181011-call-qna__1467961.md,consultant_headcount,,,,,,qualitative,narrative,qualitative,Therefore we will continue with the structural investments whilst being slightly more cautious on headcounts.
Hays plc,LSE:HAS,2019-01-15,Q2 2019,call-transcripts/2019-01-15__has-ln-20190115-call-pres-2__1427513.md,consultant_headcount,Group,,2,2,7,%,company_expectation,new,"Unknown speaker: Seven, group consultant headcount rose 2% in the quarter, in line with expectations, and 7% year-on-year."
Hays plc,LSE:HAS,2019-01-15,Q2 2019,call-transcripts/2019-01-15__has-ln-20190115-call-pres-2__1427513.md,net_fees,Australia & New Zealand,,5,5,21,%,company_expectation,new,"In New Zealand, which represents about 5% of ANZ, our growth remains below expectations and net fees fell by 21%."
Hays plc,LSE:HAS,2019-01-15,Q2 2019,call-transcripts/2019-01-15__has-ln-20190115-call-pres-2__1427513.md,consultant_headcount,,,2019,,,,company_expectation,new,"Unknown speaker: As previously flagged, we expect a much smoother profile of headcount additions throughout FY 2019 compared to last year, which saw our consultant headcount growth heavily skewed to half one."
Hays plc,LSE:HAS,2019-01-15,Q2 2019,call-transcripts/2019-01-15__has-ln-20190115-call-pres-2__1427513.md,net_fees,,,1,1,1,%,company_expectation,new,"We expect this will have a 1% benefit to our net fees in Q3, with a corresponding 1% negative impact in Q4."
Hays plc,LSE:HAS,2019-01-15,Q2 2019,call-transcripts/2019-01-15__has-ln-20190115-call-pres-2__1427513.md,consultant_headcount,Group,,2,,,%,company_expectation,new,Unknown speaker: We anticipate sequential growth in group headcount to be broadly similar to the 2% delivered in Q2.
Hays plc,LSE:HAS,2019-01-15,Q2 2019,call-transcripts/2019-01-15__has-ln-20190115-call-pres__546311.md,consultant_headcount,,,7,,,,company_expectation,new,"7 consecutive consultant headcount rose 2% in the quarter, in line with expectations and 7% year on year."
Hays plc,LSE:HAS,2019-01-15,Q2 2019,call-transcripts/2019-01-15__has-ln-20190115-call-pres__546311.md,net_fees,Australia & New Zealand,,5,5,21,%,company_expectation,new,"In New Zealand, which represents about 5% of ANZ, our growth remains below expectations and net fees are by 21%."
Hays plc,LSE:HAS,2019-01-15,Q2 2019,call-transcripts/2019-01-15__has-ln-20190115-call-pres__546311.md,consultant_headcount,,,2019,2019,1,,company_expectation,new,"As previously flagged, we expect a much smoother profile of headcount additions, throughout FY 2019 compared to last year, we saw our consultant headcount growth heavily skewed to half 1."
Hays plc,LSE:HAS,2019-01-15,Q2 2019,call-transcripts/2019-01-15__has-ln-20190115-call-pres__546311.md,net_fees,,,2019,,,,narrative,new,"Fires and technical guidance, Easter falls entirely in Q4 FY 2019, whilst last year, there was even a split between our Q3 and Q4, except this will have a 1% benefit to our net fees in Q3 with a corresponding 1% negative impact in Q4."
Hays plc,LSE:HAS,2019-01-15,Q2 2019,call-transcripts/2019-01-15__has-ln-20190115-call-pres__546311.md,consultant_headcount,Germany,,2,,,%,company_expectation,new,"We will continue to invest structural growth markets like Germany, USA and Asia, and we anticipate sequential growth in group headcount to be broadly similar to the 2% delivered in Q2."
Hays plc,LSE:HAS,2019-01-15,Q2 2019,call-transcripts/2019-01-15__has-ln-20190115-call-pres__546311.md,consultant_headcount,,,1,,,,company_expectation,new,"Unknown speaker: And when you add that together with, of course, within the rest of the world where, you know, we have had slightly weaker growth in Europe and their we've got headcount growth ahead of fee growth, we would expect drop through in the 1st 6 months to be something like 20% Coming to the 2nd 6 months, that's really all driven by the return to work."
Hays plc,LSE:HAS,2019-01-15,H1 FY19,call-transcripts/2019-01-15__has-ln-20190115-call-qna__1427521.md,consultant_headcount,,,20,,,%,company_expectation,new,"When you add that together with, of course, within the rest of the world where we have had slightly weaker growth in Europe, and therefore we've got headcount growth ahead of fee growth, we would expect drop-through in the first six months to be something like 20%."
Hays plc,LSE:HAS,2019-02-21,H1 2019,call-transcripts/2019-02-21__has-ln-20190221-call-pres-2__1418339.md,consultant_headcount,,,,,,qualitative,company_expectation,qualitative,"I do, however, expect a more linear pattern of headcount growth and additions in our second half, including some modest sequential growth in headcount in Q3."
Hays plc,LSE:HAS,2019-02-21,H1 2019,call-transcripts/2019-02-21__has-ln-20190221-call-pres-2__1418339.md,pre_exceptional_operating_profit,,,18,18,3,,narrative,new,"If exchange rates hold for the remainder of the year, the impact on the FY 18 full year reporting operating profit will be GBP 3 million negative."
Hays plc,LSE:HAS,2019-02-21,H1 2019,call-transcripts/2019-02-21__has-ln-20190221-call-pres-2__1418339.md,net_finance_charge,,,3,,,m,company_expectation,new,We continue to expect net finance charge for the full year to be around GBP 3 million.
Hays plc,LSE:HAS,2019-02-21,H1 2019,call-transcripts/2019-02-21__has-ln-20190221-call-pres-2__1418339.md,capex,,,30,,,m,company_expectation,new,"For the full year, we continue to expect CapEx to be circa GBP 30 million."
Hays plc,LSE:HAS,2019-02-21,H1 2019,call-transcripts/2019-02-21__has-ln-20190221-call-qna__1418344.md,effective_tax_rate,,,,,,qualitative,company_expectation,qualitative,"Unknown speaker: These would be some of the metrics that we look at to say, ""Is this working?"" Net net, of course, you expect to see your fees per consultant per month increase, the standard productivity measure."
Hays plc,LSE:HAS,2019-04-16,Q3 2019,call-transcripts/2019-04-16__has-ln-20190416-call-pres-2__1406659.md,consultant_headcount,Group,,2019,,,,company_expectation,new,We anticipate group headcount to be sequentially stable in Q4 FY 2019.
Hays plc,LSE:HAS,2019-04-16,Q3 2019,call-transcripts/2019-04-16__has-ln-20190416-call-pres__545573.md,consultant_headcount,Group,,,,,qualitative,company_expectation,qualitative,We anticipate group headcount to be sequentially stable in Q4 FY2019.
Hays plc,LSE:HAS,2019-04-16,Q3 2019,call-transcripts/2019-04-16__has-ln-20190416-call-pres__545573.md,temp_outlook,,contracting,,,,qualitative,narrative,qualitative,"On the IT space, it was actually in the contracting numbers that we saw a bit of weakness, as I said, in kind of October, November, December, January, a a good pickup since So, I'm very confident that we will grow in the US in Q4 and deliver a better result than we've got here."
Hays plc,LSE:HAS,2019-04-16,Q3 2019,call-transcripts/2019-04-16__has-ln-20190416-call-pres__545573.md,consultant_headcount,,,,,,qualitative,narrative,qualitative,"Unknown speaker: Mean, if we had great certainty on the UK, we will be looking to increase headcount in the UK, but for obvious reasons, that doesn't make a lot sense at the moment, and we will simply drive profitability in the UK market."
Hays plc,LSE:HAS,2019-04-16,Q3 2019,call-transcripts/2019-04-16__has-ln-20190416-call-pres__545573.md,consultant_headcount,,,5,,,%,narrative,new,"To do something like 5% for you guys is what we've got, you know, what you add in headcount for for where you think you will be in a year's time."
Hays plc,LSE:HAS,2019-04-16,Q3 2019,call-transcripts/2019-04-16__has-ln-20190416-call-pres__545573.md,consultant_headcount,,,5,,,%,narrative,new,"I don't think this will be the right point to suddenly say, you know what, we're gonna increase headcount by the by a further 5% in the last quarter."
Hays plc,LSE:HAS,2019-04-16,Q3 FY19,call-transcripts/2019-04-16__has-ln-20190416-call-qna__1406662.md,consultant_headcount,,,,,,qualitative,narrative,qualitative,"Whilst the drop-through will be slightly better than we achieved in the first six months of the year in the rest of the world, because our headcount is in a better space, it's nowhere near similar to the drop-through we had a year ago."
Hays plc,LSE:HAS,2019-04-16,Q3 FY19,call-transcripts/2019-04-16__has-ln-20190416-call-qna__1406662.md,consultant_headcount,,,5,,,%,narrative,new,"We've got more than enough productive capacity in our business today to do something like 5% fee growth with what we've got, what you're adding headcount for where you think you will be in a year's time."
Hays plc,LSE:HAS,2019-04-16,Q3 FY19,call-transcripts/2019-04-16__has-ln-20190416-call-qna__1406662.md,consultant_headcount,,,,,,qualitative,narrative,qualitative,"At the moment, I think we'll be more cautious today, drive profitability, and then when we come to the end of the year, that will give us a position then to push on with headcount for next year."
Hays plc,LSE:HAS,2019-07-16,Q4 2019,call-transcripts/2019-07-16__has-ln-20190716-call-pres-2__1381898.md,pre_exceptional_operating_profit,,,248,,,m,company_expectation,new,We have reiterated the expectation for full-year operating profit to be in line with current market expectations of GBP 248 million.
Hays plc,LSE:HAS,2019-07-16,Q4 2019,call-transcripts/2019-07-16__has-ln-20190716-call-pres-2__1381898.md,pre_exceptional_operating_profit,,,248,,,m,company_expectation,new,"Firstly, we expect full-year operating profit to be in line with current consensus market expectations, which we understand from Bloomberg to be GBP 248 million."
Hays plc,LSE:HAS,2019-07-16,Q4 2019,call-transcripts/2019-07-16__has-ln-20190716-call-pres-2__1381898.md,consultant_headcount,,,2020,,,,company_expectation,new,"Unknown speaker: Fourth, we expect headcount growth in Q1 FY 2020 to be up 1%-3% sequentially, including the impact of our normal seasonal graduate intake."
Hays plc,LSE:HAS,2019-07-16,Q4 2019,call-transcripts/2019-07-16__has-ln-20190716-call-pres-2__1381898.md,consultant_headcount,,,,,,qualitative,company_expectation,qualitative,"This is lower than last year, and as a result, by the end of Q1, we'd expect our headcounts and net fee growth to be in alignment."
Hays plc,LSE:HAS,2019-07-16,Q4 2019,call-transcripts/2019-07-16__has-ln-20190716-call-pres-2__1381898.md,pre_exceptional_operating_profit,,,2018,,,p,narrative,new,"Five, for comparative purposes, if we translate FY 2018 profit to average FY 2019 exchange rates, operating profit will be 3 million lower at GBP 240 million."
Hays plc,LSE:HAS,2019-07-16,Q4 2019,call-transcripts/2019-07-16__has-ln-20190716-call-pres__546230.md,pre_exceptional_operating_profit,,,1,,,,company_expectation,new,"Unknown speaker: We've reiterated the expectation for full year operating profit to be in line with current market expectations of 1,000,000 And finally, cash performance was strong, and we ended the quarter, we ended the quarter with record net cash of 1,000,000."
Hays plc,LSE:HAS,2019-07-16,Q4 2019,call-transcripts/2019-07-16__has-ln-20190716-call-pres__546230.md,pre_exceptional_operating_profit,,,1,,,,company_expectation,new,"Firstly, we expect full year operating profit to be in line with current consensus market expectations, which we understand from Bloomberg to be 1,000,000."
Hays plc,LSE:HAS,2019-07-16,Q4 2019,call-transcripts/2019-07-16__has-ln-20190716-call-pres__546230.md,consultant_headcount,,,4,,,,company_expectation,new,"4th, we expect headcount growth in Q1 FY 2020 to be up 1 to 3% sequentially, including the impact of our normal seasonal gradual intake."
Hays plc,LSE:HAS,2019-07-16,Q4 2019,call-transcripts/2019-07-16__has-ln-20190716-call-pres__546230.md,consultant_headcount,,,,,,qualitative,company_expectation,qualitative,"Unknown speaker: This is lower than last year, and as a result, by the end of Q1, we'd expect our headcounts and net fee growth to be in alignment."
Hays plc,LSE:HAS,2019-07-16,Q4 2019,call-transcripts/2019-07-16__has-ln-20190716-call-pres__546230.md,pre_exceptional_operating_profit,,,5,,,,narrative,new,"5, for comparative purposes, if we translate FY18 profit to average FY19 exchange rates, operating profit will be $3,000,000 lower at 2 1,000,000."
Hays plc,LSE:HAS,2019-07-16,Q4 2019,call-transcripts/2019-07-16__has-ln-20190716-call-pres__546230.md,consultant_headcount,,,,,,qualitative,narrative,qualitative,"We will continue to significantly invest in IT headcount, for example."
Hays plc,LSE:HAS,2019-07-16,Q4 2019,call-transcripts/2019-07-16__has-ln-20190716-call-pres__546230.md,consultant_headcount,Germany,,,,,qualitative,narrative,qualitative,"Unknown speaker: And looking at those markets, imagine, Germany and main rest of the world, that's where the investment mainly will be looking headcount in the coming months."
Hays plc,LSE:HAS,2019-07-16,Q4 2019,call-transcripts/2019-07-16__has-ln-20190716-call-pres__546230.md,consultant_headcount,,,,,,qualitative,narrative,qualitative,So Asia will have the largest part of our headcount increase in the Americas.
Hays plc,LSE:HAS,2019-07-16,Q4 2019,call-transcripts/2019-07-16__has-ln-20190716-call-pres__546230.md,consultant_headcount,,,,,,qualitative,narrative,qualitative,I think we will be fairly modest on headcount in the short term because of the uncertainties.
Hays plc,LSE:HAS,2019-07-16,Q4 2019,call-transcripts/2019-07-16__has-ln-20190716-call-pres__546230.md,perm_outlook,,permanent,,,,qualitative,narrative,qualitative,"Unknown speaker: And of course, we will get most of that back in continued wage inflation, which I will push up certainly pushes up the average perm phase."
Hays plc,LSE:HAS,2019-07-16,Q4 2019,call-transcripts/2019-07-16__has-ln-20190716-call-pres__546230.md,consultant_headcount,,,2020,,,,company_expectation,new,"Guidance will stop, but you don't really talk about fiscal 2020 in detail at this point, but, I suppose, is it fair to say that H1 given the exit rate, with an uplift in D And A And Property Cost and with headcounts still running slightly above fee growth, we'd we'd we might expect that being a slightly tougher period, but maybe then hopefully turning a bit better in the second half of next year."
Hays plc,LSE:HAS,2019-07-16,FY 2019,call-transcripts/2019-07-16__has-ln-20190716-call-qna__1381902.md,consultant_headcount,,,,,,qualitative,narrative,qualitative,"We will continue to significantly invest in IT headcount, for example."
Hays plc,LSE:HAS,2019-07-16,FY 2019,call-transcripts/2019-07-16__has-ln-20190716-call-qna__1381902.md,consultant_headcount,Germany,,,,,qualitative,narrative,qualitative,"Unknown speaker: Looking at those markets, I would imagine Germany and mainly the Rest of the World, that's where the investment mainly will be looking at headcount in the coming months."
Hays plc,LSE:HAS,2019-07-16,FY 2019,call-transcripts/2019-07-16__has-ln-20190716-call-qna__1381902.md,consultant_headcount,,,,,,qualitative,narrative,qualitative,Asia will have the largest part of our headcount increase.
Hays plc,LSE:HAS,2019-07-16,FY 2019,call-transcripts/2019-07-16__has-ln-20190716-call-qna__1381902.md,consultant_headcount,,,,,,qualitative,narrative,qualitative,Unknown speaker: I think we will be fairly modest on headcount in the short term because of the uncertainty.
Hays plc,LSE:HAS,2019-07-16,FY 2019,call-transcripts/2019-07-16__has-ln-20190716-call-qna__1381902.md,perm_outlook,,permanent,,,,qualitative,narrative,qualitative,"Of course, we will get most of that back in continued wage inflation, which, A, certainly pushes up the average perm fee."
Hays plc,LSE:HAS,2019-07-16,FY 2019,call-transcripts/2019-07-16__has-ln-20190716-call-qna__1381902.md,consultant_headcount,,,,,,qualitative,company_expectation,qualitative,"Unknown speaker: I suppose, is it fair to say that H1, given the exit rate with an uplift in D&A and property cost and with headcounts still running slightly above fee growth, we might expect that being a slightly tougher period, maybe then hopefully turning a bit better in the second half of next year."
Hays plc,LSE:HAS,2019-07-16,FY 2019,call-transcripts/2019-07-16__has-ln-20190716-call-qna__1381902.md,consultant_headcount,,,,,,qualitative,narrative,qualitative,"We exit the year in a better position from a cost standpoint because the headcount, as I said earlier on, by September will be there."
Hays plc,LSE:HAS,2019-08-29,FY 2019,call-transcripts/2019-08-29__has-ln-20190829-call-pres-2__1372693.md,pre_exceptional_operating_profit,,,2019,,,,narrative,new,"Unknown speaker: As sterling has weakened over the last few months, if current exchange rates hold for the remainder of the year, the impact on FY 2019 full-year reporting operating profit will be GBP 5 million positive, which is GBP 2 million more than when we did the Q4 IMS."
Hays plc,LSE:HAS,2019-08-29,FY 2019,call-transcripts/2019-08-29__has-ln-20190829-call-pres-2__1372693.md,net_finance_charge,,,10,,,m,company_expectation,new,"Unknown speaker: Looking forward, we expect net finance charge to increase to GBP 10 million in FY 2020, driven by a GBP 2.5 million increase in the IAS 19 pension charge due to lower accounting surplus and discount rate, and GBP 5 million with the implementation of IFRS 16 on leases, which I'll cover later."
Hays plc,LSE:HAS,2019-08-29,FY 2019,call-transcripts/2019-08-29__has-ln-20190829-call-pres-2__1372693.md,effective_tax_rate,,,29.5,,,%,company_expectation,new,"Turning to tax, our effective tax rate decreased to 29.5%, driven by the geographic mix of profits and certain other items, and we expect tax rate to remain at 29.5% for FY 2020."
Hays plc,LSE:HAS,2019-08-29,FY 2019,call-transcripts/2019-08-29__has-ln-20190829-call-pres-2__1372693.md,pre_exceptional_operating_profit,,,16,,,,narrative,new,"We estimate the overall impact of adopting IFRS 16 in FY 2020 will increase operating profit by GBP 2 million, increase net finance costs by GBP 5 million, for a net reduction of PBT of GBP 3 million."
Hays plc,LSE:HAS,2019-08-29,FY 2019,call-transcripts/2019-08-29__has-ln-20190829-call-pres-2__1372693.md,structural_cost_savings,,,19,,,p,narrative,new,"Finally, as I've already explained, we've given guidance on IAS 19 pension charge and the further cost savings we have from restructuring charges."
Hays plc,LSE:HAS,2019-08-29,FY 2019,call-transcripts/2019-08-29__has-ln-20190829-call-pres-2__1372693.md,capex,,,2020,2020,30,,company_expectation,new,"In FY 2020, we expect CapEx to be GBP 30 million."
Hays plc,LSE:HAS,2019-08-29,Q1 2020,call-transcripts/2019-08-29__has-ln-20190829-call-qna__1372695.md,capex,,,,,,qualitative,narrative,qualitative,"We're going to continue to focus on growth areas and doing the right thing, and therefore, if we need to spend a bit more CapEx, we will do that."
Hays plc,LSE:HAS,2019-08-29,Q1 2020,call-transcripts/2019-08-29__has-ln-20190829-call-qna__1372695.md,temp_outlook,,contracting,,,,qualitative,narrative,qualitative,"Also when you've got large clients, they will also say that they have a number of temping contractors, longer term contractors that they have found themselves, and will we payroll them for that?"
Hays plc,LSE:HAS,2019-10-15,Q1 FY2020,call-transcripts/2019-10-15__has-ln-20191015-call-pres-2__1372035.md,net_fees,Group,,,,,qualitative,company_expectation,qualitative,"We delivered a solid quarterly performance with group net fees flat on a headline basis, in line with market expectations."
Hays plc,LSE:HAS,2019-10-15,Q1 FY2020,call-transcripts/2019-10-15__has-ln-20191015-call-pres-2__1372035.md,consultant_headcount,Group,,2020,,,,company_expectation,new,"Second, we expect group headcount to remain broadly flat in Q2 FY 2020."
Hays plc,LSE:HAS,2019-10-15,Q1 FY2020,call-transcripts/2019-10-15__has-ln-20191015-call-pres-2__1372035.md,pre_exceptional_operating_profit,,,2019,,,p,narrative,new,"Three, for comparative purposes, if we retranslate our FY 2019 profits at the average exchange rate seen during FY 2020, the reported operating profit of GBP 248.8 million will be GBP 248 million, which is a GBP 6 million reduction versus the position on prelim results in August."
Hays plc,LSE:HAS,2019-10-15,Q1 FY2020,call-transcripts/2019-10-15__has-ln-20191015-call-pres__545974.md,net_fees,Group,,,,,qualitative,company_expectation,qualitative,"Unknown speaker: We delivered a solid quarterly performance with group net fees flat on a headline basis, in line with market expectations."
Hays plc,LSE:HAS,2019-10-15,Q1 FY2020,call-transcripts/2019-10-15__has-ln-20191015-call-pres__545974.md,consultant_headcount,Group,,2,,,,company_expectation,new,"2nd, we expect group headcounts to remain broadly flat in Q2 FY 'twenty."
Hays plc,LSE:HAS,2019-10-15,Q1 FY2020,call-transcripts/2019-10-15__has-ln-20191015-call-pres__545974.md,pre_exceptional_operating_profit,,,248,,,,narrative,new,"For comparative purposes, if we re translate our FY 'nineteen profits at the average exchange rate seen, during FY 'twenty' Unknown speaker: reporting operating profit Unknown speaker: of 248,800,000 will be 248,000,000, which is £6,000,000 reduction versus the position on prelim results in August."
Hays plc,LSE:HAS,2019-10-15,Q1 2020,call-transcripts/2019-10-15__has-ln-20191015-call-qna__1372037.md,consultant_headcount,,,1,1,-1,%,company_expectation,new,"At the moment, we are expecting that our headcounts, which I think was 1% up year-on-year in these results, is above the underlying fee level of -1%."
Hays plc,LSE:HAS,2020-01-16,Q2 2020,call-transcripts/2020-01-16__has-ln-20200116-call-pres-2__1338290.md,pre_exceptional_operating_profit,,,2020,2020,100,,company_expectation,new,"Unknown speaker: Three, these trends and events, combined with our continued investments in strategic launch and growth markets, plus recent adverse FX movements, mean we anticipate half one FY 2020 operating profit will be around GBP 100 million."
Hays plc,LSE:HAS,2020-01-16,Q2 2020,call-transcripts/2020-01-16__has-ln-20200116-call-pres-2__1338290.md,consultant_headcount,Group,,,,,qualitative,company_expectation,qualitative,"Second, we expect group headcount will be down modestly in Q3."
Hays plc,LSE:HAS,2020-01-16,Q2 2020,call-transcripts/2020-01-16__has-ln-20200116-call-pres__545574.md,pre_exceptional_operating_profit,,,1,,,,company_expectation,new,"These trends and events combined with our continued investment in strategic long term growth markets for its recent adverse FX movements, then we anticipate half 1 FY 'twenty operating profit will be around GBP 100,000,000."
Hays plc,LSE:HAS,2020-01-16,Q2 2020,call-transcripts/2020-01-16__has-ln-20200116-call-pres__545574.md,consultant_headcount,Group,,,,,qualitative,company_expectation,qualitative,"Question, we expect group headcount will be down modestly in Q3."
Hays plc,LSE:HAS,2020-01-16,Q2 2020,call-transcripts/2020-01-16__has-ln-20200116-call-pres__545574.md,temp_outlook,,temp,,,,qualitative,narrative,qualitative,"Is there a sense in the business that, actually that temporary and things will start to improve?"
Hays plc,LSE:HAS,2020-01-16,H1 FY20,call-transcripts/2020-01-16__has-ln-20200116-call-qna__1338294.md,temp_outlook,,temp,,,,qualitative,narrative,qualitative,Is there a sense in the business that actually they're temporary and things will start to improve?
Hays plc,LSE:HAS,2020-02-20,H1 2020,call-transcripts/2020-02-20__has-ln-20200220-call-pres-2__1308358.md,pre_exceptional_operating_profit,,,7,,,m,narrative,new,"If current exchange rates hold for the remainder of the financial year, the impact on the FY19 full-year reported operating profit will be GBP 7 million negative."
Hays plc,LSE:HAS,2020-02-20,H1 2020,call-transcripts/2020-02-20__has-ln-20200220-call-pres-2__1308358.md,net_finance_charge,,,9.5,,,m,company_expectation,new,We expect the net finance charge for the full year to be around GBP 9.5 million.
Hays plc,LSE:HAS,2020-02-20,H1 2020,call-transcripts/2020-02-20__has-ln-20200220-call-pres-2__1308358.md,capex,,,30,,,m,company_expectation,new,"For the full year, we expect CapEx to be circa GBP 30 million."
Hays plc,LSE:HAS,2020-02-20,H1 2020,call-transcripts/2020-02-20__has-ln-20200220-call-pres-2__1308358.md,temp_outlook,,temp,,,,qualitative,company_expectation,qualitative,"As we all know, expected changes in IR35 regulations in the private sector from April may well lead to a hiatus in temp activity coming up to that date and beyond, primarily in the private sector."
Hays plc,LSE:HAS,2020-07-16,Q4 2020,call-transcripts/2020-07-16__has-ln-20200716-call-pres__74978.md,net_fees,,,420,,,,narrative,new,"Unknown speaker: Third, given the significantly reduced level of demand from our clients and the tough market outlook, we took the decision to release 420 temps and incur the GBP 4.3 million of severance costs, which further reduced net fees by 20% year-on-year."
Hays plc,LSE:HAS,2020-07-16,Q4 2020,call-transcripts/2020-07-16__has-ln-20200716-call-pres__74978.md,pre_exceptional_operating_profit,Group,,130,130,135,m,company_expectation,new,"The group traded at broadly breakeven level through the fourth quarter, and we expect full-year operating profit before exceptional items to be in the GBP 130 million-GBP 135 million range."
Hays plc,LSE:HAS,2020-07-16,Q4 2020,call-transcripts/2020-07-16__has-ln-20200716-call-pres__74978.md,net_fees,Group,,,,,qualitative,narrative,qualitative,"five, although currency translation has no impact on like-to-like net fees in the quarter, exchange rate movements will remain a material sensitivity to the group's reported results."
Hays plc,LSE:HAS,2020-07-16,Q1 2021,call-transcripts/2020-07-16__has-ln-20200716-call-qna__74998.md,consultant_headcount,,,,,,qualitative,company_expectation,qualitative,"We got a bit of more work to go in the next quarter, absolutely I expect our headcount to go down further in the next quarter."
Hays plc,LSE:HAS,2020-07-16,Q1 2021,call-transcripts/2020-07-16__has-ln-20200716-call-qna__74998.md,consultant_headcount,,,,,,qualitative,narrative,qualitative,We will reduce headcount a bit further.
Hays plc,LSE:HAS,2020-07-16,Q1 2021,call-transcripts/2020-07-16__has-ln-20200716-call-qna__74998.md,consultant_headcount,,,,,,qualitative,narrative,qualitative,That will be after we've reduced our headcount.
Hays plc,LSE:HAS,2020-08-27,FY 2020,call-transcripts/2020-08-27__has-ln-20200827-call-pres__74977.md,structural_cost_savings,,,15,,,m,company_expectation,new,This is expected to deliver around GBP 15 million of annualized cost savings.
Hays plc,LSE:HAS,2020-08-27,FY 2020,call-transcripts/2020-08-27__has-ln-20200827-call-pres__74977.md,structural_cost_savings,,,10,,,m,company_expectation,new,"We completed that restructuring in our third quarter, and we expect it to deliver annualized cost savings of around GBP 10 million."
Hays plc,LSE:HAS,2020-08-27,FY 2020,call-transcripts/2020-08-27__has-ln-20200827-call-pres__74977.md,temp_outlook,,temp,,,,qualitative,narrative,qualitative,"Unknown speaker: A large proportion of this decline was due to the underutilization of temp workers, and Paul will cover the actions that we took towards year-end to reduce this bench exposure."
Hays plc,LSE:HAS,2020-08-27,FY 2020,call-transcripts/2020-08-27__has-ln-20200827-call-pres__74977.md,temp_outlook,,,4.1,4.1,420,m,narrative,new,"Unknown speaker: In Q4, fees were further reduced by GBP 4.1 million as we took the decision to release 420 temps given significantly reduced levels of demand and the tough market outlook."
Hays plc,LSE:HAS,2020-08-27,FY 2020,call-transcripts/2020-08-27__has-ln-20200827-call-pres__74977.md,consultant_headcount,,,1,1,63,m,narrative,new,"Finally, costs will reduce by circa GBP 1 million, a further headcount savings, giving a per-period cost base of GBP 63 million at current levels of trading."
Hays plc,LSE:HAS,2020-08-27,FY 2020,call-transcripts/2020-08-27__has-ln-20200827-call-pres__74977.md,net_finance_charge,,,8.5,,,m,company_expectation,new,"Looking forward, we expect net finance charge to remain at circa GBP 8.5 million in FY21."
Hays plc,LSE:HAS,2020-08-27,FY 2020,call-transcripts/2020-08-27__has-ln-20200827-call-pres__74977.md,effective_tax_rate,Group,,,,,qualitative,narrative,qualitative,"With such a wide range of potential trading results in FY21, at this stage, it's not possible to forecast the group's effective tax rate for this year only."
Hays plc,LSE:HAS,2020-08-27,FY 2020,call-transcripts/2020-08-27__has-ln-20200827-call-pres__74977.md,capex,,,2021,2021,25,,company_expectation,new,"Unknown speaker: For FY 2021, we expect CapEx to be circa GBP 25 million."
Hays plc,LSE:HAS,2020-08-27,FY 2020,call-transcripts/2020-08-27__has-ln-20200827-call-pres__74977.md,temp_outlook,,temp,2021,,,,company_expectation,new,We expect some temp underutilization and one-off costs to continue across half one FY 2021.
Hays plc,LSE:HAS,2020-08-27,H1 2021,call-transcripts/2020-08-27__has-ln-20200827-call-qna__74996.md,temp_outlook,,temp,,,,qualitative,narrative,qualitative,"Unknown speaker: The temp part will dominate as we come through the next couple of months and the positive is that every single week that goes by, there's greater utilization of the temps that we're retaining."
Hays plc,LSE:HAS,2020-08-27,H1 2021,call-transcripts/2020-08-27__has-ln-20200827-call-qna__74996.md,temp_outlook,,temp,,,,qualitative,company_expectation,qualitative,"I guess as a bit of an add-on to that, as the IT business continues to grow, would you expect that to put further incremental pressure on the temp gross margin?"
Hays plc,LSE:HAS,2020-10-15,Q1 2021,call-transcripts/2020-10-15__has-ln-20201015-call-pres__75021.md,consultant_headcount,Group,,5,,,%,company_expectation,new,"Unknown speaker: Five, whilst both group and consultant headcount reduced by 5% over the quarter, our consultant base is now appropriate for the current conditions, and we expect modest increases from the return to growth initiatives over the next few quarters."
Hays plc,LSE:HAS,2020-10-15,Q1 2021,call-transcripts/2020-10-15__has-ln-20201015-call-pres__75021.md,net_fees,,,,,,qualitative,narrative,qualitative,"Five, any material recovery and profitability in the second half of the year will require a significant sequential increase in net fees across the whole of the second half, and of course, no national lockdowns in our major markets."
Hays plc,LSE:HAS,2020-10-15,Q1 2021,call-transcripts/2020-10-15__has-ln-20201015-call-pres__75021.md,consultant_headcount,Group,,2021,,,,company_expectation,new,"Six, we expect group headcount to be broadly sequentially flat in Q2 FY 2021, outside of the return to growth initiatives, as we continue to balance appropriate cost controls in the more difficult markets with positioning the group to benefit from any market recovery."
Hays plc,LSE:HAS,2020-10-15,Q1 2021,call-transcripts/2020-10-15__has-ln-20201015-call-qna__75038.md,temp_outlook,,contracting,2021,,,,narrative,new,"I do think when we get into calendar year 2021, that we'll move into a more normal recovery phase then in the economy, where most of the pickup will be in contracting, it'll be in temp, and it'll be in interim markets in the perm part."
Hays plc,LSE:HAS,2020-10-15,Q1 2021,call-transcripts/2020-10-15__has-ln-20201015-call-qna__75038.md,temp_outlook,,temp,,,,qualitative,narrative,qualitative,I think we will probably get some pickup in temp.
Hays plc,LSE:HAS,2020-10-15,Q1 2021,call-transcripts/2020-10-15__has-ln-20201015-call-qna__75038.md,temp_outlook,,temp,,,,qualitative,narrative,qualitative,"Of course, at some point, the temp book will unwind."
Hays plc,LSE:HAS,2020-10-15,Q1 2021,call-transcripts/2020-10-15__has-ln-20201015-call-qna__75038.md,temp_outlook,,temp,,,,qualitative,company_expectation,qualitative,"Unknown speaker: What is clear in the manufacturing and automotive sector is that, as you've seen, temp numbers have reduced further, and I'd expect that to continue to go into the next quarter."
Hays plc,LSE:HAS,2021-01-14,Q2 2021,call-transcripts/2021-01-14__has-ln-20210114-call-pres__75024.md,pre_exceptional_operating_profit,,,2021,2021,25,,company_expectation,new,"Two, as a result of stronger net fee performance, operating profit for half one FY 2021 is expected to be circa GBP 25 million."
Hays plc,LSE:HAS,2021-01-14,Q2 2021,call-transcripts/2021-01-14__has-ln-20210114-call-pres__75024.md,temp_outlook,,temp,2021,,,,company_expectation,new,"This said, Temp trends improved through the quarter, and we currently do not expect further material negative impacts from Temp severance costs or underutilization in half two FY 2021."
Hays plc,LSE:HAS,2021-01-14,Q2 2021,call-transcripts/2021-01-14__has-ln-20210114-call-pres__75024.md,net_fees,,,2021,2021,2021,,narrative,new,"As previously noted, any material sequential increase in profitability in half two FY 2021 versus half one FY 2021 will require a further significant uplift in net fees."
Hays plc,LSE:HAS,2021-01-14,Q2 2021,call-transcripts/2021-01-14__has-ln-20210114-call-pres__75024.md,consultant_headcount,,,2,,,%,company_expectation,new,"Four, overall, we expect headcount will increase sequentially by 2%-4% in Q3 FY 2021, mainly due to the acceleration in our Return to Growth investment program."
Hays plc,LSE:HAS,2021-01-14,Q2 2021,call-transcripts/2021-01-14__has-ln-20210114-call-pres__75024.md,effective_tax_rate,,,2020,2020,40,,narrative,new,"Our best estimate is that ETR will be broadly similar to FY 2020, i.e., about 40%."
Hays plc,LSE:HAS,2021-01-14,Q2 2021,call-transcripts/2021-01-14__has-ln-20210114-call-pres__75024.md,effective_tax_rate,Group,,100,100,30,m,company_expectation,new,"Going forward, as group profitability returns to GBP 100 million or more, we expect group ETR will be around 30% rate we reported in recent years."
Hays plc,LSE:HAS,2021-02-18,H1 2021,call-transcripts/2021-02-18__has-ln-20210218-call-pres__75035.md,pre_exceptional_operating_profit,,,24,,,%,company_expectation,new,"Unknown speaker: Net fees declined 24% to GBP 422.8 million, and operating profit fell to GBP 25.1 million, we exceeded our earlier expectations as momentum increased in the second quarter."
Hays plc,LSE:HAS,2021-02-18,H1 2021,call-transcripts/2021-02-18__has-ln-20210218-call-pres__75035.md,temp_outlook,,temp,,,,qualitative,narrative,qualitative,"Thankfully, temp trends have now returned to more typical levels, which Paul will cover in a moment."
Hays plc,LSE:HAS,2021-02-18,H1 2021,call-transcripts/2021-02-18__has-ln-20210218-call-pres__75035.md,net_finance_charge,,,8,,,m,company_expectation,new,"Looking forward, we expect the net finance charge for the full year to be GBP 8 million."
Hays plc,LSE:HAS,2021-02-18,H1 2021,call-transcripts/2021-02-18__has-ln-20210218-call-pres__75035.md,effective_tax_rate,Group,,2021,,,,narrative,new,"Unknown speaker: As group profits are recovering from a very low base and profits to date are predominantly in high tax jurisdictions, it is difficult to accurately forecast our ETR for FY 2021."
Hays plc,LSE:HAS,2021-02-18,H1 2021,call-transcripts/2021-02-18__has-ln-20210218-call-pres__75035.md,effective_tax_rate,Group,,100,100,30,m,company_expectation,new,"More importantly, as the group profitability returns to GBP 100 million or more, we expect the ETR will return to around the 30% rate."
Hays plc,LSE:HAS,2021-02-18,H1 2021,call-transcripts/2021-02-18__has-ln-20210218-call-pres__75035.md,capex,,,20,,,m,company_expectation,new,"For the full year, we expect CapEx to be GBP 20 million."
Hays plc,LSE:HAS,2021-02-18,H1 2021,call-transcripts/2021-02-18__has-ln-20210218-call-pres__75035.md,temp_outlook,,temp,130,,,m,company_expectation,new,"Unknown speaker: We're also budgeting in our cash flows for an expected GBP 130 million of future working capital outflows over the next few years as our temp book rebuilds, and we see some normalization in client payment timings."
Hays plc,LSE:HAS,2021-02-18,H1 2021,call-transcripts/2021-02-18__has-ln-20210218-call-pres__75035.md,temp_outlook,,temp_and_contracting,,,,qualitative,narrative,qualitative,"Unknown speaker: This has no impact on year-over-year growth comparatives but will act as a headwind on sequential second half profit growth versus the first half, particularly in our temp and contracting business."
Hays plc,LSE:HAS,2021-02-18,H1 2021,call-transcripts/2021-02-18__has-ln-20210218-call-pres__75035.md,consultant_headcount,,,2,2,-4,%,company_expectation,new,"Including our Return to Growth plans, we expect consultant headcount will increase by 2%-4% in Q4."
Hays plc,LSE:HAS,2021-02-18,H1 2021,call-transcripts/2021-02-18__has-ln-20210218-call-qna__75053.md,temp_outlook,,temp,,,,qualitative,narrative,qualitative,"One, the use of temps, the more uniform use of temps and the longer tenure of those temps meant a lot of temps went right the way up to Christmas, whereas previously, clients will stop temp assignments early and then bring them back in January."
Hays plc,LSE:HAS,2021-02-18,H1 2021,call-transcripts/2021-02-18__has-ln-20210218-call-qna__75053.md,consultant_headcount,,,300,300,2022,,narrative,new,"Given the headcounts on the return to workload program will increase by another 300 in FY 2022, should we just assume a similar proportion of cost increase in next year or there are some obvious savings which can offset that?"
Hays plc,LSE:HAS,2021-02-18,H1 2021,call-transcripts/2021-02-18__has-ln-20210218-call-qna__75053.md,temp_outlook,,temp,,,,qualitative,company_expectation,qualitative,"We expect to regrow that temp book, and therefore it made sense to keep that money, to make sure that we can then reinvest in working capital as we go across the period."
Hays plc,LSE:HAS,2021-02-18,H1 2021,call-transcripts/2021-02-18__has-ln-20210218-call-qna__75053.md,temp_outlook,,temp,,,,qualitative,company_expectation,qualitative,"We'd expect to see a greater demand from our clients, a greater improvement in our sequential fees, a greater increase in our temp book."
Hays plc,LSE:HAS,2021-02-18,H1 2021,call-transcripts/2021-02-18__has-ln-20210218-call-qna__75053.md,perm_outlook,,permanent,,,,qualitative,narrative,qualitative,"Unknown speaker: I think there will be a permanent and significant drop in international travel because we have all understood the usefulness of technology to remain in touch, and we are getting a lot done using things like video."
Hays plc,LSE:HAS,2021-04-13,Q3 2021,call-transcripts/2021-04-13__has-ln-20210413-call-pres__75027.md,pre_exceptional_operating_profit,Group,,2021,2021,85,,company_expectation,new,"Six, as a result of the improved net fee performance and continued good cost control, group operating profit for FY 2021 is expected to be at least GBP 85 million."
Hays plc,LSE:HAS,2021-04-13,Q3 2021,call-transcripts/2021-04-13__has-ln-20210413-call-pres__75027.md,temp_outlook,,temp,,,,qualitative,narrative,qualitative,"Average temp volumes were down versus prior year but improved through the quarter, and we saw record levels of temp utilization and record hours per temp worker, driven by very low vacation and sickness levels, the former of which will reverse in the coming months."
Hays plc,LSE:HAS,2021-04-13,Q3 2021,call-transcripts/2021-04-13__has-ln-20210413-call-pres__75027.md,temp_outlook,,temp,,,,qualitative,narrative,qualitative,"Whilst it's too early to state whether the overall perm performance this March is repeatable, it is clear that temp hours will start to reduce to more normal levels as lockdown, and especially travel restrictions, are reduced and vacations are taken."
Hays plc,LSE:HAS,2021-04-13,Q3 2021,call-transcripts/2021-04-13__has-ln-20210413-call-pres__75027.md,consultant_headcount,,,,,,qualitative,narrative,qualitative,Material fee growth from here will therefore increasingly be driven by additional consultant headcount.
Hays plc,LSE:HAS,2021-04-13,Q3 2021,call-transcripts/2021-04-13__has-ln-20210413-call-pres__75027.md,consultant_headcount,,,2,2,-4,%,company_expectation,new,"Overall, we expect headcount will increase sequentially by a further 2%-4% in Q4 across Return to Growth projects and key specialisms."
Hays plc,LSE:HAS,2021-04-13,Q3 2021,call-transcripts/2021-04-13__has-ln-20210413-call-pres__75027.md,consultant_headcount,,,2022,,,,company_expectation,new,"Seven, we expect our cost base to continue to gradually increase, driven by headcount increases and also non-payroll costs will increase to an extent as lockdown restrictions ease, offices reopen, and eventually travel restrictions are lifted, especially in FY 2022."
Hays plc,LSE:HAS,2021-04-13,Q3 2021,call-transcripts/2021-04-13__has-ln-20210413-call-qna__75045.md,consultant_headcount,,,2022,,,,company_expectation,new,"Unknown speaker: Given your comments on headcounts and costs re-growth from here, what kind of normalized drop through should we expect as we look out to FY 2022?"
Hays plc,LSE:HAS,2021-04-13,Q3 2021,call-transcripts/2021-04-13__has-ln-20210413-call-qna__75045.md,temp_outlook,,temp_and_contracting,,,,qualitative,narrative,qualitative,"On temp and contracting, I think the extensions will continue for some time."
Hays plc,LSE:HAS,2021-04-13,Q3 2021,call-transcripts/2021-04-13__has-ln-20210413-call-qna__75045.md,perm_outlook,,permanent,3,3,4,m,narrative,new,"Therefore, whilst I don't know whether the perm is sustainable, I do think that we benefited to the tune Just for example, in March, we will have benefited to the tune of GBP 3 million-GBP 4 million of increase in hours."
Hays plc,LSE:HAS,2021-04-13,Q3 2021,call-transcripts/2021-04-13__has-ln-20210413-call-qna__75045.md,temp_outlook,,,,,,qualitative,narrative,qualitative,"Unknown speaker: On profit outlook, you're right to say that we've had a strong drop through, in part because we, like our temps, I guess, nobody goes anywhere, you can't spend anything on anything, and therefore the cost base is artificially low."
Hays plc,LSE:HAS,2021-04-13,Q3 2021,call-transcripts/2021-04-13__has-ln-20210413-call-qna__75045.md,temp_outlook,,temp,,,,qualitative,narrative,qualitative,"I do think that sequentially, we will have lower fees in April and May, and that's in many respects due to the bank holidays and impacting the temp side of it."
Hays plc,LSE:HAS,2021-04-13,Q3 2021,call-transcripts/2021-04-13__has-ln-20210413-call-qna__75045.md,consultant_headcount,,,,,,qualitative,company_expectation,qualitative,"I think on the back of that, where your fees are generally beating your expectations, you need to significantly increase the headcount."
Hays plc,LSE:HAS,2021-04-13,Q3 2021,call-transcripts/2021-04-13__has-ln-20210413-call-qna__75045.md,perm_outlook,,permanent,30,30,35,%,narrative,new,"Unknown speaker: What is true is when you get strong periods, when you get strong pickup in perm, then of course, a lot more consultants will be earning 30%, 35% of every fee at the top end because it increases depending on what fees you land in a month."
Hays plc,LSE:HAS,2021-04-13,Q3 2021,call-transcripts/2021-04-13__has-ln-20210413-call-qna__75045.md,consultant_headcount,,,20,,,m,narrative,new,"If the trends continue as it is at the moment, I can see us wanting to have a similar level of headcount every quarter, and that will increase our cost base by something like GBP 20 million in a full year next year."
Hays plc,LSE:HAS,2021-04-13,Q3 2021,call-transcripts/2021-04-13__has-ln-20210413-call-qna__75045.md,temp_outlook,,temp,,,,qualitative,narrative,qualitative,"I think there'll be a meaningful trading special because remember, we've kept back an amount which effectively funds the working capital increase that will happen as our temp book continues to grow."
Hays plc,LSE:HAS,2021-07-15,Q4 2021,call-transcripts/2021-07-15__has-ln-20210715-call-pres__75034.md,pre_exceptional_operating_profit,Group,,2021,2021,95,,company_expectation,new,"Seven, as a result of the improved net fee performance and continued good cost control, group operating profit for FY 2021 is now expected to be GBP 95 million, which is ahead of current market expectations."
Hays plc,LSE:HAS,2021-07-15,Q4 2021,call-transcripts/2021-07-15__has-ln-20210715-call-pres__75034.md,temp_outlook,,temp,,,,qualitative,narrative,qualitative,"Unknown speaker: Average Temp volumes continued to gradually improve, and we saw very high levels of temp utilization and record hours per temp worked, helped by low vacation and sickness levels, some of which will clearly reverse in the coming months."
Hays plc,LSE:HAS,2021-07-15,Q4 2021,call-transcripts/2021-07-15__has-ln-20210715-call-pres__75034.md,consultant_headcount,,,2022,,,,narrative,new,"Three, having reported historically high consultant productivity levels in Q3, productivity remained very strong in Q4, driven by strong increase in fees, and further material growth in FY 2022 and beyond will increasingly be driven by additional consultant headcount."
Hays plc,LSE:HAS,2021-07-15,Q4 2021,call-transcripts/2021-07-15__has-ln-20210715-call-pres__75034.md,consultant_headcount,,,420,,,,company_expectation,new,"Unknown speaker: In addition to the 420 consultants or 6% we added in Q4, we expect increased consultant headcount by similar number in Q1 FY 2022 across our key specialisms and Strategic Growth Investment projects."
Hays plc,LSE:HAS,2021-07-15,Q4 2021,call-transcripts/2021-07-15__has-ln-20210715-call-pres__75034.md,consultant_headcount,,,71,,,m,narrative,new,"Our exit periodic cost base is GBP 71 million, which looking forward will increase in line with headcounts and other areas of investment and with increasing commissions proportionately in line with fees."
Hays plc,LSE:HAS,2021-07-15,Q4 2021,call-transcripts/2021-07-15__has-ln-20210715-call-pres__75034.md,pre_exceptional_operating_profit,Group,,2021,,,,narrative,new,"If we retranslate our FY 2021 operating profit guidance of GBP 95 million at today's exchange rates, we'd see a GBP 4 million decrease in FY 2021 group operating profit."
Hays plc,LSE:HAS,2021-07-15,Q4 2021,call-transcripts/2021-07-15__has-ln-20210715-call-pres__75034.md,pre_exceptional_operating_profit,Group,,2022,,,,narrative,new,Unknown speaker: Clearly this will have a much larger impact on FY 2022 as group operating profit increases.
Hays plc,LSE:HAS,2021-07-15,FY 2021,call-transcripts/2021-07-15__has-ln-20210715-call-qna__75050.md,consultant_headcount,,,2022,,,,narrative,new,"Certainly, we can make more money in 2022 than we will do by increasing our consultant headcount."
Hays plc,LSE:HAS,2021-07-15,FY 2021,call-transcripts/2021-07-15__has-ln-20210715-call-qna__75050.md,temp_outlook,,temp_and_contracting,,,,qualitative,company_expectation,qualitative,"We've got a very diversified global temp and contracting business, I would expect that to continue."
Hays plc,LSE:HAS,2021-07-15,FY 2021,call-transcripts/2021-07-15__has-ln-20210715-call-qna__75050.md,consultant_headcount,,,2022,,,,company_expectation,new,"I actually expect that we will exit, assuming everything continues, that we will exit FY 2022 with the consult headcount broadly in line with where we were pre-pandemic, the pre-pandemic peak."
Hays plc,LSE:HAS,2021-07-15,FY 2021,call-transcripts/2021-07-15__has-ln-20210715-call-qna__75050.md,temp_outlook,,temp,12,12,18,,narrative,new,"Just on the cash, which is better than where at least I was, is it also partially due to Temp being probably slower than Perm, or does this mean we have an upside to your targets of cash returns over the next 12-18 months?"
Hays plc,LSE:HAS,2021-07-15,FY 2021,call-transcripts/2021-07-15__has-ln-20210715-call-qna__75050.md,consultant_headcount,,,50,,,m,company_expectation,new,"If we look at the headcount that we've already done and the headcount that we expect to do, excluding the Return to Growth projects for next year, that's about a GBP 50 million investment in increases in consultants' headcounts across the year."
Hays plc,LSE:HAS,2021-08-26,FY 2021,call-transcripts/2021-08-26__has-ln-20210826-call-pres__75010.md,perm_outlook,,permanent,,,,qualitative,narrative,qualitative,We also think that COVID will change aspects of the world of work permanently.
Hays plc,LSE:HAS,2021-08-26,FY 2021,call-transcripts/2021-08-26__has-ln-20210826-call-pres__75010.md,temp_outlook,,temp,,,,qualitative,narrative,qualitative,"Again, trends have improved significantly and temp utilization is currently at historic high levels, which Paul will cover later."
Hays plc,LSE:HAS,2021-08-26,FY 2021,call-transcripts/2021-08-26__has-ln-20210826-call-pres__75010.md,temp_outlook,,temp,,,,qualitative,company_expectation,qualitative,"As one might expect, the initial recovery in Q2 was driven by temp."
Hays plc,LSE:HAS,2021-08-26,FY 2021,call-transcripts/2021-08-26__has-ln-20210826-call-pres__75010.md,temp_outlook,,temp,,,,qualitative,narrative,qualitative,"We saw very high levels of temp utilization helped by lower than normal levels of vacation taken, some of which will reverse in the coming months, and lower levels of sickness leave."
Hays plc,LSE:HAS,2021-08-26,FY 2021,call-transcripts/2021-08-26__has-ln-20210826-call-pres__75010.md,net_finance_charge,,,8,,,m,company_expectation,new,"Looking forward, we expect the net finance charge for FY22 to be circa GBP 8 million, with the increase driven by non-cash pension charge."
Hays plc,LSE:HAS,2021-08-26,FY 2021,call-transcripts/2021-08-26__has-ln-20210826-call-pres__75010.md,effective_tax_rate,,,30,,,%,company_expectation,new,"Importantly, we expect the ETR in FY22 to be circa 30%."
Hays plc,LSE:HAS,2021-08-26,FY 2021,call-transcripts/2021-08-26__has-ln-20210826-call-pres__75010.md,capex,,,2022,2022,25,,company_expectation,new,"In FY 2022, we expect CapEx to be circa GBP 25 million."
Hays plc,LSE:HAS,2021-08-26,FY 2021,call-transcripts/2021-08-26__has-ln-20210826-call-pres__75010.md,structural_cost_savings,,permanent,10,,,m,company_expectation,new,"Finally, we expect GBP 10 million of the cost savings already achieved during the pandemic on reduced travel to be permanent as we continue making better use of video technology across the business."
Hays plc,LSE:HAS,2021-08-26,FY 2021,call-transcripts/2021-08-26__has-ln-20210826-call-pres__75010.md,consultant_headcount,,,20,20,5,m,company_expectation,new,"We expect our total SGI investment in FY22 will be circa GBP 20 million, and including those SGI plans, we expect consultant headcount will increase by circa 5% in Q1."
Hays plc,LSE:HAS,2021-10-14,Q1 2022,call-transcripts/2021-10-14__has-ln-20211014-call-pres__75019.md,net_fees,,permanent,41,41,65,%,company_expectation,new,"We've made a strong start to the year with net fees at 41% ahead of expectations and delivered good sequential growth in all regions, particularly in permanent recruitment, up an excellent 65%."
Hays plc,LSE:HAS,2021-10-14,Q1 2022,call-transcripts/2021-10-14__has-ln-20211014-call-pres__75019.md,temp_outlook,,temp,,,,qualitative,company_expectation,qualitative,"As expected, average temp hours worked returned to more seasonally normal levels for the summer as temps took holiday."
Hays plc,LSE:HAS,2021-10-14,Q1 2022,call-transcripts/2021-10-14__has-ln-20211014-call-pres__75019.md,consultant_headcount,,,2,2,-4,%,company_expectation,new,"Two, after significant investment in consult headcount over the last nine months, we expect headcount investment to moderate to 2%-4% over the next quarter as we continue to balance adding productive capacity, including our strategic growth initiatives with driving strong consultant productivity and profit growth."
Hays plc,LSE:HAS,2021-10-14,Q1 2022,call-transcripts/2021-10-14__has-ln-20211014-call-qna__75037.md,perm_outlook,,permanent,,,,qualitative,narrative,qualitative,"You take that, and that is excellent, because we can all see at the moment that the perm market is very strong, but at a certain point in time, some of that will start to weaken."
Hays plc,LSE:HAS,2021-10-14,Q1 2022,call-transcripts/2021-10-14__has-ln-20211014-call-qna__75037.md,perm_outlook,,permanent,,,,qualitative,narrative,qualitative,"There is no doubt that because September is the largest month we've had post-pandemic, within that perm will have been the strongest."
Hays plc,LSE:HAS,2021-10-14,Q1 2022,call-transcripts/2021-10-14__has-ln-20211014-call-qna__75037.md,consultant_headcount,,,8,,,%,narrative,new,You will see that we increased headcount by 8% in this quarter.
Hays plc,LSE:HAS,2021-10-14,Q1 2022,call-transcripts/2021-10-14__has-ln-20211014-call-qna__75037.md,perm_outlook,,permanent,,,,qualitative,narrative,qualitative,None of us knows yet what the level of perm activity will end up being over the next one to two years.
Hays plc,LSE:HAS,2021-10-14,Q1 2022,call-transcripts/2021-10-14__has-ln-20211014-call-qna__75037.md,temp_outlook,,temp_and_contracting,,,,qualitative,narrative,qualitative,"Then finally, that's why I gave the answer to the earlier question that in addition to focusing on maximizing and riding perm, we'll continue to drive temp and contracting because the stickability that will give us for the longer term."
Hays plc,LSE:HAS,2021-10-14,Q1 2022,call-transcripts/2021-10-14__has-ln-20211014-call-qna__75037.md,temp_outlook,,temp,,,,qualitative,narrative,qualitative,"If we have sort of very acute shortage and high wage inflation that probably we are seeing in some areas now, will that really sort of impact the temp business in the longer term?"
Hays plc,LSE:HAS,2021-10-14,Q1 2022,call-transcripts/2021-10-14__has-ln-20211014-call-qna__75037.md,perm_outlook,,permanent,,,,qualitative,narrative,qualitative,Do you think then the opportunity in the perm side will be immense so there is a natural offset in your business?
Hays plc,LSE:HAS,2021-10-14,Q1 2022,call-transcripts/2021-10-14__has-ln-20211014-call-qna__75037.md,temp_outlook,,temp,,,,qualitative,narrative,qualitative,"The main part of the question was around the impact of wage inflation on temp and if jobs becomes very skill short, very people short, will there be a constraint on temp growth?"
Hays plc,LSE:HAS,2021-10-14,Q1 2022,call-transcripts/2021-10-14__has-ln-20211014-call-qna__75037.md,temp_outlook,,temp,,,,qualitative,narrative,qualitative,"Of course, how we will see that is we'll get an increased margin per hour worked because if temps are getting higher pay, which certainly in construction and property, we've certainly started to see already around the world, and we're seeing that in the temp part, we'll get a higher margin per hour worked that will improve our fee level and our profitability."
Hays plc,LSE:HAS,2021-10-14,Q1 2022,call-transcripts/2021-10-14__has-ln-20211014-call-qna__75037.md,temp_outlook,,temp,,,,qualitative,narrative,qualitative,"Clearly, in the lower end of certain professional specialisms, there will be temps doing temp work that in many respects as well because of the pandemic and the issues that may have had on them not having the security of a permanent role."
Hays plc,LSE:HAS,2022-01-13,Q2 2022,call-transcripts/2022-01-13__has-ln-20220113-call-pres__75031.md,pre_exceptional_operating_profit,,,2022,2022,200,,company_expectation,new,"Eight, finally, as a result of the strong fee performance, FY 2022 operating profit is expected to be circa GBP 200 million ahead of consensus market expectations."
Hays plc,LSE:HAS,2022-01-13,Q2 2022,call-transcripts/2022-01-13__has-ln-20220113-call-pres__75031.md,consultant_headcount,Germany,,12,12,4,m,company_expectation,new,"Two, after significant investment in consultant headcount over the last 12 months, we expect investment to moderate to 4% over the next quarter, with headcount growth mainly in Germany and in our strategic growth initiatives, which continue to perform very well."
Hays plc,LSE:HAS,2022-01-13,Q2 2022,call-transcripts/2022-01-13__has-ln-20220113-call-pres__75031.md,pre_exceptional_operating_profit,Group,,2022,,,,narrative,new,"Importantly, as group operating profit will clearly increase materially in FY 2022, currency will have a much larger negative impact this year."
Hays plc,LSE:HAS,2022-01-13,Q2 2022,call-transcripts/2022-01-13__has-ln-20220113-call-pres__75031.md,pre_exceptional_operating_profit,,,2022,2022,200,,company_expectation,new,"Four, as I mentioned earlier, as a result of our strong fee performance, FY 2022 operating profit is expected to be circa GBP 200 million."
Hays plc,LSE:HAS,2022-01-13,Q2 FY22,call-transcripts/2022-01-13__has-ln-20220113-call-qna__75047.md,consultant_headcount,,,,,,qualitative,narrative,qualitative,"Just one question from me really, on the headcount investment which have been above your guidance in Q2."
Hays plc,LSE:HAS,2022-01-13,Q2 FY22,call-transcripts/2022-01-13__has-ln-20220113-call-qna__75047.md,consultant_headcount,,,10,10,-20,%,narrative,new,"I think importantly, the guidance we've given for the next quarter, and I think that will continue for the second half of the year, is less headcount investment because we've now got sufficient capacity to grow our business at these sort of levels of confidence in the market by a good 10%-20% versus where we are today as we drive productivity of the newer consultants."
Hays plc,LSE:HAS,2022-01-13,Q2 FY22,call-transcripts/2022-01-13__has-ln-20220113-call-qna__75047.md,temp_outlook,,temp_and_contracting,,,,qualitative,narrative,qualitative,"On temp and contracting and perm, [I] clearly will give greater detail on this when we get to the interims."
Hays plc,LSE:HAS,2022-01-13,Q2 FY22,call-transcripts/2022-01-13__has-ln-20220113-call-qna__75047.md,perm_outlook,,permanent,18,,,m,company_expectation,new,"Absolutely in the first part of it, look, we've got a phenomenally strong perm market now, and none of us could have expected that 18 months ago when we were in the teeth of the pandemic."
Hays plc,LSE:HAS,2022-01-13,Q2 FY22,call-transcripts/2022-01-13__has-ln-20220113-call-qna__75047.md,temp_outlook,,temp,2022,,,,narrative,new,"Temp will catch up because, of course, I do think the perm market's going to stay strong across calendar year 2022."
Hays plc,LSE:HAS,2022-01-13,Q2 FY22,call-transcripts/2022-01-13__has-ln-20220113-call-qna__75047.md,temp_outlook,,temp,,,,qualitative,narrative,qualitative,The temp percentages will start to come down with better comps.
Hays plc,LSE:HAS,2022-01-13,Q2 FY22,call-transcripts/2022-01-13__has-ln-20220113-call-qna__75047.md,consultant_headcount,,,12,12,18,,narrative,new,"There will be a point, somewhere across the next 12-18 months, of course, that we'll start to decelerate headcount investment and really monetize what we've got."
Hays plc,LSE:HAS,2022-02-24,H1 FY2022,call-transcripts/2022-02-24__has-ln-20220224-call-pres__74985.md,pre_exceptional_operating_profit,,,,,,qualitative,company_expectation,qualitative,"With such a strong improvement in fees, our operating profit grew faster than we've ever experienced, and it consistently exceeded our expectations."
Hays plc,LSE:HAS,2022-02-24,H1 FY2022,call-transcripts/2022-02-24__has-ln-20220224-call-pres__74985.md,pre_exceptional_operating_profit,,,2022,,,,company_expectation,new,"As we stand here today, we see FY 2022 operating profit of between GBP 210 million and GBP 215 million ahead of consensus expectations."
Hays plc,LSE:HAS,2022-02-24,H1 FY2022,call-transcripts/2022-02-24__has-ln-20220224-call-pres__74985.md,effective_tax_rate,,,2021,,,p,narrative,new,"If we retranslate FY 2021 profits of GBP 95 million at current exchange rates, profits will decline by GBP 7 million."
Hays plc,LSE:HAS,2022-02-24,H1 FY2022,call-transcripts/2022-02-24__has-ln-20220224-call-pres__74985.md,pre_exceptional_operating_profit,,,2022,2022,2022,,narrative,new,"Unknown speaker: However, given our operating profit will increase significantly in FY 2022, FX movements are highly likely to have a much larger negative impact on FY 2022 profits."
Hays plc,LSE:HAS,2022-02-24,H1 FY2022,call-transcripts/2022-02-24__has-ln-20220224-call-pres__74985.md,net_finance_charge,,,8,8,7,m,company_expectation,new,"Looking ahead, we expect the net finance charge for the full year to be GBP 8 million, of which GBP 7 million is non-cash."
Hays plc,LSE:HAS,2022-02-24,H1 FY2022,call-transcripts/2022-02-24__has-ln-20220224-call-pres__74985.md,effective_tax_rate,,,2022,2022,30,,company_expectation,new,We expect the ETR in FY 2022 to be around 30%.
Hays plc,LSE:HAS,2022-02-24,H1 FY2022,call-transcripts/2022-02-24__has-ln-20220224-call-pres__74985.md,temp_outlook,,temp,79.3,,,m,company_expectation,new,"We then subtract a working capital outflow of GBP 79.3 million, in line with our expectations and reflecting growth in our temp book, plus some normalization in client payment terms."
Hays plc,LSE:HAS,2022-02-24,H1 FY2022,call-transcripts/2022-02-24__has-ln-20220224-call-pres__74985.md,capex,,,25,,,m,company_expectation,new,"For the full year, we continue to expect CapEx to be GBP 25 million."
Hays plc,LSE:HAS,2022-02-24,H1 FY2022,call-transcripts/2022-02-24__has-ln-20220224-call-pres__74985.md,perm_outlook,,permanent,40,,,%,narrative,new,"As better use of video technology become permanent, and as we deliver on absolute travel reduction targets to support our net zero journey, such as reducing flights by 40% versus pre-pandemic levels."
Hays plc,LSE:HAS,2022-02-24,H1 2022,call-transcripts/2022-02-24__has-ln-20220224-call-qna__75000.md,perm_outlook,,permanent,3,,,%,company_expectation,new,"Look, the 3% average perm fee that came in in Q2, and I think that's to be expected in the current market."
Hays plc,LSE:HAS,2022-02-24,H1 2022,call-transcripts/2022-02-24__has-ln-20220224-call-qna__75000.md,net_fees,,,500,,,m,narrative,new,"It's just that that GBP 500 million target you've got in terms of net fees, how should we think about that in terms of market share?"
Hays plc,LSE:HAS,2022-02-24,H1 2022,call-transcripts/2022-02-24__has-ln-20220224-call-qna__75000.md,temp_outlook,,temp,,,,qualitative,narrative,qualitative,"Unknown speaker: If I take the temp margin, then Alistair will address SGI."
Hays plc,LSE:HAS,2022-04-14,Q3 2022,call-transcripts/2022-04-14__has-ln-20220414-call-pres__74968.md,pre_exceptional_operating_profit,,,2022,,,,narrative,new,"Eight, we reiterate the guidance given at the half year results for FY 2022 operating profit of between GBP 210 million-GBP 215 million, excluding this one-off Russia impact."
Hays plc,LSE:HAS,2022-04-14,Q3 2022,call-transcripts/2022-04-14__has-ln-20220414-call-pres__74968.md,consultant_headcount,Germany,,12,,,m,company_expectation,new,"Unknown speaker: Two, after significant investments in consultant headcount over the last 12 months, we expect investment to moderate to 1%-3% over the next quarter, with headcount growth in Germany and in our strategic growth initiatives, which continue to perform strongly."
Hays plc,LSE:HAS,2022-04-14,Q3 FY2022,call-transcripts/2022-04-14__has-ln-20220414-call-qna__74986.md,consultant_headcount,Germany,,,,,qualitative,narrative,qualitative,"At the moment, indications are positive in Germany, and we will continue to invest in headcount in Germany, in this quarter."
Hays plc,LSE:HAS,2022-04-28,FY 2027,call-transcripts/2022-04-28__has-ln-20220428-call-pres__75017.md,perm_outlook,,permanent,,,,qualitative,narrative,qualitative,"Most people in the white-collar space want to permanently retain some of that flexibility, and they will demand it of their employer."
Hays plc,LSE:HAS,2022-04-28,FY 2027,call-transcripts/2022-04-28__has-ln-20220428-call-pres__75017.md,temp_outlook,,temp,150,,,,narrative,new,"Our target market is around 150,000 white collar temp workers out of a total market, including blue collar, of 900,000."
Hays plc,LSE:HAS,2022-04-28,FY 2027,call-transcripts/2022-04-28__has-ln-20220428-call-pres__75017.md,temp_outlook,,contracting,13,,,%,narrative,new,The growth rate of the contracting markets in this calendar year is forecast with 13%.
Hays plc,LSE:HAS,2022-04-28,FY 2027,call-transcripts/2022-04-28__has-ln-20220428-call-pres__75017.md,temp_outlook,,contracting,14,14,2026,%,narrative,new,Unknown speaker: Lunendonk believes the contracting market will grow by a CAGR of 14% until 2026.
Hays plc,LSE:HAS,2022-04-28,FY 2027,call-transcripts/2022-04-28__has-ln-20220428-call-pres__75017.md,temp_outlook,,contracting,1,,,,narrative,new,"We have 1,000 temps and contractors today with a realistic long-term target of 4,000-5,000 of the IT service sector."
Hays plc,LSE:HAS,2022-04-28,FY 2027,call-transcripts/2022-04-28__has-ln-20220428-call-pres__75017.md,pre_exceptional_operating_profit,Group,,18,,,%,company_expectation,new,"This year, we expect to see the Group's conversion rate, which is the conversion of net fees into operating profit, to be around 18%."
Hays plc,LSE:HAS,2022-04-28,FY 2027,call-transcripts/2022-04-28__has-ln-20220428-call-pres__75017.md,temp_outlook,,temp_and_contracting,,,,qualitative,company_expectation,qualitative,"Unknown speaker: Secondly, and more materially, we expect significant levels of growth in more working capital intensive areas of our business, most notably in our high salary temp and contracting businesses, particularly in technology and with our enterprise clients."
Hays plc,LSE:HAS,2022-04-28,FY 2022,call-transcripts/2022-04-28__has-ln-20220428-call-qna__75033.md,effective_tax_rate,,,,,,qualitative,company_expectation,qualitative,"Can you give a sense of where the penetration rates of use of third-party, and where do you expect them to grow, to give us a sense of structural opportunity?"
Hays plc,LSE:HAS,2022-07-14,"Q4 2022, FY 2022",call-transcripts/2022-07-14__has-ln-20220714-call-pres__74976.md,pre_exceptional_operating_profit,Group,,30,,,,company_expectation,new,"Unknown speaker: Six, as a result of all of the previous points, group operating profit for the year ended 30th of June is expected to be at circa GBP 210 million at the top end of our previous guidance range given at Q3 FY 2022."
Hays plc,LSE:HAS,2022-07-14,"Q4 2022, FY 2022",call-transcripts/2022-07-14__has-ln-20220714-call-pres__74976.md,consultant_headcount,,,1,1,-2,%,company_expectation,new,"Three, after significant investment in consultant headcount over the last six months, we expect growth to moderate to 1%-2% over the next quarter, mainly in our strategic growth initiatives."
Hays plc,LSE:HAS,2022-07-14,"Q4 2022, FY 2022",call-transcripts/2022-07-14__has-ln-20220714-call-pres__74976.md,effective_tax_rate,Group,,2022,2022,30,,company_expectation,new,"Fourth, we anticipate the group's effective tax rate will benefit from one-off items in FY 2022 and will be materially below our previous guidance of 30%."
Hays plc,LSE:HAS,2022-07-14,FY 2022,call-transcripts/2022-07-14__has-ln-20220714-call-qna__74992.md,consultant_headcount,,,5,5,-10,%,company_expectation,new,"That puts us in a really strong position, which is why our, you know, headcount investment, we expect to be much lower in the next year because we've got sufficient headcount in our business today to drive volume growth of 5%-10%."
Hays plc,LSE:HAS,2022-07-14,FY 2022,call-transcripts/2022-07-14__has-ln-20220714-call-qna__74992.md,consultant_headcount,,,,,,qualitative,company_expectation,qualitative,"I know you sort of expect it to be sort of a bit moderate going forward and productivity focused, but like what led to this strong addition in the headcount when there was no real acceleration in the underlying fee rate?"
Hays plc,LSE:HAS,2022-08-25,FY 2022,call-transcripts/2022-08-25__has-ln-20220825-call-pres__75004.md,pre_exceptional_operating_profit,,,128,128,210.1,%,narrative,new,"Unknown speaker: With so much rapid change in markets and investments, our operating profit growth was the largest that we've ever achieved, up 128% to GBP 210.1 million, and we upgraded consensus forecasts three times during the course of the year."
Hays plc,LSE:HAS,2022-08-25,FY 2022,call-transcripts/2022-08-25__has-ln-20220825-call-pres__75004.md,pre_exceptional_operating_profit,,,9.22,9.22,151,p,narrative,new,"Basic earnings per share was 9.22p, a 151% increase versus prior year, driven by the significant increase in operating profit, along with the effect of a lower effective tax rate which was boosted by one-off tax gains which I will cover shortly."
Hays plc,LSE:HAS,2022-08-25,FY 2022,call-transcripts/2022-08-25__has-ln-20220825-call-pres__75004.md,net_finance_charge,,,6,6,3,m,company_expectation,new,"Looking ahead, we expect net finance charge for FY2023 to be GBP 6 million, of which GBP 3 million is non-cash."
Hays plc,LSE:HAS,2022-08-25,FY 2022,call-transcripts/2022-08-25__has-ln-20220825-call-pres__75004.md,effective_tax_rate,,,30,,,%,company_expectation,new,"The underlying tax rate remains at circa 30%, and we expect the ETR in FY2023 to be at that level."
Hays plc,LSE:HAS,2022-08-25,FY 2022,call-transcripts/2022-08-25__has-ln-20220825-call-pres__75004.md,capex,,,25,25,30,,company_expectation,new,We expect CapEx in FY2023 to be GBP 25-30 million.
Hays plc,LSE:HAS,2022-08-25,FY 2022,call-transcripts/2022-08-25__has-ln-20220825-call-pres__75004.md,perm_outlook,,permanent,,,,qualitative,narrative,qualitative,"Travel, as better use of video technology becomes the norm, and we permanently deliver on absolute travel reduction targets in support of our Net Zero journey."
Hays plc,LSE:HAS,2022-08-25,FY 2022,call-transcripts/2022-08-25__has-ln-20220825-call-pres__75004.md,temp_outlook,,temp,,,,qualitative,company_expectation,qualitative,"Globally, both temp and perm continue to benefit from improving margins and broader impact of wage inflation, which we expect to continue across FY2023."
Hays plc,LSE:HAS,2022-08-25,FY 2022,call-transcripts/2022-08-25__has-ln-20220825-call-pres__75004.md,consultant_headcount,,,,,,qualitative,company_expectation,qualitative,"Unknown speaker: We therefore expect consultant headcount growth will be minimal in our first half outside our SGI program, as we focus on driving consultant productivity and returns from our investment."
Hays plc,LSE:HAS,2022-10-13,Q1 2023,call-transcripts/2022-10-13__has-ln-20221013-call-pres__75002.md,consultant_headcount,Group,,,,,qualitative,company_expectation,qualitative,"We expect group consultant headcount will be down slightly in Q2, and broadly flat overall in H1."
Hays plc,LSE:HAS,2022-10-13,Q1 2023,call-transcripts/2022-10-13__has-ln-20221013-call-pres__75002.md,consultant_headcount,Group,,88,,,m,narrative,new,"The group's current cost base per period is circa GBP 88 million, in line with the guidance given at our prelims after taking account of recent headcount investment."
Hays plc,LSE:HAS,2022-10-13,Q1 2023,call-transcripts/2022-10-13__has-ln-20221013-call-qna__75018.md,consultant_headcount,,,2,,,%,company_expectation,new,"We increased our overall headcount by 2% in the first quarter, which was kind of where we expected it to be, when we gave the guidance a few weeks ago."
Hays plc,LSE:HAS,2022-10-13,Q1 2023,call-transcripts/2022-10-13__has-ln-20221013-call-qna__75018.md,consultant_headcount,,,,,,qualitative,company_expectation,qualitative,"Yes, I expect headcount to come down a little bit in the next quarter, largely in the U.K."
Hays plc,LSE:HAS,2022-10-13,Q1 2023,call-transcripts/2022-10-13__has-ln-20221013-call-qna__75018.md,consultant_headcount,,,,,,qualitative,company_expectation,qualitative,"It's softened slightly and we'll take action to, you know, align our headcount in those markets to the level of demand, as you would expect us to."
Hays plc,LSE:HAS,2022-10-13,Q1 2023,call-transcripts/2022-10-13__has-ln-20221013-call-qna__75018.md,temp_outlook,,temp,,,,qualitative,narrative,qualitative,"The softness in volume in temp, is that more structural given the change in government there and sort of their outlook around the labor market?"
Hays plc,LSE:HAS,2022-10-13,Q1 2023,call-transcripts/2022-10-13__has-ln-20221013-call-qna__75018.md,temp_outlook,,temp,,,,qualitative,narrative,qualitative,"Margin trends are supportive, and those margin trends will continue because, you know, quite frankly, we don't get most of the margin effect until we put a new temp in."
Hays plc,LSE:HAS,2023-01-17,Q2 2023,call-transcripts/2023-01-17__has-ln-20230117-call-pres__75005.md,consultant_headcount,,,,,,qualitative,company_expectation,qualitative,"Having adjusted consultant headcount in several markets in Q2, we currently expect consultant headcount will be broadly flat in Q3 overall, as we focus on driving productivity while selectively investing in attractive structural areas such as technology."
Hays plc,LSE:HAS,2023-01-17,Q2 2023,call-transcripts/2023-01-17__has-ln-20230117-call-pres__75005.md,pre_exceptional_operating_profit,Group,,2023,,,,company_expectation,new,"As flagged in the statement, group operating profit in H1 FY 2023 is expected to be between GBP 95 million and GBP 97 million."
Hays plc,LSE:HAS,2023-01-17,H1 2023,call-transcripts/2023-01-17__has-ln-20230117-call-qna__75022.md,temp_outlook,,temp,4,,,%,company_expectation,new,"We grew our head count, our external head count, so our temp volumes sequentially by about 4% through the quarter, which is kind of consistent with what we would normally expect through this part of the year."
Hays plc,LSE:HAS,2023-01-17,H1 2023,call-transcripts/2023-01-17__has-ln-20230117-call-qna__75022.md,consultant_headcount,,,,,,qualitative,company_expectation,qualitative,"Well, I think other things being equal, I would expect it to remain fairly consistent if we're keeping headcount, fairly level through the next quarter or so."
Hays plc,LSE:HAS,2023-01-17,H1 2023,call-transcripts/2023-01-17__has-ln-20230117-call-qna__75022.md,consultant_headcount,,,,,,qualitative,company_expectation,qualitative,I expect it will remain broadly flat if our headcount staying broadly flat through the next quarter.
Hays plc,LSE:HAS,2023-02-23,H1 2023,call-transcripts/2023-02-23__has-ln-20230223-call-pres__75011.md,temp_outlook,,,,,,qualitative,narrative,qualitative,"Clearly, nothing comes for free though, and these organic investments, while I'm certain they're the right thing to do, have temporarily decreased our H1 conversion rate, which James will quantify."
Hays plc,LSE:HAS,2023-02-23,H1 2023,call-transcripts/2023-02-23__has-ln-20230223-call-pres__75011.md,consultant_headcount,,,,,,qualitative,company_expectation,qualitative,"Again, as you'd expect, we took quick action to reduce the headcount."
Hays plc,LSE:HAS,2023-02-23,H1 2023,call-transcripts/2023-02-23__has-ln-20230223-call-pres__75011.md,net_finance_charge,,,2023,,,,company_expectation,new,"Looking ahead, we expect the net finance charge for FY 2023 to be GBP 6 million, of which circa GBP 4 million is non-cash."
Hays plc,LSE:HAS,2023-02-23,H1 2023,call-transcripts/2023-02-23__has-ln-20230223-call-pres__75011.md,effective_tax_rate,,,2023,2023,29,,company_expectation,new,We now expect the ETR in FY 2023 will be 29%.
Hays plc,LSE:HAS,2023-02-23,H1 2023,call-transcripts/2023-02-23__has-ln-20230223-call-pres__75011.md,capex,,,2023,,,,company_expectation,new,Unknown speaker: We continue to expect CapEx in FY 2023 will be in the range of GBP 25 million to GBP 30 million.
Hays plc,LSE:HAS,2023-02-23,H1 2023,call-transcripts/2023-02-23__has-ln-20230223-call-pres__75011.md,temp_outlook,,temp,2023,,,,company_expectation,new,"Both temp and perm continue to benefit from increasing fee margins and the broader impact of wage inflation, which we expect to continue across FY 2023."
Hays plc,LSE:HAS,2023-02-23,H1 2023,call-transcripts/2023-02-23__has-ln-20230223-call-pres__75011.md,consultant_headcount,,,,,,qualitative,company_expectation,qualitative,"We expect consultant headcount growth will be minimal in H2, and we are highly focused on driving returns from our investments and increasing average consultant productivity."
Hays plc,LSE:HAS,2023-02-23,H1 2023,call-transcripts/2023-02-23__has-ln-20230223-call-qna__75030.md,temp_outlook,,temp,,,,qualitative,company_expectation,qualitative,The temp businesses have come back in line with what we would normally expect to see.
Hays plc,LSE:HAS,2023-02-23,H1 2023,call-transcripts/2023-02-23__has-ln-20230223-call-qna__75030.md,perm_outlook,,permanent,,,,qualitative,company_expectation,qualitative,"I think March will be really quite important to see whether that activity really is converting into perm placements in line with what we would expect it to be, and will be a big barometer of where we trend to through the second half of the year."
Hays plc,LSE:HAS,2023-02-23,H1 2023,call-transcripts/2023-02-23__has-ln-20230223-call-qna__75030.md,temp_outlook,,temp,45,45,11,m,company_expectation,new,"DSOs were flat in line with prior year and the outflow we had, which was about GBP 45 million in the half, was consistent with what we expected from the growth that we've had in temporary, the half of 11%."
Hays plc,LSE:HAS,2023-02-23,H1 2023,call-transcripts/2023-02-23__has-ln-20230223-call-qna__75030.md,temp_outlook,,temp,,,,qualitative,company_expectation,qualitative,"If we continue to grow our temp business through the second half on a sequential basis, we'd expect to see some modest working capital outflow through the second half, but it will be driven by the top line, and we'll continue to focus heavily on collecting cash as we always do and managing an efficient balance sheet."
Hays plc,LSE:HAS,2023-02-23,H1 2023,call-transcripts/2023-02-23__has-ln-20230223-call-qna__75030.md,temp_outlook,,temp,,,,qualitative,narrative,qualitative,"If the things do move from temp to perm, in terms of your competitive positioning, is there anything materially different or you will be able to sort of take the share of the perm as well whenever it comes, so to say?"
Hays plc,LSE:HAS,2023-04-14,Q3 2023,call-transcripts/2023-04-14__has-ln-20230414-call-pres__75014.md,consultant_headcount,,,,,,qualitative,company_expectation,qualitative,We expect consultant headcount will be broadly flat in Q4 overall as we focus on further driving productivity.
Hays plc,LSE:HAS,2023-04-14,Q3 2023,call-transcripts/2023-04-14__has-ln-20230414-call-pres__75014.md,pre_exceptional_operating_profit,,,5,,,,company_expectation,new,"5, assuming overall activity levels remain stable in our fourth quarter, we expect H2 FY23 operating profits and conversion rates will be modestly above H1."
Hays plc,LSE:HAS,2023-04-14,Q3 2023,call-transcripts/2023-04-14__has-ln-20230414-call-qna__75032.md,perm_outlook,,permanent,,,,qualitative,narrative,qualitative,"At this stage, I do feel that we should just be a little bit more mindful of that Perm market as we head into that fourth quarter, and hence the wording and the guidance."
Hays plc,LSE:HAS,2023-04-14,Q3 2023,call-transcripts/2023-04-14__has-ln-20230414-call-qna__75032.md,consultant_headcount,,,,,,qualitative,company_expectation,qualitative,"We expect that to continue into the fourth quarter, and we'd hope to push the productivity in the fourth quarter and hopefully push that ahead of headcount growth."
Hays plc,LSE:HAS,2023-07-13,Q4 2023,call-transcripts/2023-07-13__has-ln-20230713-call-pres__74997.md,pre_exceptional_operating_profit,,,2023,,,,company_expectation,new,"Despite tougher markets, through our focus on driving productivity and managing overhead costs, we expect to deliver FY 2023 operating profits in line with current market consensus and our previous guidance."
Hays plc,LSE:HAS,2023-07-13,Q4 2023,call-transcripts/2023-07-13__has-ln-20230713-call-pres__74997.md,temp_outlook,,temp_and_contracting,,,,qualitative,narrative,qualitative,"Unknown speaker: Current trading and guidance, I'd like to highlight the following: volumes remain stable overall in Temp & Contracting on a sequential basis, with modestly lower numbers of new assignments offset by greater contract extensions."
Hays plc,LSE:HAS,2023-07-13,Q4 2023,call-transcripts/2023-07-13__has-ln-20230713-call-pres__74997.md,pre_exceptional_operating_profit,,,2023,,,,company_expectation,new,"In conclusion, we delivered a resilient quarter, and FY 2023 operating profit is expected to be in line with market expectations."
Hays plc,LSE:HAS,2023-07-13,FY 2023,call-transcripts/2023-07-13__has-ln-20230713-call-qna__75013.md,consultant_headcount,,,,,,qualitative,company_expectation,qualitative,"Unknown speaker: That's come down, as you can expect through the second half of the year, because we've managed our headcount and capacity in the business, obviously, all through natural attrition and in each market."
Hays plc,LSE:HAS,2023-07-13,FY 2023,call-transcripts/2023-07-13__has-ln-20230713-call-qna__75013.md,consultant_headcount,,,,,,qualitative,company_expectation,qualitative,"Firstly, just on headcount, down sequentially in the quarter and year-on-year, what are your expectations for the next quarter and for the full year?"
Hays plc,LSE:HAS,2023-07-13,FY 2023,call-transcripts/2023-07-13__has-ln-20230713-call-qna__75013.md,consultant_headcount,,,,,,qualitative,company_expectation,qualitative,"Looking forward to the next quarter, I don't expect to be adding any headcount at this stage."
Hays plc,LSE:HAS,2023-07-13,FY 2023,call-transcripts/2023-07-13__has-ln-20230713-call-qna__75013.md,consultant_headcount,,,,,,qualitative,company_expectation,qualitative,"I guess as I stand here today, flattish to slightly down, Andy, what I would expect our consultant headcount to do over the next quarter."
Hays plc,LSE:HAS,2023-08-24,FY 2023,call-transcripts/2023-08-24__has-ln-20230824-call-pres__74971.md,consultant_headcount,,,17,17,1,%,narrative,new,"Our average headcount, which was up 17% in the first half, increased by only 1% in the second half, and it will decrease year-on-year in our first half in our new year."
Hays plc,LSE:HAS,2023-08-24,FY 2023,call-transcripts/2023-08-24__has-ln-20230824-call-pres__74971.md,perm_outlook,,permanent,3,3,11,%,narrative,new,"Unknown speaker: Perm fees increased by 3%, driven by higher average perm fees up to 11%, benefiting from our actions to increase fee margins and target higher salary markets, together with the effects of broad-based wage inflation."
Hays plc,LSE:HAS,2023-08-24,FY 2023,call-transcripts/2023-08-24__has-ln-20230824-call-pres__74971.md,net_finance_charge,,,4.9,,,m,company_expectation,new,"Our net finance charge decreased modestly to GBP 4.9 million, and looking ahead, we expect the net finance charge for FY 2024 to be circa GBP 6 million, of which circa GBP 4 million is non-cash."
Hays plc,LSE:HAS,2023-08-24,FY 2023,call-transcripts/2023-08-24__has-ln-20230824-call-pres__74971.md,effective_tax_rate,Group,,29,,,%,company_expectation,new,"We expect the group's ETR to be circa 29% in FY 2024, the increase resulting from the rise in UK corporation tax rate, which was effective from April 2023."
Hays plc,LSE:HAS,2023-08-24,FY 2023,call-transcripts/2023-08-24__has-ln-20230824-call-pres__74971.md,capex,,,2024,2024,30,,narrative,new,Our FY 2024 CapEx guidance is circa GBP 30 million.
Hays plc,LSE:HAS,2023-08-24,FY 2023,call-transcripts/2023-08-24__has-ln-20230824-call-pres__74971.md,temp_outlook,,temp,2024,,,,company_expectation,new,"Both temp and perm fees continue to benefit from our actions to increase margins, which we expect to continue through H1 2024, and by the positive effects of wage inflation globally."
Hays plc,LSE:HAS,2023-08-24,FY 2023,call-transcripts/2023-08-24__has-ln-20230824-call-pres__74971.md,consultant_headcount,Group,,3,,,%,company_expectation,new,"We expect group consultant headcount will reduce by 3%-4% in Q1 FY 2024, as we continue to focus on consultant productivity and leveraging our investments."
Hays plc,LSE:HAS,2023-08-24,Q1 2024,call-transcripts/2023-08-24__has-ln-20230824-call-qna__74990.md,consultant_headcount,,,3,3,-4,%,narrative,new,"First of all, on headcounts, you indicated that you will reduce total headcount by about 3%-4% in Q1."
Hays plc,LSE:HAS,2023-08-24,Q1 2024,call-transcripts/2023-08-24__has-ln-20230824-call-qna__74990.md,temp_outlook,,temp,,,,qualitative,company_expectation,qualitative,"And then going back on your guidance, yeah, perm a little bit more, let's say, down as I see it, while temp is still stable, combined with the fact that you indicate that you expect conversion ratio to be somewhat down year-on-year."
Hays plc,LSE:HAS,2023-08-24,Q1 2024,call-transcripts/2023-08-24__has-ln-20230824-call-qna__74990.md,consultant_headcount,Australia & New Zealand,,,,,qualitative,company_expectation,qualitative,"I'd say that'd be fairly broad-based, but I think probably the ANZ will be one area that we expect the headcount to come down in the next quarter, as we readdress the capacity there versus demand."
Hays plc,LSE:HAS,2023-08-24,Q1 2024,call-transcripts/2023-08-24__has-ln-20230824-call-qna__74990.md,consultant_headcount,,,,,,qualitative,company_expectation,qualitative,"So whilst we've been selectively taking headcount out for a period of time, and we expect to do so in Q1, we will only be selective, and we do want to protect our investments and our infrastructure."
Hays plc,LSE:HAS,2023-08-24,Q1 2024,call-transcripts/2023-08-24__has-ln-20230824-call-qna__74990.md,net_fees,,,3,,,,narrative,new,"You're talking about head count sequentially down 3 or 4, which I guess means average consultants will be down 7 or 8%, and with productivity having been down a couple of % for the last 6 months or so, you know, is the implication here that you're looking at a high single digit, low double digit declines in like for like net fees?"
Hays plc,LSE:HAS,2023-10-12,Q1 2024,call-transcripts/2023-10-12__has-ln-20231012-call-pres__75028.md,perm_outlook,,permanent,15,,,%,company_expectation,new,"As expected, perm was tougher and declined 15%, with increased time to hire globally."
Hays plc,LSE:HAS,2023-10-12,Q1 2024,call-transcripts/2023-10-12__has-ln-20231012-call-pres__75028.md,temp_outlook,,temp_and_contracting,,,,qualitative,narrative,qualitative,"Volumes remain broadly stable in temp and contracting, with only the Australian public sector below pre-summer levels."
Hays plc,LSE:HAS,2023-10-12,Q1 2024,call-transcripts/2023-10-12__has-ln-20231012-call-pres__75028.md,pre_exceptional_operating_profit,Group,,9,9,2024,%,company_expectation,new,"Unknown speaker: With group fees down 9%, including FX in Q1, as we stated at our prelim results in August, we expect group conversion rate and operating profit will also decline in H1 2024."
Hays plc,LSE:HAS,2023-10-12,Q1 2024,call-transcripts/2023-10-12__has-ln-20231012-call-pres__75028.md,consultant_headcount,Group,,2,2,-3,%,company_expectation,new,Unknown speaker: We expect group consultant headcount will reduce by circa 2%-3% in Q2 as we balance short-term cost management with protecting our infrastructure and longer-term investments.
Hays plc,LSE:HAS,2024-01-09,Q2 2024,call-transcripts/2024-01-09__has-ln-20240109-call-pres__74974.md,pre_exceptional_operating_profit,,,60,,,m,company_expectation,new,"As a result, we expect pre-exceptional operating profits in our first half to be circa GBP 60 million, below consensus expectations, despite our ongoing actions to reduce costs, which I'll cover later."
Hays plc,LSE:HAS,2024-01-09,Q2 2024,call-transcripts/2024-01-09__has-ln-20240109-call-pres__74974.md,consultant_headcount,,,3,,,%,narrative,new,We also reduced our non-consultant headcount by 3% in the quarter and targeted other overhead cost saves.
Hays plc,LSE:HAS,2024-01-09,Q2 2024,call-transcripts/2024-01-09__has-ln-20240109-call-pres__74974.md,structural_cost_savings,,,30,,,m,company_expectation,new,"As a result of our actions to reduce costs in the half, we have delivered circa GBP 30 million in annualized cost savings, with further material savings expected in H2."
Hays plc,LSE:HAS,2024-01-09,Q2 2024,call-transcripts/2024-01-09__has-ln-20240109-call-pres__74974.md,consultant_headcount,Group,,2.5,,,m,narrative,new,Unknown speaker: Our actions to reduce consultant and non-consultant headcount and target other overhead cost saves have reduced the group's cost base by circa GBP 2.5 million per period since August.
Hays plc,LSE:HAS,2024-01-09,Q2 2024,call-transcripts/2024-01-09__has-ln-20240109-call-pres__74974.md,consultant_headcount,Group,,2024,,,,company_expectation,new,"We also expect our ongoing actions will deliver further material group cost reductions in H2 FY 2024, and I expect group headcount will reduce by another circa 3%-4% in Q3."
Hays plc,LSE:HAS,2024-01-09,Q2 2024,call-transcripts/2024-01-09__has-ln-20240109-call-qna__74995.md,consultant_headcount,,,,,,qualitative,company_expectation,qualitative,"I'd expect that to come down through the next quarter again, based on the headcount guidance we've given."
Hays plc,LSE:HAS,2024-01-09,Q2 2024,call-transcripts/2024-01-09__has-ln-20240109-call-qna__74995.md,consultant_headcount,,,,,,qualitative,company_expectation,qualitative,"So that was, I wouldn't say it was a catch up, but it was certainly addressing a difficult market in the quarter, and I would expect relatively fewer headcount reductions going forward."
Hays plc,LSE:HAS,2024-01-09,Q2 2024,call-transcripts/2024-01-09__has-ln-20240109-call-qna__74995.md,consultant_headcount,,,,,,qualitative,company_expectation,qualitative,And I would expect the headcount there hasn't come down too far yet because we've seen pretty much stable markets until November.
Hays plc,LSE:HAS,2024-02-22,H1 2024,call-transcripts/2024-02-22__has-ln-20240222-call-pres__74965.md,structural_cost_savings,,,30,,,m,narrative,new,"I will begin today on our first half operating performance, which was challenging, and the decisive actions we have already taken, including delivering GBP 30 million in annualized cost savings with more to follow."
Hays plc,LSE:HAS,2024-02-22,H1 2024,call-transcripts/2024-02-22__has-ln-20240222-call-pres__74965.md,structural_cost_savings,,,12.6,12.6,10,m,narrative,new,"Unknown speaker: In doing so, we incurred GBP 12.6 million of exceptional costs, which will drive approximately GBP 10 million of structural cost savings."
Hays plc,LSE:HAS,2024-02-22,H1 2024,call-transcripts/2024-02-22__has-ln-20240222-call-pres__74965.md,structural_cost_savings,,,30,30,20,m,company_expectation,new,"Unknown speaker: The combined effect of all our H1 actions will drive annualized cost savings of GBP 30 million, with a further GBP 20 million expected in H2."
Hays plc,LSE:HAS,2024-02-22,H1 2024,call-transcripts/2024-02-22__has-ln-20240222-call-pres__74965.md,consultant_headcount,,,,,,qualitative,narrative,qualitative,"As a result of the slowdown in fees, we reduced headcount in several countries in December, and our ongoing actions will reduce our EMEA cost base further in H2."
Hays plc,LSE:HAS,2024-02-22,H1 2024,call-transcripts/2024-02-22__has-ln-20240222-call-pres__74965.md,perm_outlook,,permanent,10,,,%,narrative,new,"Unknown speaker: This was partially offset by a 10% increase in the average PERM fee, driven by our actions to target higher salary markets and increased fee margins, together with wage inflation, which was less of a tailwind than the prior year."
Hays plc,LSE:HAS,2024-02-22,H1 2024,call-transcripts/2024-02-22__has-ln-20240222-call-pres__74965.md,structural_cost_savings,,,50,,,m,company_expectation,new,We expect our ongoing cost actions will increase our annual cost savings to circa GBP 50 million by year-end.
Hays plc,LSE:HAS,2024-02-22,H1 2024,call-transcripts/2024-02-22__has-ln-20240222-call-pres__74965.md,net_finance_charge,,,9,9,6,m,company_expectation,new,"We expect a full-year finance charge of circa GBP 9 million, of which around GBP 6 million is non-cash."
Hays plc,LSE:HAS,2024-02-22,H1 2024,call-transcripts/2024-02-22__has-ln-20240222-call-pres__74965.md,capex,,,30,,,m,narrative,new,Our full-year CapEx guidance remains at circa GBP 30 million.
Hays plc,LSE:HAS,2024-02-22,H1 2024,call-transcripts/2024-02-22__has-ln-20240222-call-pres__74965.md,consultant_headcount,Group,,3,3,-4,%,company_expectation,new,We expect total group headcount will reduce by circa 3%-4% in Q3 as we continue to focus on consultant productivity and further cost and efficiency programs.
Hays plc,LSE:HAS,2024-02-22,H1 2024,call-transcripts/2024-02-22__has-ln-20240222-call-pres__74965.md,net_fees,Group,,1,1,-2,%,company_expectation,new,"We expect this to have a circa 1%-2% negative impact on net fees at a group level in Q3, with a corresponding benefit to Q4."
Hays plc,LSE:HAS,2024-02-22,H1 2024,call-transcripts/2024-02-22__has-ln-20240222-call-pres__74965.md,consultant_headcount,,,,,,qualitative,narrative,qualitative,"And we will implement a new golden rule through the cycle that our profit growth must be higher than our fee growth, which in turn must be higher than our headcount growth."
Hays plc,LSE:HAS,2024-02-22,H1 2024,call-transcripts/2024-02-22__has-ln-20240222-call-pres__74965.md,temp_outlook,,temp,,,,qualitative,narrative,qualitative,"Unknown speaker: Firstly, we will enhance our leading position in the most in-demand future job categories, such as STEM recruitment in both TEMP and PERM."
Hays plc,LSE:HAS,2024-02-22,H1 2024,call-transcripts/2024-02-22__has-ln-20240222-call-pres__74965.md,perm_outlook,,,,,,qualitative,narrative,qualitative,"Finally, we will drive an increasing proportion of non-Permfees in our business."
Hays plc,LSE:HAS,2024-02-22,H1 2024,call-transcripts/2024-02-22__has-ln-20240222-call-pres__74965.md,perm_outlook,,permanent,,,,qualitative,narrative,qualitative,Our PERM businesses globally have an important role to play and will continue to be core long-term services.
Hays plc,LSE:HAS,2024-02-22,H1 2024,call-transcripts/2024-02-22__has-ln-20240222-call-pres__74965.md,temp_outlook,,temp,,,,qualitative,narrative,qualitative,We have identified efficiencies from greater consistency of operating models and are reallocating resources to target the most attractive markets across PERM and TEMP.
Hays plc,LSE:HAS,2024-02-22,H1 2024,call-transcripts/2024-02-22__has-ln-20240222-call-pres__74965.md,temp_outlook,,temp,,,,qualitative,narrative,qualitative,"Unknown speaker: And for lever five growth in non-Perm, which is highly complementary to many future job categories and resilient industries, we will better automate our end-to-end temporary flow, reducing compliance costs and admin time."
Hays plc,LSE:HAS,2024-02-22,Q3 2024,call-transcripts/2024-02-22__has-ln-20240222-call-qna__74988.md,perm_outlook,,permanent,,,,qualitative,narrative,qualitative,"Question two, what are the targets for PERM as a proportion of gross profits over the midterm?"
Hays plc,LSE:HAS,2024-02-22,Q3 2024,call-transcripts/2024-02-22__has-ln-20240222-call-qna__74988.md,perm_outlook,,permanent,,,,qualitative,narrative,qualitative,"The second one, what are the targets for PERM as a proportion of midterm?"
Hays plc,LSE:HAS,2024-04-16,Q3 2024,call-transcripts/2024-04-16__has-ln-20240416-call-pres__74969.md,structural_cost_savings,,,4,,,m,company_expectation,new,"Since August, our actions have already reduced our cost per period by circa GBP 4 million, and we are well on track to deliver our planned GBP 50 million of annualized cost savings by the end of FY 2024, of which around GBP 20 million is expected to be structural."
Hays plc,LSE:HAS,2024-04-16,Q3 2024,call-transcripts/2024-04-16__has-ln-20240416-call-pres__74969.md,temp_outlook,Germany,temp_and_contracting,,,,qualitative,narrative,qualitative,"The impact of Temp and contracting hours in Germany will be an important sensitivity to fee and profit performance going forward, and it is too early to determine whether there will be a meaningful rebound in Q4."
Hays plc,LSE:HAS,2024-04-16,Q3 2024,call-transcripts/2024-04-16__has-ln-20240416-call-pres__74969.md,consultant_headcount,,,,,,qualitative,narrative,qualitative,"Once our end markets stabilize and recover, I am confident that our golden rule of profit growth exceeding fee growth, which in turn should exceed headcount growth, will lead to significant profit and conversion rate growth."
Hays plc,LSE:HAS,2024-04-16,Q3 2024,call-transcripts/2024-04-16__has-ln-20240416-call-qna__74987.md,consultant_headcount,,,,,,qualitative,company_expectation,qualitative,"And then secondly, headcount reductions, I think, were slightly more than we expected for this quarter."
Hays plc,LSE:HAS,2024-04-16,Q3 2024,call-transcripts/2024-04-16__has-ln-20240416-call-qna__74987.md,consultant_headcount,,,,,,qualitative,company_expectation,qualitative,I expect headcount reductions will be much more modest going forward into the final quarter.
Hays plc,LSE:HAS,2024-07-11,Q4 2024,call-transcripts/2024-07-11__has-ln-20240711-call-pres__74984.md,pre_exceptional_operating_profit,,,2024,2024,105,p,company_expectation,new,"However, despite more difficult trading in Q4, our cost actions mean that we will still expect FY 2024 pre-exceptional operating profit of circa GBP 105 million, around the bottom end of current market expectations."
Hays plc,LSE:HAS,2024-07-11,Q4 2024,call-transcripts/2024-07-11__has-ln-20240711-call-pres__74984.md,structural_cost_savings,,,60,,,m,company_expectation,new,"We have delivered circa GBP 60 million of annualized cost savings, an increase of GBP 10 million versus our previous expectations, and importantly, around GBP 30 million of these savings are expected to be structural."
Hays plc,LSE:HAS,2024-07-11,Q4 2024,call-transcripts/2024-07-11__has-ln-20240711-call-pres__74984.md,temp_outlook,Germany,temp,2,,,%,company_expectation,new,"In Germany, we expect lower temp starter numbers will further reduce volumes by 2%-3% in Q1 2025."
Hays plc,LSE:HAS,2024-07-11,Q4 2024,call-transcripts/2024-07-11__has-ln-20240711-call-pres__74984.md,temp_outlook,,contracting,2024,2024,2025,,company_expectation,new,"That said, the impact of lower temp and contractor hours that we experienced in H2 2024 has started to ease, and we expect sequentially less fee and profit impact going into Q1 2025."
Hays plc,LSE:HAS,2024-07-11,Q4 2024,call-transcripts/2024-07-11__has-ln-20240711-call-pres__74984.md,consultant_headcount,Group,,2025,,,,company_expectation,new,We therefore expect overall group consultant headcount will remain broadly stable in Q1 2025.
Hays plc,LSE:HAS,2024-07-11,Q1 2025,call-transcripts/2024-07-11__has-ln-20240711-call-qna__74999.md,consultant_headcount,,,2025,,,,company_expectation,new,"And then just a third question on the headcount, which is expected to be stable in the first quarter of 2025."
Hays plc,LSE:HAS,2024-07-11,Q1 2025,call-transcripts/2024-07-11__has-ln-20240711-call-qna__74999.md,temp_outlook,,,,,,qualitative,company_expectation,qualitative,"Unknown speaker: Given the environment, the muted outlook, and the fact that you expect the summer might be difficult, aren't you tempted to try to further reduce that headcount and streamline a little bit the cost base further?"
Hays plc,LSE:HAS,2024-07-11,Q1 2025,call-transcripts/2024-07-11__has-ln-20240711-call-qna__74999.md,consultant_headcount,,,,,,qualitative,company_expectation,qualitative,"I think I've clearly given quite clear headcount guidance on where we expect overall Q1 to be, not materially different than where we are today."
Hays plc,LSE:HAS,2024-08-22,FY 2024,call-transcripts/2024-08-22__has-ln-20240822-call-pres-3__74972.md,structural_cost_savings,,,30,,,m,company_expectation,new,"And as James will outline later, we expect a further 30 million GBP of structural cost savings per annum within three years."
Hays plc,LSE:HAS,2024-08-22,FY 2024,call-transcripts/2024-08-22__has-ln-20240822-call-pres-3__74972.md,net_finance_charge,,,10,10,2025,m,company_expectation,new,"We expect a finance charge of around 10 million in FY 2025, broadly in line with this year."
Hays plc,LSE:HAS,2024-08-22,FY 2024,call-transcripts/2024-08-22__has-ln-20240822-call-pres-3__74972.md,capex,,,2025,,,,narrative,new,"Our FY 2025 CapEx guidance remains at circa GBP 30 million, slightly higher than FY 2024, as we undertake a number of technology projects."
Hays plc,LSE:HAS,2024-08-22,FY 2024,call-transcripts/2024-08-22__has-ln-20240822-call-pres-3__74972.md,temp_outlook,,temp,,,,qualitative,narrative,qualitative,"Volumes declined in both temp and perm, although we saw good increase in average fee pricing in both temp and perm, as we targeted the most skill-short and higher value areas of perm and temp markets."
Hays plc,LSE:HAS,2024-08-22,FY 2024,call-transcripts/2024-08-22__has-ln-20240822-call-pres-3__74972.md,structural_cost_savings,,,60,60,42.2,m,narrative,new,"Our decisive actions reduced costs through the year by an annualized circa GBP 60 million, half of which will be structural savings, and which drove the GBP 42.2 million restructuring exceptional charge."
Hays plc,LSE:HAS,2024-08-22,FY 2024,call-transcripts/2024-08-22__has-ln-20240822-call-pres-3__74972.md,consultant_headcount,Group,,,,,qualitative,company_expectation,qualitative,"Overall, given our focus on driving consultant productivity in recent quarters, we expect group consultant headcount will remain broadly stable in Q1."
Hays plc,LSE:HAS,2024-08-22,FY 2024,call-transcripts/2024-08-22__has-ln-20240822-call-pres-3__74972.md,temp_outlook,,contracting,,,,qualitative,narrative,qualitative,"And to be clear on what this means, contracting temp and perm recruitment is our core expertise and will remain so."
Hays plc,LSE:HAS,2024-08-22,Q1 2025,call-transcripts/2024-08-22__has-ln-20240822-call-qna__74989.md,temp_outlook,,contracting,,,,qualitative,narrative,qualitative,"Clearly, as we go forward, a focus of ours is to build greater resilience in the business and greater resilience of earnings, and that will require a focus on non-perm, which is in the contracting and temp space."
Hays plc,LSE:HAS,2024-08-22,Q1 2025,call-transcripts/2024-08-22__has-ln-20240822-call-qna__74989.md,effective_tax_rate,,,,,,qualitative,company_expectation,qualitative,"I will pick up the last question on ROIC, if I understand it correctly, and ROIC is not return on capital employed, isn't a kind of key metric that we measure ourselves against, but I understand the point that clearly, we didn't get a working capital cash inflow this financial year, which what you would normally expect of things being equal with the reduction in spend volumes."
Hays plc,LSE:HAS,2024-08-22,Q1 2025,call-transcripts/2024-08-22__has-ln-20240822-call-qna__74989.md,structural_cost_savings,,,,,,qualitative,company_expectation,qualitative,"Can you give me some more color on the reason for the about turn on back office IT, particularly the nature of in-flight projects that were canceled, the cost savings expected from outsourcing, and the exceptional costs taken specifically for third-party costs associated with this?"
Hays plc,LSE:HAS,2024-10-11,Q1 2025,call-transcripts/2024-10-11__has-ln-20241011-call-q1-pres__75026.md,net_fees,,permanent,,,,qualitative,company_expectation,qualitative,Unknown speaker: Net fees in the quarter were down as expected reflecting the tough market conditions particularly in perm where we see longer times are higher and low levels of confidence which we expect to continue.
Hays plc,LSE:HAS,2024-10-11,Q1 2025,call-transcripts/2024-10-11__has-ln-20241011-call-q1-pres__75026.md,temp_outlook,Germany,contracting,,,,qualitative,company_expectation,qualitative,"In Germany, contracting volumes are stable and in line with our expectations, whereas temp is more challenging due to our exposure to the automotive sector."
Hays plc,LSE:HAS,2024-10-11,Q1 2025,call-transcripts/2024-10-11__has-ln-20241011-call-q1-pres__75026.md,temp_outlook,,temp_and_contracting,5,,,%,company_expectation,new,We continue to see the impact of lower temp and contracting hours worked and currently anticipate a circa 5% headwind in Q2.
Hays plc,LSE:HAS,2024-10-11,Q1 2025,call-transcripts/2024-10-11__has-ln-20241011-call-q1-pres__75026.md,consultant_headcount,,,,,,qualitative,company_expectation,qualitative,"We believe our consultant headcount capacity is appropriate for current market conditions, and we expect this will remain broadly stable in Q2 'twenty five."
Hays plc,LSE:HAS,2024-10-11,Q1 2025,call-transcripts/2024-10-11__has-ln-20241011-call-q1-pres__75026.md,pre_exceptional_operating_profit,,,,,,qualitative,company_expectation,qualitative,"But based on what we currently know, unless we see a material recovery in end markets, we continue to expect that pre exceptional operating profit in H125 will be sequentially lower than H224."
Hays plc,LSE:HAS,2024-10-11,Q1 2025,call-transcripts/2024-10-11__has-ln-20241011-call-q1-qna__75043.md,temp_outlook,,temp,,,,qualitative,narrative,qualitative,"Unknown speaker: And then, clearly, will that temp weakness continue Unknown speaker: into Q2 Unknown speaker: in the auto sector?"
Hays plc,LSE:HAS,2024-10-11,Q1 2025,call-transcripts/2024-10-11__has-ln-20241011-call-q1-qna__75043.md,consultant_headcount,,,,,,qualitative,company_expectation,qualitative,"Unknown speaker: Clearly, our consultant headcount is a little bit lower than we'd expected."
Hays plc,LSE:HAS,2024-10-11,Q1 2025,call-transcripts/2024-10-11__has-ln-20241011-call-q1-qna__75043.md,consultant_headcount,,,,,,qualitative,narrative,qualitative,"If I look forward to next quarter, we've clearly kept our headcount guidance from a consultant perspective."
Hays plc,LSE:HAS,2025-01-15,Q2 2025,call-transcripts/2025-01-15__has-ln-20250115-call-pres-2__545589.md,temp_outlook,,temp_and_contracting,10,,,%,company_expectation,new,Temp and Contracting fees decreased by 10% in line with our expectations.
Hays plc,LSE:HAS,2025-01-15,Q2 2025,call-transcripts/2025-01-15__has-ln-20250115-call-pres-2__545589.md,pre_exceptional_operating_profit,,,25,,,m,company_expectation,new,We expect H1 pre-exceptional operating profit of circa £25 million towards the lower end of the consensus range.
Hays plc,LSE:HAS,2025-01-15,Q2 2025,call-transcripts/2025-01-15__has-ln-20250115-call-pres-2__545589.md,temp_outlook,,temp_and_contracting,2025,,,,narrative,new,"Unknown speaker: Given ongoing economic uncertainty, our new Temp and Contracting return to work will again be particularly important in FY 2025, and we are closely monitoring activity levels, but it is too early at this stage to gain meaningful trends."
Hays plc,LSE:HAS,2025-01-15,Q2 2025,call-transcripts/2025-01-15__has-ln-20250115-call-pres-2__545589.md,net_fees,,,,,,qualitative,narrative,qualitative,"In countries where we see headwinds to net fees, we will continue to focus on improving productivity."
Hays plc,LSE:HAS,2025-01-15,Q2 2025,call-transcripts/2025-01-15__has-ln-20250115-call-pres-2__545589.md,consultant_headcount,,,,,,qualitative,company_expectation,qualitative,"Overall, we expect consultant headcounts to remain broadly stable in Q3, and we continue to work on our back-office efficiency programs."
Hays plc,LSE:HAS,2025-01-15,Q2 2025,call-transcripts/2025-01-15__has-ln-20250115-call-pres-2__545589.md,temp_outlook,,contracting,,,,qualitative,company_expectation,qualitative,"I'd say overall, the contracting business continues to outperform the Temp business, but both of them felt pretty stable through the quarter and in line with our expectations."
Hays plc,LSE:HAS,2025-01-15,Q2 2025,call-transcripts/2025-01-15__has-ln-20250115-call-pres-2__545589.md,consultant_headcount,,,,,,qualitative,company_expectation,qualitative,"As I said before, and as guided in the statement, I expect our consultant headcount to be pretty stable through the next quarter overall."
Hays plc,LSE:HAS,2025-01-15,Q2 2025,call-transcripts/2025-01-15__has-ln-20250115-call-pres-2__545589.md,consultant_headcount,,,,,,qualitative,company_expectation,qualitative,"Unknown speaker: And a lot of our countries, while the headcounts are relatively flat in the quarter and relatively stable, if you look under the covers, there's quite a lot of moving around, as you would expect."
Hays plc,LSE:HAS,2025-01-15,Q2 2025,call-transcripts/2025-01-15__has-ln-20250115-call-pres__74975.md,temp_outlook,,temp_and_contracting,10,,,%,company_expectation,new,Temp and Contracting fees decreased by 10% in line with our expectations.
Hays plc,LSE:HAS,2025-01-15,Q2 2025,call-transcripts/2025-01-15__has-ln-20250115-call-pres__74975.md,pre_exceptional_operating_profit,,,25,,,m,company_expectation,new,We expect H1 pre-exceptional operating profit of circa £25 million towards the lower end of the consensus range.
Hays plc,LSE:HAS,2025-01-15,Q2 2025,call-transcripts/2025-01-15__has-ln-20250115-call-pres__74975.md,temp_outlook,,temp_and_contracting,2025,,,,narrative,new,"Unknown speaker: Given ongoing economic uncertainty, our new Temp and Contracting return to work will again be particularly important in FY 2025, and we are closely monitoring activity levels, but it is too early at this stage to gain meaningful trends."
Hays plc,LSE:HAS,2025-01-15,Q2 2025,call-transcripts/2025-01-15__has-ln-20250115-call-pres__74975.md,net_fees,,,,,,qualitative,narrative,qualitative,"In countries where we see headwinds to net fees, we will continue to focus on improving productivity."
Hays plc,LSE:HAS,2025-01-15,Q2 2025,call-transcripts/2025-01-15__has-ln-20250115-call-pres__74975.md,consultant_headcount,,,,,,qualitative,company_expectation,qualitative,"Overall, we expect consultant headcounts to remain broadly stable in Q3, and we continue to work on our back-office efficiency programs."
Hays plc,LSE:HAS,2025-01-15,Q2 2025,call-transcripts/2025-01-15__has-ln-20250115-call-qna__74993.md,temp_outlook,,contracting,,,,qualitative,company_expectation,qualitative,"I'd say overall, the contracting business continues to outperform the Temp business, but both of them felt pretty stable through the quarter and in line with our expectations."
Hays plc,LSE:HAS,2025-01-15,Q2 2025,call-transcripts/2025-01-15__has-ln-20250115-call-qna__74993.md,consultant_headcount,,,,,,qualitative,company_expectation,qualitative,"As I said before, and as guided in the statement, I expect our consultant headcount to be pretty stable through the next quarter overall."
Hays plc,LSE:HAS,2025-01-15,Q2 2025,call-transcripts/2025-01-15__has-ln-20250115-call-qna__74993.md,consultant_headcount,,,,,,qualitative,company_expectation,qualitative,"Unknown speaker: And a lot of our countries, while the headcounts are relatively flat in the quarter and relatively stable, if you look under the covers, there's quite a lot of moving around, as you would expect."
Hays plc,LSE:HAS,2025-02-20,H1 2025,call-transcripts/2025-02-20__has-ln-20250220-call-q2-pres__75025.md,structural_cost_savings,,,,,,qualitative,narrative,qualitative,"We have more actively managed our less productive consultant population to transition to a more focused core, secured structural savings in both front and back office functions, which James will cover in more detail later and have today announced an external appointment to lead the division who joins Hess in June."
Hays plc,LSE:HAS,2025-02-20,H1 2025,call-transcripts/2025-02-20__has-ln-20250220-call-q2-pres__75025.md,temp_outlook,,temp_and_contracting,,,,qualitative,narrative,qualitative,Unknown speaker: We have moved up the value chain in temp and contracting and will intensify our initiatives to target high skilled roles in the most in demand shop categories with fast growing end markets.
Hays plc,LSE:HAS,2025-02-20,H1 2025,call-transcripts/2025-02-20__has-ln-20250220-call-q2-pres__75025.md,net_finance_charge,,,13,,,,company_expectation,new,"Unknown speaker: As a result, we now expect a finance charge of circa $13,000,000 in FY 'twenty five."
Hays plc,LSE:HAS,2025-02-20,H1 2025,call-transcripts/2025-02-20__has-ln-20250220-call-q2-pres__75025.md,capex,,,25,,,,company_expectation,new,"Unknown speaker: And we expect full year capital expenditure will be circa $25,000,000 in FY 2025."
Hays plc,LSE:HAS,2025-02-20,H1 2025,call-transcripts/2025-02-20__has-ln-20250220-call-q2-pres__75025.md,temp_outlook,,temp,,,,qualitative,narrative,qualitative,"Volumes declined in both temp and perm, although we saw increases in average perm pricing as we targeted the most skill short and higher value areas of the market."
Hays plc,LSE:HAS,2025-02-20,H1 2025,call-transcripts/2025-02-20__has-ln-20250220-call-q2-pres__75025.md,consultant_headcount,Group,,,,,qualitative,company_expectation,qualitative,"As previously reported, we expect group consultant headcount will remain broadly stable in Q3 with reductions to capacity in more difficult markets, but also selected investments where we see opportunities."
Hays plc,LSE:HAS,2025-02-20,H1 2025,call-transcripts/2025-02-20__has-ln-20250220-call-q2-pres__75025.md,perm_outlook,,permanent,,,,qualitative,narrative,qualitative,"Through our five levers, we will achieve this by increasing our exposure to: one, the most in demand future top categories two, growing industries and end markets three, higher skilled and higher paid roles four, non perm recruitment and five, large enterprise clients."
Hays plc,LSE:HAS,2025-02-20,H1 2025,call-transcripts/2025-02-20__has-ln-20250220-call-q2-pres__75025.md,consultant_headcount,,,,,,qualitative,narrative,qualitative,"Guided by our golden rule, we will maintain a disciplined approach to consultant headcount investment."
Hays plc,LSE:HAS,2025-02-20,H1 2025,call-transcripts/2025-02-20__has-ln-20250220-call-q2-pres__75025.md,net_fees,,,225,,,,narrative,new,"In our view, net fees are likely to be approximately GBP $225,000,000 to GBP $250,000,000 this year, which in contrast to broader labor markets is stable versus FY 2023 peak and validates our strategy to target these clients."
Hays plc,LSE:HAS,2025-02-20,H1 2025,call-transcripts/2025-02-20__has-ln-20250220-call-q2-pres__75025.md,consultant_headcount,,,,,,qualitative,narrative,qualitative,We will maintain a disciplined approach to headcount investment.
Hays plc,LSE:HAS,2025-02-20,H1 2025,call-transcripts/2025-02-20__has-ln-20250220-call-q2-pres__75025.md,pre_exceptional_operating_profit,,,,,,qualitative,narrative,qualitative,"When it does, we will deliver a healthy drop through to operating profit."
Hays plc,LSE:HAS,2025-02-20,H1 2025,call-transcripts/2025-02-20__has-ln-20250220-call-q2-qna__75042.md,perm_outlook,Group,permanent,,,,qualitative,narrative,qualitative,"So I think for our target group in perm, this is the SME world."
Hays plc,LSE:HAS,2025-02-20,H1 2025,call-transcripts/2025-02-20__has-ln-20250220-call-q2-qna__75042.md,temp_outlook,,temp,5,5,6,%,company_expectation,new,Our temp business though is weaker and we're down sort of 5% to 6% behind where we would normally expect to be.
Hays plc,LSE:HAS,2025-02-20,H1 2025,call-transcripts/2025-02-20__has-ln-20250220-call-q2-qna__75042.md,consultant_headcount,,,,,,qualitative,company_expectation,qualitative,"As we've given clear guidance on consultant headcount, which we expect to be broadly stable, it may be up a bit in one or two places and down a bit in one or two places as well, but broadly stable."
Hays plc,LSE:HAS,2025-02-20,H1 2025,call-transcripts/2025-02-20__has-ln-20250220-call-q2-qna__75042.md,capex,,,15,,,,company_expectation,new,"In terms of what I expect to see in the second half and going back to an earlier question around free cash flow, clearly at the levels of profitability that we're at right now, once we pay our tax, we've clearly given some CapEx guidance and we've got a $15,000,000 dividend to pay in April."
Hays plc,LSE:HAS,2025-04-16,Q3 2025,call-transcripts/2025-04-16__has-ln-20250416-call-q3-pres__74967.md,pre_exceptional_operating_profit,,,,,,qualitative,company_expectation,qualitative,"And despite ongoing macroeconomic uncertainties, we currently expect f y twenty five operating profit will be in line with consensus."
Hays plc,LSE:HAS,2025-04-16,Q3 2025,call-transcripts/2025-04-16__has-ln-20250416-call-q3-pres__74967.md,temp_outlook,,contracting,,,,qualitative,company_expectation,qualitative,We expect near term market conditions to remain challenging with greater resilience in tempering contracting.
Hays plc,LSE:HAS,2025-04-16,Q3 2025,call-transcripts/2025-04-16__has-ln-20250416-call-q3-pres__74967.md,consultant_headcount,Group,,,,,qualitative,company_expectation,qualitative,We believe our consultant group consultant headcount capacity is appropriate for current market conditions and therefore expect it to remain broadly stable in q four.
Hays plc,LSE:HAS,2025-04-16,Q3 2025,call-transcripts/2025-04-16__has-ln-20250416-call-q3-qna__74983.md,temp_outlook,Germany,contracting,,,,qualitative,company_expectation,qualitative,"I that's a confirmation that our return to work in Tenpin contracting outside as as we spoke about in in Germany in Tenpin, which is largely autos related, has has been in line with our expectations and and in line with previous years."
Hays plc,LSE:HAS,2025-06-19,Q4 2025,call-transcripts/2025-06-19__has-ln-20250619-call-pres__74991.md,net_fees,,,9,9,8,%,company_expectation,new,"Based on our current expectations for June, like-for-like net fees are expected to decline by 9% year-on-year in Q4, 8% on a working-day-adjusted basis, despite a soft prior-year comparative."
Hays plc,LSE:HAS,2025-06-19,Q4 2025,call-transcripts/2025-06-19__has-ln-20250619-call-pres__74991.md,net_fees,,,5,5,4,%,company_expectation,new,Net fees are expected to decline by 5% in Q4 and by 4% on a working-day-adjusted basis.
Hays plc,LSE:HAS,2025-06-19,Q4 2025,call-transcripts/2025-06-19__has-ln-20250619-call-pres__74991.md,net_fees,,permanent,14,,,%,company_expectation,new,"Despite the soft prior-year comparative, perm net fees are expected to decline by 14% in Q4."
Hays plc,LSE:HAS,2025-06-19,Q4 2025,call-transcripts/2025-06-19__has-ln-20250619-call-pres__74991.md,pre_exceptional_operating_profit,,,2025,2025,45,p,company_expectation,new,"Given the largely fixed short-term nature of our cost base, there has been a high drop-through of lower net fees to profitability, and as a result, we currently expect FY 2025 pre-exceptional operating profits of GBP 45 million."
Hays plc,LSE:HAS,2025-06-19,Q4 2025,call-transcripts/2025-06-19__has-ln-20250619-call-pres__74991.md,pre_exceptional_operating_profit,,,,,,qualitative,narrative,qualitative,"Despite the shortfall in operating profits, cash performance during our seasonally stronger fourth quarter remains in line with normal trends, and we reiterate our guidance for a modest net cash position at year-end."
Hays plc,LSE:HAS,2025-06-19,Q4 2025,call-transcripts/2025-06-19__has-ln-20250619-call-pres__74991.md,temp_outlook,,temp_and_contracting,3,,,%,company_expectation,new,Unknown speaker: The year-on-year decline in temp and contracting fees is expected to moderate slightly to 3%.
Hays plc,LSE:HAS,2025-06-19,Q4 2025,call-transcripts/2025-06-19__has-ln-20250619-call-pres__74991.md,perm_outlook,,permanent,17,,,%,company_expectation,new,"Perm remains challenging, and we expect fees to decrease by 17%."
Hays plc,LSE:HAS,2025-06-19,Q4 2025,call-transcripts/2025-06-19__has-ln-20250619-call-pres__74991.md,temp_outlook,,temp_and_contracting,12,,,%,company_expectation,new,"Temp and contracting fees are expected down 12%, were impacted by subdued public sector activity."
Hays plc,LSE:HAS,2025-06-19,Q4 2025,call-transcripts/2025-06-19__has-ln-20250619-call-pres__74991.md,perm_outlook,,permanent,14,,,%,company_expectation,new,"Perm is expected to be down 14%, has experienced a broad-based slowdown as the quarter progressed."
Hays plc,LSE:HAS,2025-06-19,Q4 2025,call-transcripts/2025-06-19__has-ln-20250619-call-pres__74991.md,temp_outlook,,temp_and_contracting,6,,,%,company_expectation,new,"While market conditions remain challenging, temp and contracting activity levels have been stable through the quarter, and we expect fees to decrease by 6%."
Hays plc,LSE:HAS,2025-06-19,Q4 2025,call-transcripts/2025-06-19__has-ln-20250619-call-pres__74991.md,net_fees,Germany,permanent,30,,,%,company_expectation,new,"In ME/EGG Germany, with expected net fees down 30%, has experienced challenging perm conditions, particularly in France."
Hays plc,LSE:HAS,2025-06-19,Q4 2025,call-transcripts/2025-06-19__has-ln-20250619-call-pres__74991.md,net_fees,,,3,,,%,company_expectation,new,"Asia, with expected fees down 3%, is stable overall, and we expect net fees to decline by 1% in the Americas, with 5% year-on-year growth in North America, where markets remain stable."
Hays plc,LSE:HAS,2025-06-19,Q4 2025,call-transcripts/2025-06-19__has-ln-20250619-call-pres__74991.md,consultant_headcount,,,4,4,5,%,company_expectation,new,"Consultant headcount is expected to decrease by 4% in the quarter, and by managing our consultant capacity on a business-line basis, our resource allocation actions should continue to drive a 5% year-on-year improvement in average consultant net fee productivity in Q4."
Hays plc,LSE:HAS,2025-06-19,Q4 2025,call-transcripts/2025-06-19__has-ln-20250619-call-pres__74991.md,consultant_headcount,,,2026,,,,narrative,new,"Unknown speaker: Our enterprise business has maintained good net fee growth, driven by headcount investment in existing clients, higher fill rates, and new contract wins, and we enter FY 2026 with a healthy bid pipeline."
Hays plc,LSE:HAS,2025-06-19,Q4 2025,call-transcripts/2025-06-19__has-ln-20250619-call-qna__75009.md,perm_outlook,,permanent,10,,,%,company_expectation,new,"Overall, our perm business is probably about 10% behind where we expected it to be in the quarter."
Hays plc,LSE:HAS,2025-06-19,Q4 2025,call-transcripts/2025-06-19__has-ln-20250619-call-qna__75009.md,perm_outlook,,permanent,100,100,10,m,company_expectation,new,"Unknown speaker: This time last year, we did about GBP 100 million of perm fees in Q4, and clearly that creates about a GBP 10 million gap on perm fees versus where we expected to be."
Hays plc,LSE:HAS,2025-06-19,Q4 2025,call-transcripts/2025-06-19__has-ln-20250619-call-qna__75009.md,temp_outlook,,temp_and_contracting,,,,qualitative,company_expectation,qualitative,That is really actually the temp and contracting is probably within a couple of million of where I expected it to be.
Hays plc,LSE:HAS,2025-06-19,Q4 2025,call-transcripts/2025-06-19__has-ln-20250619-call-qna__75009.md,perm_outlook,,permanent,,,,qualitative,company_expectation,qualitative,"as well, we actually had a better perm expect than we expected, and we actually had a pretty decent month in February and March."
Hays plc,LSE:HAS,2025-06-19,Q4 2025,call-transcripts/2025-06-19__has-ln-20250619-call-qna__75009.md,perm_outlook,,permanent,,,,qualitative,narrative,qualitative,"Firstly, on the perm deterioration, is it fair to say that jobs will worsen through the quarter?"
Hays plc,LSE:HAS,2025-06-19,Q4 2025,call-transcripts/2025-06-19__has-ln-20250619-call-qna__75009.md,temp_outlook,,temp,,,,qualitative,company_expectation,qualitative,"I would just reiterate the point that the trends that we have seen through the quarter, both in terms of perm and temp, are consistent with what I expect the numbers to be in June."
Hays plc,LSE:HAS,2025-06-19,Q4 2025,call-transcripts/2025-06-19__has-ln-20250619-call-qna__75009.md,consultant_headcount,,,,,,qualitative,company_expectation,qualitative,"In terms of how that goes forward, I do not have a June headcount yet, but I expect it to have reduced modestly again versus May."
Hays plc,LSE:HAS,2025-06-19,Q4 2025,call-transcripts/2025-06-19__has-ln-20250619-call-qna__75009.md,consultant_headcount,,,,,,qualitative,narrative,qualitative,I am not going to give firm guidance for the next quarter on consultant headcount.
Hays plc,LSE:HAS,2025-06-19,Q4 2025,call-transcripts/2025-06-19__has-ln-20250619-call__27277.md,net_fees,,,9,9,8,%,company_expectation,new,"Based on our current expectations for June, like-for-like net fees are expected to decline by 9% year-on-year in Q4, 8% on a working day adjusted basis, despite a soft prior year comparative."
Hays plc,LSE:HAS,2025-06-19,Q4 2025,call-transcripts/2025-06-19__has-ln-20250619-call__27277.md,net_fees,,,5,5,4,%,company_expectation,new,Net fees are expected to decline by 5% in Q4 and by 4% on a working day adjusted basis.
Hays plc,LSE:HAS,2025-06-19,Q4 2025,call-transcripts/2025-06-19__has-ln-20250619-call__27277.md,net_fees,,permanent,14,,,%,company_expectation,new,"Despite the soft prior year comparative, Perm net fees are expected to decline by 14% in Q4."
Hays plc,LSE:HAS,2025-06-19,Q4 2025,call-transcripts/2025-06-19__has-ln-20250619-call__27277.md,pre_exceptional_operating_profit,,,25,25,45,p,company_expectation,new,"But given the largely fixed short-term nature of our cost base, there has been a high drop-through of lower net fees to profitability, and as a result, we currently expect FY '25 pre-exceptional operating profit of circa GBP 45 million."
Hays plc,LSE:HAS,2025-06-19,Q4 2025,call-transcripts/2025-06-19__has-ln-20250619-call__27277.md,temp_outlook,,temp_and_contracting,3,,,%,company_expectation,new,The year-on-year decline in Temp & Contracting fees is expected to moderate slightly to 3%.
Hays plc,LSE:HAS,2025-06-19,Q4 2025,call-transcripts/2025-06-19__has-ln-20250619-call__27277.md,perm_outlook,,permanent,17,,,%,company_expectation,new,"Perm remains challenging, and we expect fees to decrease by 17%."
Hays plc,LSE:HAS,2025-06-19,Q4 2025,call-transcripts/2025-06-19__has-ln-20250619-call__27277.md,temp_outlook,,temp_and_contracting,12,,,%,company_expectation,new,Temp & Contracting fees expected down 12% were impacted by subdued public sector activity.
Hays plc,LSE:HAS,2025-06-19,Q4 2025,call-transcripts/2025-06-19__has-ln-20250619-call__27277.md,perm_outlook,,permanent,14,,,%,company_expectation,new,Perm expected to be down 14% has experienced a broad-based slowdown as the quarter progressed.
Hays plc,LSE:HAS,2025-06-19,Q4 2025,call-transcripts/2025-06-19__has-ln-20250619-call__27277.md,temp_outlook,,temp_and_contracting,6,,,%,company_expectation,new,"While market conditions remain challenging, Temp & Contracting activity levels have been stable through the quarter, and we expect fees to decrease by 6%."
Hays plc,LSE:HAS,2025-06-19,Q4 2025,call-transcripts/2025-06-19__has-ln-20250619-call__27277.md,net_fees,Germany,permanent,13,,,%,company_expectation,new,"EMEA ex Germany with expected net fees down 13% has experienced challenging Perm conditions, particularly in France."
Hays plc,LSE:HAS,2025-06-19,Q4 2025,call-transcripts/2025-06-19__has-ln-20250619-call__27277.md,net_fees,,,1,1,5,%,company_expectation,new,And we expect net fees to decline by 1% in the Americas with 5% year-on-year growth in North America where markets remain stable.
Hays plc,LSE:HAS,2025-06-19,Q4 2025,call-transcripts/2025-06-19__has-ln-20250619-call__27277.md,temp_outlook,,temp_and_contracting,1,1,2,,narrative,new,"As I said in this trading update, that the weakness has been -- the vast majority of it has been Perm-led with our Temp & Contracting business solid overall with 1 or 2 pockets of weakness, which I'm sure will pick up."
Hays plc,LSE:HAS,2025-06-19,Q4 2025,call-transcripts/2025-06-19__has-ln-20250619-call__27277.md,perm_outlook,,permanent,10,,,%,company_expectation,new,"So overall, our Perm business is probably about 10% behind where we expected it to be in the quarter."
Hays plc,LSE:HAS,2025-06-19,Q4 2025,call-transcripts/2025-06-19__has-ln-20250619-call__27277.md,perm_outlook,,permanent,10,,,m,company_expectation,new,"And clearly, that creates about a GBP 10 million gap on Perm fees versus where we expected to be."
Hays plc,LSE:HAS,2025-06-19,Q4 2025,call-transcripts/2025-06-19__has-ln-20250619-call__27277.md,temp_outlook,,temp_and_contracting,,,,qualitative,company_expectation,qualitative,"So that's really -- actually, the Temp & Contracting is probably within a couple of million of where I expected it to be."
Hays plc,LSE:HAS,2025-06-19,Q4 2025,call-transcripts/2025-06-19__has-ln-20250619-call__27277.md,perm_outlook,,permanent,,,,qualitative,company_expectation,qualitative,"as well, we actually had a better Perm than we expected and we actually had a pretty decent month in February and March."
Hays plc,LSE:HAS,2025-06-19,Q4 2025,call-transcripts/2025-06-19__has-ln-20250619-call__27277.md,temp_outlook,,temp,,,,qualitative,company_expectation,qualitative,"But I would just reiterate the point that what -- the trends that we have seen through the quarter, both in terms of Perm and Temp are consistent with what I expect the numbers to be in June."
Hays plc,LSE:HAS,2025-08-21,FY 2025,call-transcripts/2025-08-21__has-ln-20250821-call-h2-pres-2__143887.md,structural_cost_savings,,,,,,qualitative,narrative,qualitative,"And as James will cover later, we have exceeded our structural cost savings target two years ahead of schedule."
Hays plc,LSE:HAS,2025-08-21,FY 2025,call-transcripts/2025-08-21__has-ln-20250821-call-h2-pres-2__143887.md,structural_cost_savings,,,30,,,,narrative,new,"Unknown speaker: Last August we set ourselves a target of delivering $30,000,000 per annum in structural cost savings by FY 2027."
Hays plc,LSE:HAS,2025-08-21,FY 2025,call-transcripts/2025-08-21__has-ln-20250821-call-h2-pres-2__143887.md,net_finance_charge,,,12,,,,company_expectation,new,"We expect the net finance charge for FY26 to be circa £12,000,000 slightly below FY25 due to the impact of the defined benefit pension buy in and lower utilization of our revolving credit facility driven by working capital improvements."
Hays plc,LSE:HAS,2025-08-21,FY 2025,call-transcripts/2025-08-21__has-ln-20250821-call-h2-pres-2__143887.md,effective_tax_rate,Group,,2026,,,,company_expectation,new,"Based on our latest view of profit, we expect the group's ETR for FY 2026 to be circa 38%, consistent with the ETR from H2 FY 2025."
Hays plc,LSE:HAS,2025-08-21,FY 2025,call-transcripts/2025-08-21__has-ln-20250821-call-h2-pres-2__143887.md,effective_tax_rate,,,,,,qualitative,company_expectation,qualitative,We would expect the ETR to reduce as profits rebuild over time.
Hays plc,LSE:HAS,2025-08-21,FY 2025,call-transcripts/2025-08-21__has-ln-20250821-call-h2-pres-2__143887.md,capex,,,35,,,,company_expectation,new,"We expect capital expenditure to increase to circa $35,000,000 in FY 2026, driven by increased spending on our tech infrastructure and data and AI programs."
Hays plc,LSE:HAS,2025-08-21,FY 2025,call-transcripts/2025-08-21__has-ln-20250821-call-h2-pres-2__143887.md,temp_outlook,,temp,,,,qualitative,company_expectation,qualitative,"Turning to current trading and guidance, July and August to date have been in line with our expectations, with no significant change to trading momentum from Q4 in either temp or perm."
Hays plc,LSE:HAS,2025-08-21,FY 2025,call-transcripts/2025-08-21__has-ln-20250821-call-h2-pres-2__143887.md,consultant_headcount,Group,,,,,qualitative,company_expectation,qualitative,"Given our ongoing focus on driving consultant productivity, we expect overall group consultant headcount will remain broadly stable in Q1."
Hays plc,LSE:HAS,2025-08-21,FY 2025,call-transcripts/2025-08-21__has-ln-20250821-call-h2-pres-2__143887.md,temp_outlook,,temp_and_contracting,,,,qualitative,narrative,qualitative,"We will increase our exposure to the most in demand job categories, growing industries and end markets, higher skilled and higher paid roles, temp and contracting, and large enterprise clients."
Hays plc,LSE:HAS,2025-08-21,FY 2025,call-transcripts/2025-08-21__has-ln-20250821-call-h2-pres-2__143887.md,consultant_headcount,,,,,,qualitative,narrative,qualitative,"Unknown speaker: And when markets recover, we will use our golden rule to maintain a disciplined approach to consultant headcount investment."
Hays plc,LSE:HAS,2025-08-21,FY 2025,call-transcripts/2025-08-21__has-ln-20250821-call-h2-pres-2__143887.md,consultant_headcount,,,,,,qualitative,narrative,qualitative,We will continue to optimize our headcount allocation and delivery models going forward.
Hays plc,LSE:HAS,2025-08-21,FY 2025,call-transcripts/2025-08-21__has-ln-20250821-call-h2-pres-2__143887.md,pre_exceptional_operating_profit,,,,,,qualitative,narrative,qualitative,These factors will increase net fees with a potentially high drop through to operating profit.
Hays plc,LSE:HAS,2025-08-21,FY 2025,call-transcripts/2025-08-21__has-ln-20250821-call-h2-pres-2__143887.md,pre_exceptional_operating_profit,,,,,,qualitative,narrative,qualitative,"Unknown speaker: When it does, we will deliver a healthy drop through to operating profit."
Hays plc,LSE:HAS,2025-08-21,FY 2025,call-transcripts/2025-08-21__has-ln-20250821-call-h2-qna__143888.md,capex,,,,,,qualitative,company_expectation,qualitative,Can you talk to whether this is a kind of a one year jump or whether this is a kind of a new level of expected CapEx for the next three to five years?
Hays plc,LSE:HAS,2025-08-21,FY 2025,call-transcripts/2025-08-21__has-ln-20250821-call-h2-qna__143888.md,capex,,,,,,qualitative,company_expectation,qualitative,"But the other part of our increased CapEx this financial year is being driven by investment in our programs around data and AI, which we see as the start of a multi year program and I expect that to carry on at a higher level over the next number of years."
Hays plc,LSE:HAS,2025-08-21,FY 2025,call-transcripts/2025-08-21__has-ln-20250821-call-h2-qna__143888.md,capex,,,,,,qualitative,narrative,qualitative,"So we will see a step up in depreciation, which will follow that CapEx over time."
Hays plc,LSE:HAS,2025-08-21,FY 2025,call-transcripts/2025-08-21__has-ln-20250821-call-h2-qna__143888.md,capex,,,,,,qualitative,narrative,qualitative,"Unknown speaker: I think looking forward to next year, clearly we've had conversation around the CapEx and the guidance we've given there."
Hays plc,LSE:HAS,2025-08-21,FY 2025,call-transcripts/2025-08-21__has-ln-20250821-call-h2-qna__143888.md,consultant_headcount,,,,,,qualitative,narrative,qualitative,"We don't consider the headcount reductions in say consultant numbers to be structural in nature, because at some point we will be putting those headcount back in."
Hays plc,LSE:HAS,2025-10-10,Q1 2026,call-transcripts/2025-10-10__has-ln-20251010-call-q1-pres-2__148165.md,pre_exceptional_operating_profit,United Kingdom & Ireland,,,,,qualitative,company_expectation,qualitative,"Unknown speaker: Driven by its strong consultant fee productivity growth and good cost discipline, group pre-exceptional operating profit was broadly stable year-on-year in Q1, including year-on-year increases in UK&I and ANZ, and overall was in line with our expectations."
Hays plc,LSE:HAS,2025-10-10,Q1 2026,call-transcripts/2025-10-10__has-ln-20251010-call-q1-pres-2__148165.md,structural_cost_savings,,,18,,,m,narrative,new,"Our program to deliver GBP 18 million per annum in structural cost savings by the end of FY 2029, which comprises the GBP 35 million delivered in FY 2025 and the additional GBP 45 million target we communicated at our full-year results, continues to progress well."
Hays plc,LSE:HAS,2025-10-10,Q1 2026,call-transcripts/2025-10-10__has-ln-20251010-call-q1-pres-2__148165.md,net_fees,,,10,,,%,narrative,new,"In the Americas, net fees were down 10%, and following a subdued summer, but stronger September and improving outlook, the U.S."
Hays plc,LSE:HAS,2025-10-10,Q1 2026,call-transcripts/2025-10-10__has-ln-20251010-call-q1-pres-2__148165.md,consultant_headcount,,,,,,qualitative,company_expectation,qualitative,We were pleased with our net fee productivity through Q1 and believe our consultant headcount capacity is appropriate for current market conditions and therefore expected to remain broadly stable in Q2 as we balance focused investment in high-performing business lines with improving productivity in more challenging areas.
Hays plc,LSE:HAS,2025-10-10,Q1 2026,call-transcripts/2025-10-10__has-ln-20251010-call-q1-pres-2__148165.md,consultant_headcount,,,4,,,%,company_expectation,new,"Secondly, while markets overall sound broadly stable, I guess consultant headcount was down 4% in the quarter, which maybe was a bit faster than expected."
Hays plc,LSE:HAS,2025-10-10,Q1 2026,call-transcripts/2025-10-10__has-ln-20251010-call-q1-pres-2__148165.md,structural_cost_savings,,,45,,,m,company_expectation,new,"Firstly, regarding the remaining GBP 45 million cost savings that's targeted, could you help us quantify the amount of exceptional costs you'd expect to come with that?"
Hays plc,LSE:HAS,2025-10-10,Q1 2026,call-transcripts/2025-10-10__has-ln-20251010-call-q1-pres-2__148165.md,effective_tax_rate,,,,,,qualitative,company_expectation,qualitative,"Dirk's absolute resolute focus is making sure that all of our performance is understood, that our business is performing, and we are hitting the kind of metrics and measures that we would expect to in all of our businesses."
Hays plc,LSE:HAS,2026-01-14,Q2 2026,call-transcripts/2026-01-14__has-ln-20260114-call-pres__401052.md,pre_exceptional_operating_profit,,,20,,,m,company_expectation,new,"Strong consultant net fee productivity growth and cost discipline has broadly offset our lower net fees, and as a result, we expect pre-exceptional operating profit in our first half to be around GBP 20 million, including year-on-year increases in the U.K."
Hays plc,LSE:HAS,2026-01-14,Q2 2026,call-transcripts/2026-01-14__has-ln-20260114-call-pres__401052.md,structural_cost_savings,,,18,,,m,narrative,new,"We will deliver circa GBP 18 million per annum structural cost savings by the end of FY 2029, comprising the GBP 35 million delivered in FY 2025 and the additional GBP 45 million target we communicated at our full-year results."
Hays plc,LSE:HAS,2026-01-14,Q2 2026,call-transcripts/2026-01-14__has-ln-20260114-call-pres__401052.md,pre_exceptional_operating_profit,,,20,,,m,company_expectation,new,"Pre-exceptional operating profit is expected to be circa GBP 20 million, down GBP 5 million year-on-year, despite a 9% or GBP 45 million net fee decline, with the U.K."
Hays plc,LSE:HAS,2026-01-14,Q2 2026,call-transcripts/2026-01-14__has-ln-20260114-call-pres__401052.md,consultant_headcount,Group,,,,,qualitative,company_expectation,qualitative,Unknown speaker: We were pleased once again with our net fee productivity through Q2 and believe our group consultant headcount capacity is appropriate for current market conditions and therefore expect it to remain broadly stable in Q3 as we balance focused investment in high-performing and potential business lines with improving productivity in more challenging areas.
Hays plc,LSE:HAS,2026-01-14,Q2 2026,call-transcripts/2026-01-14__has-ln-20260114-call-qna__401059.md,temp_outlook,,temp,,,,qualitative,company_expectation,qualitative,"I think in our other larger businesses around the world, we actually saw some positive movements between Q1 and Q2, notably Australia, which improved versus the first quarter, and actually getting back into the year-on-year growth in PERM was pretty encouraging, and we saw forward momentum in TEMP, and it's pretty mixed around the world, but I mean, it was probably a percentage point or two behind our expectations."
Hays plc,LSE:HAS,2026-01-14,Q2 2026,call-transcripts/2026-01-14__has-ln-20260114-call-qna__401059.md,structural_cost_savings,,,,,,qualitative,company_expectation,qualitative,"I think on the other hand, though, we've actually outperformed and delivered better on the structural cost savings than we expected."
Hays plc,LSE:HAS,2026-01-14,Q2 2026,call-transcripts/2026-01-14__has-ln-20260114-call-qna__401059.md,consultant_headcount,,,,,,qualitative,company_expectation,qualitative,"We expected our consultant headcount to be broadly stable this quarter, which it has done, so that was in line with where we expected it to be, but we've made better progress on the costs."
Hays plc,LSE:HAS,2026-01-14,Q2 2026,call-transcripts/2026-01-14__has-ln-20260114-call-qna__401059.md,structural_cost_savings,,,,,,qualitative,company_expectation,qualitative,"I expect to continue to make progress on the cost savings in the second half, and that's within our gift, and we're making good progress on that, so I expect to deliver a good result in the second half."
Hays plc,LSE:HAS,2026-01-14,Q2 2026,call-transcripts/2026-01-14__has-ln-20260114-call-qna__401059.md,perm_outlook,,permanent,,,,qualitative,company_expectation,qualitative,"So as rightly we see some stability and return to work in line with our expectations, and we see PERM activity come back at levels we saw pre-Christmas, then we've got, that's a realistic number for us, and clearly we'd be talking differently if we didn't think that was our expectation."
Hays plc,LSE:HAS,2026-02-27,H1 2026,call-transcripts/2026-02-27__has-ln-20260227-call-pres__643384.md,net_finance_charge,,,2026,,,,company_expectation,new,"We expect the net finance charge for FY 2026 to be GBP 13 million, slightly below FY 2025, due to the positive impact of the defined benefit pension buy-in and improving working capital."
Hays plc,LSE:HAS,2026-02-27,H1 2026,call-transcripts/2026-02-27__has-ln-20260227-call-pres__643384.md,effective_tax_rate,Group,,2026,2026,45,,company_expectation,new,"We expect the group's ETR for FY 2026 to be circa 45%, consistent with the first half."
Hays plc,LSE:HAS,2026-02-27,H1 2026,call-transcripts/2026-02-27__has-ln-20260227-call-pres__643384.md,effective_tax_rate,,,,,,qualitative,company_expectation,qualitative,We would expect the ETR to reduce materially to more normal levels as profits rebuild over time.
Hays plc,LSE:HAS,2026-02-27,H1 2026,call-transcripts/2026-02-27__has-ln-20260227-call-pres__643384.md,capex,,,30,,,m,company_expectation,new,"In addition, the cost of our technology investment has been lower than initially expected, and we now anticipate GBP 30 million CapEx in FY 2026 versus our previous guidance of GBP 35 million."
Hays plc,LSE:HAS,2026-02-27,H1 2026,call-transcripts/2026-02-27__has-ln-20260227-call-pres__643384.md,capex,,,,,,qualitative,company_expectation,qualitative,"Unknown speaker: We maintained a strong balance sheet, underpinned by strong levels of cash conversion, further supported by lower than anticipated CapEx."
Hays plc,LSE:HAS,2026-02-27,H1 2026,call-transcripts/2026-02-27__has-ln-20260227-call-pres__643384.md,temp_outlook,,temp_and_contracting,,,,qualitative,company_expectation,qualitative,Our temp and contracting new year return to work has been solid overall and in line with the prior year and our expectations.
Hays plc,LSE:HAS,2026-02-27,H1 2026,call-transcripts/2026-02-27__has-ln-20260227-call-pres__643384.md,consultant_headcount,Group,,,,,qualitative,company_expectation,qualitative,"Unknown speaker: Our group consultant headcount capacity is appropriate for current market conditions, and we expect it to remain broadly stable in Q3 as we balance focused investments, with improving productivity in more challenging areas."
Hays plc,LSE:HAS,2026-02-27,H1 2026,call-transcripts/2026-02-27__has-ln-20260227-call-pres__643384.md,pre_exceptional_operating_profit,,,,,,qualitative,narrative,qualitative,These factors will increase net fees with a high drop-through to operating profit.
Hays plc,LSE:HAS,2026-02-27,H1 2026,call-transcripts/2026-02-27__has-ln-20260227-call-qna__643383.md,consultant_headcount,,,,,,qualitative,narrative,qualitative,We've given important guidance on consultant headcount for the second half.
Hays plc,LSE:HAS,2026-02-27,H1 2026,call-transcripts/2026-02-27__has-ln-20260227-call-qna__643383.md,perm_outlook,,permanent,,,,qualitative,company_expectation,qualitative,Perm activities come back at levels that we were expecting as well.
Hays plc,LSE:HAS,2026-02-27,H1 2026,call-transcripts/2026-02-27__has-ln-20260227-call-qna__643383.md,temp_outlook,,temp_and_contracting,,,,qualitative,company_expectation,qualitative,"You can see that temp and contracting has continued to be more resilient across the business than perm, as you would expect."
Hays plc,LSE:HAS,2026-02-27,H1 2026,call-transcripts/2026-02-27__has-ln-20260227-call-qna__643383.md,temp_outlook,,temp,,,,qualitative,company_expectation,qualitative,"We're still seeing a soft market in automotive, and that's the reason why our temp business return to work is a little bit behind where we would normally expect it to be."
Hays plc,LSE:HAS,2026-04-16,Q3 2026,call-transcripts/2026-04-16__has-ln-20260416-call-pres__956114.md,pre_exceptional_operating_profit,,,2026,,,p,company_expectation,new,"Although near-term market conditions are likely to remain challenging and we remain mindful of heightened global macroeconomic uncertainty, we currently expect FY 2026 pre-exceptional operating profit will be in line with consensus."
Hays plc,LSE:HAS,2026-04-16,Q3 2026,call-transcripts/2026-04-16__has-ln-20260416-call-pres__956114.md,perm_outlook,Group,permanent,3,,,%,narrative,new,"This was partially offset by a 3% increase in the group average perm fee, supported by our actions to target higher salary roles."
Hays plc,LSE:HAS,2026-04-16,Q3 2026,call-transcripts/2026-04-16__has-ln-20260416-call-pres__956114.md,temp_outlook,,temp_and_contracting,,,,qualitative,company_expectation,qualitative,"Although we have limited forward visibility, given the heightened levels of global macroeconomic uncertainty, we expect near-term perm market conditions to remain challenging, but expect greater resilience in temp and contracting to continue."
Hays plc,LSE:HAS,2026-04-16,Q3 2026,call-transcripts/2026-04-16__has-ln-20260416-call-pres__956114.md,consultant_headcount,,,,,,qualitative,company_expectation,qualitative,"We were pleased once again with our net fee productivity through Q3 and believe our consultant headcount capacity is appropriate for current market conditions and,therefore expect it to remain broadly stable in Q4 as we balance focused investment in high-performing and high-potential business lines with improving productivity in more challenging areas."
Hays plc,LSE:HAS,2026-04-16,Q3 2026,call-transcripts/2026-04-16__has-ln-20260416-call-qna__956116.md,temp_outlook,,temp_and_contracting,,,,qualitative,company_expectation,qualitative,"I would say that the Temp and Contracting business has probably been slightly ahead of where we expect it to be, and had good momentum and good trends through the quarter, as we've highlighted in the returns to work."
Hays plc,LSE:HAS,2026-07-10,Q4 2026,call-transcripts/2026-07-10__has-ln-20260710-call-pres__1573113.md,pre_exceptional_operating_profit,,,2026,,,p,company_expectation,new,"We currently expect FY 2026 pre-exceptional operating profit will be at the top of the consensus range, following a strong return to year-on-year profit growth in the second half."
Hays plc,LSE:HAS,2026-07-10,Q4 2026,call-transcripts/2026-07-10__has-ln-20260710-call-pres__1573113.md,net_fees,Germany,temp_and_contracting,3,,,%,company_expectation,new,"Temp & Contracting net fees decreased by 3%, as volumes remained stable and the year-on-year decline in average hours worked in Germany was in line with our expectations and stable through the quarter."
Hays plc,LSE:HAS,2026-07-10,Q4 2026,call-transcripts/2026-07-10__has-ln-20260710-call-pres__1573113.md,perm_outlook,Group,permanent,3,,,%,narrative,new,"This was partially offset by a 3% increase in group average Perm fee, supported by our actions to target higher salary roles."
Hays plc,LSE:HAS,2026-07-10,Q4 2026,call-transcripts/2026-07-10__has-ln-20260710-call-pres__1573113.md,temp_outlook,Germany,temp_and_contracting,,,,qualitative,company_expectation,qualitative,"Temp and contracting volumes remained stable overall, average hours worked in Germany remained stable through the quarter and in line with our expectations."
Hays plc,LSE:HAS,2026-07-10,Q4 2026,call-transcripts/2026-07-10__has-ln-20260710-call-pres__1573113.md,net_fees,,,,,,qualitative,company_expectation,qualitative,"We are mobilizing new contract wins with several large enterprise clients, which we expect to contribute to net fees over the coming quarters."
Hays plc,LSE:HAS,2026-07-10,Q4 2026,call-transcripts/2026-07-10__has-ln-20260710-call-pres__1573113.md,pre_exceptional_operating_profit,,,2026,,,p,company_expectation,new,We currently expect FY 2026 pre-exceptional operating profit will be at the top of the GBP 37 million-GBP 46 million profit consensus range.
Hays plc,LSE:HAS,2026-07-10,Q4 2026,call-transcripts/2026-07-10__has-ln-20260710-call-pres__1573113.md,temp_outlook,,temp,,,,qualitative,company_expectation,qualitative,"Given heightened levels of global macroeconomic uncertainty, we continue to expect near-term market conditions to remain challenging, with greater resilience in Temp & Contract than in Perm."
Hays plc,LSE:HAS,2026-07-10,Q4 2026,call-transcripts/2026-07-10__has-ln-20260710-call-pres__1573113.md,consultant_headcount,Group,,2027,,,,company_expectation,new,"Unknown speaker: We believe our group consultant headcount capacity is appropriate for the current market conditions, therefore expect it to remain broadly stable in Q1 2027 as we balance focused investment in high-performing and high-potential business lines with improving productivity in more challenging areas."
Hays plc,LSE:HAS,2026-07-10,Q4 2026,call-transcripts/2026-07-10__has-ln-20260710-call-qna__1573114.md,net_fees,,,70,,,m,narrative,new,"Interesting similarly with the further seven countries that we're reviewing right now, those together this year will do about GBP 70 million of net fees."
Hays plc,LSE:HAS,2026-07-10,Q4 2026,call-transcripts/2026-07-10__has-ln-20260710-call-qna__1573114.md,temp_outlook,,temp,,,,qualitative,narrative,qualitative,Just moving on to the question around outlook and temp and perm.
Hays plc,LSE:HAS,2026-07-10,Q4 2026,call-transcripts/2026-07-10__has-ln-20260710-call-qna__1573114.md,perm_outlook,,permanent,,,,qualitative,narrative,qualitative,Much of the activity we're doing now will be Perm fees in September.
Hays plc,LSE:HAS,2026-07-10,Q4 2026,call-transcripts/2026-07-10__has-ln-20260710-call-qna__1573114.md,structural_cost_savings,,,,,,qualitative,narrative,qualitative,"Secondly, on the cost savings, are you already ahead of your original three-year target?"
Hays plc,LSE:HAS,2015-09-18,FY 2015,filings/2015-09-18__has-ln-20150918-h2-8k__671208.md,pre_exceptional_operating_profit,Group,contracting,2015,,,p,narrative,new,"TWO: GENERATE AND DISTRIBUTE MEANINGFUL CASH RETURNS ## 2015 PROGRESS: Strong operating profit and cash performance THREE: BUILD CRITICAL MASS AND SCALE ACROSS OUR GLOBAL PLATFORM ## 2015 PROGRESS: Continued roll-out of our contracting model; Veredus acquisition in the US <!-- image --> FOUR: POSITION THE GROUP FOR LONG-TERM STRUCTURAL GROWTH OPPORTUNITIES ## 2015 PROGRESS: Continued rapid, targeted investment in less mature markets <!-- PAGE 6 --> <!-- image --> ## GROWTH &amp; LEVERAGE NET FEE"
Hays plc,LSE:HAS,2015-09-18,FY 2015,filings/2015-09-18__has-ln-20150918-h2-8k__671208.md,pre_exceptional_operating_profit,Germany,contracting,37,,,%,company_expectation,new,"We have built a global platform with unrivalled scale, balance and diversity - Balanced exposure across permanent, temporary and contractor recruitment markets - Execution in local markets built on the best people, sector-leading technology and a world-class brand - Strong operational and senior regional management across the Group - All focused on delivering the best solutions for clients and candidates <!-- image --> ## For more information, see p7 - Many markets across our global platform rep"
Hays plc,LSE:HAS,2015-09-18,FY 2015,filings/2015-09-18__has-ln-20150918-h2-8k__671208.md,net_fees,Germany,contracting,2015,,,,narrative,new,## PRIORITIES WE SET OUT LAST YEAR: - Equipping consultants with the best tools to make them as effective as possible - Utilising new technologies - Investing in and developing our training and development programmes worldwide - Targeted investment in those businesses which need additional capacity - Focus resources on those businesses best positioned to deliver meaningful contribution to the Group's results over the next five years - Take tough decisions to protect profitability where appropria
Hays plc,LSE:HAS,2015-09-18,FY 2015,filings/2015-09-18__has-ln-20150918-h2-8k__671208.md,pre_exceptional_operating_profit,Group,,10,10,2018,m,company_expectation,new,"I expect the Hays US business to quickly become one of the largest in our Group, and it immediately joins our Future Material Profit Drivers: those businesses with the potential to reach £10 million of operating profit by 2018."
Hays plc,LSE:HAS,2015-09-18,FY 2015,filings/2015-09-18__has-ln-20150918-h2-8k__671208.md,perm_outlook,,contracting,,,,qualitative,narrative,qualitative,"We are focused on growing and expanding our existing IT Contractor and Permanent business and introducing new specialisms into our branch network.' ## DAN RODRIGUEZ CEO VEREDUS, NOW MD HAYS USA developed an exciting plan for how we will create significant value in the US business."
Hays plc,LSE:HAS,2015-09-18,FY 2015,filings/2015-09-18__has-ln-20150918-h2-8k__671208.md,consultant_headcount,,,,,,qualitative,narrative,qualitative,"In each case, we will be investing to rapidly build headcount, office capacity and introduce new specialisms where and when appropriate."
Hays plc,LSE:HAS,2015-09-18,FY 2015,filings/2015-09-18__has-ln-20150918-h2-8k__671208.md,net_fees,,,,,,qualitative,narrative,qualitative,We will continue to run these businesses to grow profits ahead of net fees.
Hays plc,LSE:HAS,2015-09-18,FY 2015,filings/2015-09-18__has-ln-20150918-h2-8k__671208.md,pre_exceptional_operating_profit,,,60,60,1,%,company_expectation,new,Going forward we anticipate a drop-through of incremental net fees into operating profit of c.60% (1) .
Hays plc,LSE:HAS,2015-09-18,FY 2015,filings/2015-09-18__has-ln-20150918-h2-8k__671208.md,pre_exceptional_operating_profit,Group,,32,,,,narrative,new,"<!-- PAGE 32 --> <!-- image --> ## PROGRESSIVE &amp; EFFICIENT <!-- image --> ' This is another strong financial performance as we delivered excellent 25% (1) operating profit growth and further increased our sectorleading conversion rate.' ## PERFORMANCE HIGHLIGHTS - 17% headline growth in operating profit despite a £9.6 million foreign exchange headwind - Excellent like-for-like profit growth of £33.1 million from like-for-like net fee growth of £65.1 million, a 51% drop-through - Consultant h"
Hays plc,LSE:HAS,2015-09-18,FY 2015,filings/2015-09-18__has-ln-20150918-h2-8k__671208.md,consultant_headcount,,,2,,,,narrative,new,"<!-- image --> | CONVERSIONRATE (2) | CONVERSIONRATE (2) | |----------------------|----------------------| | 2011 | 17.0% | | 2012 | 17.5% | | 2013 | 17.5% | | 2014 | 19.4% | | 2015 | 21.5% | Consultant headcount at the end of June 2015 was 5,821 (3) , up 9% year-on-year and also up 4% versus December 2014, as we invested on a targeted basis to support growth opportunities."
Hays plc,LSE:HAS,2015-09-18,FY 2015,filings/2015-09-18__has-ln-20150918-h2-8k__671208.md,consultant_headcount,,,148,148,10,,narrative,new,"We have started the roll-out of a Construction &amp; Property specialism alongside the core IT business in specifically targeted markets, and invested to build consultant headcount within the business, which was 148 at the end of June, up 10% since acquisition."
Hays plc,LSE:HAS,2015-09-18,FY 2015,filings/2015-09-18__has-ln-20150918-h2-8k__671208.md,consultant_headcount,,,,,,qualitative,company_expectation,qualitative,"Based on the prevailing conditions across the division and after significant investment in FY15, we expect headcount to increase modestly in the first half of the year."
Hays plc,LSE:HAS,2015-09-18,FY 2015,filings/2015-09-18__has-ln-20150918-h2-8k__671208.md,consultant_headcount,,,,,,qualitative,company_expectation,qualitative,Overall we expect headcount in the division to increase on a selective basis in the first half of the year.
Hays plc,LSE:HAS,2015-09-18,FY 2015,filings/2015-09-18__has-ln-20150918-h2-8k__671208.md,consultant_headcount,,,,,,qualitative,company_expectation,qualitative,Overall we expect to increase headcount in the division on a selective basis in the first half of the year.
Hays plc,LSE:HAS,2015-09-18,FY 2015,filings/2015-09-18__has-ln-20150918-h2-8k__671208.md,net_finance_charge,,,30,,,,company_expectation,new,We expect the net finance charge for the year ending 30 June 2016 to be around £7.5 million.
Hays plc,LSE:HAS,2015-09-18,FY 2015,filings/2015-09-18__has-ln-20150918-h2-8k__671208.md,effective_tax_rate,Group,,31.0,31.0,2016,%,company_expectation,new,We expect the Group's effective tax rate to be 31.0% for the year to June 2016.
Hays plc,LSE:HAS,2015-09-18,FY 2015,filings/2015-09-18__has-ln-20150918-h2-8k__671208.md,capex,,,13,13,2016,m,company_expectation,new,We expect capital expenditure to be around £13 million for the year to June 2016.
Hays plc,LSE:HAS,2015-09-18,FY 2015,filings/2015-09-18__has-ln-20150918-h2-8k__671208.md,pre_exceptional_operating_profit,,,,,,qualitative,narrative,qualitative,"We reiterated full year operating profit guidance, with second half profits slightly ahead of first half, despite the material negative impact of foreign exchange movements."
Hays plc,LSE:HAS,2015-09-18,FY 2015,filings/2015-09-18__has-ln-20150918-h2-8k__671208.md,effective_tax_rate,Group,,,,,qualitative,narrative,qualitative,"## WE HAVE SELECTED THE RIGHT PERFORMANCE METRICS When establishing the annual Group budget, the Board seeks to ensure that achievable, yet stretching, targets are appropriately balanced with risk."
Hays plc,LSE:HAS,2015-09-18,FY 2015,filings/2015-09-18__has-ln-20150918-h2-8k__671208.md,effective_tax_rate,Group,,7.02,,,p,narrative,new,Bonus Metrics measure success of the day-to-day management of a volatile and cyclical business | Metric | Target | Actual | %achieved | |-----------------------------------|----------|----------|-------------| | EPS | 7.02p | 7.74p* | 100% | | Cash conversion | 86% | 108.5% | 100% | | Personal - Chief Executive | - | 90% | 90% | | Personal - Group Finance Director | - | 85% | 85% | * Both the target and actual performance were based on budget exchange rates.
Hays plc,LSE:HAS,2015-09-18,FY 2015,filings/2015-09-18__has-ln-20150918-h2-8k__671208.md,pre_exceptional_operating_profit,Group,,2012,,,p,narrative,new,September 2012 PSP award Metrics reflect success in delivering strong results through the three-year cycle | Metric | Target | Actual | %achieved | |---------------------------------------|---------------------|----------|-------------| | Relative TSR against comparator group | Upper quartile (UQ) | UQ | 100% | | EPS | 17.39% | 18.71% | 100% | ## KEY FY15 GENERAL BUSINESS HIGHLIGHTS - Like-for-like net fee growth of 9% (1) - Operating profit up 25% (1) - Strong cash conversion - Acquisition of V
Hays plc,LSE:HAS,2015-09-18,FY 2015,filings/2015-09-18__has-ln-20150918-h2-8k__671208.md,effective_tax_rate,,,2016,,,,narrative,new,"The financial metrics chosen are KPIs of the business and therefore reflecthow well management mitigates our principal financial and reputational business risks which include: • Its cyclical nature, closely linked to the economy; • Ensuring wehave the right business model to deal with market changes; | Following the issue of the Code, wehave introduced clawback provisions which will apply to any cash bonus that maybeawarded for performance in relation to the full financial year 2016 and going fo"
Hays plc,LSE:HAS,2015-09-18,FY 2015,filings/2015-09-18__has-ln-20150918-h2-8k__671208.md,effective_tax_rate,,,67,,,,narrative,new,"TSR metric measures the relative return from Hays shares against a basket of | Page 67 of the Annual Report on Remuneration Following the issue of the Code, wehave introduced clawback provisions which will apply to the PSP grant awarded in the 2016 financial year and that will vest at the end of the 2018 financial year."
Hays plc,LSE:HAS,2015-09-18,FY 2015,filings/2015-09-18__has-ln-20150918-h2-8k__671208.md,effective_tax_rate,,,1,,,p,narrative,new,The EPS metric targets are calculated taking into account the Company budget for Year 1 plus growth around a fixed range of RPI+4% and RPI+12% per annum for Years 2 and 3.
Hays plc,LSE:HAS,2015-09-18,FY 2015,filings/2015-09-18__has-ln-20150918-h2-8k__671208.md,effective_tax_rate,,,20,,,%,narrative,new,The Committee will provide retrospective disclosure | | Cash conversion | 20% | of | | Personal | 20% | the performance targets for the financial measures to allow shareholders to judge the bonus earned in | | Total | 100% | may continue to be commercially sensitive.
Hays plc,LSE:HAS,2015-09-18,FY 2015,filings/2015-09-18__has-ln-20150918-h2-8k__671208.md,temp_outlook,,temp,,,,qualitative,narrative,qualitative,Deferred tax assets are recognised only to the extent that it is probable that taxable profits will be available against which to offset the deductible temporary differences.
Hays plc,LSE:HAS,2015-09-18,FY 2015,filings/2015-09-18__has-ln-20150918-h2-8k__671208.md,temp_outlook,Group,temp,,,,qualitative,narrative,qualitative,"Deferred tax is provided on unremitted earnings of subsidiaries and associates where the Group is unable to control the timing of the distribution, and it is probable that the temporary difference will reverse in the future."
Hays plc,LSE:HAS,2015-09-18,FY 2015,filings/2015-09-18__has-ln-20150918-h2-8k__671208.md,effective_tax_rate,,,2,,,%,company_expectation,new,"Depreciation is provided on a straight-line basis over the anticipated useful working lives of the assets, after they have been brought into use, at the following rates: Freehold land - No depreciation is provided Freehold buildings - At rates varying between 2% and 10% Leasehold properties - The cost is written off over the unexpired term of the lease Plant and machinery - At rates varying between 5% and 33% Fixtures and fittings - At rates varying between 10% and 25% ## O/threeperemspaceTRADE "
Hays plc,LSE:HAS,2015-09-18,FY 2015,filings/2015-09-18__has-ln-20150918-h2-8k__671208.md,pre_exceptional_operating_profit,Group,,,,,qualitative,company_expectation,qualitative,"The key assumptions for the value-in-use calculations are as follows: | Assumption | How determined | |------------------|-------------------------------------------------| | Operating profit | The operating profit is based on the latest one-year forecasts for the CGUs approved by the Group's Management Board which are compiled using expectations of fee growth, consultant productivity and operating costs."
Hays plc,LSE:HAS,2015-09-18,FY 2015,filings/2015-09-18__has-ln-20150918-h2-8k__671208.md,capex,,,1,,,,narrative,new,(In £s million) | Freehold properties | Leasehold properties (short) | Plant and machinery | Fixtures and fittings | Total | |--------------------------|-----------------------|--------------------------------|-----------------------|-------------------------|---------| | Cost | | | | | | | At 1 July 2013 | 1.9 | 12.5 | 32.1 | 30.1 | 76.6 | | Exchange adjustments | (0.1) | (1.0) | (1.3) | (1.1) | (3.5) | | Capital expenditure | - | 1.1 | 2.5 | 2.1 | 5.7 | | Disposals | - | (0.5) | (7.2) | (3.1) 
Hays plc,LSE:HAS,2016-09-27,FY 2016,filings/2016-09-27__has-ln-20160927-h2-8k__671209.md,pre_exceptional_operating_profit,,,2013,,,,company_expectation,new,"OUR ABILITY TO DELIVER SUPERIOR FINANCIAL PERFORMANCE THROUGH THE CYCLE - Three years into our five-year plan, we are where we expected to be in terms of our aspiration to broadly double 2013's operating profit of £125 million to £250 million in 2018."
Hays plc,LSE:HAS,2016-09-27,FY 2016,filings/2016-09-27__has-ln-20160927-h2-8k__671209.md,temp_outlook,,contracting,,,,qualitative,company_expectation,qualitative,I expect Contracting to become a more important part of many of our businesses around the world.
Hays plc,LSE:HAS,2016-09-27,FY 2016,filings/2016-09-27__has-ln-20160927-h2-8k__671209.md,pre_exceptional_operating_profit,,,30,,,,company_expectation,new,"Finally, our remaining 30 countries have collectively performed beyond our initial expectations and several countries are now reaching real scale, including France, ## Operating profit £181m 2015: £164m ## Three-year operating profit growth (1) £78m <!-- image --> Switzerland and Japan."
Hays plc,LSE:HAS,2016-09-27,FY 2016,filings/2016-09-27__has-ln-20160927-h2-8k__671209.md,consultant_headcount,,,,,,qualitative,company_expectation,qualitative,"If current market trends continue, I expect us to grow headcount next year, but only in those markets where we see a positive outlook <!-- image --> and where current productivity has reached an acceptable level to justify adding more capacity."
Hays plc,LSE:HAS,2016-09-27,FY 2016,filings/2016-09-27__has-ln-20160927-h2-8k__671209.md,temp_outlook,,contracting,,,,qualitative,narrative,qualitative,"In terms of newer market areas, we will continue to ramp up our Contracting business in a number of countries as discussed earlier."
Hays plc,LSE:HAS,2016-09-27,FY 2016,filings/2016-09-27__has-ln-20160927-h2-8k__671209.md,net_fees,Germany,contracting,22,,,m,company_expectation,new,"In particular, after three years, the UK has outperformed expectations - -So far over the three years to date, we've experienced material FX headwinds of £22 million in our International business, but this has been mitigated ahead-of-plan operating performance - -Further expansion of our temp/contracting business, which now represents a material proportion of Group net fee income - -Material increase in the percentage of non-perm net fees generated in the Group, excluding the UK, Germany and Aus"
Hays plc,LSE:HAS,2016-09-27,FY 2016,filings/2016-09-27__has-ln-20160927-h2-8k__671209.md,temp_outlook,Germany,contracting,0,,,,narrative,new,"Switzerland Belgium Brazil New Zealand China Mexico 0-10 years ## Our objectives for FY17 - -There is material increased uncertainty in the UK market as a result of the vote to leave the EU and this is likely to have an impact on our UK earnings in the current year, though it remains too early to fully assess what that impact may be, and we will continue to monitor activity levels closely - -In our international businesses, where markets remain supportive, we will continue to focus on driving fe"
Hays plc,LSE:HAS,2016-09-27,FY 2016,filings/2016-09-27__has-ln-20160927-h2-8k__671209.md,pre_exceptional_operating_profit,Group,,42,,,,narrative,new,"Excellent operating leverage drives strong profit growth <!-- PAGE 42 --> ## FINANCIAL REVIEW Paul Venables Group Finance Director <!-- image --> ## Performance highlights Strong 13% (1) operating profit growth, with a 40% (1) drop-through of incremental net fees into operating profit Sector-leading conversion rate, the proportion of net fees converted into operating profit, further improved by 80 basis points to 22.3% Consultant headcount up 3% (3) , with targeted investment in markets such as "
Hays plc,LSE:HAS,2016-09-27,FY 2016,filings/2016-09-27__has-ln-20160927-h2-8k__671209.md,perm_outlook,,permanent,,,,qualitative,narrative,qualitative,"In the UK, following a step down in Perm activity immediately after the EU Referendum, conditions are tough but broadly sequentially stable and it is too early to have a clear view on the extent to which the post-Brexit uncertainty will impact our business in the current financial year."
Hays plc,LSE:HAS,2016-09-27,FY 2016,filings/2016-09-27__has-ln-20160927-h2-8k__671209.md,consultant_headcount,,,,,,qualitative,company_expectation,qualitative,"We expect headcount to increase modestly in the first half of the year, mainly in Australia."
Hays plc,LSE:HAS,2016-09-27,FY 2016,filings/2016-09-27__has-ln-20160927-h2-8k__671209.md,consultant_headcount,Germany,,,,,qualitative,company_expectation,qualitative,Overall we expect headcount in the division to increase significantly in Germany and France and on a selective basis elsewhere.
Hays plc,LSE:HAS,2016-09-27,FY 2016,filings/2016-09-27__has-ln-20160927-h2-8k__671209.md,consultant_headcount,,,,,,qualitative,company_expectation,qualitative,"We continue to review underlying activity levels, but having taken action to reduce headcount in the last financial year, we expect headcount to remain broadly flat in the early part of the new financial year."
Hays plc,LSE:HAS,2016-09-27,FY 2016,filings/2016-09-27__has-ln-20160927-h2-8k__671209.md,net_finance_charge,,,30,,,,company_expectation,new,We expect the net finance charge for the year ending 30 June 2017 to be around £7.0 million.
Hays plc,LSE:HAS,2016-09-27,FY 2016,filings/2016-09-27__has-ln-20160927-h2-8k__671209.md,effective_tax_rate,Group,,2017,,,,narrative,new,The Group's effective tax rate for the year to June 2017 will be driven by the mix of profits generated during the year.
Hays plc,LSE:HAS,2016-09-27,FY 2016,filings/2016-09-27__has-ln-20160927-h2-8k__671209.md,capex,,,15,15,2017,m,company_expectation,new,We expect capital expenditure to be around £15 million for the year to June 2017.
Hays plc,LSE:HAS,2016-09-27,FY 2016,filings/2016-09-27__has-ln-20160927-h2-8k__671209.md,pre_exceptional_operating_profit,Group,,210,210,2020,m,company_expectation,new,"The Group has in place a £210 million revolving credit facility, maturing in April 2020, which provides considerable headroom versus current and future expected levels of Group ## Operating profit to free cash flow conversion <!-- image --> debt."
Hays plc,LSE:HAS,2016-09-27,FY 2016,filings/2016-09-27__has-ln-20160927-h2-8k__671209.md,effective_tax_rate,,,8.12,,,p,narrative,new,Metric | Target | Maximum | Actual | %of max achieved | |-----------------|----------|-----------|----------|--------------------| | EPS | 8.12p | 8.60p | 8.19p* | 66.50% | | Cash conversion | 86% | 101% | 80.11% | 44.29% | | Personal CEO | | | 85% | | | Personal CFO | | | 85% | | * Both the target and actual performance were based on Budget exchange rates.
Hays plc,LSE:HAS,2016-09-27,FY 2016,filings/2016-09-27__has-ln-20160927-h2-8k__671209.md,pre_exceptional_operating_profit,Group,,46,,,%,narrative,new,Metric and weighting | Maximum Target | Actual | %of max achieved | |---------------------------------------|---------------------|----------|--------------------| | Relative TSR against comparator group | Upper quartile (UQ) | 46% | 71.17% | | (50%) EPS (50%) | 20.09p (1) | 22.05p | 100% | ## Key general business highlights in FY16 - -Like-for-like net fee growth of 7% (2) - -Operating profit up 13% (2) - -Good cash conversion - (1) Adjusted for actual RPI.
Hays plc,LSE:HAS,2016-09-27,FY 2016,filings/2016-09-27__has-ln-20160927-h2-8k__671209.md,effective_tax_rate,,,85,85,2013,%,narrative,new,## Reward linked closely to performance | Annual bonus | EPS - Above Target Cash conversion - Between Threshold and Target Personal objectives - 85% for both CEO and CFO | |------------------------|-------------------------------------------------| | PSP | EPS - Outperformed TSR - Close to Upper Quartile Note: 2013 PSP had no cash conversion metric.
Hays plc,LSE:HAS,2016-09-27,FY 2016,filings/2016-09-27__has-ln-20160927-h2-8k__671209.md,effective_tax_rate,,,1,,,p,narrative,new,The EPS metric targets are calculated taking into account the Company budget for Year 1 plus growth around an assumed rate of RPI.
Hays plc,LSE:HAS,2016-09-27,FY 2016,filings/2016-09-27__has-ln-20160927-h2-8k__671209.md,effective_tax_rate,,,,,,qualitative,narrative,qualitative,The Committee will provide retrospective disclosure of the performance targets for the financial measures to allow shareholders to judge the bonus earned in the context of the performance delivered.
Hays plc,LSE:HAS,2016-09-27,FY 2016,filings/2016-09-27__has-ln-20160927-h2-8k__671209.md,temp_outlook,,temp,,,,qualitative,narrative,qualitative,Deferred tax assets are recognised only to the extent that it is probable that taxable profits will be available against which to offset the deductible temporary differences.
Hays plc,LSE:HAS,2016-09-27,FY 2016,filings/2016-09-27__has-ln-20160927-h2-8k__671209.md,temp_outlook,,temp,,,,qualitative,narrative,qualitative,"Temporary differences arising from goodwill and, except in a business combination, the initial recognition of assets or liabilities that affect neither accounting profit nor taxable profit, are not provided for."
Hays plc,LSE:HAS,2016-09-27,FY 2016,filings/2016-09-27__has-ln-20160927-h2-8k__671209.md,temp_outlook,Group,temp,,,,qualitative,narrative,qualitative,Deferred tax liabilities are recognised for taxable temporary differences arising on investments in subsidiaries and associates except where the Group is able to control the reversal of the temporary differences and it is probable that the temporary difference will not reverse in the foreseeable future.
Hays plc,LSE:HAS,2016-09-27,FY 2016,filings/2016-09-27__has-ln-20160927-h2-8k__671209.md,pre_exceptional_operating_profit,Group,,,,,qualitative,company_expectation,qualitative,"The key assumptions for the value-in-use calculations are as follows: | Assumption | How determined | |------------------|-------------------------------------------------| | Operating profit | The operating profit is based on the latest one-year forecasts for the CGUs approved by the Group's Management Board which are compiled using expectations of fee growth, consultant productivity and operating costs."
Hays plc,LSE:HAS,2017-09-22,FY 2017,filings/2017-09-22__has-ln-20170922-h2-8k__671210.md,temp_outlook,,contracting,,,,qualitative,narrative,qualitative,"We will selectively open new offices where we see the opportunity to do so and we will invest in and support the growth of the core, legacy IT Contracting business."
Hays plc,LSE:HAS,2017-09-22,FY 2017,filings/2017-09-22__has-ln-20170922-h2-8k__671210.md,consultant_headcount,Germany,,,,,qualitative,narrative,qualitative,"This will again be largely through organic investment in headcount, as well as selective office expansion in specific markets such as Germany and the US where we see the most significant long-term growth potential."
Hays plc,LSE:HAS,2017-09-22,FY 2017,filings/2017-09-22__has-ln-20170922-h2-8k__671210.md,pre_exceptional_operating_profit,Germany,contracting,22,,,,company_expectation,new,"<!-- image --> - See our business model page 22 - Read about our KPIs page 26 - Read about our risks page 36 - Read more on our remuneration page 58 ## Strategic priority <!-- image --> Materially increase and diversify Group profits <!-- image --> Build critical mass and diversity across our global platform <!-- image --> Invest in people and technology, responding to change and build relationships <!-- image --> Generate, reinvest and distribute meaningful cash returns <!-- PAGE 25 --> ## What"
Hays plc,LSE:HAS,2017-09-22,FY 2017,filings/2017-09-22__has-ln-20170922-h2-8k__671210.md,temp_outlook,Germany,contracting,3.0,,,,narrative,new,"Amongst these, we see the biggest opportunity for profit growth coming from Germany, and we will continue to invest organically in this business - While the UK navigates the uncertainties created by the negotiations to leave the EU, we will continue to monitor underlying activity levels closely and manage our cost base throughout the business to best protect profitability - We will continue to focus on organic growth and further investment in headcount where conditions are supportive - Further e"
Hays plc,LSE:HAS,2017-09-22,FY 2017,filings/2017-09-22__has-ln-20170922-h2-8k__671210.md,consultant_headcount,,,2,2,-4,%,company_expectation,new,"After significant investment in FY17, we expect headcount to increase between 2%-4% in Q1 FY18."
Hays plc,LSE:HAS,2017-09-22,FY 2017,filings/2017-09-22__has-ln-20170922-h2-8k__671210.md,consultant_headcount,Germany,,,,,qualitative,company_expectation,qualitative,"Overall we expect headcount to continue to increase across the division in Q1 FY18, particularly in Germany, France and the USA, with additions on a more selective basis elsewhere."
Hays plc,LSE:HAS,2017-09-22,FY 2017,filings/2017-09-22__has-ln-20170922-h2-8k__671210.md,consultant_headcount,,,,,,qualitative,company_expectation,qualitative,"We expect headcount to increase modestly in Q1 FY18, including our normal seasonal graduate intake."
Hays plc,LSE:HAS,2017-09-22,FY 2017,filings/2017-09-22__has-ln-20170922-h2-8k__671210.md,net_finance_charge,,,30,,,,company_expectation,new,We expect the net finance charge for the year ending 30 June 2018 to be around £5.0 million.
Hays plc,LSE:HAS,2017-09-22,FY 2017,filings/2017-09-22__has-ln-20170922-h2-8k__671210.md,effective_tax_rate,Group,,2018,,,,narrative,new,The Group's effective tax rate for the year to June 2018 will be driven by the mix of profits generated during the year.
Hays plc,LSE:HAS,2017-09-22,FY 2017,filings/2017-09-22__has-ln-20170922-h2-8k__671210.md,capex,,,20,20,2018,m,company_expectation,new,We expect capital expenditure to be around £20 million for the year to June 2018.
Hays plc,LSE:HAS,2017-09-22,FY 2017,filings/2017-09-22__has-ln-20170922-h2-8k__671210.md,effective_tax_rate,,,,,,qualitative,narrative,qualitative,Metric weightings will be rebalanced to place increased emphasis on operational cash generation.
Hays plc,LSE:HAS,2017-09-22,FY 2017,filings/2017-09-22__has-ln-20170922-h2-8k__671210.md,effective_tax_rate,,,7.13,,,p,narrative,new,"Metric | Target | Actual | %of max achieved | |------------------|----------|----------|--------------------| | EPS | 7.13p | 9.275p | 100% | | Cash Conversion | 86% | 92.62% | 77.66% | | Personal CEO/CFO | | 85% | | As explained in the backdrop section earlier in the report, we set the maximum payout at EPS of 8.51p ## September 2014 PSP award - grant 175% of base salary Metrics measure success of managing the long-term sustainability of the business."
Hays plc,LSE:HAS,2017-09-22,FY 2017,filings/2017-09-22__has-ln-20170922-h2-8k__671210.md,net_fees,Group,,21.51,,,p,company_expectation,new,Metric | Threshold | Maximum | Actual | %of max achieved | |-----------------|----------------------------|------------------------------------|--------------|--------------------| | EPS | 21.51p | 25.17p | 25.70p | 100% | | Cash Conversion | 71% | 101% | 93.23% | 79.27% | | Relative TSR | Median of comparator group | Upper quartile of comparator group | 19.61% (6th) | 0% | Total % of award vesting: 59.76% % of Salary: 104.57% ## Key general business highlights - Like-for-like net fee growth of 
Hays plc,LSE:HAS,2017-09-22,FY 2017,filings/2017-09-22__has-ln-20170922-h2-8k__671210.md,effective_tax_rate,,,62,,,,narrative,new,## More details page 62 This Policy is subject to shareholder approval at the November 2017 AGM ## Annual Bonus - Moved from 125% to 150% of base salary - Deferral increased from 40% to 50% of bonus - therefore there is no change to the level of the cash element which remains at 75% of salary and the time frame for delivery remains the same - No change to performance metric weightings ## PSP - Moved from 175% to 150% of base salary - Performance Metrics remain the same but are reweighted: - Intr
Hays plc,LSE:HAS,2017-09-22,FY 2017,filings/2017-09-22__has-ln-20170922-h2-8k__671210.md,perm_outlook,,permanent,,,,qualitative,narrative,qualitative,Benefits will generally include: - Car benefit or equivalent; - Private medical insurance; - Permanent health insurance; and - Life assurance.
Hays plc,LSE:HAS,2017-09-22,FY 2017,filings/2017-09-22__has-ln-20170922-h2-8k__671210.md,effective_tax_rate,,,,,,qualitative,narrative,qualitative,The Committee will provide retrospective disclosure of the performance targets for the financial measures to allow shareholders to judge the bonus earned in the context of the performance delivered.
Hays plc,LSE:HAS,2017-09-22,FY 2017,filings/2017-09-22__has-ln-20170922-h2-8k__671210.md,net_fees,Germany,,10.0,,,m,narrative,new,"£10.0 million - Group fi nancial statements - Based on approximately 5% of profi t before tax from continuing operations - £9.3 million - Company fi nancial statements - Based on approximately 1% of total assets - 89% of Group net fees and 97% Group profi t before tax from continuing operations covered through full scope audit procedures - Australia, UK and Germany considered to be fi nancially signifi cant due to their relative contributions to the Group's net fees and profi t before tax - Five"
Hays plc,LSE:HAS,2017-09-22,FY 2017,filings/2017-09-22__has-ln-20170922-h2-8k__671210.md,consultant_headcount,Group,,,,,qualitative,narrative,qualitative,"Management's investment in headcount to | - The key assumptions for short- and long-term growth rates in the forecasts by comparing them with historical results, as well as economic and industry forecasts for the US recruitment market; and - The discount rate used in the calculations by assessing the cost of capital for the Group and comparable organisations, and assessed the specific risk premium applied to the Veredus CGU."
Hays plc,LSE:HAS,2017-09-22,FY 2017,filings/2017-09-22__has-ln-20170922-h2-8k__671210.md,pre_exceptional_operating_profit,,,,,,qualitative,narrative,qualitative,This will result in an increase in operating profit and an increase in finance costs.
Hays plc,LSE:HAS,2017-09-22,FY 2017,filings/2017-09-22__has-ln-20170922-h2-8k__671210.md,pre_exceptional_operating_profit,Group,,,,,qualitative,narrative,qualitative,"The standard will also impact a number of statutory measures such as operating profit, and cash generated from operations, and alternative performance measures used by the Group."
Hays plc,LSE:HAS,2017-09-22,FY 2017,filings/2017-09-22__has-ln-20170922-h2-8k__671210.md,temp_outlook,,temp,,,,qualitative,narrative,qualitative,Deferred tax assets are recognised only to the extent that it is probable that taxable profits will be available against which to offset the deductible temporary differences.
Hays plc,LSE:HAS,2017-09-22,FY 2017,filings/2017-09-22__has-ln-20170922-h2-8k__671210.md,temp_outlook,,temp,,,,qualitative,narrative,qualitative,"Temporary differences arising from goodwill and, except in a business combination, the initial recognition of assets or liabilities that affect neither accounting profit nor taxable profit, are not provided for."
Hays plc,LSE:HAS,2017-09-22,FY 2017,filings/2017-09-22__has-ln-20170922-h2-8k__671210.md,temp_outlook,Group,temp,,,,qualitative,narrative,qualitative,Deferred tax liabilities are recognised for taxable temporary differences arising on investments in subsidiaries and associates except where the Group is able to control the reversal of the temporary differences and it is probable that the temporary difference will not reverse in the foreseeable future.
Hays plc,LSE:HAS,2017-09-22,FY 2017,filings/2017-09-22__has-ln-20170922-h2-8k__671210.md,pre_exceptional_operating_profit,Group,,,,,qualitative,company_expectation,qualitative,"The key assumptions for the value-in-use calculations are as follows: | Assumption | How determined | |------------------|-------------------------------------------------| | Operating profit | The operating profit is based on the latest one-year forecasts for the CGUs approved by the Group's Management Board which are compiled using expectations of fee growth, consultant productivity and operating costs.The Group prepares cash flow forecasts derived from the most recent financial forecasts appr"
Hays plc,LSE:HAS,2018-10-03,FY 2018,filings/2018-10-03__has-ln-20181003-h2-8k__671214.md,temp_outlook,Germany,contracting,,,,qualitative,narrative,qualitative,"## What this means for us We have made further strategic progress rolling out our market-leading Contracting business, both into newer specialisms in Germany, and to other markets where we believe the model will be successful."
Hays plc,LSE:HAS,2018-10-03,FY 2018,filings/2018-10-03__has-ln-20181003-h2-8k__671214.md,temp_outlook,,temp_and_contracting,,,,qualitative,narrative,qualitative,We think high-skilled Temp and Contracting will become an increasingly important element of modern workforces.
Hays plc,LSE:HAS,2018-10-03,FY 2018,filings/2018-10-03__has-ln-20181003-h2-8k__671214.md,pre_exceptional_operating_profit,,,243.4,243.4,50,m,company_expectation,new,"We delivered £243.4m of operating profit, slightly ahead of market expectations, and our conversion rate improved by 50bps."
Hays plc,LSE:HAS,2018-10-03,FY 2018,filings/2018-10-03__has-ln-20181003-h2-8k__671214.md,pre_exceptional_operating_profit,Germany,,35,35,13,%,narrative,new,"This is up from 35% ten years ago - The UK also delivered highly creditable 13% operating profit growth, helped in part by some IT assets becoming fully depreciated | - Wewill continue to focus on driving net fee and profit growth in our international businesses, where markets remain strong - Wesee the biggest structural opportunities for profit growth in Germany and RoW, and we will continue to invest organically in this business - The UK market remains stable but subdued."
Hays plc,LSE:HAS,2018-10-03,FY 2018,filings/2018-10-03__has-ln-20181003-h2-8k__671214.md,net_fees,Group,,1,,,,narrative,new,Wewill continue to monitor underlying activity levels closely as negotiations to leave the EU develop | 1 Like-for-like net fee growth 2 Proportion of Group net fees generated by our international business 4 Basic continuing earnings per share growth 6 Like-for-like net fees per consultant 7 Conversion rate | |-------------------------------------------------|-------------------------------------------------|-------------------------------------------------| | - Strong profit growth and excellen
Hays plc,LSE:HAS,2018-10-03,FY 2018,filings/2018-10-03__has-ln-20181003-h2-8k__671214.md,net_fees,Germany,contracting,1,,,,narrative,new,"It is our intention that any free cash flow generated over and above this level will be distributed to shareholders in the form of a special dividend, provided our market outlook is positive | 1 Like-for-like net fee growth 4 Basic continuing earnings per share growth 8 Cash conversion | | - Continued to develop mutually beneficial relationships across a range of areas, including collaborations with SEEK in Australia, Xing in Germany, LinkedIn, Google and Stack Overflow, amongst others - Investe"
Hays plc,LSE:HAS,2018-10-03,FY 2018,filings/2018-10-03__has-ln-20181003-h2-8k__671214.md,net_fees,Germany,contracting,2011,,,,narrative,new,"Since 2011, this has grown from 22% to 32% in 2018 - Global office network stands at 257, of which 160 are non-UK & Ireland | - Wewill continue to focus on organic growth, making further investment in headcount where conditions are supportive - Further expand the percentage of net fee income generated outside of our largest businesses (the UK, Germany and Australia) - Drive further growth in our Temp/ Contracting business in new/existing markets, including France, Japan, Canada and the US | 1 Li"
Hays plc,LSE:HAS,2018-10-03,FY 2018,filings/2018-10-03__has-ln-20181003-h2-8k__671214.md,consultant_headcount,Group,,3,3,5,,company_expectation,new,"We expect Group headcount growth in Q1 FY19 to be up c.3-5% sequentially, including the impact of our normal seasonal graduate intake."
Hays plc,LSE:HAS,2018-10-03,FY 2018,filings/2018-10-03__has-ln-20181003-h2-8k__671214.md,net_finance_charge,,,30,,,,company_expectation,new,We expect the net finance charge for the year ending 30 June 2019 to be around £3.0 million.
Hays plc,LSE:HAS,2018-10-03,FY 2018,filings/2018-10-03__has-ln-20181003-h2-8k__671214.md,effective_tax_rate,Group,,2019,,,,narrative,new,The Group's effective tax rate for the year to June 2019 will be driven by the mix of profits generated during the year.
Hays plc,LSE:HAS,2018-10-03,FY 2018,filings/2018-10-03__has-ln-20181003-h2-8k__671214.md,capex,,,30,30,2019,m,company_expectation,new,We expect capital expenditure to be c.£30 million for the year to June 2019.
Hays plc,LSE:HAS,2018-10-03,FY 2018,filings/2018-10-03__has-ln-20181003-h2-8k__671214.md,effective_tax_rate,,,2017,2017,150,,narrative,new,"In line with the Policy approved in November 2017, for FY19 we intend to grant 150% of base salary in shares under the Performance Share Plan ('PSP'), the vesting of which will depend on the outcome of performance metrics at the end of the three year performance period."
Hays plc,LSE:HAS,2018-10-03,FY 2018,filings/2018-10-03__has-ln-20181003-h2-8k__671214.md,effective_tax_rate,,,10.77,,,p,narrative,new,Metric | Target | Actual | %of max achieved | |------------------|----------|----------|--------------------| | EPS* | 10.77p | 11.50p | 100% | | Cash Conversion | 86% | 100.16% | 97.77% | | Personal CEO/CFO | | 85% | | * Both the target and actual performance were based on budget exchange rates.
Hays plc,LSE:HAS,2018-10-03,FY 2018,filings/2018-10-03__has-ln-20181003-h2-8k__671214.md,pre_exceptional_operating_profit,Group,,25.17,,,p,company_expectation,new,Metric | Threshold | Maximum | Actual | %of max achieved | |-----------------|----------------------------|------------------------------------|----------|--------------------| | EPS | 25.17p | 29.45p | 29.58p | 100% | | Cash Conversion | 71% | 101% | 91.95% | 75.86% | | Relative TSR | Median of comparator group | Upper quartile of comparator group | 23.95% | 0% | Total % of award vesting: 58.62% ## Key general business highlights - -Like-for-like net fee growth of 12% - -Operating profit up 15%
Hays plc,LSE:HAS,2018-10-03,FY 2018,filings/2018-10-03__has-ln-20181003-h2-8k__671214.md,effective_tax_rate,,,20,,,%,narrative,new,"The Committee will aim to provide retrospective disclosure of the | | Cash Conversion | 20% | The operation of the Bonus Plan is as set out in the Remuneration Policy which can be found on our website, haysplc.com."
Hays plc,LSE:HAS,2018-10-03,FY 2018,filings/2018-10-03__has-ln-20181003-h2-8k__671214.md,effective_tax_rate,,,20,,,%,narrative,new,The Committee will aim to provide retrospective disclosure of the | | Personal | 20% | targets performance targets to allow shareholders to judge the bonus earned in the context of the performance delivered.
Hays plc,LSE:HAS,2018-10-03,FY 2018,filings/2018-10-03__has-ln-20181003-h2-8k__671214.md,effective_tax_rate,Group,,1,1,2018,,narrative,new,The Group will apply the new rules retrospectively from 1 July 2018.
Hays plc,LSE:HAS,2018-10-03,FY 2018,filings/2018-10-03__has-ln-20181003-h2-8k__671214.md,net_fees,Group,,15,,,,company_expectation,new,"As a result of the review, revenue recognition under IFRS 15 is expected to be consistent with current practice for the Group's revenue as described in note 2 (d) Turnover and (e) Net Fees to the Consolidated Financial Statements and had IFRS 15 been applied in the current reporting period, it would not have had a material impact on the Group's financial statements."
Hays plc,LSE:HAS,2018-10-03,FY 2018,filings/2018-10-03__has-ln-20181003-h2-8k__671214.md,effective_tax_rate,Group,,,,,qualitative,narrative,qualitative,A fully retrospective method will be adopted for transparency and comparison purposes in the FY19 Group financial statements.
Hays plc,LSE:HAS,2018-10-03,FY 2018,filings/2018-10-03__has-ln-20181003-h2-8k__671214.md,pre_exceptional_operating_profit,,,,,,qualitative,narrative,qualitative,This will result in an increase in operating profit and an increase in finance costs.
Hays plc,LSE:HAS,2018-10-03,FY 2018,filings/2018-10-03__has-ln-20181003-h2-8k__671214.md,pre_exceptional_operating_profit,Group,,,,,qualitative,narrative,qualitative,"The standard will also impact a number of statutory measures such as operating profit, and cash generated from operations, and alternative performance measures used by the Group."
Hays plc,LSE:HAS,2018-10-03,FY 2018,filings/2018-10-03__has-ln-20181003-h2-8k__671214.md,temp_outlook,,temp,,,,qualitative,narrative,qualitative,Deferred tax assets are recognised only to the extent that it is probable that taxable profits will be available against which to offset the deductible temporary differences.
Hays plc,LSE:HAS,2018-10-03,FY 2018,filings/2018-10-03__has-ln-20181003-h2-8k__671214.md,temp_outlook,,temp,,,,qualitative,narrative,qualitative,"Temporary differences arising from goodwill and, except in a business combination, the initial recognition of assets or liabilities that affect neither accounting profit nor taxable profit, are not provided for."
Hays plc,LSE:HAS,2018-10-03,FY 2018,filings/2018-10-03__has-ln-20181003-h2-8k__671214.md,temp_outlook,Group,temp,,,,qualitative,narrative,qualitative,Deferred tax liabilities are recognised for taxable temporary differences arising on investments in subsidiaries and associates except where the Group is able to control the reversal of the temporary differences and it is probable that the temporary difference will not reverse in the foreseeable future.
Hays plc,LSE:HAS,2018-10-03,FY 2018,filings/2018-10-03__has-ln-20181003-h2-8k__671214.md,pre_exceptional_operating_profit,Group,,,,,qualitative,company_expectation,qualitative,"The key assumptions for the value-in-use calculations are as follows: | Assumption | How determined | |------------------|-------------------------------------------------| | Operating profit | The operating profit is based on the latest one-year forecasts for the CGUs approved by the Group's Management Board which are compiled using expectations of fee growth, consultant productivity and operating costs."
Hays plc,LSE:HAS,2018-10-03,FY 2018,filings/2018-10-03__has-ln-20181003-h2-8k__671214.md,net_fees,United Kingdom & Ireland,contracting,2.0,,,,narrative,new,"Our target dividend cover is within 2.0x to 3.0x EPS (currently 3.0x) | | 'Find & Engage' | Our proprietary recruitment model, which combines the best practices and skills of traditional hiring, and then incorporates new technology and data sciences to locate candidates at scale | | Flex/Flexible worker | Encompasses both Temp and Contractor workers | | Free Cash Flow | Cash generated by operations less tax paid and net interest paid | | Hays Talent Solutions | Our outsourced services business, "
Hays plc,LSE:HAS,2018-10-11,Q1 2019,filings/2018-10-11__has-ln-20181011-q1-8k__545962.md,consultant_headcount,Rest of World,,27,,,%,company_expectation,new,"Excellent performances in our second and third largest RoW countries, the USA and China, up 27% and 29% respectively - Group consultant headcount up 5% in the quarter, in line with our expectations and reflecting the normal seasonal graduate intake."
Hays plc,LSE:HAS,2018-10-11,Q1 2019,filings/2018-10-11__has-ln-20181011-q1-8k__545962.md,consultant_headcount,Group,,7,,,%,company_expectation,new,"Headcount up 7% year-on-year, led by our International business up 11% - Good net cash position of c.£80 million, in line with our expectations (30 September 2017: c.£60 million; 30 June 2018: £122.9 million) Commenting on the Group's performance, Alistair Cox, Chief Executive, said: 'We have made a good start to our financial year, delivering another record quarterly net fee performance."
Hays plc,LSE:HAS,2019-01-15,Q2 2019,filings/2019-01-15__has-ln-20190115-q2-8k__545537.md,consultant_headcount,Group,,3,,,%,company_expectation,new,"France grew by 3%, with Spain up a strong 19% - Group consultant headcount up 2% in the quarter, in line with our expectations."
Hays plc,LSE:HAS,2019-01-15,Q2 2019,filings/2019-01-15__has-ln-20190115-q2-8k__545537.md,net_fees,,,1,1,1,%,company_expectation,new,"We expect this will have a c.1% benefit to our net fees in Q3 FY19, with a corresponding c.1% negative impact in Q4 FY19."
Hays plc,LSE:HAS,2019-02-21,H1 2019,filings/2019-02-21__has-ln-20190221-h1-8k__545552.md,consultant_headcount,Germany,,,,,qualitative,company_expectation,qualitative,"Germany headcount growth through FY19 is expected to be more evenly balanced than FY18, where our headcount growth was heavily weighted to H1."
Hays plc,LSE:HAS,2019-02-21,H1 2019,filings/2019-02-21__has-ln-20190221-h1-8k__545552.md,net_fees,,,1,,,%,company_expectation,new,"We expect this will have a c.1% (3) benefit to our net fees in Q3 FY19, with a corresponding c.1% (3) negative impact in Q4 FY19."
Hays plc,LSE:HAS,2019-02-21,H1 2019,filings/2019-02-21__has-ln-20190221-h1-8k__545552.md,consultant_headcount,,,,,,qualitative,company_expectation,qualitative,"We expect headcount to remain flat through the second half of the year, as we focus on driving improvements in consultant productivity."
Hays plc,LSE:HAS,2019-02-21,H1 2019,filings/2019-02-21__has-ln-20190221-h1-8k__545552.md,consultant_headcount,,,,,,qualitative,company_expectation,qualitative,"We expect modest sequential headcount growth in the third quarter, as we balance continued long-term investment with driving consultant productivity."
Hays plc,LSE:HAS,2019-02-21,H1 2019,filings/2019-02-21__has-ln-20190221-h1-8k__545552.md,consultant_headcount,,,,,,qualitative,company_expectation,qualitative,We expect headcount will remain broadly flat through the second half of the year as we continue to focus on driving productivity.
Hays plc,LSE:HAS,2019-02-21,H1 2019,filings/2019-02-21__has-ln-20190221-h1-8k__545552.md,consultant_headcount,,,,,,qualitative,company_expectation,qualitative,"We expect targeted headcount increases through the second half of the year, mainly in Asia and North America."
Hays plc,LSE:HAS,2019-02-21,H1 2019,filings/2019-02-21__has-ln-20190221-h1-8k__545552.md,net_finance_charge,,,30,,,,company_expectation,new,We expect the net finance charge for the year ending 30 June 2019 to be around £3.0 million.
Hays plc,LSE:HAS,2019-02-21,H1 2019,filings/2019-02-21__has-ln-20190221-h1-8k__545552.md,effective_tax_rate,Group,,2019,,,,narrative,new,The Group's effective tax rate for the year to June 2019 will be driven by the mix of profits generated during the year.
Hays plc,LSE:HAS,2019-02-21,H1 2019,filings/2019-02-21__has-ln-20190221-h1-8k__545552.md,capex,,,30,,,m,company_expectation,new,We continue to expect capital expenditure to be around £30 million for the year to June 2019 (June 2018: £25.0 million).
Hays plc,LSE:HAS,2019-02-21,H1 2019,filings/2019-02-21__has-ln-20190221-h1-8k__545552.md,pre_exceptional_operating_profit,,,31,,,,narrative,new,## Condensed Consolidated Statement of Comprehensive Income | (In £s million) | Six months to 31 December 2018 (unaudited) | Six months to 31 December 2017 (unaudited) | Year to 30 June 2018 (audited) | |-------------------------------------------------|----------------------------------------------|----------------------------------------------|----------------------------------| | Profit for the period | 85.2 | 78.0 | 165.8 | | Items that will not be reclassified subsequently to profit or loss
Hays plc,LSE:HAS,2019-02-21,H1 2019,filings/2019-02-21__has-ln-20190221-h1-8k__545552.md,pre_exceptional_operating_profit,,,,,,qualitative,narrative,qualitative,This will result in an increase in operating profit and an increase in finance costs.
Hays plc,LSE:HAS,2019-02-21,H1 2019,filings/2019-02-21__has-ln-20190221-h1-8k__545552.md,pre_exceptional_operating_profit,Group,,,,,qualitative,narrative,qualitative,"The standard will also impact a number of statutory measures such as operating profit, and cash generated from operations, and alternative performance measures used by the Group."
Hays plc,LSE:HAS,2019-04-16,Q3 2019,filings/2019-04-16__has-ln-20190416-q3-8k__545905.md,net_fees,Group,,1,1,1,%,company_expectation,new,"We estimate this had a c.1% benefit to Group net fees in Q3 FY19, with a corresponding c.1% negative impact anticipated in Q4 FY19."
Hays plc,LSE:HAS,2019-07-16,Q4 2019,filings/2019-07-16__has-ln-20190716-q4-8k__545941.md,pre_exceptional_operating_profit,Group,,2,,,%,company_expectation,new,"Group consultant headcount was down 2% in the quarter, and up 4% year-on-year - Full-year operating profit expected to be in line with current consensus market expectations, which we understand to be £248.0 million (2) - Australia &amp; New Zealand: net fees down 3% (underlying down c.2% (1) ) versus a tough comparative and some negative impact from the run-up to the General Election."
Hays plc,LSE:HAS,2019-07-16,Q4 2019,filings/2019-07-16__has-ln-20190716-q4-8k__545941.md,pre_exceptional_operating_profit,,,248.0,248.0,2,m,company_expectation,new,"Full-year operating profit is expected to be in line with current consensus market expectations, which we understand to be £248.0 million (2) ."
Hays plc,LSE:HAS,2019-07-16,Q4 2019,filings/2019-07-16__has-ln-20190716-q4-8k__545941.md,consultant_headcount,,,1,1,3,,company_expectation,new,"We expect headcount growth in Q1 FY20 to be up c.1-3% sequentially, including the impact of our normal seasonal graduate intake."
Hays plc,LSE:HAS,2019-08-29,FY 2019,filings/2019-08-29__has-ln-20190829-h2-8k-2__671212.md,pre_exceptional_operating_profit,United Kingdom & Ireland,,35,,,%,narrative,new,"This is up from c.35% in 2008 - The UK&I also delivered solid 4% operating profit (1) growth, despite economic and political uncertainty | - Wewill continue to focus on maximising net fee and profit performance in our businesses, focusing on consultant productivity - Wewill continue to make selective investments where we see the biggest structural opportunities for growth."
Hays plc,LSE:HAS,2019-08-29,FY 2019,filings/2019-08-29__has-ln-20190829-h2-8k-2__671212.md,net_fees,Group,,1,,,,narrative,new,Wewill continue to monitor underlying activity levels closely as negotiations to leave the EU develop | 1 Like-for-like net fee growth 2 Proportion of Group net fees generated by our International business 4 Basic earnings per share growth 6 Like-for-like net fees per consultant 7 Conversion rate | |-------------------------------------------------|-------------------------------------------------|-------------------------------------------------| | - Solid profit (1) growth and strong underlyin
Hays plc,LSE:HAS,2019-08-29,FY 2019,filings/2019-08-29__has-ln-20190829-h2-8k-2__671212.md,net_fees,Germany,contracting,1,,,,narrative,new,"It is our intention that any cash over this level will be distributed to shareholders in the form of a special dividend, provided our market outlook is positive | 1 Like-for-like net fee growth 4 Basic earnings per share growth 8 Cash conversion | | - Increased our headcount by 530 people and internally promoted over 3,497 of our colleagues - Continued to develop mutually beneficial relationships across a range of areas, including collaborations with SEEK in Australia, Xing in Germany, LinkedIn,"
Hays plc,LSE:HAS,2019-08-29,FY 2019,filings/2019-08-29__has-ln-20190829-h2-8k-2__671212.md,net_fees,Germany,contracting,2011,,,,narrative,new,"Since 2011, this has grown from 22% to 30% in 2019 - Global office network increased by eight to 265, | - Wewill continue to focus on organic growth, making further investment in headcount where conditions are supportive - Further expand the percentage of net fee income generated outside of our largest businesses (the UK&I, Germany and Australia) - Drive further growth in our Temp/ Contracting business in new/existing markets, including France, Japan, Canada and the USA | 1 Like-for-like net fee"
Hays plc,LSE:HAS,2019-08-29,FY 2019,filings/2019-08-29__has-ln-20190829-h2-8k-2__671212.md,structural_cost_savings,,,6.8,,,m,company_expectation,new,"This included restructuring several country operations, mainly in Europe, incurring an exceptional £6.8 million charge(1), which is expected to deliver c.£5 million of annualised pro-rata cost savings."
Hays plc,LSE:HAS,2019-08-29,FY 2019,filings/2019-08-29__has-ln-20190829-h2-8k-2__671212.md,structural_cost_savings,,,6.8,,,m,company_expectation,new,"This included restructuring several country operations, mainly in Europe, incurring an exceptional £6.8 million charge (1) , which is expected to deliver c.£5 million of annualised pro-rata cost savings."
Hays plc,LSE:HAS,2019-08-29,FY 2019,filings/2019-08-29__has-ln-20190829-h2-8k-2__671212.md,consultant_headcount,Group,,,,,qualitative,company_expectation,qualitative,"While we will continue to selectively invest to capitalise on opportunities to reinforce our market leadership, we expect Group headcount growth in Q1 FY20 to be modestly up sequentially, including the impact of our normal seasonal graduate intake."
Hays plc,LSE:HAS,2019-08-29,FY 2019,filings/2019-08-29__has-ln-20190829-h2-8k-2__671212.md,net_finance_charge,,,10,,,m,company_expectation,new,We expect the net finance charge for FY20 to be around £10 million.
Hays plc,LSE:HAS,2019-08-29,FY 2019,filings/2019-08-29__has-ln-20190829-h2-8k-2__671212.md,effective_tax_rate,Group,,29.5,,,%,company_expectation,new,The Group's effective tax rate for FY20 will be driven by these factors and we currently expect the rate to be broadly unchanged from the FY19 pre-exceptional rate of 29.5%.
Hays plc,LSE:HAS,2019-08-29,FY 2019,filings/2019-08-29__has-ln-20190829-h2-8k-2__671212.md,capex,,,30,30,2020,m,company_expectation,new,We expect capital expenditure to be c.£30 million for the year to June 2020.
Hays plc,LSE:HAS,2019-08-29,FY 2019,filings/2019-08-29__has-ln-20190829-h2-8k-2__671212.md,structural_cost_savings,,,2,2,3,m,company_expectation,new,"During the year, we benefited from £2 million in cost savings related to the exceptional restructuring charges, with a further c.£3 million anticipated in FY20."
Hays plc,LSE:HAS,2019-08-29,FY 2019,filings/2019-08-29__has-ln-20190829-h2-8k-2__671212.md,effective_tax_rate,,,2017,2017,150,,narrative,new,"In line with the Policy approved in November 2017, it is intended to grant 150% of base salary in shares under the Performance Share Plan (PSP), the vesting of which will depend on the outcome of performance metrics at the end of the three-year performance period."
Hays plc,LSE:HAS,2019-08-29,FY 2019,filings/2019-08-29__has-ln-20190829-h2-8k-2__671212.md,temp_outlook,,,,,,qualitative,narrative,qualitative,The shareholding policy for postemployment will be reviewed again as part of the Policy review in FY20.
Hays plc,LSE:HAS,2019-08-29,FY 2019,filings/2019-08-29__has-ln-20190829-h2-8k-2__671212.md,effective_tax_rate,,,11.98,,,p,narrative,new,Metric | Target Range | Actual | %of max achieved | |------------------|------------------|----------|--------------------| | EPS* | 11.98p to 12.93p | 11.99p | 20.61% | | Cash Conversion | 86% | 105.71% | 100.00% | | Personal CEO/CFO | | 85% | | * Both the target and actual performance were based on budget exchange rates.
Hays plc,LSE:HAS,2019-08-29,FY 2019,filings/2019-08-29__has-ln-20190829-h2-8k-2__671212.md,effective_tax_rate,,,,,,qualitative,narrative,qualitative,The Committee will aim to provide retrospective disclosure of the performance targets to allow shareholders to judge the bonus earned in the context of the performance delivered.
Hays plc,LSE:HAS,2019-08-29,FY 2019,filings/2019-08-29__has-ln-20190829-h2-8k-2__671212.md,pre_exceptional_operating_profit,,temp,30,,,,narrative,new,CONSOLIDATED INCOME STATEMENT FOR THE YEAR ENDED 30 JUNE CONSOLIDATED STATEMENT OF COMPREHENSIVE INCOME FOR THE YEAR ENDED 30 JUNE (In £s million) 2019 2018 Profit for the year 161.7 165.8 Items that will not be reclassified subsequently to profit or loss: Actuarial remeasurement of defined benefit pension schemes (63.1) 62.9 Tax relating to components of other comprehensive income 12.3 (11.9) (50.8) 51.0 Items that may be reclassified subsequently to profit or loss: Currency translation adjustm
Hays plc,LSE:HAS,2019-08-29,FY 2019,filings/2019-08-29__has-ln-20190829-h2-8k-2__671212.md,pre_exceptional_operating_profit,,,124,,,,company_expectation,new,"<!-- PAGE 124 --> ## CONSOLIDATED CASH FLOW STATEMENT FOR THE YEAR ENDED 30 JUNE | (In £s million) | Note | 2019 | 2018 | |-------------------------------------------------|--------|---------|---------| | Operating profit | | 233.7 | 243.4 | | Adjustments for: | | | | | Exceptional items (1) | 5 | 12.2 | - | | Depreciation of property, plant and equipment | | 10.0 | 9.2 | | Amortisation of intangible assets | | 5.2 | 6.3 | | Loss/(profit) on disposal of business assets | | 0.2 | (0.6) | | Net mo"
Hays plc,LSE:HAS,2019-08-29,FY 2019,filings/2019-08-29__has-ln-20190829-h2-8k-2__671212.md,pre_exceptional_operating_profit,,,,,,qualitative,narrative,qualitative,This will result in an increase in operating profit and an increase in finance costs.
Hays plc,LSE:HAS,2019-08-29,FY 2019,filings/2019-08-29__has-ln-20190829-h2-8k-2__671212.md,temp_outlook,,temp,,,,qualitative,narrative,qualitative,Deferred tax assets are recognised only to the extent that it is probable that taxable profits will be available against which to offset the deductible temporary differences.
Hays plc,LSE:HAS,2019-08-29,FY 2019,filings/2019-08-29__has-ln-20190829-h2-8k-2__671212.md,temp_outlook,,temp,,,,qualitative,narrative,qualitative,"Temporary differences arising from goodwill and, except in a business combination, the initial recognition of assets or liabilities that affect neither accounting profit nor taxable profit, are not provided for."
Hays plc,LSE:HAS,2019-08-29,FY 2019,filings/2019-08-29__has-ln-20190829-h2-8k-2__671212.md,temp_outlook,Group,temp,,,,qualitative,narrative,qualitative,Deferred tax liabilities are recognised for taxable temporary differences arising on investments in subsidiaries and associates except where the Group is able to control the reversal of the temporary differences and it is probable that the temporary difference will not reverse in the foreseeable future.
Hays plc,LSE:HAS,2019-08-29,FY 2019,filings/2019-08-29__has-ln-20190829-h2-8k-2__671212.md,pre_exceptional_operating_profit,Group,,,,,qualitative,company_expectation,qualitative,"The key assumptions for the value-in-use calculations are as follows: | Assumption | How determined | |------------------|-------------------------------------------------| | Operating profit | The operating profit is based on the latest one-year forecasts for the CGUs approved by the Group's Management Board which are compiled using expectations of fee growth, consultant productivity and operating costs."
Hays plc,LSE:HAS,2019-08-29,FY 2019,filings/2019-08-29__has-ln-20190829-h2-8k-2__671212.md,net_fees,United Kingdom & Ireland,contracting,2.0,,,,narrative,new,"Our target dividend cover is within 2.0x to 3.0x EPS (currently 3.0x) | | 'Find & Engage' | Our proprietary recruitment model, which combines the best practices and skills of traditional hiring, and then incorporates new technology and data sciences to locate candidates at scale | | Flex/Flexible worker Free cash flow | Encompasses both Temp and Contractor workers Cash generated by operations less tax paid and net interest paid | | Hays Talent Solutions | Our outsourced services business, which "
Hays plc,LSE:HAS,2019-08-29,FY 2019,filings/2019-08-29__has-ln-20190829-h2-8k__545563.md,structural_cost_savings,,,6.8,,,m,company_expectation,new,"We restructured several country operations, mainly in Europe, incurring an exceptional £6.8 million charge (2) , which is expected to deliver c.£5 million of annualised pro-rata cost savings."
Hays plc,LSE:HAS,2019-08-29,FY 2019,filings/2019-08-29__has-ln-20190829-h2-8k__545563.md,net_fees,,temp,3,3,1,,narrative,new,"Looking ahead, despite an increasingly tough global economic backdrop, our market positions, combined with our highly experienced global management teams and strong financial position, means I am confident we will continue to appropriately balance our long-term potential with the more challenging markets we currently face.' <!-- PAGE 3 --> <!-- image --> - (1) Net Fees comprise turnover less remuneration of temporary workers and other recruitment agencies."
Hays plc,LSE:HAS,2019-08-29,FY 2019,filings/2019-08-29__has-ln-20190829-h2-8k__545563.md,consultant_headcount,Group,,,,,qualitative,company_expectation,qualitative,"While we will continue to selectively invest to capitalise on opportunities to reinforce our market leadership, we expect Group headcount growth in Q1 FY20 to be modestly up sequentially, including the impact of our normal seasonal graduate intake."
Hays plc,LSE:HAS,2019-08-29,FY 2019,filings/2019-08-29__has-ln-20190829-h2-8k__545563.md,structural_cost_savings,,,3,,,m,company_expectation,new,"Partially offsetting these costs, we expect to benefit from a further incremental c.£3 million of cost savings related to the FY19 restructuring."
Hays plc,LSE:HAS,2019-08-29,FY 2019,filings/2019-08-29__has-ln-20190829-h2-8k__545563.md,consultant_headcount,,,30,30,2019,,company_expectation,new,"By 30 September 2019 (Q1 FY20), we expect our headcount to be broadly flat versus prior year."
Hays plc,LSE:HAS,2019-08-29,FY 2019,filings/2019-08-29__has-ln-20190829-h2-8k__545563.md,net_finance_charge,,,10,,,m,company_expectation,new,We expect the net finance charge for FY20 to be around £10 million.
Hays plc,LSE:HAS,2019-08-29,FY 2019,filings/2019-08-29__has-ln-20190829-h2-8k__545563.md,effective_tax_rate,Group,,29.5,,,%,company_expectation,new,The Group's effective tax rate for FY20 will be driven by these factors and we currently expect the rate to be broadly unchanged from the FY19 pre-exceptional rate of 29.5%.
Hays plc,LSE:HAS,2019-08-29,FY 2019,filings/2019-08-29__has-ln-20190829-h2-8k__545563.md,capex,,,30,,,m,company_expectation,new,We expect capital expenditure to be c.£30 million for FY20.
Hays plc,LSE:HAS,2019-08-29,FY 2019,filings/2019-08-29__has-ln-20190829-h2-8k__545563.md,structural_cost_savings,,,2,2,3,m,company_expectation,new,"During the year, we benefitted from £2 million in cost savings related to the exceptional restructuring charges, with a further c.£3 million anticipated in FY20."
Hays plc,LSE:HAS,2019-08-29,FY 2019,filings/2019-08-29__has-ln-20190829-h2-8k__545563.md,pre_exceptional_operating_profit,,,19,,,,company_expectation,new,"<!-- PAGE 19 --> <!-- image --> ## CONSOLIDATED CASH FLOW STATEMENT FOR THE YEAR ENDED 30 JUNE | (In £s million) | Note | 2019 | 2018 | |-------------------------------------------------|--------|---------|---------| | Operating profit | | 233.7 | 243.4 | | Adjustments for: | | | | | Exceptional items (1) | 4 | 12.2 | - | | Depreciation of property, plant and equipment | | 10.0 | 9.2 | | Amortisation of intangible assets | | 5.2 | 6.3 | | Loss/(profit) on disposal of business assets | | 0.2 | (0"
Hays plc,LSE:HAS,2019-10-15,Q1 2020,filings/2019-10-15__has-ln-20191015-q1-8k__547669.md,net_fees,Rest of World,,7,,,%,company_expectation,new,"Good growth of 7% in the Americas and Asia, led by record net fees in both the USA, our second largest RoW market, up 12%, and China up 7% - Group consultant headcount increased by 1% both in the quarter and YoY - Good net cash position of c.£90 million, in line with our expectations (30 September 2018: c.£80million; 30 June 2019: £129.7 million) Commenting on the Group's performance, Alistair Cox, Chief Executive, said: 'We have delivered a solid quarter of stable net fees, despite tougher glob"
Hays plc,LSE:HAS,2019-10-15,Q1 2020,filings/2019-10-15__has-ln-20191015-q1-8k__547669.md,net_fees,Group,,3,,,,narrative,new,"Looking ahead, our strong market positions, combined with our highly experienced management teams and financial strength, means I am confident we will continue to appropriately balance investing for the long-term while managing the more challenging markets we currently face.' <!-- PAGE 3 --> <!-- image --> ## Group In the first quarter, ended 30 September 2019, Group net fees increased by 1% on a headline basis and were flat on a like-for-like basis against the prior year."
Hays plc,LSE:HAS,2019-10-15,Q1 2020,filings/2019-10-15__has-ln-20191015-q1-8k__547669.md,consultant_headcount,Group,,,,,qualitative,company_expectation,qualitative,We expect Group headcount to remain broadly flat in Q2 FY20.
Hays plc,LSE:HAS,2020-01-16,Q2 2020,filings/2020-01-16__has-ln-20200116-q2-8k__545547.md,pre_exceptional_operating_profit,Australia & New Zealand,temp,100,,,m,company_expectation,new,"Given tough market conditions, continuing strategic investments and adverse FX moves, we anticipate H1 FY20 operating profit of c.£100 million - Australia &amp; New Zealand (ANZ): net fees down 7%, with a resilient performance in Temp, down 2%."
Hays plc,LSE:HAS,2020-01-16,Q2 2020,filings/2020-01-16__has-ln-20200116-q2-8k__545547.md,pre_exceptional_operating_profit,,,100,,,m,company_expectation,new,"When combined with our continuing investments in strategically important, long-term growth markets, plus recent adverse FX movements, we anticipate that H1 FY20 operating profit will be around £100 million."
Hays plc,LSE:HAS,2020-01-16,Q2 2020,filings/2020-01-16__has-ln-20200116-q2-8k__545547.md,consultant_headcount,Group,,,,,qualitative,company_expectation,qualitative,We expect Group headcount to be down in Q3 FY20.
Hays plc,LSE:HAS,2020-02-20,H1 FY2020,filings/2020-02-20__has-ln-20200220-h1-8k__545729.md,structural_cost_savings,,,5,,,m,narrative,new,"As Q2 trading weakened, we implemented an overhead reduction programme which will deliver c.£5 million of cost savings in H2, with further cost initiatives underway - Net cash of £13.2 million, after paying £121.6 million of special and final dividends in November."
Hays plc,LSE:HAS,2020-02-20,H1 FY2020,filings/2020-02-20__has-ln-20200220-h1-8k__545729.md,consultant_headcount,,,,,,qualitative,company_expectation,qualitative,We expect consultant headcount to remain broadly stable in the second half.
Hays plc,LSE:HAS,2020-02-20,H1 FY2020,filings/2020-02-20__has-ln-20200220-h1-8k__545729.md,consultant_headcount,,,,,,qualitative,company_expectation,qualitative,We expect modest reductions in consultant headcount in the second half.
Hays plc,LSE:HAS,2020-02-20,H1 FY2020,filings/2020-02-20__has-ln-20200220-h1-8k__545729.md,temp_outlook,,temp,,,,qualitative,company_expectation,qualitative,Expected changes in IR35 regulations in the Private sector from April may lead to a hiatus in Temp activity in parts of the Private sector.
Hays plc,LSE:HAS,2020-02-20,H1 FY2020,filings/2020-02-20__has-ln-20200220-h1-8k__545729.md,consultant_headcount,Rest of World,,,,,qualitative,company_expectation,qualitative,"We expect stable overall RoW consultant headcount in the second half, with some targeted increases, mainly in the USA."
Hays plc,LSE:HAS,2020-02-20,H1 FY2020,filings/2020-02-20__has-ln-20200220-h1-8k__545729.md,net_finance_charge,,,30,,,,company_expectation,new,"We expect the net finance charge for the year ending 30 June 2020 to be around £9.5 million, c.£7.5 million of which is non-cash."
Hays plc,LSE:HAS,2020-02-20,H1 FY2020,filings/2020-02-20__has-ln-20200220-h1-8k__545729.md,effective_tax_rate,Group,,2020,,,,narrative,new,The Group's effective tax rate for the year to June 2020 will be driven by the mix of profits generated during the year.
Hays plc,LSE:HAS,2020-02-20,H1 FY2020,filings/2020-02-20__has-ln-20200220-h1-8k__545729.md,capex,,,30,,,m,company_expectation,new,We continue to expect capital expenditure to be around £30 million for the year to June 2020 (June 2019: £33.0 million).
Hays plc,LSE:HAS,2020-02-20,H1 FY2020,filings/2020-02-20__has-ln-20200220-h1-8k__545729.md,pre_exceptional_operating_profit,,,31,,,,narrative,new,## Condensed Consolidated Statement of Comprehensive Income | (In £s million) | Six months to 31 December 2019 (unaudited) | Six months to 31 December 2018 (unaudited) | Year to 30 June 2019 (audited) | |-------------------------------------------------|----------------------------------------------|----------------------------------------------|----------------------------------| | Profit for the period | 67.4 | 85.2 | 161.7 | | Items that will not be reclassified subsequently to profit or loss
Hays plc,LSE:HAS,2020-04-02,Q3 2020 and FY 2020 outlook,filings/2020-04-02__has-ln-20200402-q3-8k__545545.md,net_fees,,,1,,,,company_expectation,new,"## Current trading Trading between 1 January and 13 March was in line with our expectations, with like-for-like net fees down c.5% year-on-year."
Hays plc,LSE:HAS,2020-04-02,Q3 2020 and FY 2020 outlook,filings/2020-04-02__has-ln-20200402-q3-8k__545545.md,pre_exceptional_operating_profit,Group,,30,,,,company_expectation,new,"However, we expect the impact will be substantial and Group operating profit for the year to 30 June 2020 is, therefore, likely to be materially below the £190m consensus average shown on Bloomberg (as at 30 March 2020)."
Hays plc,LSE:HAS,2020-07-16,Q4 2020,filings/2020-07-16__has-ln-20200716-q4-8k__119731.md,pre_exceptional_operating_profit,,,130,130,135,,company_expectation,new,"While current activity levels have improved, no signs yet of positive fee momentum - Full-year operating profit before exceptional items expected to be between c.£130-135 million."
Hays plc,LSE:HAS,2020-07-16,Q4 2020,filings/2020-07-16__has-ln-20200716-q4-8k__119731.md,pre_exceptional_operating_profit,,,130,,,,company_expectation,new,We expect full-year operating profit before exceptional items to be in the £130-135 million range for the year to 30 June 2020.
Hays plc,LSE:HAS,2020-07-16,Q4 2020,filings/2020-07-16__has-ln-20200716-q4-8k__119731.md,net_fees,,,420,,,,narrative,new,"In addition, given the significantly reduced levels of demand from our clients and the tough market outlook, we took the decision to release c.420 Temps at a oneoff cost of £4.3m, and which reduced net fees by a further 20% in the quarter."
Hays plc,LSE:HAS,2020-07-16,Q4 2020,filings/2020-07-16__has-ln-20200716-q4-8k__119731.md,net_fees,Group,,44,,,,narrative,new,The dial-in details are as follows: | Dial-in number Dial-in number (UK toll free) Password | +44 (0) 20 3003 2666 +44 (0) 80 8109 0700 Hays | |-------------------------------------------------|-------------------------------------------------| | The call will be recorded and available for playback for seven days as follows: | The call will be recorded and available for playback for seven days as follows: | | Replay dial-in number | +44 (0) 20 8196 1998 | | Reporting calendar | | | Full-year res
Hays plc,LSE:HAS,2020-08-27,FY 2020,filings/2020-08-27__has-ln-20200827-h2-8k-2__671211.md,pre_exceptional_operating_profit,Germany,temp,17,,,%,narrative,new,"<!-- image --> | Geographical performance by Group net fees | Contract type | Contract type | |-------------------------------------------------|---------------------------------|-----------------| | Australia & New Zealand UK & Ireland | Germany Rest of World | | | Australia & New Zealand Group net fees 17% (£170.5m) | Consultants 811 | Offices 42 | | Operating profit (1) | Permanent | Temporary | | £48.2m | 29% | 71% | | Germany Group net fees | Consultants 1,560 Permanent | Offices 25 | | 26%"
Hays plc,LSE:HAS,2020-08-27,FY 2020,filings/2020-08-27__has-ln-20200827-h2-8k-2__671211.md,pre_exceptional_operating_profit,,,1,,,,narrative,new,"(1) 2020 operating profit and basic EPS are presented before exceptional costs of £39.9 million, comprising £20.3 million relating to the partial impairment of goodwill in the US business, and £19.6 million relating to restructuring charges, primarily in our German business."
Hays plc,LSE:HAS,2020-08-27,FY 2020,filings/2020-08-27__has-ln-20200827-h2-8k-2__671211.md,net_fees,,contracting,59,,,%,company_expectation,new,"59% of our net fees are in Temp or Contracting recruitment, which we anticipate being relatively more resilient than Perm in the near term, and where we are market leaders."
Hays plc,LSE:HAS,2020-08-27,FY 2020,filings/2020-08-27__has-ln-20200827-h2-8k-2__671211.md,structural_cost_savings,,,15,,,m,company_expectation,new,<!-- image --> This is expected to deliver c.£15 million of annualised pro-rata cost savings.
Hays plc,LSE:HAS,2020-08-27,FY 2020,filings/2020-08-27__has-ln-20200827-h2-8k-2__671211.md,capex,,,20,,,m,company_expectation,new,"Overall, we anticipate investing over £20 million in FY21 in operating expenditure and capex, with highly attractive paybacks in the coming years."
Hays plc,LSE:HAS,2020-08-27,FY 2020,filings/2020-08-27__has-ln-20200827-h2-8k-2__671211.md,perm_outlook,,permanent,,,,qualitative,narrative,qualitative,"As we now enter a new phase of returning to a more office-based environment, we will reflect on those lessons and permanently adjust the way we work to make our business even better for our people as well as our customers."
Hays plc,LSE:HAS,2020-08-27,FY 2020,filings/2020-08-27__has-ln-20200827-h2-8k-2__671211.md,structural_cost_savings,Germany,,10,10,2,m,company_expectation,new,"We anticipate this restructuring delivering annualised cost savings in Germany of c.£10 million, of which c.£2 million was achieved in FY20."
Hays plc,LSE:HAS,2020-08-27,FY 2020,filings/2020-08-27__has-ln-20200827-h2-8k-2__671211.md,net_fees,,,35,,,%,narrative,new,"This is up from c.35% in 2008 | - The shape of recovery will be largely driven by the effects of the pandemic, and any need for further lockdowns - Notwithstanding the unpredictable nature of the pandemic, we will continue to focus on maximising net fees in our businesses - Wehave identified over 20 'return to growth' initiatives, across our divisions."
Hays plc,LSE:HAS,2020-08-27,FY 2020,filings/2020-08-27__has-ln-20200827-h2-8k-2__671211.md,net_fees,Group,permanent,40,40,19,,narrative,new,"Common themes across all divisions include growing our IT specialism and large Corporate Accounts business - Wewill also look to further drive growth in our non-Perm businesses in new/existing markets, including France, Japan, Canada and the USA | Like-for-like net fee growth Proportion of Group net fees generated by our International business Headline International net fee base | <!-- PAGE 40 --> ## FY20 PERFORMANCE HEAVILY IMPACTED BY COVID-19 The effects of the pandemic significantly impacted"
Hays plc,LSE:HAS,2020-08-27,FY 2020,filings/2020-08-27__has-ln-20200827-h2-8k-2__671211.md,net_fees,,temp,42,,,%,narrative,new,## Net fees by specialism <!-- image --> | IT | 42% | |-------------------------|-------| | Engineering | 25% | | Accountancy & Finance | 15% | | Construction & Property | 5% | | Life Sciences | 5% | | Sales & Marketing | 5% | | Other | 3% | ## Net fees by contract type <!-- image --> | 17% Perm | 83% Temp | |------------|------------| ## Net fees by sector <!-- image --> in Q4 impacted net fees by £6.8 million (net of £2.2 million received from the German short-time working scheme) and fees wer
Hays plc,LSE:HAS,2020-08-27,FY 2020,filings/2020-08-27__has-ln-20200827-h2-8k-2__671211.md,pre_exceptional_operating_profit,,,3,,,,narrative,new,"(3) FY20 operating profit and basic EPS are presented before exceptional costs of £39.9 million, comprising £20.3 million relating to the partial impairment of goodwill in the US business, and £19.6 million relating to restructuring charges, primarily in our German business."
Hays plc,LSE:HAS,2020-08-27,FY 2020,filings/2020-08-27__has-ln-20200827-h2-8k-2__671211.md,capex,Group,,7,7,25,m,company_expectation,new,"In addition, we expect to invest c.£7 million in capex to support these projects, which is included in our Group capex guidance of c.£25 million."
Hays plc,LSE:HAS,2020-08-27,FY 2020,filings/2020-08-27__has-ln-20200827-h2-8k-2__671211.md,consultant_headcount,Group,,30,30,2020,,company_expectation,new,"We expect Group headcount at the end of Q1 FY21 to be down versus 30 June 2020, due to non-replacement of leavers and a lower than usual graduate intake."
Hays plc,LSE:HAS,2020-08-27,FY 2020,filings/2020-08-27__has-ln-20200827-h2-8k-2__671211.md,temp_outlook,,temp,,,,qualitative,company_expectation,qualitative,We expect some Temp underutilisation to continue across H1 FY21.
Hays plc,LSE:HAS,2020-08-27,FY 2020,filings/2020-08-27__has-ln-20200827-h2-8k-2__671211.md,net_finance_charge,,,8.5,,,m,company_expectation,new,"We expect the net finance charge for FY21 to be around £8.5 million, in line with FY20."
Hays plc,LSE:HAS,2020-08-27,FY 2020,filings/2020-08-27__has-ln-20200827-h2-8k-2__671211.md,effective_tax_rate,Group,,,,,qualitative,narrative,qualitative,At this stage it is not possible to forecast the Group's effective tax rate for FY21.
Hays plc,LSE:HAS,2020-08-27,FY 2020,filings/2020-08-27__has-ln-20200827-h2-8k-2__671211.md,capex,,,25,25,7,m,company_expectation,new,"We expect capital expenditure to be c.£25 million for FY21, including c.£7 million to support our 'Return to Growth' projects."
Hays plc,LSE:HAS,2020-08-27,FY 2020,filings/2020-08-27__has-ln-20200827-h2-8k-2__671211.md,pre_exceptional_operating_profit,,,135,135,1,m,company_expectation,new,Overall Operating Profit at £135 million (1) was well below our expectations going into the year and in Q4 we operated at a broadly breakeven position.
Hays plc,LSE:HAS,2020-08-27,FY 2020,filings/2020-08-27__has-ln-20200827-h2-8k-2__671211.md,effective_tax_rate,,,,,,qualitative,narrative,qualitative,"As in past years, Annual Bonus targets will be retrospectively disclosed in the FY21 Annual Report."
Hays plc,LSE:HAS,2020-08-27,FY 2020,filings/2020-08-27__has-ln-20200827-h2-8k-2__671211.md,effective_tax_rate,,,10.09,,,p,narrative,new,Metric | Target range | Actual | %of max paid | |------------------|------------------|--------------------|----------------| | EPS* | 10.09p to 12.33p | 5.46p | 0% | | Cash Conversion | 71% to 101% | 182.52% | 0% | | Personal CEO/CFO | | partially achieved | 0% | * Both the target and actual performance were based on budget exchange rates.
Hays plc,LSE:HAS,2020-08-27,FY 2020,filings/2020-08-27__has-ln-20200827-h2-8k-2__671211.md,effective_tax_rate,,,2020,,,,narrative,new,"Although the targets for the 2020 awards are yet to be determined, the current intention is that the metrics and weightings will remain consistent with prior years."
Hays plc,LSE:HAS,2020-08-27,FY 2020,filings/2020-08-27__has-ln-20200827-h2-8k-2__671211.md,perm_outlook,,permanent,,,,qualitative,narrative,qualitative,Benefits will generally include: - Car benefit or equivalent; - Private medical insurance; - Permanent health insurance; and - Life assurance.
Hays plc,LSE:HAS,2020-08-27,FY 2020,filings/2020-08-27__has-ln-20200827-h2-8k-2__671211.md,effective_tax_rate,,,,,,qualitative,narrative,qualitative,The Committee will aim to provide retrospective disclosure of the performance targets to allow shareholders to judge the bonus earned in the context of the performance delivered.
Hays plc,LSE:HAS,2020-08-27,FY 2020,filings/2020-08-27__has-ln-20200827-h2-8k-2__671211.md,temp_outlook,,temp,,,,qualitative,narrative,qualitative,Deferred tax assets are recognised only to the extent that it is probable that taxable profits will be available against which to offset the deductible temporary differences.
Hays plc,LSE:HAS,2020-08-27,FY 2020,filings/2020-08-27__has-ln-20200827-h2-8k-2__671211.md,temp_outlook,,temp,,,,qualitative,narrative,qualitative,"Temporary differences arising from goodwill and, except in a business combination, the initial recognition of assets or liabilities that affect neither accounting profit nor taxable profit, are not provided for."
Hays plc,LSE:HAS,2020-08-27,FY 2020,filings/2020-08-27__has-ln-20200827-h2-8k-2__671211.md,temp_outlook,Group,temp,,,,qualitative,narrative,qualitative,Deferred tax liabilities are recognised for taxable temporary differences arising on investments in subsidiaries and associates except where the Group is able to control the reversal of the temporary differences and it is probable that the temporary difference will not reverse in the foreseeable future.
Hays plc,LSE:HAS,2020-08-27,FY 2020,filings/2020-08-27__has-ln-20200827-h2-8k-2__671211.md,net_fees,Germany,,2020,,,,narrative,new,"(In £s million) 2020 2019 Turnover Australia & New Zealand 1,545.6 1,461.5 Germany 1,513.5 1,704.8 United Kingdom & Ireland 1,641.3 1,761.3 Rest of World 1,229.1 1,142.9 5,929.5 6,070.5 (In £s million) 2020 2019 Net fees Australia & New Zealand 170.5 198.5 Germany 259.8 299.8 United Kingdom & Ireland 225.6 263.8 Rest of World 340.3 367.6 996.2 1,129.7 <!-- PAGE 151 --> ## Estimation uncertainty ## Goodwill impairment Goodwill is tested for impairment at least annually."
Hays plc,LSE:HAS,2020-08-27,FY 2020,filings/2020-08-27__has-ln-20200827-h2-8k-2__671211.md,pre_exceptional_operating_profit,,temp,2020,,,,narrative,new,"Operating profit The following costs are deducted from turnover to determine net fees: | (In £s million) | 2020 | 2019 | |--------------------------------------------|-----------|-----------| | Turnover | 5,929.5 | 6,070.5 | | Remuneration of temporary workers | (4,626.7) | (4,661.4) | | Remuneration of other recruitment agencies | (306.6) | (279.4) | | Net fees | 996.2 | 1,129.7 | Operating profit is stated after charging the following items to net fees of £996.2 million (2019: £1,129.7 million"
Hays plc,LSE:HAS,2020-08-27,FY 2020,filings/2020-08-27__has-ln-20200827-h2-8k-2__671211.md,pre_exceptional_operating_profit,Group,,,,,qualitative,company_expectation,qualitative,"The key assumptions for the value-in-use calculations are as follows: | Assumption | How determined | |------------------|-------------------------------------------------| | Operating profit | The operating profit is based on the latest one-year forecasts for the CGUs approved by the Group's Management Board, and medium-term forecasts which are compiled using expectations of fee growth, consultant productivity and operating costs."
Hays plc,LSE:HAS,2020-08-27,FY 2020,filings/2020-08-27__has-ln-20200827-h2-8k__119727.md,pre_exceptional_operating_profit,,,2,,,,narrative,new,"(2) FY20 operating profit is presented before exceptional costs of £39.9 million, comprising £20.3m relating to the partial impairment of goodwill in the US business, and £19.6 million relating to restructuring charges, primarily in our German business."
Hays plc,LSE:HAS,2020-08-27,FY 2020,filings/2020-08-27__has-ln-20200827-h2-8k__119727.md,consultant_headcount,Group,,30,30,2020,,company_expectation,new,We expect Group headcount at the end of Q1 FY21 will be down versus 30 June 2020.
Hays plc,LSE:HAS,2020-08-27,FY 2020,filings/2020-08-27__has-ln-20200827-h2-8k__119727.md,capex,Group,,7,7,25,m,company_expectation,new,"In addition, we expect to invest c.£7 million in capex to support these projects, which is included in our Group capex guidance of c.£25 million."
Hays plc,LSE:HAS,2020-08-27,FY 2020,filings/2020-08-27__has-ln-20200827-h2-8k__119727.md,structural_cost_savings,Germany,,10,10,2,m,company_expectation,new,"We anticipate this restructuring delivering annualised cost savings in Germany of c.£10 million, of which c.£2 million was achieved in FY20."
Hays plc,LSE:HAS,2020-08-27,FY 2020,filings/2020-08-27__has-ln-20200827-h2-8k__119727.md,net_fees,,,6.8,,,m,narrative,new,"As a result, the net reduction in billable hours in Q4 impacted net fees by £6.8 million (net of £2.2 million received from the German short-time working scheme) and fees were further reduced by £4.1 million of nonexceptional costs as we took the decision to release c.420 Temps, given significantly reduced levels of demand from our clients and the tough market outlook."
Hays plc,LSE:HAS,2020-08-27,FY 2020,filings/2020-08-27__has-ln-20200827-h2-8k__119727.md,temp_outlook,,temp,,,,qualitative,narrative,qualitative,"Temp markets stable overall, with signs of modest improvement in Perm Overall, the outlook remains tough across our main markets."
Hays plc,LSE:HAS,2020-08-27,FY 2020,filings/2020-08-27__has-ln-20200827-h2-8k__119727.md,consultant_headcount,Group,,30,30,2020,,company_expectation,new,"We expect Group headcount at the end of Q1 FY21 will be down versus 30 June 2020, due to non-replacement of leavers and a lower than usual graduate intake."
Hays plc,LSE:HAS,2020-08-27,FY 2020,filings/2020-08-27__has-ln-20200827-h2-8k__119727.md,temp_outlook,,temp,,,,qualitative,company_expectation,qualitative,We expect some Temp under-utilisation to continue across H1 FY21.
Hays plc,LSE:HAS,2020-08-27,FY 2020,filings/2020-08-27__has-ln-20200827-h2-8k__119727.md,pre_exceptional_operating_profit,,,2,,,,narrative,new,"(2) 2020 operating profit is presented before exceptional costs of £39.9 million, comprising £20.3m relating to the impairment of goodwill in the US business, and £19.6 million relating to restructuring charges, primarily in our German business."
Hays plc,LSE:HAS,2020-08-27,FY 2020,filings/2020-08-27__has-ln-20200827-h2-8k__119727.md,consultant_headcount,Group,,,,,qualitative,company_expectation,qualitative,We expect Group headcount at the end of Q1 FY21 will be down sequentially versus year-end.
Hays plc,LSE:HAS,2020-08-27,FY 2020,filings/2020-08-27__has-ln-20200827-h2-8k__119727.md,net_finance_charge,,,8.5,,,m,company_expectation,new,We expect the net finance charge for FY21 to be around £8.5 million.
Hays plc,LSE:HAS,2020-08-27,FY 2020,filings/2020-08-27__has-ln-20200827-h2-8k__119727.md,effective_tax_rate,Group,,,,,qualitative,narrative,qualitative,At this stage it is not possible to forecast the Group's effective tax rate for FY21.
Hays plc,LSE:HAS,2020-08-27,FY 2020,filings/2020-08-27__has-ln-20200827-h2-8k__119727.md,capex,,,25,25,7,m,company_expectation,new,"We expect capital expenditure to be c.£25 million for FY21, including c.£7 million to support our 'Return to Growth' projects."
Hays plc,LSE:HAS,2020-08-27,FY 2020,filings/2020-08-27__has-ln-20200827-h2-8k__119727.md,pre_exceptional_operating_profit,,temp,25,,,,narrative,new,"## Financial statements <!-- PAGE 25 --> <!-- image --> ## 5 OPERATING PROFIT The following costs are deducted from turnover to determine net fees: | (In £s million) | 2020 | 2019 | |--------------------------------------------|-----------|-----------| | Turnover | 5,929.5 | 6,070.5 | | Remuneration of temporary workers | (4,626.7) | (4,661.4) | | Remuneration of other recruitment agencies | (306.6) | (279.4) | | Net fees | 996.2 | 1,129.7 | Operating profit is stated after charging the followin"
Hays plc,LSE:HAS,2020-10-15,Q1 2021,filings/2020-10-15__has-ln-20201015-q1-8k__119749.md,net_fees,Group,,2,,,,narrative,new,"We have made a good start to our 'Return to Growth' investment programme, and we are confident this will accelerate our fee momentum once we emerge from the pandemic, particularly in structural growth areas such as IT, large Corporate Accounts and Life Sciences.' ### Images on This Page > ** Image Description** (Page 2, Image 2) > > ```json > {""text"": ""HAYS Recruiting experts worldwide""} > ``` <!-- PAGE 3 --> <!-- image --> ## Group ## Q1 trading overview In our first quarter, ended 30 September"
Hays plc,LSE:HAS,2020-10-15,Q1 2021,filings/2020-10-15__has-ln-20201015-q1-8k__119749.md,consultant_headcount,Group,,26,,,%,narrative,new,"## Exit rate, Group headcount &amp; near-term outlook The Group's net fee exit rate, down 26%, was modestly better than the overall net fee decline in the quarter."
Hays plc,LSE:HAS,2020-10-15,Q1 2021,filings/2020-10-15__has-ln-20201015-q1-8k__119749.md,consultant_headcount,Group,,,,,qualitative,company_expectation,qualitative,"Overall, we expect Group headcount will be broadly flat sequentially in Q2 FY21, as we continue to balance appropriate cost controls with positioning the Group to benefit from any market recovery."
Hays plc,LSE:HAS,2020-10-15,Q1 2021,filings/2020-10-15__has-ln-20201015-q1-8k__119749.md,capex,,,1,,,m,company_expectation,new,"This includes c.£1 million per period (1) of investment in our strategic 'Return to Growth' projects, where we expect to invest c.£15 million of operating expenditure, plus a further c.£7 million in capex, in FY21."
Hays plc,LSE:HAS,2020-10-15,Q1 2021,filings/2020-10-15__has-ln-20201015-q1-8k__119749.md,net_fees,,,,,,qualitative,narrative,qualitative,"However, any material recovery in profitability in the second half of the year will require a significant sequential uplift in net fees, and there being no prolonged 'second wave' lockdowns in our key markets."
Hays plc,LSE:HAS,2020-10-15,Q1 2021,filings/2020-10-15__has-ln-20201015-q1-8k__119749.md,net_fees,,temp,260,,,,narrative,new,"Also, given the tough market outlook, we released a further 260 temps in the quarter at a cost of £1.9 million, which reduced Temp net fees by a further c.9%."
Hays plc,LSE:HAS,2021-01-14,Q2 2021,filings/2021-01-14__has-ln-20210114-q2-8k__119743.md,pre_exceptional_operating_profit,,temp,16,16,25,,company_expectation,new,"Despite markets remaining significantly impacted by the pandemic, trends improved through the quarter in both Temp &amp; Perm and our underlying net fee exit rate was c.(16)% - As a result of stronger fees, operating profit for H1 FY21 is now expected to be c.£25 million."
Hays plc,LSE:HAS,2021-01-14,Q2 2021,filings/2021-01-14__has-ln-20210114-q2-8k__119743.md,net_fees,Group,,2,,,,narrative,new,"Combined with our strong balance sheet and leading market positions, we are confident we will continue to take further market share as clients and candidates look for our expert recruitment guidance, both during and after COVID.' ### Images on This Page > ** Image Description** (Page 2, Image 2) > > ```json > {""text"": ""HAYS""} > ```json > {""text"": ""Recruiting experts worldwide""} > ``` <!-- PAGE 3 --> <!-- image --> ## Group ## Q2 trading overview In our second quarter, Group net fees continued to"
Hays plc,LSE:HAS,2021-01-14,Q2 2021,filings/2021-01-14__has-ln-20210114-q2-8k__119743.md,pre_exceptional_operating_profit,Group,,16,,,%,narrative,new,"## Group fee exit rate, H1 operating profit, near-term outlook &amp; headcount The Group's underlying net fee exit rate was minus c.16% in December."
Hays plc,LSE:HAS,2021-01-14,Q2 2021,filings/2021-01-14__has-ln-20210114-q2-8k__119743.md,pre_exceptional_operating_profit,Group,,25,,,m,company_expectation,new,"As a result of stronger net fee performance, Group operating profit for H1 FY21 is expected to be c.£25 million."
Hays plc,LSE:HAS,2021-01-14,Q2 2021,filings/2021-01-14__has-ln-20210114-q2-8k__119743.md,net_fees,,,,,,qualitative,narrative,qualitative,"As previously noted, any material sequential increase in profitability in H2 FY21 versus H1 FY21 will require a further significant uplift in net fees."
Hays plc,LSE:HAS,2021-01-14,Q2 2021,filings/2021-01-14__has-ln-20210114-q2-8k__119743.md,temp_outlook,,temp_and_contracting,,,,qualitative,narrative,qualitative,"This will have no impact on year-on-year growth comparatives but will act as a headwind on sequential second half profit growth versus the first half, particularly in our Temp and Contracting businesses."
Hays plc,LSE:HAS,2021-01-14,Q2 2021,filings/2021-01-14__has-ln-20210114-q2-8k__119743.md,consultant_headcount,Group,,2,2,4,,company_expectation,new,"Overall, we expect Group headcount will increase by c.2-4% in Q3 FY21, mainly due to the acceleration in our 'Return to Growth' investment programme."
Hays plc,LSE:HAS,2021-01-14,Q2 2021,filings/2021-01-14__has-ln-20210114-q2-8k__119743.md,net_fees,,temp,124,,,,narrative,new,"Given the challenging market outlook, we released a further 124 temps in the quarter at a cost of c.£1.0 million, which reduced Temp net fees by a further c.6%."
Hays plc,LSE:HAS,2021-01-14,Q2 2021,filings/2021-01-14__has-ln-20210114-q2-8k__119743.md,temp_outlook,,temp,,,,qualitative,company_expectation,qualitative,"Based on current market conditions, we do not expect further material negative impacts from Temp severance costs or worker under-utilisation in H2 FY21."
Hays plc,LSE:HAS,2021-02-18,H1 2021,filings/2021-02-18__has-ln-20210218-h1-8k__119751.md,consultant_headcount,Group,,2,2,4,,company_expectation,new,"Overall, and including RTG headcount, we expect Group consultant headcount will increase by 2-4% in Q3 FY21."
Hays plc,LSE:HAS,2021-02-18,H1 2021,filings/2021-02-18__has-ln-20210218-h1-8k__119751.md,temp_outlook,,temp,130,,,m,company_expectation,new,"We are also budgeting in our cash flows for an expected c.£130 million of future working capital outflow over the next few years, as our Temp book rebuilds, and we see some normalisation in client payment timings."
Hays plc,LSE:HAS,2021-02-18,H1 2021,filings/2021-02-18__has-ln-20210218-h1-8k__119751.md,temp_outlook,,temp,130,,,m,narrative,new,"As mentioned above, we have also budgeted a further £130 million buffer for working capital rebuild, which will decline as our Temp book grows and working capital increases."
Hays plc,LSE:HAS,2021-02-18,H1 2021,filings/2021-02-18__has-ln-20210218-h1-8k__119751.md,consultant_headcount,,,2,2,4,,company_expectation,new,We expect consultant headcount to increase by c.2-4% in Q3 FY21.
Hays plc,LSE:HAS,2021-02-18,H1 2021,filings/2021-02-18__has-ln-20210218-h1-8k__119751.md,net_fees,,temp,384,,,,narrative,new,"Given the challenging market outlook, we released 384 temps in the half, at a cost of £2.9 million, which reduced Temp net fees by c.7%."
Hays plc,LSE:HAS,2021-02-18,H1 2021,filings/2021-02-18__has-ln-20210218-h1-8k__119751.md,temp_outlook,,temp,,,,qualitative,company_expectation,qualitative,"As Temp redundancy costs and worker underutilisation have returned to normal levels, we do not expect further material negative temp fee impacts in H2 FY21."
Hays plc,LSE:HAS,2021-02-18,H1 2021,filings/2021-02-18__has-ln-20210218-h1-8k__119751.md,temp_outlook,,temp_and_contracting,,,,qualitative,narrative,qualitative,"This has no impact on year-on-year growth comparatives but will act as a headwind on sequential second half profit growth versus the first half, particularly in our Temp and Contracting businesses."
Hays plc,LSE:HAS,2021-02-18,H1 2021,filings/2021-02-18__has-ln-20210218-h1-8k__119751.md,consultant_headcount,Group,,2,2,4,,company_expectation,new,"Including our RTG investment plans, we expect Group consultant headcount will increase by 2-4% in Q3 FY21 across all regions."
Hays plc,LSE:HAS,2021-02-18,H1 2021,filings/2021-02-18__has-ln-20210218-h1-8k__119751.md,temp_outlook,,temp,,,,qualitative,company_expectation,qualitative,Expected changes in IR35 regulations in the Private sector from April may lead to a hiatus in Temp activity in parts of the Private sector.
Hays plc,LSE:HAS,2021-02-18,H1 2021,filings/2021-02-18__has-ln-20210218-h1-8k__119751.md,net_finance_charge,,,30,,,,company_expectation,new,"We expect the net finance charge for the year ending 30 June 2021 to be around £8.0 million, of which c.£7.0 million is non-cash."
Hays plc,LSE:HAS,2021-02-18,H1 2021,filings/2021-02-18__has-ln-20210218-h1-8k__119751.md,effective_tax_rate,,,40,,,%,narrative,new,Our current best estimate is that the ETR will be at c.40%.
Hays plc,LSE:HAS,2021-02-18,H1 2021,filings/2021-02-18__has-ln-20210218-h1-8k__119751.md,effective_tax_rate,Group,,100,100,30,m,company_expectation,new,"As Group profitability returns to £100 million or more, we expect the Group ETR will return to around the c.30% rate we reported in recent years."
Hays plc,LSE:HAS,2021-02-18,H1 2021,filings/2021-02-18__has-ln-20210218-h1-8k__119751.md,capex,,,20,,,m,company_expectation,new,We expect capital expenditure to be around £20 million for the year to June 2021 (2020: £25.8 million).
Hays plc,LSE:HAS,2021-02-18,H1 2021,filings/2021-02-18__has-ln-20210218-h1-8k__119751.md,temp_outlook,,temp,130,,,m,narrative,new,"As mentioned above, we have also budgeted a further £130 million buffer for working capital rebuild, which will decline as our Temp book grows and working capital increases over the next few years."
Hays plc,LSE:HAS,2021-02-18,H1 2021,filings/2021-02-18__has-ln-20210218-h1-8k__119751.md,pre_exceptional_operating_profit,,,31,,,,narrative,new,## Condensed Consolidated Statement of Comprehensive Income | (In £s million) | Six months to 31 December 2020 (unaudited) | Six months to 31 December 2019 (unaudited) | Year to 30 June 2020 (audited) | |-------------------------------------------------|----------------------------------------------|----------------------------------------------|----------------------------------| | Profit for the period | 12.6 | 67.4 | 47.5 | | Items that will not be reclassified subsequently to profit or loss:
Hays plc,LSE:HAS,2021-04-13,Q3 2021,filings/2021-04-13__has-ln-20210413-q3-8k__119722.md,pre_exceptional_operating_profit,,permanent,85,85,13,m,company_expectation,new,"Encouragingly, we saw strong sequential fee growth, particularly in March - Given improving fees and good underlying cost management, and assuming a continuation of current market conditions, FY21 operating profit is expected to be at least £85 million - Australia &amp; New Zealand: fees down 13%, with momentum improving gradually through the quarter, particularly in Perm."
Hays plc,LSE:HAS,2021-04-13,Q3 2021,filings/2021-04-13__has-ln-20210413-q3-8k__119722.md,pre_exceptional_operating_profit,,,85,85,1,m,company_expectation,new,"'Looking ahead, we expect operating profit for FY21 to be at least £85 million, ahead of market expectations (1) ."
Hays plc,LSE:HAS,2021-04-13,Q3 2021,filings/2021-04-13__has-ln-20210413-q3-8k__119722.md,pre_exceptional_operating_profit,Group,,2,,,,narrative,new,"## FY21 operating profit outlook and Group headcount Activity levels improved in all regions and we saw strong sequential Group fee growth, particularly in March which encouragingly delivered our highest period (2) of net fees since the start of the global pandemic."
Hays plc,LSE:HAS,2021-04-13,Q3 2021,filings/2021-04-13__has-ln-20210413-q3-8k__119722.md,pre_exceptional_operating_profit,Group,,85,,,m,company_expectation,new,"As a result of improving net fee performance and good cost control, Group operating profit for FY21 is expected to be at least £85 million."
Hays plc,LSE:HAS,2021-04-13,Q3 2021,filings/2021-04-13__has-ln-20210413-q3-8k__119722.md,consultant_headcount,Group,,2,2,4,,company_expectation,new,"Overall, we expect Group headcount will increase by a further 2-4% in Q4 FY21, as we invest in both our 'Return to Growth' investment programme and in other recruitment specialisms."
Hays plc,LSE:HAS,2021-04-13,Q3 2021,filings/2021-04-13__has-ln-20210413-q3-8k__119722.md,consultant_headcount,,,,,,qualitative,narrative,qualitative,"The positive fee momentum noted above has significantly improved our average productivity per consultant to historically high levels and, going forward, material fee growth will increasingly be driven by additional consultant headcount."
Hays plc,LSE:HAS,2021-04-13,Q3 2021,filings/2021-04-13__has-ln-20210413-q3-8k__119722.md,temp_outlook,,temp,,,,qualitative,narrative,qualitative,"We also saw record hours per Temp worker, driven by very high levels of Temp utilisation, mainly due to low vacation and sickness levels, some of which will reverse in the coming months."
Hays plc,LSE:HAS,2021-04-13,Q3 2021,filings/2021-04-13__has-ln-20210413-q3-8k__119722.md,temp_outlook,,temp,,,,qualitative,company_expectation,qualitative,"As expected, there were no temp severance costs in the quarter."
Hays plc,LSE:HAS,2021-07-15,Q4 2021,filings/2021-07-15__has-ln-20210715-q4-8k__119740.md,pre_exceptional_operating_profit,Australia & New Zealand,permanent,95,,,m,company_expectation,new,"We enter FY22 with positive trading momentum and are significantly investing in headcount to capitalise on strong end markets and rising business confidence - FY21 operating profit is now expected to be c.£95 million, driven by improving fees and good underlying cost management - Australia &amp; New Zealand (ANZ): fees up 28%, with Perm delivering strong sequential improvement, up 114%."
Hays plc,LSE:HAS,2021-07-15,Q4 2021,filings/2021-07-15__has-ln-20210715-q4-8k__119740.md,perm_outlook,Group,permanent,,,,qualitative,company_expectation,qualitative,"As a reminder, all short-term tax deferrals were paid in full by Q3 FY21 Commenting on the Group's performance, Alistair Cox, Chief Executive, said: 'We continued to see good momentum throughout the quarter, particularly in Perm, and I am pleased to say Group fees and profits were ahead of our expectations."
Hays plc,LSE:HAS,2021-07-15,Q4 2021,filings/2021-07-15__has-ln-20210715-q4-8k__119740.md,pre_exceptional_operating_profit,,,95,,,m,company_expectation,new,"'We now expect FY21 operating profit of c.£95 million, ahead of market expectations (1) , despite making significant headcount investment including c.£15 million as part of our 'Strategic Growth Investment' programme (2) , which is performing well and likely to see a further c.£20 million of investment in FY22."
Hays plc,LSE:HAS,2021-07-15,Q4 2021,filings/2021-07-15__has-ln-20210715-q4-8k__119740.md,net_fees,Group,,2,,,,narrative,new,"Our strong brand and management teams globally, and our financial strength, give me confidence that we will take further market share as the economic recovery continues.' ### Images on This Page > ** Image Description** (Page 2, Image 2) > > ```json > {""text"": ""HAYS"", ""color"": ""navy""} > ```json > {""text"": ""Recruiting experts worldwide"", ""color"": ""navy""} > ``` <!-- PAGE 3 --> <!-- image --> ## Group ## Q4 trading overview and sequential fee progress Group net fees continued to increase sequential"
Hays plc,LSE:HAS,2021-07-15,Q4 2021,filings/2021-07-15__has-ln-20210715-q4-8k__119740.md,pre_exceptional_operating_profit,Group,,6,6,4,%,narrative,new,"## Group headcount, FY21 operating profit outlook and impact of foreign exchange Group consultant headcount increased by 6% in the quarter and by 4% year-on-year."
Hays plc,LSE:HAS,2021-07-15,Q4 2021,filings/2021-07-15__has-ln-20210715-q4-8k__119740.md,consultant_headcount,Group,,5,,,%,company_expectation,new,"Given our positive momentum, we are investing to position the Group for longer-term growth, and we expect consultant headcount will increase by a further c.5% in Q1 FY22."
Hays plc,LSE:HAS,2021-07-15,Q4 2021,filings/2021-07-15__has-ln-20210715-q4-8k__119740.md,consultant_headcount,,,,,,qualitative,narrative,qualitative,"Fee growth in the quarter significantly improved our average productivity per consultant to historically high levels and, as flagged previously, further material fee growth in FY22 and beyond will increasingly be driven by additional consultant headcount."
Hays plc,LSE:HAS,2021-07-15,Q4 2021,filings/2021-07-15__has-ln-20210715-q4-8k__119740.md,consultant_headcount,,,2,,,,narrative,new,"The majority of this headcount will be in our key recruitment specialisms, although some will form part of our 'Strategic Growth Investment' (SGI) programme (2) ."
Hays plc,LSE:HAS,2021-07-15,Q4 2021,filings/2021-07-15__has-ln-20210715-q4-8k__119740.md,pre_exceptional_operating_profit,Group,,95,,,m,company_expectation,new,"As a result of improving net fees and good cost control, Group operating profit for FY21 is now expected to be c.£95 million."
Hays plc,LSE:HAS,2021-07-15,Q4 2021,filings/2021-07-15__has-ln-20210715-q4-8k__119740.md,pre_exceptional_operating_profit,Group,,,,,qualitative,narrative,qualitative,"The strengthening of Sterling versus our main trading currencies of the Euro and Australian dollar, particularly versus the average exchange rates seen in H1 FY21, will likely act as a headwind to Group operating profit in FY22."
Hays plc,LSE:HAS,2021-07-15,Q4 2021,filings/2021-07-15__has-ln-20210715-q4-8k__119740.md,pre_exceptional_operating_profit,Group,,95,95,4,m,narrative,new,"If we retranslate our FY21 operating profit guidance of c.£95 million at today's exchange rates, we would see a c.£4 million decrease in FY21 Group operating profit, and clearly FX movements will have a larger negative impact as Group operating profit increases in FY22."
Hays plc,LSE:HAS,2021-07-15,Q4 2021,filings/2021-07-15__has-ln-20210715-q4-8k__119740.md,temp_outlook,,temp,,,,qualitative,narrative,qualitative,"Average Temp volumes continued to improve through the quarter, and we again saw very high levels of Temp utilisation, helped by low vacation and sickness levels, some of which will reverse in the coming months."
Hays plc,LSE:HAS,2021-07-15,Q4 2021,filings/2021-07-15__has-ln-20210715-q4-8k__119740.md,temp_outlook,,temp,,,,qualitative,company_expectation,qualitative,"As expected, there were no Temp severance costs in the quarter."
Hays plc,LSE:HAS,2021-08-26,FY 2021,filings/2021-08-26__has-ln-20210826-h2-8k-2__671213.md,pre_exceptional_operating_profit,,,39.9,,,m,narrative,new,"FY20 operating profit and basic EPS are presented before exceptional costs of £39.9 million, comprising £20.3 million relating to the partial impairment of goodwill in the US business, and £19.6 million relating to restructuring charges, primarily in our German business."
Hays plc,LSE:HAS,2021-08-26,FY 2021,filings/2021-08-26__has-ln-20210826-h2-8k-2__671213.md,perm_outlook,,permanent,,,,qualitative,company_expectation,qualitative,"Some of these will return as markets re-open, but I do expect we will permanently reduce overall travel costs as we continue to harness the benefits of video technology."
Hays plc,LSE:HAS,2021-08-26,FY 2021,filings/2021-08-26__has-ln-20210826-h2-8k-2__671213.md,perm_outlook,,permanent,,,,qualitative,narrative,qualitative,"We will therefore continue to build scale in both, but we see lots of opportunities to build bigger non-Perm businesses in many markets where we are currently under-leveraging our potential."
Hays plc,LSE:HAS,2021-08-26,FY 2021,filings/2021-08-26__has-ln-20210826-h2-8k-2__671213.md,temp_outlook,,temp,,,,qualitative,narrative,qualitative,"Hays Australia launched its new Diversity Data collection portal for our Temp workers, which will provide employers with accurate and secure diversity data, helping them to build more diverse workforces."
Hays plc,LSE:HAS,2021-08-26,FY 2021,filings/2021-08-26__has-ln-20210826-h2-8k-2__671213.md,pre_exceptional_operating_profit,,,2022,,,p,narrative,new,"However, despite that uncertainty, our ambitions are undiminished and I am hopeful that any long-term profit targets we set out will at a minimum be consistent with our former 2022 plan, namely an operating profit range of £300 to £450 million."
Hays plc,LSE:HAS,2021-08-26,FY 2021,filings/2021-08-26__has-ln-20210826-h2-8k-2__671213.md,temp_outlook,,temp,,,,qualitative,narrative,qualitative,"This will reduce as our Temp book grows and working capital increases, including any normalisation in client payment terms."
Hays plc,LSE:HAS,2021-08-26,FY 2021,filings/2021-08-26__has-ln-20210826-h2-8k-2__671213.md,temp_outlook,,temp,,,,qualitative,narrative,qualitative,"This will provide additional benefits to our current temporary workers, and to all our customers soon after."
Hays plc,LSE:HAS,2021-08-26,FY 2021,filings/2021-08-26__has-ln-20210826-h2-8k-2__671213.md,temp_outlook,Group,contracting,76,,,%,narrative,new,"Two employee engagement surveys conducted in the year, with engagement increasing from 76% to 78% - Continued development and promotion of Hays Thrive, our unique, free to use client training and wellbeing platform, with over 850,000 unique courses completed (c.26 million minutes of online learning) - Continued to develop mutually beneficial relationships across a range of areas, including collaborations with Xing, LinkedIn and Stack Overflow, among others - Group consultant headcount increased "
Hays plc,LSE:HAS,2021-08-26,FY 2021,filings/2021-08-26__has-ln-20210826-h2-8k-2__671213.md,net_fees,Group,permanent,24,,,,narrative,new,"Common themes across all divisions include growing our Technology specialism and large Corporate Accounts business - We will also look to further drive growth in our non-Perm businesses in new/existing markets, including France, Japan, Canada and the USA ## Link to relevant KPIs Like-for-like net fee growth <!-- image --> <!-- image --> - Proportion of Group net fees generated by our International business Basic earnings <!-- image --> per share growth Like-for-like net fees <!-- image --> per c"
Hays plc,LSE:HAS,2021-08-26,FY 2021,filings/2021-08-26__has-ln-20210826-h2-8k-2__671213.md,net_fees,,temp,42,,,%,narrative,new,"Average Temp volumes continued to improve through the second half, and we saw very high levels ## Net fees by specialism | Technology | 42% | |-------------------------|-------| | Engineering | 23% | | Accountancy & Finance | 16% | | Life Sciences | 6% | | Construction & Property | 5% | | Sales & Marketing | 4% | | Other | 4% | ## Net fees by contract type <!-- image --> 85% Temp 15% Perm ## Net fees by sector 14% Public 86% Private of Temp utilisation, helped by lower-thannormal levels of vacat"
Hays plc,LSE:HAS,2021-08-26,FY 2021,filings/2021-08-26__has-ln-20210826-h2-8k-2__671213.md,consultant_headcount,Group,,5,,,%,company_expectation,new,"We expect Group headcount at the end of Q1 FY22 will increase by c.5% versus 30 June 2021, driven by broad-based ongoing investment in our key specialisms together with our FY22 SGI."
Hays plc,LSE:HAS,2021-08-26,FY 2021,filings/2021-08-26__has-ln-20210826-h2-8k-2__671213.md,consultant_headcount,,,,,,qualitative,narrative,qualitative,"In addition to our headcount additions in H2 FY21, these investments will help drive further sequential fee growth in FY22 and beyond."
Hays plc,LSE:HAS,2021-08-26,FY 2021,filings/2021-08-26__has-ln-20210826-h2-8k-2__671213.md,net_finance_charge,Group,,8.0,,,m,company_expectation,new,"We expect the net finance charge for FY22 to be around £8.0 million, with the increase resulting from a higher non-cash net interest charge on the Group's defined benefit pension scheme."
Hays plc,LSE:HAS,2021-08-26,FY 2021,filings/2021-08-26__has-ln-20210826-h2-8k-2__671213.md,capex,,,25,,,m,company_expectation,new,We expect capital expenditure to be c.£25 million for FY22.
Hays plc,LSE:HAS,2021-08-26,FY 2021,filings/2021-08-26__has-ln-20210826-h2-8k-2__671213.md,temp_outlook,,temp,11,11,110,,narrative,new,"As mentioned on page 11, we have budgeted a further £110 million buffer for working capital rebuild which will reduce as our Temp book grows and working capital increases, including any normalisation in client payment times."
Hays plc,LSE:HAS,2021-08-26,FY 2021,filings/2021-08-26__has-ln-20210826-h2-8k-2__671213.md,effective_tax_rate,,,,,,qualitative,narrative,qualitative,"The Company also notes the Task Force on Climate-related Financial Disclosures (TCFD) recommendations to encourage businesses to increase disclosure of climate-related information, which focus on governance; risk management; strategy; and metrics and targets."
Hays plc,LSE:HAS,2021-08-26,FY 2021,filings/2021-08-26__has-ln-20210826-h2-8k-2__671213.md,pre_exceptional_operating_profit,,,,,,qualitative,narrative,qualitative,"We also, for one year only (Annual Bonus and PSP), moved to an absolute operating profit target, rather than EPS, as the tax rate was exceptionally volatile at such low levels of profitability, and we wanted to ensure that any bonus performance was driven by underlying operating profit."
Hays plc,LSE:HAS,2021-08-26,FY 2021,filings/2021-08-26__has-ln-20210826-h2-8k-2__671213.md,effective_tax_rate,,,,,,qualitative,narrative,qualitative,The FY21 Annual Bonus metrics were changed from EPS to EBIT and from Cash Conversion to Operating Cash and a prudent and cautious optimism was applied to setting annual targets.
Hays plc,LSE:HAS,2021-08-26,FY 2021,filings/2021-08-26__has-ln-20210826-h2-8k-2__671213.md,effective_tax_rate,,,92,92,94,,narrative,new,"As in past years, Annual Bonus targets have been retrospectively disclosed on pages 92 to 94."
Hays plc,LSE:HAS,2021-08-26,FY 2021,filings/2021-08-26__has-ln-20210826-h2-8k-2__671213.md,effective_tax_rate,,,,,,qualitative,narrative,qualitative,"For FY22, with the strong improvement in second half trading in FY21 and a more positive market outlook, we have reverted back to our normal metrics for the Annual Bonus which are EPS and Cash Conversion."
Hays plc,LSE:HAS,2021-08-26,FY 2021,filings/2021-08-26__has-ln-20210826-h2-8k-2__671213.md,effective_tax_rate,,,,,,qualitative,narrative,qualitative,Annual Bonus targets will be retrospectively disclosed in the FY22 report.
Hays plc,LSE:HAS,2021-08-26,FY 2021,filings/2021-08-26__has-ln-20210826-h2-8k-2__671213.md,effective_tax_rate,,,0,,,m,narrative,new,Metric | Target range | Actual | %of max paid | |------------------|----------------|----------|----------------| | EBIT* | £0m to £60m | £97.7m* | 100% | | Operating Cash | £4m to £46.5m | £130.8m | 100% | | Personal CEO/CFO | | 85% | | * EBIT is measured at constant currency exchange rates.
Hays plc,LSE:HAS,2021-08-26,FY 2021,filings/2021-08-26__has-ln-20210826-h2-8k-2__671213.md,effective_tax_rate,,,,,,qualitative,narrative,qualitative,The Committee will aim to provide retrospective disclosure of the performance targets to allow shareholders to judge the bonus earned in the context of the performance delivered.
Hays plc,LSE:HAS,2021-08-26,FY 2021,filings/2021-08-26__has-ln-20210826-h2-8k-2__671213.md,pre_exceptional_operating_profit,,,,,,qualitative,narrative,qualitative,"This included sensitising the discount rate applied to the future cash flows, and the short and longer term growth rates and operating profit forecast."
Hays plc,LSE:HAS,2021-08-26,FY 2021,filings/2021-08-26__has-ln-20210826-h2-8k-2__671213.md,net_fees,Group,,2,,,,company_expectation,new,## Conclusions relating to Going Concern Our evaluation of the Directors' assessment of the Group's and the Company's ability to continue to adopt the Going Concern basis of accounting included: - Obtaining the Directors' cash flow forecasts for the Going Concern period and validating the underlying cash flow projections by challenging the basis of the judgements applied and verifying that it is consistent with our existing knowledge and understanding of the business; - Reviewing the sensitivity
Hays plc,LSE:HAS,2021-08-26,FY 2021,filings/2021-08-26__has-ln-20210826-h2-8k-2__671213.md,perm_outlook,,permanent,,,,qualitative,company_expectation,qualitative,"Where a permanent candidate starts employment but does not work for the specified contractual period an adjustment is made, based on experience, in respect of the expected required refund or credit note due to the client."
Hays plc,LSE:HAS,2021-08-26,FY 2021,filings/2021-08-26__has-ln-20210826-h2-8k-2__671213.md,temp_outlook,,temp,,,,qualitative,narrative,qualitative,Deferred tax liabilities are generally recognised on all temporary differences and deferred tax assets are recognised to the extent that it is probable that taxable profits will be available against which the temporary differences can be utilised.
Hays plc,LSE:HAS,2021-08-26,FY 2021,filings/2021-08-26__has-ln-20210826-h2-8k-2__671213.md,temp_outlook,,temp,,,,qualitative,narrative,qualitative,Deferred tax is not recognised for temporary differences arising from the initial recognition of goodwill or initial recognition of other assets or liabilities in a transaction (other than a business combination) that affects neither accounting profit nor taxable profit.
Hays plc,LSE:HAS,2021-08-26,FY 2021,filings/2021-08-26__has-ln-20210826-h2-8k-2__671213.md,temp_outlook,Group,temp,,,,qualitative,narrative,qualitative,Deferred tax liabilities are recognised for taxable temporary differences arising on investments in subsidiaries and associates except where the Group is able to control the reversal of the temporary differences and it is probable that the temporary difference will not reverse in the foreseeable future.
Hays plc,LSE:HAS,2021-08-26,FY 2021,filings/2021-08-26__has-ln-20210826-h2-8k-2__671213.md,pre_exceptional_operating_profit,,temp,2021,,,,narrative,new,"Operating profit The following costs are deducted from turnover to determine net fees: | (In £s million) | 2021 | 2020 | |--------------------------------------------|-----------|-----------| | Turnover | 5,648.4 | 5,929.5 | | Remuneration of temporary workers | (4,422.7) | (4,626.7) | | Remuneration of other recruitment agencies | (307.6) | (306.6) | | Net fees | 918.1 | 996.2 | Operating profit is stated after charging the following items to net fees of £918.1 million (2020: £996.2 million): |"
Hays plc,LSE:HAS,2021-08-26,FY 2021,filings/2021-08-26__has-ln-20210826-h2-8k-2__671213.md,pre_exceptional_operating_profit,Group,,,,,qualitative,company_expectation,qualitative,"The key assumptions for the value-in-use calculations are as follows: | Assumption | How determined | |------------------|-------------------------------------------------| | Operating profit | The operating profit is based on the latest one-year forecasts for the CGUs approved by the Group's Management Board, and medium-term forecasts which are compiled using expectations of fee growth, consultant productivity and operating costs, from past experience, over a period of two to five years."
Hays plc,LSE:HAS,2021-08-26,FY 2021,filings/2021-08-26__has-ln-20210826-h2-8k-2__671213.md,temp_outlook,,temp,12,12,110,,narrative,new,"As mentioned on page 12, we have budgeted a further £110 million buffer for working capital rebuild which will reduce as our Temp book grows and working capital increases, including any normalisation in client payment times."
Hays plc,LSE:HAS,2021-08-26,FY 2021,filings/2021-08-26__has-ln-20210826-h2-8k__119734.md,pre_exceptional_operating_profit,,,410.6,,,m,company_expectation,new,"We expect to continue to add significant capacity this year to drive further sequential fee growth in FY22 and beyond - Strong cash performance and resumption of dividends: net cash of £410.6 million, with an excellent 138% conversion of operating profit to operating cash flow (3) and record low debtor days."
Hays plc,LSE:HAS,2021-08-26,FY 2021,filings/2021-08-26__has-ln-20210826-h2-8k__119734.md,pre_exceptional_operating_profit,,,2,,,,narrative,new,"(2) FY20 operating profit is presented before exceptional costs of £39.9 million, comprising £20.3 million relating to the partial impairment of goodwill in the US business, and £19.6 million relating to restructuring charges, primarily in our German business."
Hays plc,LSE:HAS,2021-08-26,FY 2021,filings/2021-08-26__has-ln-20210826-h2-8k__119734.md,consultant_headcount,,,,,,qualitative,narrative,qualitative,We will continue to balance headcount investment with driving consultant productivity.
Hays plc,LSE:HAS,2021-08-26,FY 2021,filings/2021-08-26__has-ln-20210826-h2-8k__119734.md,temp_outlook,,temp,130,,,m,narrative,new,"At our half-year results, we budgeted for £130 million working capital rebuild, which will reduce as our Temp book grows and working capital increases, including any normalisation in client payment times."
Hays plc,LSE:HAS,2021-08-26,FY 2021,filings/2021-08-26__has-ln-20210826-h2-8k__119734.md,temp_outlook,,temp,,,,qualitative,narrative,qualitative,"Average Temp volumes continued to improve through the second half, and we saw very high levels of Temp utilisation, helped by lower-than-normal levels of vacations taken, some of which will reverse in the coming months, and low levels of sickness leave."
Hays plc,LSE:HAS,2021-08-26,FY 2021,filings/2021-08-26__has-ln-20210826-h2-8k__119734.md,consultant_headcount,Group,,5,,,%,company_expectation,new,"We expect Group headcount at the end of Q1 FY22 will increase by c.5% versus 30 June 2021, driven by broad-based ongoing investment in our key specialisms together with our FY22 SGI."
Hays plc,LSE:HAS,2021-08-26,FY 2021,filings/2021-08-26__has-ln-20210826-h2-8k__119734.md,consultant_headcount,,,,,,qualitative,narrative,qualitative,"In addition to our headcount additions in H2 FY21, these investments will help drive further sequential fee growth in FY22 and beyond."
Hays plc,LSE:HAS,2021-08-26,FY 2021,filings/2021-08-26__has-ln-20210826-h2-8k__119734.md,pre_exceptional_operating_profit,,,2,,,,narrative,new,"(2) 2020 operating profit is presented before exceptional costs of £39.9 million, comprising £20.3 million relating to the impairment of goodwill in the US business, and £19.6 million relating to restructuring charges, primarily in our German business."
Hays plc,LSE:HAS,2021-08-26,FY 2021,filings/2021-08-26__has-ln-20210826-h2-8k__119734.md,net_finance_charge,Group,,8.0,,,m,company_expectation,new,"We expect the net finance charge for FY22 to be around £8.0 million, with the increase resulting from a higher non-cash net interest charge on the Group's defined benefit pension scheme."
Hays plc,LSE:HAS,2021-08-26,FY 2021,filings/2021-08-26__has-ln-20210826-h2-8k__119734.md,capex,,,25,,,m,company_expectation,new,We expect capital expenditure to be c.£25 million for FY22.
Hays plc,LSE:HAS,2021-08-26,FY 2021,filings/2021-08-26__has-ln-20210826-h2-8k__119734.md,temp_outlook,,temp,5,5,110,,narrative,new,"As mentioned on page 5, we have budgeted a further £110 million buffer for working capital rebuild which will reduce as our Temp book grows and working capital increases, including any normalisation in client payment times."
Hays plc,LSE:HAS,2021-08-26,FY 2021,filings/2021-08-26__has-ln-20210826-h2-8k__119734.md,pre_exceptional_operating_profit,,temp,5,,,,narrative,new,"## 5 OPERATING PROFIT The following costs are deducted from turnover to determine net fees: | (In £s million) | 2021 | 2020 | |--------------------------------------------|-----------|-----------| | Turnover | 5,648.4 | 5,929.5 | | Remuneration of temporary workers | (4,422.7) | (4,626.7) | | Remuneration of other recruitment agencies | (307.6) | (306.6) | | Net fees | 918.1 | 996.2 | Operating profit is stated after charging the following items to net fees of £918.1 million (2020: £996.2 millio"
Hays plc,LSE:HAS,2021-10-14,Q1 2022,filings/2021-10-14__has-ln-20211014-q1-8k__119741.md,consultant_headcount,Group,,44,,,%,company_expectation,new,"Asia fees up 44%, with records in China and Malaysia - Record consultant productivity, despite Group consultant headcount increasing by 8% in the quarter and by 19% YoY as we invested to capitalise on the cyclical recovery and structural growth opportunities - Strong net cash position of c.£360 million, in line with our expectations (30 June 2021: £410.6 million; 30 September 2020: c.£350 million) Commenting on the Group's performance, Alistair Cox, Chief Executive, said: 'We have made a strong "
Hays plc,LSE:HAS,2021-10-14,Q1 2022,filings/2021-10-14__has-ln-20211014-q1-8k__119741.md,net_fees,Group,,2,,,,narrative,new,"Our strong brand and management teams globally, plus our financial strength, give me confidence that we will take further market share as the economic recovery continues.' ### Images on This Page > ** Image Description** (Page 2, Image 2) > > ```json > {""text"": ""HAYS"", ""color"": ""navy""} > ```json > {""text"": ""Recruiting experts worldwide"", ""color"": ""navy""} > ``` <!-- PAGE 3 --> <!-- image --> ## Group ## Q1 trading overview Group net fees were up 41% on a like-for-like basis versus the prior year,"
Hays plc,LSE:HAS,2021-10-14,Q1 2022,filings/2021-10-14__has-ln-20211014-q1-8k__119741.md,temp_outlook,,temp,,,,qualitative,company_expectation,qualitative,"In Temp, as expected, the H2 FY21 trend of increased average Temp hours worked has partially reversed, mainly as Temp workers took vacations."
Hays plc,LSE:HAS,2021-10-14,Q1 2022,filings/2021-10-14__has-ln-20211014-q1-8k__119741.md,consultant_headcount,Group,,8,8,19,%,narrative,new,"## Investment in Group headcount Group consultant headcount, which included our seasonal graduate intake, increased by 8% in the quarter, slightly ahead of our previous guidance, and by 19% year-on-year."
Hays plc,LSE:HAS,2021-10-14,Q1 2022,filings/2021-10-14__has-ln-20211014-q1-8k__119741.md,consultant_headcount,,,2,2,4,,company_expectation,new,"We expect consultant headcount to increase by a further c.2-4% in Q2 FY22 as we continue to balance adding productive capacity, including in our Strategic Growth Initiatives, with driving strong consultant productivity and profit growth."
Hays plc,LSE:HAS,2021-10-14,Q1 2022,filings/2021-10-14__has-ln-20211014-q1-8k__119741.md,temp_outlook,,temp,,,,qualitative,company_expectation,qualitative,"As expected, average Temp hours worked returned to more seasonally normal levels for the summer, as Temps took holidays."
Hays plc,LSE:HAS,2022-01-13,Q2 2022,filings/2022-01-13__has-ln-20220113-q2-8k__119728.md,pre_exceptional_operating_profit,Australia & New Zealand,,11,,,%,company_expectation,new,"Fees up 11% versus Q2 FY20 (1) - Given the strong fee performance, operating profit for the year to 30 June 2022 is expected to be c.£200 million, ahead of consensus market expectations (2) - Australia &amp; New Zealand (ANZ): fees up 31%, with momentum improving following the lifting of lockdowns in October."
Hays plc,LSE:HAS,2022-01-13,Q2 2022,filings/2022-01-13__has-ln-20220113-q2-8k__119728.md,pre_exceptional_operating_profit,Group,,53,,,%,company_expectation,new,"Asia fees also excellent, up 53% and including records in China and Malaysia - Excellent consultant productivity, despite Group consultant headcount increasing by 6% in the quarter and by 26% YoY, as we invested to capitalise on the cyclical recovery and structural growth opportunities - Strong net cash position of c.£235 million, in line with our expectations and after paying c.£170 million in core and special dividends in November 2021 (30 September 2021: £360 million; 31 December 2020: £380 m"
Hays plc,LSE:HAS,2022-01-13,Q2 2022,filings/2022-01-13__has-ln-20220113-q2-8k__119728.md,consultant_headcount,,,,,,qualitative,company_expectation,qualitative,"Encouragingly, despite significant headcount investment in the past year, consultant productivity is excellent, and we expect to drive productivity further."
Hays plc,LSE:HAS,2022-01-13,Q2 2022,filings/2022-01-13__has-ln-20220113-q2-8k__119728.md,consultant_headcount,Germany,,2,2,4,,company_expectation,new,"We expect to add 2-4% to consultant headcount in Q3 FY22, mainly in our Strategic Growth Initiatives and in Germany, as we balance driving consultant productivity and profit growth with adding further capacity in longterm structural growth markets."
Hays plc,LSE:HAS,2022-01-13,Q2 2022,filings/2022-01-13__has-ln-20220113-q2-8k__119728.md,pre_exceptional_operating_profit,,,,,,qualitative,narrative,qualitative,"Given our operating profit increases significantly in FY22, FX movements will have a much larger negative impact."
Hays plc,LSE:HAS,2022-02-24,H1 2022,filings/2022-02-24__has-ln-20220224-h1-8k__119746.md,pre_exceptional_operating_profit,,,31,,,,company_expectation,new,"# Half Year Report HALF YEAR REPORT SIX MONTHS ENDED 31 DECEMBER 2021 24 February 2022 <!-- PAGE 1 --> <!-- image --> ## HALF YEAR REPORT SIX MONTHS ENDED 31 DECEMBER 2021 24 February 2022 <!-- image --> ### Images on This Page > ** Image Description** (Page 1, Image 1) > > ```json > {""text"": ""HAYS Recruiting experts worldwide""} > ``` > ** Image Description** (Page 1, Image 2) > > ```json > { > ""text"": ""ACCOUNTANCY &"", > ""financially_relevant"": false > } > ``` > ```json > { > ""text"": ""MA/CONSTRU"
Hays plc,LSE:HAS,2022-02-24,H1 2022,filings/2022-02-24__has-ln-20220224-h1-8k__119746.md,pre_exceptional_operating_profit,,,210,,,,company_expectation,new,"Operating profit for FY22 is now expected to be between £210-215 million, ahead of consensus market expectations (4) - Australia &amp; New Zealand: fees up 33%; operating profit up 60% to £26.0 million with momentum improving through the half."
Hays plc,LSE:HAS,2022-02-24,H1 2022,filings/2022-02-24__has-ln-20220224-h1-8k__119746.md,pre_exceptional_operating_profit,,temp,210,,,,company_expectation,new,"We now expect operating profit for FY22 to be between £210-215 million, ahead of consensus market expectations (4) , and we see an even clearer route to exceeding previous peak profit levels.' ### Images on This Page > ** Image Description** (Page 2, Image 3) > > ```json > {""text"": ""HAYS Recruiting experts worldwide""} > ``` <!-- PAGE 3 --> <!-- image --> - (1) Net fees comprise turnover less remuneration of temporary workers and other recruitment agencies."
Hays plc,LSE:HAS,2022-02-24,H1 2022,filings/2022-02-24__has-ln-20220224-h1-8k__119746.md,pre_exceptional_operating_profit,,,18.0,,,%,company_expectation,new,"Our conversion rate in the half was 18.0%, up 1210 basis points, with a like-for-like drop through rate of net fees to operating profit of 49%, in line with our expectations."
Hays plc,LSE:HAS,2022-02-24,H1 2022,filings/2022-02-24__has-ln-20220224-h1-8k__119746.md,consultant_headcount,,,,,,qualitative,company_expectation,qualitative,"As previously announced, we expect headcount growth in the second half will be lower than the first half, as we balance driving consultant productivity and profit growth with adding further capacity in long-term structural growth markets."
Hays plc,LSE:HAS,2022-02-24,H1 2022,filings/2022-02-24__has-ln-20220224-h1-8k__119746.md,consultant_headcount,Germany,,3,3,5,,company_expectation,new,"We expect to add 3-5% to consultant headcount in Q3 FY22, led by Germany and including planned SGI additions."
Hays plc,LSE:HAS,2022-02-24,H1 2022,filings/2022-02-24__has-ln-20220224-h1-8k__119746.md,temp_outlook,,temp,25,25,79.3,%,company_expectation,new,"Given the excellent growth in our Temp business, with fees up 25%, we saw a working capital outflow of £79.3 million in the half-year, in line with our expectations, as our Temp debtors grew and we experienced some normalisation in client payment terms."
Hays plc,LSE:HAS,2022-02-24,H1 2022,filings/2022-02-24__has-ln-20220224-h1-8k__119746.md,pre_exceptional_operating_profit,,,,,,qualitative,narrative,qualitative,"However, given our operating profit will increase significantly in FY22, FX movements are highly likely to have a much larger negative impact in this financial year than in FY21."
Hays plc,LSE:HAS,2022-02-24,H1 2022,filings/2022-02-24__has-ln-20220224-h1-8k__119746.md,consultant_headcount,,,3,3,5,,company_expectation,new,We expect consultant headcount to increase by 3-5% in Q3 FY22.
Hays plc,LSE:HAS,2022-02-24,H1 2022,filings/2022-02-24__has-ln-20220224-h1-8k__119746.md,temp_outlook,,contracting,,,,qualitative,company_expectation,qualitative,"As expected, we saw a return to more normal levels of sickness leave in both our Contracting and Temp businesses."
Hays plc,LSE:HAS,2022-02-24,H1 2022,filings/2022-02-24__has-ln-20220224-h1-8k__119746.md,pre_exceptional_operating_profit,,,,,,qualitative,company_expectation,qualitative,Upgraded FY22 operating profit expectations.
Hays plc,LSE:HAS,2022-02-24,H1 2022,filings/2022-02-24__has-ln-20220224-h1-8k__119746.md,temp_outlook,,temp_and_contracting,,,,qualitative,narrative,qualitative,"This has no impact on year-on-year growth comparatives but will act as a headwind on sequential second half profit growth versus the first half, particularly in our Temp and Contracting businesses."
Hays plc,LSE:HAS,2022-02-24,H1 2022,filings/2022-02-24__has-ln-20220224-h1-8k__119746.md,consultant_headcount,Germany,,3,3,5,,company_expectation,new,"We expect Group consultant headcount will increase by 3-5% in Q3 FY22, mainly in SGI and in Germany."
Hays plc,LSE:HAS,2022-02-24,H1 2022,filings/2022-02-24__has-ln-20220224-h1-8k__119746.md,pre_exceptional_operating_profit,Group,,210,,,,company_expectation,new,"We expect Group operating profit for FY22 to be between £210-215 million, ahead of consensus market expectations (4) ."
Hays plc,LSE:HAS,2022-02-24,H1 2022,filings/2022-02-24__has-ln-20220224-h1-8k__119746.md,net_finance_charge,,,30,,,,company_expectation,new,"We continue to expect the net finance charge for the year ending 30 June 2022 to be around £8.0 million, of which c.£7.0 million is non-cash."
Hays plc,LSE:HAS,2022-02-24,H1 2022,filings/2022-02-24__has-ln-20220224-h1-8k__119746.md,effective_tax_rate,Group,,30.0,,,%,narrative,new,Our current estimate is that the Group's ETR will remain at 30.0% in FY22.
Hays plc,LSE:HAS,2022-02-24,H1 2022,filings/2022-02-24__has-ln-20220224-h1-8k__119746.md,temp_outlook,,temp,79,,,m,company_expectation,new,"This resulted from strong underlying profitability, partially offset by a c.£79 million cash outflow from working capital as our Temp debtors increased with Temp fee growth, in line with our expectations."
Hays plc,LSE:HAS,2022-02-24,H1 2022,filings/2022-02-24__has-ln-20220224-h1-8k__119746.md,capex,,,25,,,m,company_expectation,new,We continue to expect capital expenditure to be around £25 million for the year to June 2022 (FY21: £18.8 million).
Hays plc,LSE:HAS,2022-02-24,H1 2022,filings/2022-02-24__has-ln-20220224-h1-8k__119746.md,pre_exceptional_operating_profit,,,31,,,,narrative,new,## Condensed Consolidated Statement of Comprehensive Income | (In £s million) | Six months to 31 December 2021 (unaudited) | Six months to 31 December 2020 (unaudited) | Year to 30 June 2021 (audited) | |-------------------------------------------------|----------------------------------------------|----------------------------------------------|----------------------------------| | Profit for the period | 68.4 | 12.6 | 61.5 | | Items that will not be reclassified subsequently to profit or loss:
Hays plc,LSE:HAS,2022-04-14,Q3 2022,filings/2022-04-14__has-ln-20220414-q3-8k__119725.md,consultant_headcount,Germany,,33,,,%,company_expectation,new,"Fees in EMEA ex-Germany increased by 33%, the Americas by an excellent 54% and Asia by 27%, despite a slowing of growth in China due to pandemic restrictions - Group consultant headcount increased by 4% in the quarter and by 27% YoY, as we balanced investing in attractive structural areas with driving strong levels of productivity - Strong net cash position of c.£240 million, in line with our expectations (31 December 2021: £236.9 million; 31 March 2021: c.£385 million) Commenting on the Group's"
Hays plc,LSE:HAS,2022-04-14,Q3 2022,filings/2022-04-14__has-ln-20220414-q3-8k__119725.md,pre_exceptional_operating_profit,,,210,210,215,,narrative,new,"We reiterate the guidance given at our half-year results for FY22 operating profit of £210-215 million, excluding this one-off Russia impact."
Hays plc,LSE:HAS,2022-04-14,Q3 2022,filings/2022-04-14__has-ln-20220414-q3-8k__119725.md,consultant_headcount,Germany,,1,1,3,,company_expectation,new,"We expect to add 1-3% to consultant headcount in Q4 FY22, mainly in our Strategic Growth Initiatives and in Germany, as we balance driving consultant productivity and profit growth with adding further capacity in long-term structural growth markets."
Hays plc,LSE:HAS,2022-07-14,Q4 2022,filings/2022-07-14__has-ln-20220714-q4-8k__119737.md,pre_exceptional_operating_profit,Australia & New Zealand,permanent,19,,,%,company_expectation,new,"Fees and activity levels were sequentially stable through the quarter and the Group's fee growth exit rate was 19% - Group operating profit for FY22 is expected to be c.£210 million, at the top end of our previous guidance (1) - Australia &amp; New Zealand (ANZ): fees up 12%, led by Perm, up an excellent 33%."
Hays plc,LSE:HAS,2022-07-14,Q4 2022,filings/2022-07-14__has-ln-20220714-q4-8k__119737.md,pre_exceptional_operating_profit,Group,,30,,,,company_expectation,new,"Group operating profit for the year ended 30 June 2022 is expected to be c.£210 million (1) , at the top end of our previous guidance range given at Q3 FY22."
Hays plc,LSE:HAS,2022-07-14,Q4 2022,filings/2022-07-14__has-ln-20220714-q4-8k__119737.md,effective_tax_rate,Group,,30,,,%,company_expectation,new,We also anticipate the Group's Effective Tax Rate (ETR) will benefit from one-off items in FY22 and will be materially below our previous guidance of c.30%.
Hays plc,LSE:HAS,2022-07-14,Q4 2022,filings/2022-07-14__has-ln-20220714-q4-8k__119737.md,effective_tax_rate,,,30,,,%,company_expectation,new,We expect the ETR will return to c.30% in FY23.
Hays plc,LSE:HAS,2022-07-14,Q4 2022,filings/2022-07-14__has-ln-20220714-q4-8k__119737.md,consultant_headcount,,,1,1,2,,company_expectation,new,"We expect to add 1-2% to consultant headcount in Q1 FY23 in structural growth sectors such as Technology, as we focus on driving consultant productivity."
Hays plc,LSE:HAS,2022-08-25,FY 2022,filings/2022-08-25__has-ln-20220825-h2-8k-2__671215.md,perm_outlook,,permanent,1,,,,narrative,new,"<!-- image --> | Our strategic priorities | Focus in FY23 | Link to relevant KPIs | |----------------------------|-------------------------------------------------|-------------------------------------------------| | GROW | - Accelerating structural growth in the most attractive future recruitment sectors, including Technology, Engineering, Life Sciences, the Green Economy, and with Enterprise clients more widely - Increase market share with existing and new clients - Drive further growth in non"
Hays plc,LSE:HAS,2022-08-25,FY 2022,filings/2022-08-25__has-ln-20220825-h2-8k-2__671215.md,temp_outlook,,temp_and_contracting,,,,qualitative,company_expectation,qualitative,"Of greater significance, we expect significant levels of growth in more working capital-intensive areas of our business, including our high salary Temp and Contracting businesses and particularly within Technology and our Enterprise clients."
Hays plc,LSE:HAS,2022-08-25,FY 2022,filings/2022-08-25__has-ln-20220825-h2-8k-2__671215.md,capex,,,550,,,m,company_expectation,new,"This would generate between c.£550 million and £750 million of surplus cash, after deducting expected capex, pension contributions and setting aside a £100 million pot for potential bolt-on M&amp;A."
Hays plc,LSE:HAS,2022-08-25,FY 2022,filings/2022-08-25__has-ln-20220825-h2-8k-2__671215.md,structural_cost_savings,Germany,enterprise_solutions,3,,,,narrative,new,"These include our 3SS Vendor Management System, our bespoke reporting packs, helping to write tender documents and annual hiring forecasts, demonstrating the tangible cost savings of adopting a more flexible workforce and, where clients' volumes are appropriate, dedicated delivery teams.' ## Jodi Hon USA <!-- image --> ## Meaningful partnerships 'When I became MD of our Enterprise Solutions business in Germany, I developed a strategy called ICI to drive partnerships with clients."
Hays plc,LSE:HAS,2022-08-25,FY 2022,filings/2022-08-25__has-ln-20220825-h2-8k-2__671215.md,temp_outlook,,temp,,,,qualitative,company_expectation,qualitative,"Globally, both Temp and Perm continue to benefit from improving fee margins and the broader impact of wage inflation, which we expect to continue across FY23."
Hays plc,LSE:HAS,2022-08-25,FY 2022,filings/2022-08-25__has-ln-20220825-h2-8k-2__671215.md,consultant_headcount,,,,,,qualitative,company_expectation,qualitative,"We expect consultant headcount growth will be minimal in H1, outside of our SGI programme, as we focus on driving consultant productivity and returns from our investments."
Hays plc,LSE:HAS,2022-08-25,FY 2022,filings/2022-08-25__has-ln-20220825-h2-8k-2__671215.md,net_finance_charge,,,30,,,,company_expectation,new,"We expect the net finance charge for the year ending 30 June 2023 to be around £6.0 million, of which c.£3.0 million is non-cash."
Hays plc,LSE:HAS,2022-08-25,FY 2022,filings/2022-08-25__has-ln-20220825-h2-8k-2__671215.md,effective_tax_rate,,,30,,,%,company_expectation,new,We expect the ETR will return to c.30% in FY23.
Hays plc,LSE:HAS,2022-08-25,FY 2022,filings/2022-08-25__has-ln-20220825-h2-8k-2__671215.md,temp_outlook,,temp,65,,,m,company_expectation,new,"This resulted from strong underlying profitability, partially offset by a c.£65 million cash outflow from working capital as our Temp debtors increased with Temp fee growth, lower than our initial expectations."
Hays plc,LSE:HAS,2022-08-25,FY 2022,filings/2022-08-25__has-ln-20220825-h2-8k-2__671215.md,capex,,,25,,,,company_expectation,new,We expect capital expenditure will be £25-30 million for the year to June 2023.
Hays plc,LSE:HAS,2022-08-25,FY 2022,filings/2022-08-25__has-ln-20220825-h2-8k-2__671215.md,temp_outlook,,contracting,,,,qualitative,company_expectation,qualitative,"As expected, we saw a return to more normal levels of sickness leave in both our Contracting and Temp businesses."
Hays plc,LSE:HAS,2022-08-25,FY 2022,filings/2022-08-25__has-ln-20220825-h2-8k-2__671215.md,effective_tax_rate,,,,,,qualitative,narrative,qualitative,We are actively looking at other metrics to enable us to set measurable targets and analyse our progress in a quantitative as well as in a qualitative way.
Hays plc,LSE:HAS,2022-08-25,FY 2022,filings/2022-08-25__has-ln-20220825-h2-8k-2__671215.md,effective_tax_rate,,,4,4,9,,narrative,new,## Pillar 4: Metrics and targets ## Recommendation 9: Metrics to assess risks and opportunities Our internal metrics and targets help us measure and manage financial risks associated with potential future carbon-related risks and opportunities (R&amp;Os).
Hays plc,LSE:HAS,2022-08-25,FY 2022,filings/2022-08-25__has-ln-20220825-h2-8k-2__671215.md,structural_cost_savings,,,10,10,2020,m,narrative,new,"Energy cost savings will also be achieved as part of Hays' target of a £10 million per annum cost saving (2020 baseline), through a reduction in office space."
Hays plc,LSE:HAS,2022-08-25,FY 2022,filings/2022-08-25__has-ln-20220825-h2-8k-2__671215.md,temp_outlook,,temp,,,,qualitative,narrative,qualitative,"While we to at least offset this by increases in Perm fees and Temp margins and have successful in achieving such increases FY22 to date, we will need to continue this strategy in FY23/FY24 to ensure we protect our overall profitability."
Hays plc,LSE:HAS,2022-08-25,FY 2022,filings/2022-08-25__has-ln-20220825-h2-8k-2__671215.md,perm_outlook,Group,permanent,2025,,,,narrative,new,We announced our commitment to a path to Net Zero last year and put in place permanent policies to ensure our Science-Based Targets (SBTs) of halving Group GHG emissions by 2025 and reducing air travel by 40% by 2026 are met.
Hays plc,LSE:HAS,2022-08-25,FY 2022,filings/2022-08-25__has-ln-20220825-h2-8k-2__671215.md,effective_tax_rate,,,,,,qualitative,company_expectation,qualitative,"## FY22 Annual Bonus With levels of profitability expected to return to more normal levels, the FY22 Annual Bonus metrics both for EPS and Cash Conversion calculations returned to their normal methodology that we used in the years up to the pandemic."
Hays plc,LSE:HAS,2022-08-25,FY 2022,filings/2022-08-25__has-ln-20220825-h2-8k-2__671215.md,effective_tax_rate,,,106,106,108,,narrative,new,"As in the past years, Annual Bonus targets have been retrospectively disclosed on pages 106 to 108."
Hays plc,LSE:HAS,2022-08-25,FY 2022,filings/2022-08-25__has-ln-20220825-h2-8k-2__671215.md,perm_outlook,,permanent,,,,qualitative,company_expectation,qualitative,"The shape and extent of the business' recovery post-pandemic, especially in the Permanent recruitment market, has been much stronger than expected and, whilst the cash performance in FY22 was in line with our expectations, the Committee is cognisant that what were felt to be very challenging annual profit bonus targets at the time they were set and which were ahead of consensus at the time, have ultimately been significantly exceeded, with the actual results far exceeding any reasonable forecast"
Hays plc,LSE:HAS,2022-08-25,FY 2022,filings/2022-08-25__has-ln-20220825-h2-8k-2__671215.md,effective_tax_rate,,,,,,qualitative,narrative,qualitative,Annual Bonus targets will be retrospectively disclosed in the FY23 report.
Hays plc,LSE:HAS,2022-08-25,FY 2022,filings/2022-08-25__has-ln-20220825-h2-8k-2__671215.md,effective_tax_rate,,,,,,qualitative,narrative,qualitative,"For the FY23 award, the performance metrics and weightings will remain consistent with the approach taken last year."
Hays plc,LSE:HAS,2022-08-25,FY 2022,filings/2022-08-25__has-ln-20220825-h2-8k-2__671215.md,effective_tax_rate,,,60,,,%,narrative,new,Metric | Target range | Actual | %of max paid | |----------------------|------------------|----------|----------------| | EPS: 60% | 4.79p - 6.87p | 9.26p* | 100.00% | | Cash Conversion: 20% | 63.50% - 101.00% | 87.10% | 63.00% | | CEO Personal: 20% | | 16/20 | 80.00% | | CFO Personal: 20% | | 17/20 | 85.00% | | Total: CEO | | | 88.56% | | Total: CFO | | | 89.56% | * Both the targets and actual performance were based on Budget exchange rates.
Hays plc,LSE:HAS,2022-08-25,FY 2022,filings/2022-08-25__has-ln-20220825-h2-8k-2__671215.md,effective_tax_rate,,,100,,,%,narrative,new,The Committee will aim to provide retrospective disclosure of the performance | | Total | 100% | targets to allow shareholders to judge the bonus earned in the context of the performance delivered.
Hays plc,LSE:HAS,2022-08-25,FY 2022,filings/2022-08-25__has-ln-20220825-h2-8k-2__671215.md,effective_tax_rate,,,4.3,,,,narrative,new,"4.3 Voting outcome <!-- PAGE 126 --> ## ANNUAL REPORT ON REMUNERATION CONTINUED ## 2022 PSP (to be granted in FY23) vesting in 2025, followed by a two-year Holding Period (to be made under the Policy approved by shareholders at the November 2020 AGM) For the FY23 award, the performance metrics and weightings will remain consistent with the approach taken last year."
Hays plc,LSE:HAS,2022-08-25,FY 2022,filings/2022-08-25__has-ln-20220825-h2-8k-2__671215.md,pre_exceptional_operating_profit,,,,,,qualitative,narrative,qualitative,"This included sensitising the discount rate applied to the future cash flows, and the short- and longer-term growth rates and operating profit forecast."
Hays plc,LSE:HAS,2022-08-25,FY 2022,filings/2022-08-25__has-ln-20220825-h2-8k-2__671215.md,net_fees,Group,,2,,,,company_expectation,new,## Conclusions relating to Going Concern Our evaluation of the Directors' assessment of the Group's and the Company's ability to continue to adopt the Going Concern basis of accounting included: - Obtaining the Directors' cash flow forecasts for the Going Concern period and validating the underlying cash flow projections by challenging the basis of the judgments applied and verifying that it is consistent with our existing knowledge and understanding of the business; - Reviewing the sensitivity 
Hays plc,LSE:HAS,2022-08-25,FY 2022,filings/2022-08-25__has-ln-20220825-h2-8k-2__671215.md,perm_outlook,,permanent,,,,qualitative,company_expectation,qualitative,"Where a permanent candidate starts employment but does not work for the specified contractual period, an adjustment is made, based on experience, in respect of the expected required refund or credit note due to the client."
Hays plc,LSE:HAS,2022-08-25,FY 2022,filings/2022-08-25__has-ln-20220825-h2-8k-2__671215.md,temp_outlook,,temp,,,,qualitative,narrative,qualitative,Deferred tax liabilities are generally recognised on all temporary differences and deferred tax assets are recognised to the extent that it is probable that taxable profits will be available against which the temporary differences can be utilised.
Hays plc,LSE:HAS,2022-08-25,FY 2022,filings/2022-08-25__has-ln-20220825-h2-8k-2__671215.md,temp_outlook,,temp,,,,qualitative,narrative,qualitative,Deferred tax is not recognised for temporary differences arising from the initial recognition of goodwill or initial recognition of other assets or liabilities in a transaction (other than a business combination) that affects neither accounting profit nor taxable profit.
Hays plc,LSE:HAS,2022-08-25,FY 2022,filings/2022-08-25__has-ln-20220825-h2-8k-2__671215.md,temp_outlook,Group,temp,,,,qualitative,narrative,qualitative,Deferred tax liabilities are recognised for taxable temporary differences arising on investments in subsidiaries and associates except where the Group is able to control the reversal of the temporary differences and it is probable that the temporary difference will not reverse in the foreseeable future.
Hays plc,LSE:HAS,2022-08-25,FY 2022,filings/2022-08-25__has-ln-20220825-h2-8k-2__671215.md,temp_outlook,,temp,,,,qualitative,company_expectation,qualitative,"Management expects that this will, over time, transition to the direct remuneration of temporary workers."
Hays plc,LSE:HAS,2022-08-25,FY 2022,filings/2022-08-25__has-ln-20220825-h2-8k-2__671215.md,pre_exceptional_operating_profit,Group,,155,,,,company_expectation,new,"<!-- PAGE 155 --> The key assumptions for the value-in-use calculations are as follows: | Assumption | How determined | |------------------|-------------------------------------------------| | Operating profit | The operating profit is based on the latest one-year forecasts for the CGUs approved by the Group's Executive Board, and medium-term forecasts over a two- to five-year period which are compiled using expectations of fee growth, consultant productivity and operating costs, from past exper"
Hays plc,LSE:HAS,2022-08-25,FY 2022,filings/2022-08-25__has-ln-20220825-h2-8k__119750.md,consultant_headcount,,,,,,qualitative,company_expectation,qualitative,"We expect consultant headcount growth will be minimal in H1, outside of our SGI programme, as we focus on driving consultant productivity and returns from our investments."
Hays plc,LSE:HAS,2022-08-25,FY 2022,filings/2022-08-25__has-ln-20220825-h2-8k__119750.md,effective_tax_rate,,,30,,,%,company_expectation,new,We expect the ETR will return to c.30% in FY23.
Hays plc,LSE:HAS,2022-08-25,FY 2022,filings/2022-08-25__has-ln-20220825-h2-8k__119750.md,temp_outlook,,contracting,,,,qualitative,company_expectation,qualitative,"As expected, we saw a return to more normal levels of sickness leave in both our Contracting and Temp businesses."
Hays plc,LSE:HAS,2022-08-25,FY 2022,filings/2022-08-25__has-ln-20220825-h2-8k__119750.md,temp_outlook,,temp,,,,qualitative,company_expectation,qualitative,"Globally, both Temp and Perm continue to benefit from improving fee margins and the broader impact of wage inflation, which we expect to continue across FY23."
Hays plc,LSE:HAS,2022-08-25,FY 2022,filings/2022-08-25__has-ln-20220825-h2-8k__119750.md,net_finance_charge,,,30,,,,company_expectation,new,"We expect the net finance charge for the year ending 30 June 2023 to be around £6.0 million, of which c.£5.0 million is non-cash."
Hays plc,LSE:HAS,2022-08-25,FY 2022,filings/2022-08-25__has-ln-20220825-h2-8k__119750.md,capex,,,25,,,,company_expectation,new,We expect capital expenditure will be between £25-30 million for the year to June 2023.
Hays plc,LSE:HAS,2022-08-25,FY 2022,filings/2022-08-25__has-ln-20220825-h2-8k__119750.md,temp_outlook,,temp,,,,qualitative,company_expectation,qualitative,"Management expects that this will, over time, transition to the direct remuneration of temporary workers."
Hays plc,LSE:HAS,2022-10-13,Q1 2023,filings/2022-10-13__has-ln-20221013-q1-8k__119738.md,consultant_headcount,Group,,185,,,m,company_expectation,new,"We expect headcount will be broadly flat overall in H1 FY23 as we focus on driving productivity, while selectively investing in attractive structural growth areas - Net cash position of c.£185 million (30 June 2022: £296 million; 31 December 2021: £237 million), in line with our expectations, driven by a solid cash performance and after c.£40 million in share buybacks in the quarter Commenting on the Group's performance, Alistair Cox, Chief Executive, said: 'We have made a good start to our fina"
Hays plc,LSE:HAS,2022-10-13,Q1 2023,filings/2022-10-13__has-ln-20221013-q1-8k__119738.md,consultant_headcount,Group,,2,2,19,%,narrative,new,"## Group cost base, FX and outlook Group consultant headcount increased by 2% in the quarter and by 19% year-on-year."
Hays plc,LSE:HAS,2022-10-13,Q1 2023,filings/2022-10-13__has-ln-20221013-q1-8k__119738.md,consultant_headcount,,,,,,qualitative,company_expectation,qualitative,"We expect consultant headcount will be broadly flat in H1 FY23 overall, as we focus on driving productivity, while selectively investing in attractive structural areas such as Technology via our Strategic Growth Initiative programme."
Hays plc,LSE:HAS,2022-10-13,Q1 2023,filings/2022-10-13__has-ln-20221013-q1-8k__119738.md,consultant_headcount,Group,,1,1,88,,narrative,new,"The Group's current cost base per period 1 is c.£88m, in line with the guidance given at our preliminary results after taking account of our recent headcount additions."
Hays plc,LSE:HAS,2023-01-17,Q2 2023,filings/2023-01-17__has-ln-20230117-q2-8k__119748.md,temp_outlook,,temp,9,9,7,%,narrative,new,"Temp up 9% and Perm up 7%, both driven by management actions to increase fee margins and target higher value markets, plus wage inflation."
Hays plc,LSE:HAS,2023-01-17,Q2 2023,filings/2023-01-17__has-ln-20230117-q2-8k__119748.md,pre_exceptional_operating_profit,Germany,,6,,,%,company_expectation,new,"The Group's WDA fee growth exit rate was 6% - Operating profit in H1 FY23 between £95-97 million, in line with our expectations - Germany: record fees up 22%."
Hays plc,LSE:HAS,2023-01-17,Q2 2023,filings/2023-01-17__has-ln-20230117-q2-8k__119748.md,consultant_headcount,Group,,100,,,m,company_expectation,new,"We expect overall headcount will be broadly flat in Q3 as we focus on driving productivity while selectively investing in structural growth areas - Net cash position of c.£100 million, in line with our expectations and after paying c.£150 million in core and special dividends in November 2022 (30 September 2022: £185 million; 31 December 2021: £237 million) Commenting on the Group's performance, Alistair Cox, Chief Executive, said: 'We performed well in the quarter, with fees stable at high leve"
Hays plc,LSE:HAS,2023-01-17,Q2 2023,filings/2023-01-17__has-ln-20230117-q2-8k__119748.md,consultant_headcount,Group,,2,2,10,%,company_expectation,new,"## Group headcount and FX Group consultant headcount decreased by 2% in the quarter, in line with our expectations, and increased by 10% year-on-year."
Hays plc,LSE:HAS,2023-01-17,Q2 2023,filings/2023-01-17__has-ln-20230117-q2-8k__119748.md,consultant_headcount,,,,,,qualitative,company_expectation,qualitative,"We expect consultant headcount will be broadly flat in Q3 FY23 overall, as we focus on driving productivity while selectively investing in attractive structural areas such as Technology via our Strategic Growth Initiative (SGI) programme."
Hays plc,LSE:HAS,2023-01-17,Q2 2023,filings/2023-01-17__has-ln-20230117-q2-8k__119748.md,pre_exceptional_operating_profit,Group,,95,95,97,,company_expectation,new,"## H1 FY23 operating profit and outlook Group operating profit in H1 FY23 of between £95-97 million, in line with our expectations."
Hays plc,LSE:HAS,2023-02-23,H1 2023,filings/2023-02-23__has-ln-20230223-h1-8k__119736.md,net_fees,Group,temp,2,,,,company_expectation,new,"Combined with continuing skills shortages, wage inflation and our own fee margin increases, and assuming our markets remain stable, we expect to increase Group profitability and conversion rate in H2 versus H1.' ### Images on This Page > ** Image Description** (Page 2, Image 3) > > ```json > {""text"": ""HAYS Working for your tomorrow""} > ``` <!-- PAGE 3 --> <!-- image --> - (1) Net fees comprise turnover less remuneration of temporary workers and other recruitment agencies."
Hays plc,LSE:HAS,2023-02-23,H1 2023,filings/2023-02-23__has-ln-20230223-h1-8k__119736.md,consultant_headcount,,,26,,,%,company_expectation,new,"Prior to the start of our financial year, we had invested significantly in consultant headcount to meet current and expected levels of demand and we entered FY23 with headcount up 26% year-on-year."
Hays plc,LSE:HAS,2023-02-23,H1 2023,filings/2023-02-23__has-ln-20230223-h1-8k__119736.md,effective_tax_rate,,,29,29,1,%,company_expectation,new,"We expect the full-year ETR will be c.29% in FY23, 1% lower than our prior expectation, primarily due to reduced tax provisioning required following successful agreements reached with tax authorities in FY22."
Hays plc,LSE:HAS,2023-02-23,H1 2023,filings/2023-02-23__has-ln-20230223-h1-8k__119736.md,consultant_headcount,,,,,,qualitative,company_expectation,qualitative,We expect headcount will remain broadly flat in H2 as we focus on driving consultant productivity and returns from our investments.
Hays plc,LSE:HAS,2023-02-23,H1 2023,filings/2023-02-23__has-ln-20230223-h1-8k__119736.md,temp_outlook,,temp,,,,qualitative,company_expectation,qualitative,"Both Temp and Perm continue to benefit from increasing fee margins and the broader impact of wage inflation, which we expect to continue across FY23."
Hays plc,LSE:HAS,2023-02-23,H1 2023,filings/2023-02-23__has-ln-20230223-h1-8k__119736.md,consultant_headcount,,,,,,qualitative,company_expectation,qualitative,"We expect consultant headcount growth will be minimal in H2, and we are highly focused on driving returns from our investments and increasing average consultant productivity."
Hays plc,LSE:HAS,2023-02-23,H1 2023,filings/2023-02-23__has-ln-20230223-h1-8k__119736.md,net_finance_charge,,,6.0,6.0,4.0,m,company_expectation,new,"We continue to expect the net finance charge for FY23 to be c.£6.0 million, of which c.£4.0 million is non-cash."
Hays plc,LSE:HAS,2023-02-23,H1 2023,filings/2023-02-23__has-ln-20230223-h1-8k__119736.md,effective_tax_rate,,,29,29,1,%,company_expectation,new,"We now expect the ETR will be c.29% in FY23, 1% lower than our previous expectation, primarily due to reduced tax provisioning required following successful agreements reached with tax authorities in FY22."
Hays plc,LSE:HAS,2023-02-23,H1 2023,filings/2023-02-23__has-ln-20230223-h1-8k__119736.md,capex,,,25,,,,company_expectation,new,We continue to expect capital expenditure will be between £25-30 million for the year to June 2023.
Hays plc,LSE:HAS,2023-04-14,Q3 2023,filings/2023-04-14__has-ln-20230414-q3-8k__119726.md,pre_exceptional_operating_profit,Group,,80,,,m,company_expectation,new,"We expect overall headcount will be broadly flat in Q4 as we continue to focus on driving productivity - Net cash position of c.£80 million (31 December 2022: £101.4 million), in line with our expectations and after purchasing c.£12 million under our share buyback programme in Q3 - We expect H2 FY23 operating profit and conversion rate will be modestly above H1 FY23, assuming overall activity levels remain stable in our fourth quarter Commenting on the Group's performance, Alistair Cox, Chief Ex"
Hays plc,LSE:HAS,2023-04-14,Q3 2023,filings/2023-04-14__has-ln-20230414-q3-8k__119726.md,consultant_headcount,Group,,2,2,4,%,company_expectation,new,"## Group headcount and FX Group consultant headcount decreased by 2% in the quarter, in line with our expectations, and increased by 4% year-on-year."
Hays plc,LSE:HAS,2023-04-14,Q3 2023,filings/2023-04-14__has-ln-20230414-q3-8k__119726.md,consultant_headcount,,,,,,qualitative,company_expectation,qualitative,"We expect consultant headcount growth will be broadly flat in Q4 FY23 overall, as we continue to focus on driving productivity."
Hays plc,LSE:HAS,2023-04-14,Q3 2023,filings/2023-04-14__has-ln-20230414-q3-8k__119726.md,temp_outlook,,temp_and_contracting,,,,qualitative,narrative,qualitative,"## Outlook Client and candidate activity remains solid overall in Temp and Contracting, with modestly lower numbers of new assignments broadly offset by greater contract extensions."
Hays plc,LSE:HAS,2023-04-14,Q3 2023,filings/2023-04-14__has-ln-20230414-q3-8k__119726.md,pre_exceptional_operating_profit,,,,,,qualitative,company_expectation,qualitative,"We expect H2 FY23 operating profit and conversion rate will be modestly above H1 FY23, assuming overall activity levels remain stable in our fourth quarter."
Hays plc,LSE:HAS,2023-07-13,Q4 2023,filings/2023-07-13__has-ln-20230713-q4-8k__119742.md,pre_exceptional_operating_profit,Germany,,196,,,m,company_expectation,new,"Fees continued to be supported by positive margins, mix and wage inflation - Despite tougher market conditions, FY23 operating profit is expected to be in line with market consensus expectations of c.£196 million (1) - Germany: strong performance with fees up 11%, or 13% on a working day-adjusted basis."
Hays plc,LSE:HAS,2023-07-13,Q4 2023,filings/2023-07-13__has-ln-20230713-q4-8k__119742.md,pre_exceptional_operating_profit,Group,,21,,,%,company_expectation,new,"The Americas was also tough, down 21% - Consultant headcount decreased by 3% in the quarter and by 5% YoY, as we focused on driving productivity which remained at good levels overall, despite more difficult markets - Strong cash generation drove year-end net cash of c.£135 million (31 March 2023: c.£80 million), in line with our expectations and after purchasing £6 million in shares in Q4, completing our £93 million buyback programme Commenting on the Group's performance, Alistair Cox, Chief Exe"
Hays plc,LSE:HAS,2023-07-13,Q4 2023,filings/2023-07-13__has-ln-20230713-q4-8k__119742.md,pre_exceptional_operating_profit,,,23,,,,company_expectation,new,"## FY23 guidance and outlook Consistent with our commentary at our H1 23 results, and despite tougher market conditions, FY23 operating profit is expected to be in line with market consensus expectations of c.£196 million ( 1 ) ."
Hays plc,LSE:HAS,2023-08-24,FY 2023,filings/2023-08-24__has-ln-20230824-h2-8k-2__671216.md,pre_exceptional_operating_profit,,temp_and_contracting,5,,,,narrative,new,"<!-- PAGE 5 --> ## OUR YEAR ## HIGHLIGHTS FINANCIAL OVERVIEW £1,294.6m Net fee income FY22: £1,189.4m £197.0m Operating profit FY22: £210.1m 8.59p Basic EPS FY22: 9.22p 5.24p Core &amp; special dividend per share FY22: 10.19p £135.6m Net cash FY22: £296.2 More information on pages 42 to 47 OPERATIONAL SUMMARY 8,590 Consultants FY22: 9,037 c.76,800 Perm jobs filled FY22: c.83,750 c.245,000 Temp and contracting roles filled FY22: c.250,000 More information on pages 16 to 19 SUSTAINABLE BUSINESS 44"
Hays plc,LSE:HAS,2023-08-24,FY 2023,filings/2023-08-24__has-ln-20230824-h2-8k-2__671216.md,perm_outlook,,permanent,2,,,,narrative,new,"<!-- image --> <!-- image --> <!-- image --> <!-- image --> | Our strategic priorities | Focus in FY24 | Link to relevant KPIs | |----------------------------|-------------------------------------------------|-------------------------------------------------| | | - Increase market share with existing and new clients - Grow non-Perm fees in new/existing markets - Drive structural growth in the most attractive long-term recruitment sectors, including Technology, Engineering and the Green Economy, "
Hays plc,LSE:HAS,2023-08-24,FY 2023,filings/2023-08-24__has-ln-20230824-h2-8k-2__671216.md,pre_exceptional_operating_profit,Group,,,,,qualitative,narrative,qualitative,"Our early cost reduction ensured that Group operating profit and conversion rate improved slightly in H2 versus H1, in line with the guidance we gave at our half-year results."
Hays plc,LSE:HAS,2023-08-24,FY 2023,filings/2023-08-24__has-ln-20230824-h2-8k-2__671216.md,consultant_headcount,,,,,,qualitative,company_expectation,qualitative,"As expected, our underlying GHG emissions under our control increased in the year as our average headcount increased, economies reopened post-pandemic and business travel increased."
Hays plc,LSE:HAS,2023-08-24,FY 2023,filings/2023-08-24__has-ln-20230824-h2-8k-2__671216.md,pre_exceptional_operating_profit,,,47,,,,narrative,new,"We will continue to focus on long-term strategic growth markets, leverage emerging technologies, embrace innovation and pursue strategic partnerships to drive long-term growth and enhance shareholder returns.' <!-- PAGE 47 --> ## Operating performance | Year ended 30 June (£m) | 2023 | 2022 | Actual growth | LFL growth | |----------------------------------|---------|---------|-----------------|--------------| | Turnover (1) | 7,583.3 | 6,588.9 | 15% | 12% | | Net fees (2) | 1,294.6 | 1,189.4 | 9"
Hays plc,LSE:HAS,2023-08-24,FY 2023,filings/2023-08-24__has-ln-20230824-h2-8k-2__671216.md,pre_exceptional_operating_profit,,,100.0,100.0,15.6,m,narrative,new,"In line with the guidance given at our H1 FY23 results, in H2 both operating profit (£100.0 million) and conversion rate (15.6%) increased versus H1 as we controlled costs and drove consultant productivity."
Hays plc,LSE:HAS,2023-08-24,FY 2023,filings/2023-08-24__has-ln-20230824-h2-8k-2__671216.md,consultant_headcount,,,,,,qualitative,company_expectation,qualitative,"Prior to the start of our financial year, we had invested significantly in consultant headcount to meet current and expected levels of demand and to further strengthen our position in long-term strategic growth markets such as Technology and Enterprise clients."
Hays plc,LSE:HAS,2023-08-24,FY 2023,filings/2023-08-24__has-ln-20230824-h2-8k-2__671216.md,net_finance_charge,,,6,6,4,m,company_expectation,new,"We expect the net finance charge for FY24 to be c.£6 million, of which c.£4 million is non-cash."
Hays plc,LSE:HAS,2023-08-24,FY 2023,filings/2023-08-24__has-ln-20230824-h2-8k-2__671216.md,effective_tax_rate,Group,,29,29,2023,%,company_expectation,new,"We expect the Group's ETR will be c.29% in FY24, with the increase resulting from the rise in UK corporation tax rate which was effective from April 2023."
Hays plc,LSE:HAS,2023-08-24,FY 2023,filings/2023-08-24__has-ln-20230824-h2-8k-2__671216.md,capex,,,30,,,m,company_expectation,new,We expect capital expenditure will be c.£30 million in FY24.
Hays plc,LSE:HAS,2023-08-24,FY 2023,filings/2023-08-24__has-ln-20230824-h2-8k-2__671216.md,consultant_headcount,Group,,2,,,,narrative,new,"## OUR PRIORITIES FOR USES OF FREE CASH FLOW ## Fund Group investment and development - Invest in headcount, training, systems and brand to support organic growth - Assess potential M&amp;A opportunities where appropriate ## Core dividend policy - Deliver a core dividend which is sustainable, progressive and appropriate - Target core dividend cover of 2 to 3x EPS ## Maintain a strong balance sheet - Maintain a net cash position of £100 million - Funding of defined benefit pension scheme and long"
Hays plc,LSE:HAS,2023-08-24,FY 2023,filings/2023-08-24__has-ln-20230824-h2-8k-2__671216.md,effective_tax_rate,,,,,,qualitative,narrative,qualitative,"As the global leader in Construction & Property recruitment, Hays is well placed to help supply much of the talent that will help to make cities more sustainable, including energy efficiency, building retrofit and civil engineering projects to protect communities from flooding and other natural disasters."
Hays plc,LSE:HAS,2023-08-24,FY 2023,filings/2023-08-24__has-ln-20230824-h2-8k-2__671216.md,effective_tax_rate,,,4,4,9,,narrative,new,## Pillar 4: Metrics and targets Recommendation 9: Metrics to assess risks and opportunities Our internal metrics and targets help us measure and manage financial risk associated with potential future carbon-related risks and opportunities (R&amp;Os).
Hays plc,LSE:HAS,2023-08-24,FY 2023,filings/2023-08-24__has-ln-20230824-h2-8k-2__671216.md,structural_cost_savings,,,10,10,2020,m,narrative,new,"Energy cost savings will also be achieved as part of Hays' target of a £10 million per annum cost saving (2020 baseline), through a reduction in office space."
Hays plc,LSE:HAS,2023-08-24,FY 2023,filings/2023-08-24__has-ln-20230824-h2-8k-2__671216.md,temp_outlook,,temp,,,,qualitative,company_expectation,qualitative,"While we expect to at least offset this by increases in our Perm fees and Temp margins and have been successful in achieving such increases in both FY22 and FY23, we will need to continue with this strategy in FY24/FY25 to ensure that we protect our overall profitability."
Hays plc,LSE:HAS,2023-08-24,FY 2023,filings/2023-08-24__has-ln-20230824-h2-8k-2__671216.md,pre_exceptional_operating_profit,,,197.0,,,m,company_expectation,new,This ultimately delivered an operating profit result of £197.0 million in line with external market expectations.
Hays plc,LSE:HAS,2023-08-24,FY 2023,filings/2023-08-24__has-ln-20230824-h2-8k-2__671216.md,perm_outlook,Group,permanent,,,,qualitative,company_expectation,qualitative,"The Group's trading environment proved more difficult than expected in FY23, most notably in our Perm recruitment business which became more challenging across the majority of our markets."
Hays plc,LSE:HAS,2023-08-24,FY 2023,filings/2023-08-24__has-ln-20230824-h2-8k-2__671216.md,effective_tax_rate,,,129,129,130,,narrative,new,Further detail regarding the Annual Bonus targets have been retrospectively disclosed on pages 129 to 130.
Hays plc,LSE:HAS,2023-08-24,FY 2023,filings/2023-08-24__has-ln-20230824-h2-8k-2__671216.md,effective_tax_rate,,,,,,qualitative,narrative,qualitative,Annual Bonus targets will be retrospectively disclosed in the FY24 report.
Hays plc,LSE:HAS,2023-08-24,FY 2023,filings/2023-08-24__has-ln-20230824-h2-8k-2__671216.md,effective_tax_rate,,,,,,qualitative,narrative,qualitative,"The current combination of Cash Conversion, EPS and relative TSR metrics will be maintained for this award."
Hays plc,LSE:HAS,2023-08-24,FY 2023,filings/2023-08-24__has-ln-20230824-h2-8k-2__671216.md,effective_tax_rate,,,,,,qualitative,narrative,qualitative,The Committee is currently in the process of finalising the detailed targets for the financial metrics.
Hays plc,LSE:HAS,2023-08-24,FY 2023,filings/2023-08-24__has-ln-20230824-h2-8k-2__671216.md,effective_tax_rate,,,20,,,%,narrative,new,The Committee will aim to provide retrospective disclosure of the performance | | Personal | 20% | targets to allow shareholders to judge the bonus earned in the context of the performance delivered.
Hays plc,LSE:HAS,2023-08-24,FY 2023,filings/2023-08-24__has-ln-20230824-h2-8k-2__671216.md,effective_tax_rate,,,4.3,,,,narrative,new,"4.3 Voting outcome <!-- PAGE 147 --> ## 2023 PSP (to be granted in FY24) vesting in 2026, followed by a two-year Holding Period For the FY24 award, the performance metrics and weightings will remain consistent with the approach taken last year."
Hays plc,LSE:HAS,2023-08-24,FY 2023,filings/2023-08-24__has-ln-20230824-h2-8k-2__671216.md,pre_exceptional_operating_profit,,,,,,qualitative,narrative,qualitative,"This included sensitising the discount rate applied to the future cash flows, and the short and longer term growth rates and operating profit forecast."
Hays plc,LSE:HAS,2023-08-24,FY 2023,filings/2023-08-24__has-ln-20230824-h2-8k-2__671216.md,net_fees,Group,,2,,,,company_expectation,new,## Conclusions relating to going concern Our evaluation of the Directors' assessment of the Group's and the Company's ability to continue to adopt the going concern basis of accounting included: - Obtaining the Directors' cash flow forecasts for the going concern period and validating the underlying cash flow projections by challenging the basis of the judgements applied and verifying that it is consistent with our existing knowledge and understanding of the business; - Reviewing the sensitivity
Hays plc,LSE:HAS,2023-08-24,FY 2023,filings/2023-08-24__has-ln-20230824-h2-8k-2__671216.md,perm_outlook,,permanent,,,,qualitative,company_expectation,qualitative,"Where a permanent candidate starts employment but does not work for the specified contractual period, an adjustment is made based on experience in respect of the expected required refund or credit note due to the client."
Hays plc,LSE:HAS,2023-08-24,FY 2023,filings/2023-08-24__has-ln-20230824-h2-8k-2__671216.md,temp_outlook,,temp,,,,qualitative,narrative,qualitative,Deferred tax liabilities are generally recognised on all temporary differences and deferred tax assets are recognised to the extent that it is probable that taxable profits will be available against which the temporary differences can be utilised.
Hays plc,LSE:HAS,2023-08-24,FY 2023,filings/2023-08-24__has-ln-20230824-h2-8k-2__671216.md,temp_outlook,,temp,,,,qualitative,narrative,qualitative,Deferred tax is not recognised for temporary differences arising from the initial recognition of goodwill or initial recognition of other assets or liabilities in a transaction (other than a business combination) that affects neither accounting profit nor taxable profit.
Hays plc,LSE:HAS,2023-08-24,FY 2023,filings/2023-08-24__has-ln-20230824-h2-8k-2__671216.md,temp_outlook,Group,temp,,,,qualitative,narrative,qualitative,Deferred tax liabilities are recognised for taxable temporary differences arising on investments in subsidiaries and associates except where the Group is able to control the reversal of the temporary differences and it is probable that the temporary difference will not reverse in the foreseeable future.
Hays plc,LSE:HAS,2023-08-24,FY 2023,filings/2023-08-24__has-ln-20230824-h2-8k-2__671216.md,pre_exceptional_operating_profit,Group,,,,,qualitative,company_expectation,qualitative,"The key assumptions for the value-in-use calculations are as follows: | Assumption | Howdetermined | |------------------|-------------------------------------------------| | Operating profit | The operating profit is based on the latest one-year forecasts for the CGUs approved by the Group's Executive Board, and medium-term forecasts over a two to five year period which are compiled using expectations of fee growth, consultant productivity and operating costs, from past experience."
Hays plc,LSE:HAS,2023-08-24,FY 2023,filings/2023-08-24__has-ln-20230824-h2-8k__119735.md,pre_exceptional_operating_profit,Germany,,19,,,%,company_expectation,new,"In line with our expectations, operating profit and conversion rate increased in H2 FY23 versus H1 - Germany : record fees, up 19%, and operating profit up 29% to £100.2 million (up 36% WDA (4) )."
Hays plc,LSE:HAS,2023-08-24,FY 2023,filings/2023-08-24__has-ln-20230824-h2-8k__119735.md,pre_exceptional_operating_profit,,,100.0,100.0,15.6,m,narrative,new,"In line with the guidance given at our H1 FY23 results, in the second half both operating profit (£100.0 million) and conversion rate (15.6%) increased versus H1 as we controlled costs and drove consultant productivity."
Hays plc,LSE:HAS,2023-08-24,FY 2023,filings/2023-08-24__has-ln-20230824-h2-8k__119735.md,consultant_headcount,,,,,,qualitative,company_expectation,qualitative,"Prior to the start of our financial year, we had invested significantly in consultant headcount to meet current and expected levels of demand and to further strengthen our position in long term strategic growth markets such as Technology and Enterprise clients."
Hays plc,LSE:HAS,2023-08-24,FY 2023,filings/2023-08-24__has-ln-20230824-h2-8k__119735.md,consultant_headcount,,,3,3,4,,company_expectation,new,We expect headcount will decrease c.3-4% in Q1 FY24 as we continue our focus on driving consultant productivity and returns from our investments.
Hays plc,LSE:HAS,2023-08-24,FY 2023,filings/2023-08-24__has-ln-20230824-h2-8k__119735.md,temp_outlook,,temp,24,,,,company_expectation,new,"Both Temp and Perm fees continue to benefit from our actions to increase margins, which we expect to continue through H1 24, and by the positive effects of wage inflation globally."
Hays plc,LSE:HAS,2023-08-24,FY 2023,filings/2023-08-24__has-ln-20230824-h2-8k__119735.md,consultant_headcount,Group,,3,3,4,,company_expectation,new,We expect Group consultant headcount will reduce by c.3-4% in Q1 FY24 as we continue to focus on consultant productivity and leveraging our infrastructure investments.
Hays plc,LSE:HAS,2023-08-24,FY 2023,filings/2023-08-24__has-ln-20230824-h2-8k__119735.md,net_fees,Group,,,,,qualitative,company_expectation,qualitative,"Overall, we expect Group net fees will decline year-on-year in H1 FY24, driving a reduction in first half conversion rate year-on-year, as we protect key strategic investments in order to benefit from future recovery and structural growth opportunities."
Hays plc,LSE:HAS,2023-08-24,FY 2023,filings/2023-08-24__has-ln-20230824-h2-8k__119735.md,temp_outlook,Germany,contracting,3.5,,,m,narrative,new,"There are two fewer working days in Germany in the first half of FY24, which will negatively impact fees and profit in our Temp &amp; Contracting businesses by c.£3.5 million in H1."
Hays plc,LSE:HAS,2023-08-24,FY 2023,filings/2023-08-24__has-ln-20230824-h2-8k__119735.md,pre_exceptional_operating_profit,,,100.0,100.0,15.6,m,narrative,new,"In line with our guidance at our half-year results, second half operating profit (£100.0 million) and conversion rate (15.6%) increased versus our H1 performance as we focused on driving consultant productivity, despite more challenging market conditions."
Hays plc,LSE:HAS,2023-08-24,FY 2023,filings/2023-08-24__has-ln-20230824-h2-8k__119735.md,net_finance_charge,,,6,6,4,m,company_expectation,new,"We expect the net finance charge for FY24 to be c.£6 million, of which c.£4 million is non-cash."
Hays plc,LSE:HAS,2023-08-24,FY 2023,filings/2023-08-24__has-ln-20230824-h2-8k__119735.md,effective_tax_rate,Group,,29,29,2023,%,company_expectation,new,"We expect the Group's ETR will be c.29% in FY24, with the increase resulting from the rise in UK corporation tax rate which was effective from April 2023."
Hays plc,LSE:HAS,2023-08-24,FY 2023,filings/2023-08-24__has-ln-20230824-h2-8k__119735.md,capex,,,30,,,m,company_expectation,new,We expect capital expenditure will be c.£30 million in FY24.
Hays plc,LSE:HAS,2023-10-12,Q1 FY24,filings/2023-10-12__has-ln-20231012-q1-8k__119723.md,consultant_headcount,Group,,28,,,%,company_expectation,new,"The Americas was also tough, down 28% - Consultant headcount decreased by 2% in the quarter and by 9% YoY, as we focused on driving productivity which remained at good levels overall - Strong balance sheet with net cash of c.£75 million (30 June 2023: £135.6 million), in line with our expectations Commenting on the Group's performance, Dirk Hahn, Chief Executive, said: 'I am deeply proud to have been appointed Chief Executive and I look forward to driving our business forward, with the help of o"
Hays plc,LSE:HAS,2023-10-12,Q1 FY24,filings/2023-10-12__has-ln-20231012-q1-8k__119723.md,perm_outlook,Group,permanent,2,,,,narrative,new,"We have a strong balance sheet and flexible business model and are well-positioned to adapt to nearterm market conditions, while continuing to target structural growth opportunities and deliver shareholder value.' ### Images on This Page > ** Image Description** (Page 2, Image 3) > <!-- PAGE 3 --> <!-- image --> ## Group ## Q1 trading overview Group fees declined by 7% year-on-year on a like-for-like basis, versus a record quarter in the prior year, and reflecting increased time-to-hire in Perm."
Hays plc,LSE:HAS,2023-10-12,Q1 FY24,filings/2023-10-12__has-ln-20231012-q1-8k__119723.md,temp_outlook,Germany,contracting,3.5,,,m,narrative,new,"Also, Germany has two fewer working days in the first half of FY24, which will negatively impact fees and profit in our Temp &amp; Contracting businesses by c.£3.5 million in H1."
Hays plc,LSE:HAS,2023-10-12,Q1 FY24,filings/2023-10-12__has-ln-20231012-q1-8k__119723.md,temp_outlook,,temp_and_contracting,,,,qualitative,narrative,qualitative,"Volumes remain broadly stable overall in Temp and Contracting, with modestly lower numbers of new assignments offset by greater contract extensions."
Hays plc,LSE:HAS,2023-10-12,Q1 FY24,filings/2023-10-12__has-ln-20231012-q1-8k__119723.md,pre_exceptional_operating_profit,Group,,,,,qualitative,company_expectation,qualitative,"As a reminder, given that Group net fees will decline year-on-year in H1 FY24, in part due to the FX and working day impacts noted above, we continue to expect conversion rate and operating profit will also decline, as we protect key strategic investments to benefit from future recovery and structural growth opportunities."
Hays plc,LSE:HAS,2024-01-09,Q2 FY24,filings/2024-01-09__has-ln-20240109-q2-8k__119739.md,pre_exceptional_operating_profit,Germany,,60,60,2,m,company_expectation,new,"As a result of this slowdown at the end of the quarter, we now expect H1 pre-exceptional operating profit of c.£60 million, below current market consensus expectations* - Germany: flat fees, or up 2% on a WDA basis."
Hays plc,LSE:HAS,2024-01-09,Q2 FY24,filings/2024-01-09__has-ln-20240109-q2-8k__119739.md,perm_outlook,Group,permanent,12,,,m,company_expectation,new,"As a result, we expect to incur an exceptional restructuring charge in H1 FY24 of c.£12 million - Strong balance sheet with net cash of c.£60 million (30 Sept 2023: c.£75 million), in line with our expectations, and after paying £68.3 million in core and special dividends in the quarter Commenting on the Group's performance, Dirk Hahn, Chief Executive, said: 'Overall market conditions became increasingly challenging through the quarter, including a clear slowdown in most markets in December, not"
Hays plc,LSE:HAS,2024-01-09,Q2 FY24,filings/2024-01-09__has-ln-20240109-q2-8k__119739.md,pre_exceptional_operating_profit,,,60,,,m,company_expectation,new,"As a result, we expect operating profit in our first half to be c.£60 million, despite our ongoing actions to reduce costs."
Hays plc,LSE:HAS,2024-01-09,Q2 FY24,filings/2024-01-09__has-ln-20240109-q2-8k__119739.md,pre_exceptional_operating_profit,,,73,73,6,m,narrative,new,"I am confident our current initiatives will materially benefit profitability once our end markets stabilise.' * Company compiled consensus operating profit for H1 FY24 is c.£73m, based on 6 analysts."
Hays plc,LSE:HAS,2024-01-09,Q2 FY24,filings/2024-01-09__has-ln-20240109-q2-8k__119739.md,structural_cost_savings,,,3,,,%,narrative,new,"Additionally, our nonconsultant headcount was reduced by 3% in the quarter, as we accelerated our efficiency programmes and targeted overhead cost savings."
Hays plc,LSE:HAS,2024-01-09,Q2 FY24,filings/2024-01-09__has-ln-20240109-q2-8k__119739.md,structural_cost_savings,Group,,,,,qualitative,narrative,qualitative,"## Outlook &amp; Group cost savings Given increased uncertainties and reduced client and candidate confidence, our New Year 'return to work' will be particularly important in FY24, and we are closely monitoring activity levels."
Hays plc,LSE:HAS,2024-01-09,Q2 FY24,filings/2024-01-09__has-ln-20240109-q2-8k__119739.md,structural_cost_savings,Group,,30,30,12,m,company_expectation,new,"This equates to pro forma annualised Group cost savings of c.£30 million and, as a result, we expect to incur an exceptional restructuring charge in H1 FY24 of c.£12 million."
Hays plc,LSE:HAS,2024-01-09,Q2 FY24,filings/2024-01-09__has-ln-20240109-q2-8k__119739.md,net_fees,Group,,1,1,1,%,company_expectation,new,"We expect this to have a c.1% negative impact on net fees at Group level in Q3 FY24, with a corresponding c.1% benefit to Q4 FY24."
Hays plc,LSE:HAS,2024-02-22,H1 2024,filings/2024-02-22__has-ln-20240222-h1-8k__119744.md,pre_exceptional_operating_profit,,,,,,qualitative,narrative,qualitative,"We will also be guided by our 'Golden Rule' for our businesses, namely that operating profit growth should exceed fee growth, which in turn should exce ed headcount growth through the cycle."
Hays plc,LSE:HAS,2024-02-22,H1 2024,filings/2024-02-22__has-ln-20240222-h1-8k__119744.md,structural_cost_savings,,,30,,,m,company_expectation,new,"Our H1 actions will deliver £30 million in annualised cost savings, with a further c.£20 million expected in H2 - Strong balance sheet and cash generation with net cash of £66.9 million and H1 cash conversion (4) of 112%."
Hays plc,LSE:HAS,2024-02-22,H1 2024,filings/2024-02-22__has-ln-20240222-h1-8k__119744.md,perm_outlook,,permanent,,,,qualitative,narrative,qualitative,"Perm remains tough overall, with slower decision-making impacting time-to-hire - Our focused strategy targets the many structural growth opportunities we see and is designed to increase our business resilience, quality of earnings and cash generation through the cycle."
Hays plc,LSE:HAS,2024-02-22,H1 2024,filings/2024-02-22__has-ln-20240222-h1-8k__119744.md,perm_outlook,Group,permanent,22,22,25,,narrative,new,"Our long-term vision is to be recognised as the leading business in Talent and Workforce Solutions globally - Five strategic levers target the most in-demand job categories, higher salary roles and most resilient end-markets, while growing our proportion of non-Perm fees and continuing to build stronger relationships with clients &amp; candidates - Enhanced operational execution &amp; delivery will underpin our strategy and help increase profitability towards our medium-term Group conversion rat"
Hays plc,LSE:HAS,2024-02-22,H1 2024,filings/2024-02-22__has-ln-20240222-h1-8k__119744.md,net_fees,,temp,2,,,,narrative,new,"We have identified efficiencies from greater consistency of operating models, and we will better leverage our overhead costs ### Images on This Page > ** Image Description** (Page 2, Image 3) > > ```json > {""text"": ""HAYS Working for your tomorrow""} > ``` <!-- PAGE 3 --> <!-- image --> - (1) Net fees comprise turnover less remuneration of temporary workers and other recruitment agencies."
Hays plc,LSE:HAS,2024-02-22,H1 2024,filings/2024-02-22__has-ln-20240222-h1-8k__119744.md,net_fees,Group,temp,1,,,,company_expectation,new,"We expect this to have a c.1-2% negative impact on net fees at Group level in Q3 24, primarily via our Temp business, with a corresponding benefit to Q4 24."
Hays plc,LSE:HAS,2024-02-22,H1 2024,filings/2024-02-22__has-ln-20240222-h1-8k__119744.md,consultant_headcount,Group,,3,,,,company_expectation,new,"As previously reported, we expect total Group headcount will reduce by c.3-4% in Q3 24 as we continue to focus on consultant productivity and deliver further back-office efficiencies."
Hays plc,LSE:HAS,2024-02-22,H1 2024,filings/2024-02-22__has-ln-20240222-h1-8k__119744.md,temp_outlook,,temp,5,,,,narrative,new,"For lever 5, in addition to non-Perm being highly complementary to many of our future job categories and targeted resilient industries, we will closely manage our resources in-country, and better automate our end-to-end Temp workflow, reducing compliance and admin time, and costs."
Hays plc,LSE:HAS,2024-02-22,H1 2024,filings/2024-02-22__has-ln-20240222-h1-8k__119744.md,net_fees,Group,temp,1,,,,company_expectation,new,"We expect this to have a c.1-2% negative impact on net fees at Group level in Q3 FY24, primarily via our Temp business, with a corresponding benefit to Q4 24."
Hays plc,LSE:HAS,2024-02-22,H1 2024,filings/2024-02-22__has-ln-20240222-h1-8k__119744.md,structural_cost_savings,,,10,10,30,m,narrative,new,"We estimate that these restructuring actions will result in c.£10 million per annum in longer-term cost savings, which are included in the overall £30 million of annualised cost savings resulting from our H1 actions."
Hays plc,LSE:HAS,2024-02-22,H1 2024,filings/2024-02-22__has-ln-20240222-h1-8k__119744.md,net_finance_charge,,,9,9,6,m,company_expectation,new,"We expect the net finance charge for FY24 to be c.£9 million, modestly higher YoY driven by higher non-cash items of c.£6 million."
Hays plc,LSE:HAS,2024-02-22,H1 2024,filings/2024-02-22__has-ln-20240222-h1-8k__119744.md,effective_tax_rate,Group,,32,,,%,company_expectation,new,We expect the Group's ETR will be c.32% in FY24.
Hays plc,LSE:HAS,2024-02-22,H1 2024,filings/2024-02-22__has-ln-20240222-h1-8k__119744.md,capex,,,30,,,m,company_expectation,new,We expect capital expenditure will be c.£30 million in FY24.
Hays plc,LSE:HAS,2024-02-22,H1 2024,filings/2024-02-22__has-ln-20240222-h1-8k__119744.md,consultant_headcount,,,3,3,4,,company_expectation,new,"We expect total headcount will decrease by c.3-4% in Q3 FY24, as we continue our focus on improving productivity and managing our overall cost base."
Hays plc,LSE:HAS,2024-02-22,H1 2024,filings/2024-02-22__has-ln-20240222-h1-8k__119744.md,consultant_headcount,,,8,,,%,narrative,new,"Our UK&amp;I costs decreased by 8%, driven by headcount reductions, and costs will reduce further in H2 as a number of restructuring projects complete."
Hays plc,LSE:HAS,2024-02-22,H1 2024,filings/2024-02-22__has-ln-20240222-h1-8k__119744.md,effective_tax_rate,Group,,25,,,,narrative,new,"### Images on This Page > ** Image Description** (Page 25, Image 26) > > ```json > {""text"": ""HAYS Working for your tomorrow""} > ``` <!-- PAGE 26 --> <!-- image --> ## 4 Net finance charge | (In £s million) | Six months to 31 December 2023 (unaudited) | Six months to 31 December 2022 (unaudited) | Year to 30 June 2023 (audited) | |-----------------------------------------------|----------------------------------------------|----------------------------------------------|--------------------------"
Hays plc,LSE:HAS,2024-04-16,Q3 2024,filings/2024-04-16__has-ln-20240416-q3-8k__119732.md,temp_outlook,,contracting,15,,,%,company_expectation,new,"Temp &amp; Contracting down 15% (down 13% WDA), with volumes down 5%, in line with our expectations."
Hays plc,LSE:HAS,2024-04-16,Q3 2024,filings/2024-04-16__has-ln-20240416-q3-8k__119732.md,structural_cost_savings,Germany,,9,,,%,company_expectation,new,"EMEA ex-Germany fees declined by 9%, with Asia down 8% and the Americas down 19% - Continued focus on costs: well on-track to deliver our planned c.£50 million of annualised cost savings by the end of FY24, of which c.£20 million is expected to be structural - Increased consultant productivity: up 2% YoY, despite tougher markets, as we continued to focus on driving operational rigour - Group cash temporarily impacted by the short-term timing of payments, as Good Friday fell on the final day of Q"
Hays plc,LSE:HAS,2024-04-16,Q3 2024,filings/2024-04-16__has-ln-20240416-q3-8k__119732.md,structural_cost_savings,,,4,,,m,company_expectation,new,"Since our FY23 preliminary results in August, our actions have reduced our costs per period by c.£4 million, and we are well on track to deliver the previously announced annualised cost savings of c.£50 million by the end of FY24, of which c.£20 million is expected to be structural."
Hays plc,LSE:HAS,2024-04-16,Q3 2024,filings/2024-04-16__has-ln-20240416-q3-8k__119732.md,temp_outlook,Germany,contracting,,,,qualitative,narrative,qualitative,"The impact of Temp &amp; Contracting hours worked in Germany will be an important sensitivity to fee and profit performance going forward, and it is too early to determine whether there will be a meaningful rebound in Q4."
Hays plc,LSE:HAS,2024-07-11,Q4 FY24,filings/2024-07-11__has-ln-20240711-q4-8k__119729.md,pre_exceptional_operating_profit,Germany,,15,,,%,company_expectation,new,"I know we can deliver substantial profit growth once our end markets recover, driven by our financial strength and strong teams of talented colleagues worldwide.' ## Operational summary - Group fees down 15%, with a June exit rate of minus 18% - Despite a more difficult quarter, our cost actions mean we expect FY24 pre-exceptional operating profit of c.£105 million, around the bottom of the market consensus range* - Germany: fees down 17%."
Hays plc,LSE:HAS,2024-07-11,Q4 FY24,filings/2024-07-11__has-ln-20240711-q4-8k__119729.md,consultant_headcount,Group,,25,,,,company_expectation,new,"Given our focus on driving consultant productivity in recent quarters, we believe our current capacity is appropriate for current market conditions and expect overall Group consultant headcount will remain broadly stable in Q1 25."
Hays plc,LSE:HAS,2024-07-11,Q4 FY24,filings/2024-07-11__has-ln-20240711-q4-8k__119729.md,temp_outlook,Germany,contracting,2,,,,company_expectation,new,"In Germany , we expect recent lower Temp &amp; Contracting starter numbers will further impact volumes by 2-3% in Q1 25."
Hays plc,LSE:HAS,2024-07-11,Q4 FY24,filings/2024-07-11__has-ln-20240711-q4-8k__119729.md,temp_outlook,,contracting,24,24,25,,company_expectation,new,"This said, the impact of lower Temp &amp; Contracting hours we experienced in H2 24 is starting to ease, and we expect sequentially less fee and profit impact in Q1 25."
Hays plc,LSE:HAS,2024-07-11,Q4 FY24,filings/2024-07-11__has-ln-20240711-q4-8k__119729.md,perm_outlook,,permanent,,,,qualitative,company_expectation,qualitative,"Additionally, we expect our ongoing efficiency programmes will deliver further permanent back-office overhead savings in FY25 and beyond, notably in Technology and Finance."
Hays plc,LSE:HAS,2024-08-22,FY 2024,filings/2024-08-22__has-ln-20240822-h2-8k-2__671217.md,pre_exceptional_operating_profit,Group,temp_and_contracting,2024,,,,narrative,new,# Annual Report and Accounts ANNUAL REPORT & ACCOUNTS 2024 <!-- PAGE 1 --> ## ANNUAL REPORT &amp; ACCOUNTS ## 2024 Working for HAYS your tomorrow <!-- PAGE 2 --> ## Strategic Report - 01 Introduction from the Chair - 02 Our business at a glance - 04 Operational and Strategic review - 10 Global megatrends - 11 Strategic overview - 14 Key performance indicators - 16 Our business model - 18 Stakeholder engagement - 20 Leading our transformation - 21 People and culture - 28 Technology and Digitalisa
Hays plc,LSE:HAS,2024-08-22,FY 2024,filings/2024-08-22__has-ln-20240822-h2-8k-2__671217.md,temp_outlook,,contracting,,,,qualitative,narrative,qualitative,"This will build on our market-leading positions in Contracting, Temp and Perm, and our ability to manage large-scale outsourcing contracts such as Managed Service Provision in Temp &amp; Contracting."
Hays plc,LSE:HAS,2024-08-22,FY 2024,filings/2024-08-22__has-ln-20240822-h2-8k-2__671217.md,pre_exceptional_operating_profit,,,,,,qualitative,narrative,qualitative,"<!-- image --> ## Strategic focus We exist to solve clients' talent problems, which are becoming ever more complex in a rapidly changing world Our strategy and focus on operational rigour will drive substantial operating profit growth when our markets recover."
Hays plc,LSE:HAS,2024-08-22,FY 2024,filings/2024-08-22__has-ln-20240822-h2-8k-2__671217.md,pre_exceptional_operating_profit,,,250,,,m,narrative,new,"In doing so, we will chart a path back to our previous peak operating profit of £250 million, and then beyond."
Hays plc,LSE:HAS,2024-08-22,FY 2024,filings/2024-08-22__has-ln-20240822-h2-8k-2__671217.md,structural_cost_savings,,,2024,,,,narrative,new,"As set out at our preliminary results in August 2024, we believe that there are significant long-term cost savings to come from this, however we also stand to benefit from the leading technology capability of our partner which will be key in how we evolve our systems to embed latest AI developments - although clearly there are some near-term restructuring activities and investments needed to unlock these savings (see more on page 28 to 31)."
Hays plc,LSE:HAS,2024-08-22,FY 2024,filings/2024-08-22__has-ln-20240822-h2-8k-2__671217.md,temp_outlook,,contracting,24,,,,narrative,new,"Having been resilient during FY23 and H1 24, despite a deteriorating economic outlook, demand for skilled Contractors and Temps decreased in H2 24, which led to lower YoY volumes including Q4 down 6%."
Hays plc,LSE:HAS,2024-08-22,FY 2024,filings/2024-08-22__has-ln-20240822-h2-8k-2__671217.md,temp_outlook,,temp_and_contracting,2024,,,,company_expectation,new,"As previously reported at our Q4 results, overall Temp and Contracting volumes in June 2024 were down 6% YoY and we expect a further 2% decline in volumes in Q1 25, driven by lower new starter numbers."
Hays plc,LSE:HAS,2024-08-22,FY 2024,filings/2024-08-22__has-ln-20240822-h2-8k-2__671217.md,structural_cost_savings,,,30,30,60,m,narrative,new,"We estimate that these restructuring actions will result in c.£30 million per annum in longer-term cost savings, which are included in the overall c.£60 million of annualised cost savings resulting from our FY24 actions."
Hays plc,LSE:HAS,2024-08-22,FY 2024,filings/2024-08-22__has-ln-20240822-h2-8k-2__671217.md,net_finance_charge,,,10,,,m,company_expectation,new,"We expect the net finance charge for FY25 to be c.£10 million, broadly in line with FY24."
Hays plc,LSE:HAS,2024-08-22,FY 2024,filings/2024-08-22__has-ln-20240822-h2-8k-2__671217.md,effective_tax_rate,Group,,32,,,%,company_expectation,new,"We expect the Group's ETR will be c.32% in FY25, unless our geographic profit mix changes materially."
Hays plc,LSE:HAS,2024-08-22,FY 2024,filings/2024-08-22__has-ln-20240822-h2-8k-2__671217.md,capex,,,30,,,m,company_expectation,new,We expect capital expenditure will be c.£30 million in FY25.
Hays plc,LSE:HAS,2024-08-22,FY 2024,filings/2024-08-22__has-ln-20240822-h2-8k-2__671217.md,effective_tax_rate,,,,,,qualitative,narrative,qualitative,"As a global leader in Construction & Property and Engineering recruitment, Hays is well placed to help supply much of the talent that will help to make cities more sustainable, including energy efficiency and building retrofit and civil engineering projects to protect communities from flooding and other natural disasters."
Hays plc,LSE:HAS,2024-08-22,FY 2024,filings/2024-08-22__has-ln-20240822-h2-8k-2__671217.md,effective_tax_rate,,,9,,,,narrative,new,## Recommendation 9: Metrics to assess risks and opportunities Our internal metrics and targets help us measure and manage financial risk associated with potential future carbon-related risks and opportunities (R&amp;Os).
Hays plc,LSE:HAS,2024-08-22,FY 2024,filings/2024-08-22__has-ln-20240822-h2-8k-2__671217.md,net_fees,,,,,,qualitative,narrative,qualitative,"As our governance structure integrates climate into our business planning, forecasting, strategy and risk reviews, other internal objectives and targets exist, such as growing net fees in relation to our role in growing the Green Economy, and the reduction of our overall office footprint."
Hays plc,LSE:HAS,2024-08-22,FY 2024,filings/2024-08-22__has-ln-20240822-h2-8k-2__671217.md,pre_exceptional_operating_profit,Group,,71,71,78,,company_expectation,new,"The output of the planning and budgeting processes has been used to perform base case projections for viability purposes, under prudent assumptions: - FY25 net fees and operating profit in line with the approved budget - Modest, single digit net fee growth in FY26 and FY27 - Working capital movements expected to be broadly neutral - That the Group's revolving credit facility is extended beyond the viability period - Future dividends are in line with current policy Where appropriate the climate r"
Hays plc,LSE:HAS,2024-08-22,FY 2024,filings/2024-08-22__has-ln-20240822-h2-8k-2__671217.md,effective_tax_rate,Group,,1,,,,narrative,new,"Reporting requirements | Policies or standards with which wegovern our approach (1) | Additional information | |-------------------------------------------------|-------------------------------------------------|-------------------------------------------------| | Environmental matters, including climate- related disclosures | Group Environmental and Sustainability Policy | Environment on pages 66 to 70 | | | Carbon Reduction plan | GHG reporting on page 68 | | | Task Force on Climate-related Fi"
Hays plc,LSE:HAS,2024-08-22,FY 2024,filings/2024-08-22__has-ln-20240822-h2-8k-2__671217.md,perm_outlook,Group,permanent,,,,qualitative,company_expectation,qualitative,"The Group's trading environment proved more difficult than expected in FY24, most notably in our Perm recruitment business which became more challenging across the majority of our markets."
Hays plc,LSE:HAS,2024-08-22,FY 2024,filings/2024-08-22__has-ln-20240822-h2-8k-2__671217.md,effective_tax_rate,,,,,,qualitative,narrative,qualitative,Annual Bonus targets will be retrospectively disclosed in the FY25 report.
Hays plc,LSE:HAS,2024-08-22,FY 2024,filings/2024-08-22__has-ln-20240822-h2-8k-2__671217.md,effective_tax_rate,,,2024,,,,narrative,new,"## 2024 (FY25) PSP grant The current combination of Cash Conversion, EPS and relative TSR metrics will be maintained for this award."
Hays plc,LSE:HAS,2024-08-22,FY 2024,filings/2024-08-22__has-ln-20240822-h2-8k-2__671217.md,effective_tax_rate,,,,,,qualitative,narrative,qualitative,"Given the continuing uncertain economy, the Committee is currently in the process of further considering and finalising the detailed targets for the financial metrics to ensure they are suitably robust and challenging."
Hays plc,LSE:HAS,2024-08-22,FY 2024,filings/2024-08-22__has-ln-20240822-h2-8k-2__671217.md,effective_tax_rate,,,20,,,%,narrative,new,The Committee will aim to provide retrospective disclosure of the performance targets in the FY25 | | Personal | 20% | Remuneration Report to allow shareholders to judge the bonus earned in the context of the performance delivered.
Hays plc,LSE:HAS,2024-08-22,FY 2024,filings/2024-08-22__has-ln-20240822-h2-8k-2__671217.md,effective_tax_rate,,,2024,2024,2027,p,narrative,new,"## 2024 PSP (to be granted in FY25) vesting in 2027, followed by a two-year Holding Period For the FY25 award, the metrics and weightings will remain consistent with last year."
Hays plc,LSE:HAS,2024-08-22,FY 2024,filings/2024-08-22__has-ln-20240822-h2-8k-2__671217.md,pre_exceptional_operating_profit,,,,,,qualitative,narrative,qualitative,"This included sensitising the discount rate applied to the future cash flows, and the short and longer term growth rates and operating profit forecast."
Hays plc,LSE:HAS,2024-08-22,FY 2024,filings/2024-08-22__has-ln-20240822-h2-8k-2__671217.md,pre_exceptional_operating_profit,Group,,,,,qualitative,company_expectation,qualitative,"The output of the planning and budgeting processes has been used to perform base case projections for going concern purposes, under prudent assumptions: - FY25 net fees and operating profit in-line with the approved budget - Modest, single digit net fee growth in FY26 - Working capital movements expected to be broadly neutral - That the Group's revolving credit facility is extended beyond t he viability period - Future dividends are in-line with current policy - No changes to the Group structure"
Hays plc,LSE:HAS,2024-08-22,FY 2024,filings/2024-08-22__has-ln-20240822-h2-8k-2__671217.md,perm_outlook,,permanent,,,,qualitative,company_expectation,qualitative,"Where a permanent candidate starts employment but does not work for the specified contractual period, an adjustment is made based on experience in respect of the expected required refund or credit note due to the client."
Hays plc,LSE:HAS,2024-08-22,FY 2024,filings/2024-08-22__has-ln-20240822-h2-8k-2__671217.md,temp_outlook,,temp,,,,qualitative,narrative,qualitative,Deferred tax liabilities are generally recognised on all temporary differences and deferred tax assets are recognised to the extent that it is probable that taxable profits will be available against which the temporary differences can be utilised.
Hays plc,LSE:HAS,2024-08-22,FY 2024,filings/2024-08-22__has-ln-20240822-h2-8k-2__671217.md,temp_outlook,,temp,164,164,2,,narrative,new,<!-- PAGE 164 --> ## Notes to the Consolidated Financial Statements continued ## 2 Material accounting policies continued ## k Taxation continued Deferred tax is not recognised for temporary differences arising from the initial recognition of goodwill or initial recognition of other assets or liabilities in a transaction (other than a business combination) that affects neither accounting profit nor taxable profit.
Hays plc,LSE:HAS,2024-08-22,FY 2024,filings/2024-08-22__has-ln-20240822-h2-8k-2__671217.md,temp_outlook,Group,temp,,,,qualitative,narrative,qualitative,Deferred tax liabilities are recognised for taxable temporary differences arising on investments in subsidiaries and associates except where the Group is able to control the reversal of the temporary differences and it is probable that the temporary difference will not reverse in the foreseeable future.
Hays plc,LSE:HAS,2024-08-22,FY 2024,filings/2024-08-22__has-ln-20240822-h2-8k-2__671217.md,structural_cost_savings,,,,,,qualitative,company_expectation,qualitative,The restructuring costs are expected to generate significant cost savings and are considered exceptional given their size and impact on business operations.
Hays plc,LSE:HAS,2024-08-22,FY 2024,filings/2024-08-22__has-ln-20240822-h2-8k-2__671217.md,structural_cost_savings,Group,,,,,qualitative,company_expectation,qualitative,This led the Directors to enter into a contract to outsource the Group's back-office IT infrastructure and the third-party cost (included in the combined restructuring cost above) associated with this is considered as exceptional due to the size of the contract and the anticipated long-term cost savings to the Group.
Hays plc,LSE:HAS,2024-08-22,FY 2024,filings/2024-08-22__has-ln-20240822-h2-8k-2__671217.md,pre_exceptional_operating_profit,,temp,6,,,,narrative,new,"## 6 Operating profit The following costs are deducted from turnover to determine net fees: | (In £s million) | 2024 | 2023 | |--------------------------------------------|-----------|-----------| | Turnover | 6,949.1 | 7,583.3 | | Remuneration of temporary workers | (4,995.4) | (5,212.9) | | Remuneration of other recruitment agencies | (840.1) | (1,075.8) | | Net fees | 1,113.6 | 1,294.6 | <!-- PAGE 169 --> Operating profit is stated after charging the following items to net fees of £1,113.6 mi"
Hays plc,LSE:HAS,2024-08-22,FY 2024,filings/2024-08-22__has-ln-20240822-h2-8k-2__671217.md,effective_tax_rate,Group,,15,,,%,company_expectation,new,"Based on the assessment, the Pillar Two effective tax rates in most jurisdictions in which the Group operates are above 15% or the transitional safe harbour relief is expected to apply."
Hays plc,LSE:HAS,2024-08-22,FY 2024,filings/2024-08-22__has-ln-20240822-h2-8k-2__671217.md,effective_tax_rate,,,15,,,%,company_expectation,new,"However, there are a limited number of jurisdictions where the transitional safe harbour relief is not expected to apply, and the Pillar Two effective tax rate is less than 15%."
Hays plc,LSE:HAS,2024-08-22,FY 2024,filings/2024-08-22__has-ln-20240822-h2-8k-2__671217.md,pre_exceptional_operating_profit,Group,,,,,qualitative,company_expectation,qualitative,"The key assumptions for the value-in-use calculations are as follows: | Assumption | How determined | |------------------|-------------------------------------------------| | Operating profit | The operating profit is based on the latest one-year forecasts for the CGUs approved by the Group's Executive Leadership Team, and medium-term forecasts over a two to five year period which are compiled using expectations of fee growth, consultant productivity and operating costs, from past experience."
Hays plc,LSE:HAS,2024-08-22,FY 2024,filings/2024-08-22__has-ln-20240822-h2-8k__119721.md,structural_cost_savings,,,30,,,m,narrative,new,"Additionally, our ongoing efficiency actions will deliver a further c.£30 million annual cost savings by FY27."
Hays plc,LSE:HAS,2024-08-22,FY 2024,filings/2024-08-22__has-ln-20240822-h2-8k__119721.md,pre_exceptional_operating_profit,,,30,,,m,company_expectation,new,"We see significant scope to increase both fees and operating profit from our current capacity as our average placement volumes per consultant returns to more normal levels - We now expect to deliver further structural cost savings of c.£30 million per annum by the end of FY27 via our ongoing back-office efficiency programmes, particularly in our technology and finance functions - Strong balance sheet with net cash of £56.8 million and good cash conversion (4) of 107%."
Hays plc,LSE:HAS,2024-08-22,FY 2024,filings/2024-08-22__has-ln-20240822-h2-8k__119721.md,consultant_headcount,Group,,25,,,,company_expectation,new,"Given our focus on driving consultant productivity in recent quarters, we expect overall Group consultant headcount will remain broadly stable in Q1 25."
Hays plc,LSE:HAS,2024-08-22,FY 2024,filings/2024-08-22__has-ln-20240822-h2-8k__119721.md,temp_outlook,Germany,contracting,25,25,8,,company_expectation,new,"## Germany Temp &amp; Contractor volumes are stable, and we continue to expect Q1 25 volumes will be down c.8% YoY."
Hays plc,LSE:HAS,2024-08-22,FY 2024,filings/2024-08-22__has-ln-20240822-h2-8k__119721.md,temp_outlook,,contracting,25,,,,company_expectation,new,"Also as expected, the impact of reduced Temp &amp; Contracting working hours is easing, with Q1 25 likely down c.5% (H2 24: down 9%)."
Hays plc,LSE:HAS,2024-08-22,FY 2024,filings/2024-08-22__has-ln-20240822-h2-8k__119721.md,structural_cost_savings,,,30,30,60,m,narrative,new,"We estimate that these restructuring actions will result in c.£30 million per annum in longer-term cost savings, which are included in the overall c.£60 million of annualised cost savings resulting from our FY24 actions."
Hays plc,LSE:HAS,2024-08-22,FY 2024,filings/2024-08-22__has-ln-20240822-h2-8k__119721.md,net_finance_charge,,,10,,,m,company_expectation,new,"We expect the net finance charge for FY25 to be c.£10 million, broadly in line with FY24."
Hays plc,LSE:HAS,2024-08-22,FY 2024,filings/2024-08-22__has-ln-20240822-h2-8k__119721.md,effective_tax_rate,Group,,32,,,%,company_expectation,new,"We expect the Group's ETR will be c.32% in FY25, unless our geographic profit mix changes materially."
Hays plc,LSE:HAS,2024-08-22,FY 2024,filings/2024-08-22__has-ln-20240822-h2-8k__119721.md,capex,,,30,,,m,company_expectation,new,We expect capital expenditure will be c.£30 million in FY25.
Hays plc,LSE:HAS,2024-08-22,FY 2024,filings/2024-08-22__has-ln-20240822-h2-8k__119721.md,consultant_headcount,,,25,,,,company_expectation,new,"Given our focus on driving consultant productivity in recent quarters, we believe our consultant capacity is appropriate for current market conditions and expect overall consultant headcount will remain broadly stable in Q1 25."
Hays plc,LSE:HAS,2024-08-22,FY 2024,filings/2024-08-22__has-ln-20240822-h2-8k__119721.md,consultant_headcount,Group,,,,,qualitative,company_expectation,qualitative,We expect total group headcount will decrease slightly as we continue our back-office efficiency programmes.
Hays plc,LSE:HAS,2024-08-22,FY 2024,filings/2024-08-22__has-ln-20240822-h2-8k__119721.md,temp_outlook,,contracting,24,,,,narrative,new,"Having been resilient during FY23 and H1 24, despite a deteriorating economic outlook, demand for skilled Contractors and Temps decreased in H2 24, which led to lower YoY volumes including Q4 down 6%."
Hays plc,LSE:HAS,2024-08-22,FY 2024,filings/2024-08-22__has-ln-20240822-h2-8k__119721.md,temp_outlook,,temp_and_contracting,2024,,,,company_expectation,new,"As previously reported at our Q4 results, overall Temp and Contracting volumes in June 2024 were down 6% YoY and we expect a further 2% YoY decline in volumes in Q1 25."
Hays plc,LSE:HAS,2024-08-22,FY 2024,filings/2024-08-22__has-ln-20240822-h2-8k__119721.md,pre_exceptional_operating_profit,Group,,21,,,,company_expectation,new,"The output of the planning and budgeting processes has been used to perform base case projections for going concern purposes, under prudent assumptions: - FY25 net fees and operating profit in-line with the approved budget - Modest, single digit net fee growth in FY26 - Working capital movements expected to be broadly neutral - That the Group's revolving credit facility is extended beyond the viability period - Future dividends are in-line with current policy - No changes to the Group structure "
Hays plc,LSE:HAS,2024-08-22,FY 2024,filings/2024-08-22__has-ln-20240822-h2-8k__119721.md,structural_cost_savings,,,,,,qualitative,company_expectation,qualitative,The restructuring costs are expected to generate significant cost savings and are considered exceptional given their size and impact on business operations.
Hays plc,LSE:HAS,2024-08-22,FY 2024,filings/2024-08-22__has-ln-20240822-h2-8k__119721.md,structural_cost_savings,Group,,,,,qualitative,company_expectation,qualitative,This led the Directors to enter into a contract to outsource the Group's back-office IT infrastructure and the third-party cost (included in the combined restructuring cost above) associated with this is considered as exceptional due to the size of the contract and the anticipated long-term cost savings to the Group.
Hays plc,LSE:HAS,2024-08-22,FY 2024,filings/2024-08-22__has-ln-20240822-h2-8k__119721.md,pre_exceptional_operating_profit,,temp,5,,,,narrative,new,"## 5 OPERATING PROFIT The following costs are deducted from turnover to determine net fees: | (In £s million) | 2024 | 2023 | |--------------------------------------------|-----------|-----------| | Turnover | 6,949.1 | 7,583.3 | | Remuneration of temporary workers | (4,995.4) | (5,212.9) | | Remuneration of other recruitment agencies | (840.1) | (1,075.8) | | Net fees | 1,113.6 | 1,294.6 | Operating profit is stated after charging the following items to net fees of £1,113.6 million (2023: £1,29"
Hays plc,LSE:HAS,2024-10-11,Q1 2025,filings/2024-10-11__has-ln-20241011-q1-8k__119745.md,net_fees,Germany,temp,2,,,,company_expectation,new,"The colors used are shades of blue, teal, and white."" > } > ``` <!-- PAGE 2 --> <!-- image --> ## Financial summary Growth in net fees for the quarter ended 30 September 2024 (Q1 FY25) | (versus the same period last year) | Growth | Growth | |--------------------------------------|----------|----------| | | Actual | LFL | | By division: | | | | Germany | (15)% | (13)% | | United Kingdom & Ireland (UK&I) | (20)% | (20)% | | Australia & New Zealand (ANZ) | (20)% | (20)% | | Rest of World (RoW) | ("
Hays plc,LSE:HAS,2024-10-11,Q1 2025,filings/2024-10-11__has-ln-20241011-q1-8k__119745.md,net_fees,Group,temp,14,,,%,narrative,new,"So, I remain confident that the business will benefit materially when our end markets recover.' ## Operational summary - Group net fees down 14%, with Temp down 10% and Perm down 20%."
Hays plc,LSE:HAS,2024-10-11,Q1 2025,filings/2024-10-11__has-ln-20241011-q1-8k__119745.md,consultant_headcount,,,25,,,,company_expectation,new,We believe our consultant headcount capacity is appropriate for current market conditions and expect this will remain broadly stable in Q2 25.
Hays plc,LSE:HAS,2024-10-11,Q1 2025,filings/2024-10-11__has-ln-20241011-q1-8k__119745.md,structural_cost_savings,,,60,60,30,m,narrative,new,FY25 will benefit from the annualisation of c.£60m cost savings secured last year and an initial contribution from the c.£30m per annum structural savings we target by the end of FY27.
Hays plc,LSE:HAS,2024-10-11,Q1 2025,filings/2024-10-11__has-ln-20241011-q1-8k__119745.md,temp_outlook,Germany,contracting,,,,qualitative,company_expectation,qualitative,"In Germany , Contracting volumes are stable and in line with our expectations, whereas Temp is more challenging due to our exposure to the Automotive sector."
Hays plc,LSE:HAS,2024-10-11,Q1 2025,filings/2024-10-11__has-ln-20241011-q1-8k__119745.md,temp_outlook,,contracting,,,,qualitative,company_expectation,qualitative,We continue to see the impact of lower Temp &amp; Contracting hours worked and currently anticipate a c5% headwind in Q2.
Hays plc,LSE:HAS,2024-10-11,Q1 2025,filings/2024-10-11__has-ln-20241011-q1-8k__119745.md,pre_exceptional_operating_profit,,,25,25,24,,company_expectation,new,"Given we have limited forward visibility, unless we see a material recovery in end markets, we continue to expect that pre-exceptional operating profit in H1 25 will be sequentially lower than H2 24."
Hays plc,LSE:HAS,2024-10-11,Q1 2025,filings/2024-10-11__has-ln-20241011-q1-8k__119745.md,temp_outlook,,contracting,12,,,%,company_expectation,new,"Temp &amp; Contracting fees decreased by 12% (down 14% on a WDA basis) with volumes down 9%, in line with our expectations."
Hays plc,LSE:HAS,2025-01-15,Q2 2025,filings/2025-01-15__has-ln-20250115-q2-8k__119724.md,pre_exceptional_operating_profit,,,25,25,4,m,company_expectation,new,"As a result, we expect H1 pre-exceptional operating profit of c.£25m, towards the lower end of the consensus range* - Consultant productivity up 4% YoY driven by our continued focus on operational rigour and resource allocation."
Hays plc,LSE:HAS,2025-01-15,Q2 2025,filings/2025-01-15__has-ln-20250115-q2-8k__119724.md,pre_exceptional_operating_profit,,,2,,,%,company_expectation,new,"Consultant headcount reduced by 2% in the quarter and by 15% YoY - Our initiatives to deliver structural savings of c.£30m per annum by the end of FY27 are progressing well and consequently our current periodic cost base has improved to c.£77m - Net cash of c.£25m (30 September 2024: c.£Nil) is in line with our expectations, after paying a £33m dividend in the quarter, a £13m upfront cash contribution related to the defined benefit pension buy-in, and c.£5m cash exceptionals * Company compiled c"
Hays plc,LSE:HAS,2025-01-15,Q2 2025,filings/2025-01-15__has-ln-20250115-q2-8k__119724.md,structural_cost_savings,Group,,4,,,%,company_expectation,new,"Group consultant productivity increased by 4% YoY in Q2, our structural cost savings initiatives are progressing well, and the defined benefit pension buy-in is expected to have a materially positive impact on free cash flow from FY26."
Hays plc,LSE:HAS,2025-01-15,Q2 2025,filings/2025-01-15__has-ln-20250115-q2-8k__119724.md,temp_outlook,,contracting,,,,qualitative,narrative,qualitative,Temp &amp; Contracting was sequentially stable through the quarter and our New Year 'return to work' will again be important so we are closely monitoring activity levels.
Hays plc,LSE:HAS,2025-01-15,Q2 2025,filings/2025-01-15__has-ln-20250115-q2-8k__119724.md,net_fees,Group,,2,,,,narrative,new,"However, we are delivering on our strategy to focus on long-term growth markets and build a structurally more profitable and resilient business underpinned by our culture and talented colleagues worldwide so I remain confident that we will benefit materially when our end markets recover.' ### Images on This Page > ** Image Description** (Page 2, Image 3) > > ```json > {""text"": ""HAYS"", ""color"": ""blue""} > ```json > {""text"": ""Working for your tomorrow"", ""color"": ""blue""} > ``` <!-- PAGE 3 --> <!-- i"
Hays plc,LSE:HAS,2025-01-15,Q2 2025,filings/2025-01-15__has-ln-20250115-q2-8k__119724.md,structural_cost_savings,,,60,60,30,m,narrative,new,FY25 will benefit from the annualisation of c.£60m cost savings secured last year with an initial contribution from the c.£30 million per annum structural savings we target by the end of FY27.
Hays plc,LSE:HAS,2025-01-15,Q2 2025,filings/2025-01-15__has-ln-20250115-q2-8k__119724.md,perm_outlook,,permanent,,,,qualitative,narrative,qualitative,"Through our Five Levers, we will achieve this by increasing our exposure to the most in-demand future job categories, growing industries and end-markets, higher skilled and higher paid roles, non-perm recruitment and large Enterprise clients."
Hays plc,LSE:HAS,2025-01-15,Q2 2025,filings/2025-01-15__has-ln-20250115-q2-8k__119724.md,pre_exceptional_operating_profit,,,25,,,m,company_expectation,new,"## Trading outlook We expect H1 pre-exceptional operating profit of c.£25m, towards the lower end of the consensus range."
Hays plc,LSE:HAS,2025-01-15,Q2 2025,filings/2025-01-15__has-ln-20250115-q2-8k__119724.md,temp_outlook,,contracting,,,,qualitative,narrative,qualitative,"Given ongoing economic uncertainty, our New Year Temp &amp; Contracting 'return to work' will again be particularly important in FY25 and we are closely monitoring activity levels."
Hays plc,LSE:HAS,2025-01-15,Q2 2025,filings/2025-01-15__has-ln-20250115-q2-8k__119724.md,consultant_headcount,,,25,,,,company_expectation,new,"We have maintained good levels of productivity through Q2, believe our overall consultant headcount capacity is appropriate for current market conditions, and therefore expect it to remain broadly stable in Q3 25."
Hays plc,LSE:HAS,2025-01-15,Q2 2025,filings/2025-01-15__has-ln-20250115-q2-8k__119724.md,temp_outlook,,contracting,10,10,8,%,company_expectation,new,"Temp &amp; Contracting decreased by 10% with volumes down 8%, in line with our expectations."
Hays plc,LSE:HAS,2025-02-20,H1 2025,filings/2025-02-20__has-ln-20250220-q2-8k__119730.md,temp_outlook,Germany,contracting,0.95,,,pence,company_expectation,new,"During the half, we refinanced our revolving credit facility and completed the full buy-in of our defined benefit pension which is expected to have a materially positive impact on free cash flow from FY26 - The Board proposes an unchanged interim dividend of 0.95 pence per share - New Year Temp &amp; Contracting Return to Work volumes are building in line with prior year in UK&amp;I and ANZ, although are modestly behind in Germany."
Hays plc,LSE:HAS,2025-02-20,H1 2025,filings/2025-02-20__has-ln-20250220-q2-8k__119730.md,pre_exceptional_operating_profit,,temp,1,,,,narrative,new,"When client and candidate confidence improves and the cycle recovers, I am confident we will deliver a healthy drop through of net fees to operating profit.' (1) Net fees comprise turnover less remuneration of temporary workers and other recruitment agencies."
Hays plc,LSE:HAS,2025-02-20,H1 2025,filings/2025-02-20__has-ln-20250220-q2-8k__119730.md,pre_exceptional_operating_profit,,,2,,,,narrative,new,(2) Exceptional items for the six months to 31 December 2024 of £9.9 million relate to restructuring charges; the prior year charge of £27.9 million consists of goodwill impairment of £15.3 million and a restructuring charge of £12.6 million - (3) Conversion rate is the conversion of net fees into pre-exceptional operating profit - (4) Cash generated by operations is stated after lease payments of £27.1 million (H1 24: £26.2.
Hays plc,LSE:HAS,2025-02-20,H1 2025,filings/2025-02-20__has-ln-20250220-q2-8k__119730.md,temp_outlook,Germany,contracting,25,,,,company_expectation,new,"Germany Temp &amp; Contracting average hours worked remain sequentially stable and, as expected due to the easier comparable, the YoY headwind is likely to be modest in Q3 25."
Hays plc,LSE:HAS,2025-02-20,H1 2025,filings/2025-02-20__has-ln-20250220-q2-8k__119730.md,consultant_headcount,Group,,25,,,,company_expectation,new,"As previously reported, we expect Group consultant headcount will remain broadly stable in Q3 25."
Hays plc,LSE:HAS,2025-02-20,H1 2025,filings/2025-02-20__has-ln-20250220-q2-8k__119730.md,perm_outlook,,,,,,qualitative,narrative,qualitative,"Through our five levers, we will achieve this by increasing our exposure to the most in-demand future job categories, growing industries and end-markets, higher skilled and higher paid roles, nonPerm recruitment and large Enterprise clients."
Hays plc,LSE:HAS,2025-02-20,H1 2025,filings/2025-02-20__has-ln-20250220-q2-8k__119730.md,perm_outlook,,permanent,,,,qualitative,narrative,qualitative,Non-Perm is highly complementary to many of our future job categories and targeted resilient industries.
Hays plc,LSE:HAS,2025-02-20,H1 2025,filings/2025-02-20__has-ln-20250220-q2-8k__119730.md,temp_outlook,,temp,4,,,,narrative,new,"For lever 4, we will closely manage our resources in-country, and better automate our end-to-end Temp workflow, reducing compliance and admin time, and costs."
Hays plc,LSE:HAS,2025-02-20,H1 2025,filings/2025-02-20__has-ln-20250220-q2-8k__119730.md,consultant_headcount,,,,,,qualitative,narrative,qualitative,"Guided by our Golden Rule, we will maintain a disciplined approach to consultant headcount investment."
Hays plc,LSE:HAS,2025-02-20,H1 2025,filings/2025-02-20__has-ln-20250220-q2-8k__119730.md,structural_cost_savings,,,30,30,13,m,narrative,new,"Our programme to deliver c.£30 million per annum structural back-office efficiency cost savings by the end of FY27, notably in our finance and technology functions, is progressing well and we exited the period with a c.£13 million per annum saving run-rate against this target."
Hays plc,LSE:HAS,2025-02-20,H1 2025,filings/2025-02-20__has-ln-20250220-q2-8k__119730.md,net_finance_charge,,,13,,,m,company_expectation,new,We expect the net finance charge for FY25 to be c.£13 million due to higher average drawings on our revolving credit facility.
Hays plc,LSE:HAS,2025-02-20,H1 2025,filings/2025-02-20__has-ln-20250220-q2-8k__119730.md,capex,,,25,,,m,company_expectation,new,We expect capital expenditure will be c.£25 million in FY25.
Hays plc,LSE:HAS,2025-02-20,H1 2025,filings/2025-02-20__has-ln-20250220-q2-8k__119730.md,consultant_headcount,,,25,,,,company_expectation,new,"Given our focus on driving consultant productivity in recent quarters, we believe our consultant capacity is appropriate for current market conditions and expect overall consultant headcount will remain broadly stable in Q3 25."
Hays plc,LSE:HAS,2025-02-20,H1 2025,filings/2025-02-20__has-ln-20250220-q2-8k__119730.md,consultant_headcount,Group,,,,,qualitative,company_expectation,qualitative,We expect total group headcount will decrease slightly as we continue our back-office efficiency programmes.
Hays plc,LSE:HAS,2025-02-20,H1 2025,filings/2025-02-20__has-ln-20250220-q2-8k__119730.md,pre_exceptional_operating_profit,,,31,,,,narrative,new,## Condensed Consolidated Statement of Comprehensive Income | (In £s million) | Six months to 31 December 2024 (unaudited) | Six months to 31 December 2023 (unaudited) | Year to 30 June 2024 (audited) | |-------------------------------------------------|----------------------------------------------|----------------------------------------------|----------------------------------| | Profit/(loss) for the period | 3.0 | 12.3 | (4.9) | | Items that will not be reclassified subsequently to profit o
Hays plc,LSE:HAS,2025-02-20,H1 2025,filings/2025-02-20__has-ln-20250220-q2-8k__119730.md,structural_cost_savings,,,,,,qualitative,company_expectation,qualitative,The restructuring costs were expected to generate significant cost savings and were considered exceptional given their size and impact on business operations.
Hays plc,LSE:HAS,2025-02-20,H1 2025,filings/2025-02-20__has-ln-20250220-q2-8k__119730.md,effective_tax_rate,Group,,4,,,,narrative,new,## 4 Net finance charge | (In £s million) | Six months to 31 December 2024 (unaudited) | Six months to 31 December 2023 (unaudited) | Year to 30 June 2024 (audited) | |-----------------------------------------------|----------------------------------------------|----------------------------------------------|----------------------------------| | Interest received on bank deposits | 1.2 | 1.7 | 3.2 | | Interest payable on bank loans and overdrafts | (4.6) | (3.0) | (7.2) | | Interest on lease lia
Hays plc,LSE:HAS,2025-04-16,Q3 2025,filings/2025-04-16__has-ln-20250416-q3-8k__119733.md,pre_exceptional_operating_profit,,permanent,,,,qualitative,company_expectation,qualitative,"We expect near term market conditions to remain challenging however, despite ongoing uncertainties, we currently expect FY25 operating profit will be in line with consensus* ## Dirk Hahn, Chief Executive Officer, commented: ""Despite ongoing and increasing macroeconomic uncertainty and challenging Perm conditions, trading was sequentially stable through the quarter."
Hays plc,LSE:HAS,2025-04-16,Q3 2025,filings/2025-04-16__has-ln-20250416-q3-8k__119733.md,structural_cost_savings,,,5,,,%,company_expectation,new,"We delivered 5% YoY consultant fee productivity growth in Q3, which remains sector leading, and our structural cost savings initiatives are progressing well, including in the UK&amp;I where we expect an improved profit performance in H2."
Hays plc,LSE:HAS,2025-04-16,Q3 2025,filings/2025-04-16__has-ln-20250416-q3-8k__119733.md,pre_exceptional_operating_profit,,,56.9,,,m,narrative,new,"We are structurally improving Hays and I remain confident that we will benefit materially when markets recover."" * Company compiled consensus operating profit for FY25 is £56.9m, based on nine analysts who have updated since the half year results."
Hays plc,LSE:HAS,2025-04-16,Q3 2025,filings/2025-04-16__has-ln-20250416-q3-8k__119733.md,perm_outlook,,permanent,,,,qualitative,narrative,qualitative,"Through our five levers, we will achieve this by increasing our exposure to the most in-demand future job categories, growing industries and end-markets, higher skilled and higher paid roles, non-Perm recruitment and large Enterprise clients."
Hays plc,LSE:HAS,2025-04-16,Q3 2025,filings/2025-04-16__has-ln-20250416-q3-8k__119733.md,consultant_headcount,Group,,,,,qualitative,company_expectation,qualitative,"We have maintained good levels of productivity through Q3 and believe our Group consultant headcount capacity is appropriate for current market conditions, and therefore expect it to remain broadly stable in Q4."
Hays plc,LSE:HAS,2025-06-19,FY 2025,filings/2025-06-19__has-ln-20250619-q4-8k__119747.md,pre_exceptional_operating_profit,,permanent,19,,,,company_expectation,new,"# Pre-Close Year End Trading Update PRE-CLOSE YEAR END TRADING UPDATE 19 June 2025 <!-- PAGE 1 --> <!-- image --> HAYS ## PRE-CLOSE YEAR END TRADING UPDATE 19 June 2025 <!-- image --> ### Images on This Page > ** Image Description** (Page 1, Image 1) > > ```json > {""text"": ""HAYS""} > ``` > ** Image Description** (Page 1, Image 2) > > ```json > { > ""colors"": [ > ""navy"", > ""light blue"", > ""white"" > ], > ""shapes"": [ > ""triangles"", > ""rectangles"" > ], > ""composition"": ""abstract"", > ""letter"": ""H"" > } "
Hays plc,LSE:HAS,2025-06-19,FY 2025,filings/2025-06-19__has-ln-20250619-q4-8k__119747.md,net_fees,Group,contracting,9,,,%,company_expectation,new,"We currently expect Group like-for-like net fees to decline by 9% YoY in Q4 (8% on a working day adjusted basis) against a soft prior-year comparative, with Perm and Temp &amp; Contracting down 14% and 5% respectively."
Hays plc,LSE:HAS,2025-06-19,FY 2025,filings/2025-06-19__has-ln-20250619-q4-8k__119747.md,pre_exceptional_operating_profit,Germany,contracting,45,45,5,m,company_expectation,new,"However, given the largely fixed short-term nature of our cost base there has been a high drop-through of lower net fees to profitability and, as a result, we currently expect FY25 pre-exceptional operating profit of c.£45m* At a regional level, we expect like-for-like net fees in our largest country Germany to decrease by 5% with continued stability in Contracting but weaker conditions in Perm and Temp, primarily due to a subdued Automotive sector."
Hays plc,LSE:HAS,2025-06-19,FY 2025,filings/2025-06-19__has-ln-20250619-q4-8k__119747.md,net_fees,Australia & New Zealand,permanent,13,13,9,%,company_expectation,new,"Perm has also weakened in the UK&amp;I and we expect a 13% divisional net fee decline, and similarly in ANZ where net fees are expected to be down 9% YoY."
Hays plc,LSE:HAS,2025-06-19,FY 2025,filings/2025-06-19__has-ln-20250619-q4-8k__119747.md,net_fees,Rest of World,,9,,,%,company_expectation,new,Net fees are expected to decline by 9% YoY in RoW.
Hays plc,LSE:HAS,2025-08-21,FY 2025,filings/2025-08-21__has-ln-20250821-filing__143845.md,net_fees,,temp_and_contracting,5,,,%,narrative,new,"Driven by improved resource allocation, consultant net fee productivity increased by 5% YoY, net fees within Enterprise Solutions grew by 8%, and Temp & Contracting net fees grew strongly in several of our Focus countries | | • | Delivering efficiencies through focus on costs driven by c.£35 million per annum structural cost savings realised in FY25, ahead of target."
Hays plc,LSE:HAS,2025-08-21,FY 2025,filings/2025-08-21__has-ln-20250821-filing__143845.md,structural_cost_savings,,,45,,,m,narrative,new,Targeting further c.£45 million per annum structural cost savings by FY29 | | • | Strong cash flow with 281% cash conversion and net cash of £37.0 million.
Hays plc,LSE:HAS,2025-08-21,FY 2025,filings/2025-08-21__has-ln-20250821-filing__143845.md,temp_outlook,,temp_and_contracting,,,,qualitative,narrative,qualitative,"Our strategy, targeting the most in-demand sectors, roles and geographies, building stronger client relationships and increasing exposure to Temp & Contracting recruitment, continues to develop."
Hays plc,LSE:HAS,2025-08-21,FY 2025,filings/2025-08-21__has-ln-20250821-filing__143845.md,structural_cost_savings,,,45,,,m,narrative,new,"In addition, we have exceeded our cost initiatives target and have set an ambition to target a further c.£45 million per annum structural cost savings by FY29."
Hays plc,LSE:HAS,2025-08-21,FY 2025,filings/2025-08-21__has-ln-20250821-filing__143845.md,consultant_headcount,Group,,26,,,,company_expectation,new,"Given our ongoing focus on driving consultant productivity, we expect overall Group consultant headcount will remain broadly stable in Q1 26."
Hays plc,LSE:HAS,2025-08-21,FY 2025,filings/2025-08-21__has-ln-20250821-filing__143845.md,temp_outlook,,temp_and_contracting,,,,qualitative,narrative,qualitative,"We will increase our exposure to the most in-demand future job categories, growing industries and end-markets, higher skilled and higher paid roles, Temp & Contracting and large Enterprise clients."
Hays plc,LSE:HAS,2025-08-21,FY 2025,filings/2025-08-21__has-ln-20250821-filing__143845.md,pre_exceptional_operating_profit,Group,,250,,,m,narrative,new,"Business line prioritisation, optimised resource allocation, and scaling our eight Focus countries will establish a broader base and enable the Group to achieve its long-term objective of returning to, and then exceeding, our previous peak operating profit of c.£250 million."
Hays plc,LSE:HAS,2025-08-21,FY 2025,filings/2025-08-21__has-ln-20250821-filing__143845.md,structural_cost_savings,,,35,35,30,m,narrative,new,We secured a further c.£35 million per annum in structural cost savings and surpassed our c.£30 million per annum three year target in one year.
Hays plc,LSE:HAS,2025-08-21,FY 2025,filings/2025-08-21__has-ln-20250821-filing__143845.md,net_fees,,temp_and_contracting,,,,qualitative,company_expectation,qualitative,"Through our strategy, we expect to increase the proportion of Temp & Contracting net fees in our businesses."
Hays plc,LSE:HAS,2025-08-21,FY 2025,filings/2025-08-21__has-ln-20250821-filing__143845.md,structural_cost_savings,,,35,35,30,m,narrative,new,"An additional c.£35 million per annum of structural cost savings realised in FY25, ahead of target | | --- | --- | Last year, we set ourselves a target of delivering c.£30 million per annum in structural cost savings by FY27 through our transformation programmes."
Hays plc,LSE:HAS,2025-08-21,FY 2025,filings/2025-08-21__has-ln-20250821-filing__143845.md,structural_cost_savings,,,30,30,35,m,narrative,new,"Secondly, we will continue to invest in our technology estate to harness the power of data and AI which will provide the following benefits: | • | Improved net fee productivity as we provide our consultants with best-in-class tools and reduce administrative burden | | --- | --- | | • | Improved automation and efficiency in our back-office and middle-office functional areas | | • | Provide more powerful and personalised data and insights to our customers, enhancing our exceptional service to clie"
Hays plc,LSE:HAS,2025-08-21,FY 2025,filings/2025-08-21__has-ln-20250821-filing__143845.md,net_finance_charge,,,12,,,m,company_expectation,new,"We expect the net finance charge for FY26 to be c.£12 million, slightly below FY25 due to the impact of the defined benefit pension buy-in and lower utilisation of our revolving credit facility, driven by improving working capital."
Hays plc,LSE:HAS,2025-08-21,FY 2025,filings/2025-08-21__has-ln-20250821-filing__143845.md,effective_tax_rate,Group,,38,,,%,company_expectation,new,"We expect the Group's ETR in FY26 to be c.38%, consistent with H2 FY25, assuming no material change in geographic mix of profits, and to reduce as profits rebuild over time."
Hays plc,LSE:HAS,2025-08-21,FY 2025,filings/2025-08-21__has-ln-20250821-filing__143845.md,capex,,,35,,,m,company_expectation,new,We expect capital expenditure will be higher at c.£35 million in FY26 driven by our Hays Data and AI investment programmes together with ongoing technology infrastructure investment.
Hays plc,LSE:HAS,2025-08-21,FY 2025,filings/2025-08-21__has-ln-20250821-filing__143845.md,consultant_headcount,Group,,,,,qualitative,company_expectation,qualitative,"We expect total Group headcount will continue to decrease modestly as our multi-year programme to transform our front, middle and back-office functions will significantly reduce overheads and streamline processes."
Hays plc,LSE:HAS,2025-08-21,FY 2025,filings/2025-08-21__has-ln-20250821-filing__143845.md,consultant_headcount,Group,,26,,,,company_expectation,new,We expect overall Group consultant headcount will remain broadly stable in Q1 26.
Hays plc,LSE:HAS,2025-08-21,FY 2025,filings/2025-08-21__has-ln-20250821-filing__143845.md,structural_cost_savings,,,,,,qualitative,company_expectation,qualitative,The restructuring costs were expected to generate significant cost savings and were considered exceptional given their size and impact on business operations.
Hays plc,LSE:HAS,2025-08-21,FY 2025,filings/2025-08-21__has-ln-20250821-filing__143845.md,pre_exceptional_operating_profit,,temp,5,,,,narrative,new,"5 OPERATING PROFIT | | The following costs are deducted from turnover to determine net fees: | | (In £s million) | | | | | 2025 | 2024 | | --- | --- | --- | --- | --- | --- | --- | | Turnover | | | | | 6,607.0 | 6,949.1 | | Remuneration of temporary workers | | | | | (4,619.6) | (4,995.4) | | Remuneration of other recruitment agencies | | | | | (1,015.0) | (840.1) | | Net fees | 972.4 | 1,113.6 | | Operating profit is stated after charging the following items to net fees of £972.4 million (2024:"
Hays plc,LSE:HAS,2025-08-21,FY 2025,filings/2025-08-21__has-ln-20250821-h2-8k-2__671218.md,pre_exceptional_operating_profit,,,,,,qualitative,narrative,qualitative,"In a cyclical recovery we will deliver a high drop-through of net fee growth to operating profit, free cash flow, and return on capital employed."
Hays plc,LSE:HAS,2025-08-21,FY 2025,filings/2025-08-21__has-ln-20250821-h2-8k-2__671218.md,temp_outlook,,contracting,,,,qualitative,narrative,qualitative,"We will increase our exposure to the most in-demand future job categories, growing industries and end-markets, higher skilled and higher paid roles, Temporary &amp; Contracting and large Enterprise clients."
Hays plc,LSE:HAS,2025-08-21,FY 2025,filings/2025-08-21__has-ln-20250821-h2-8k-2__671218.md,pre_exceptional_operating_profit,Group,,250,,,m,narrative,new,"Business line prioritisation, optimised resource allocation, and scaling our eight Focus countries will establish a broader base and enable the Group to achieve its long-term objective of returning to, and then exceeding, our previous peak operating profit of c.£250 million."
Hays plc,LSE:HAS,2025-08-21,FY 2025,filings/2025-08-21__has-ln-20250821-h2-8k-2__671218.md,structural_cost_savings,,,30,30,35,m,narrative,new,"Thirdly, our programme to secure c.£30 million per annum structural efficiency cost savings by the end of FY27 has progressed well and we exited the year with c.£35 million per annum against this target resulting from our back office and operational efficiency programmes."
Hays plc,LSE:HAS,2025-08-21,FY 2025,filings/2025-08-21__has-ln-20250821-h2-8k-2__671218.md,pre_exceptional_operating_profit,,,,,,qualitative,company_expectation,qualitative,We have set clear expectations for each country to contribute a minimum level of absolute operating profit.
Hays plc,LSE:HAS,2025-08-21,FY 2025,filings/2025-08-21__has-ln-20250821-h2-8k-2__671218.md,net_fees,Group,,45,,,m,company_expectation,new,"Looking ahead, our ongoing efficiency programmes are expected to deliver a further c.£45m in structural savings by FY29.' | Group net fees (2) £972.4m FY24: £1,113.6m | Cash from operations (4) £128.3m FY24: £112.3m | |-----------------------------------------------|-------------------------------------------------| | Groupoperatingprofit (5) £45.6m FY24: £105.1m | Dividend per share 1.24p FY24: 3.00p | | Earnings per share (5) 1.31p FY24: 4.03p | Cash conversion (8) 281% FY24: 107% | | Year-end"
Hays plc,LSE:HAS,2025-08-21,FY 2025,filings/2025-08-21__has-ln-20250821-h2-8k-2__671218.md,net_finance_charge,,,12,,,m,company_expectation,new,"We expect the net finance charge for FY26 to be c.£12 million, slightly below FY25 due to the impact of the defined benefit pension buy-in and lower utilisation of our revolving credit facility driven by improving working capital."
Hays plc,LSE:HAS,2025-08-21,FY 2025,filings/2025-08-21__has-ln-20250821-h2-8k-2__671218.md,effective_tax_rate,Group,,38,,,%,company_expectation,new,"We expect the Group's ETR in FY26 to be c.38%, consistent with H2 FY25, assuming no material change in geographic mix of profits, and to reduce as profits rebuild over time."
Hays plc,LSE:HAS,2025-08-21,FY 2025,filings/2025-08-21__has-ln-20250821-h2-8k-2__671218.md,capex,,,35,,,m,company_expectation,new,We expect capital expenditure will be higher at c.£35 million in FY26 driven by our Hays Data and AI programme together with ongoing technology infrastructure investment.
Hays plc,LSE:HAS,2025-08-21,FY 2025,filings/2025-08-21__has-ln-20250821-h2-8k-2__671218.md,temp_outlook,,contracting,1,,,,narrative,new,"<!-- image --> <!-- image --> | Our Five Levers are aligned to exploit the long-term opportunities in our markets | Our Five Levers are aligned to exploit the long-term opportunities in our markets | |-------------------------------------------------|-------------------------------------------------| | 1 Growour leading positions in the most in-demand future job categories | - Future job category growth inc.STEM - Given existing skill shortages, there is potential for higher margins over time | "
Hays plc,LSE:HAS,2025-08-21,FY 2025,filings/2025-08-21__has-ln-20250821-h2-8k-2__671218.md,temp_outlook,,contracting,,,,qualitative,narrative,qualitative,Temporary &amp; Contracting is highly complementary to many of our future job categories and targeted resilient industries.
Hays plc,LSE:HAS,2025-08-21,FY 2025,filings/2025-08-21__has-ln-20250821-h2-8k-2__671218.md,temp_outlook,,temp,5,,,,narrative,new,"For lever 5, we will closely manage our resources in-country, and better automate our end-to-end Temporary workflow, reducing compliance and administrative time, and cost."
Hays plc,LSE:HAS,2025-08-21,FY 2025,filings/2025-08-21__has-ln-20250821-h2-8k-2__671218.md,pre_exceptional_operating_profit,Group,,250,,,m,narrative,new,"<!-- image --> ## Building a structurally more profitable Hays Business line prioritisation, optimised resource allocation, and scaling our eight Focus countries will establish a broader base and enable the Group to achieve its long-term objective of returning to, and then exceeding, our previous peak operating profit of £250 million."
Hays plc,LSE:HAS,2025-08-21,FY 2025,filings/2025-08-21__has-ln-20250821-h2-8k-2__671218.md,consultant_headcount,,,,,,qualitative,narrative,qualitative,"In addition, we have reallocated consultants from low to high potential productivity areas and, under our Golden Rule, we will maintain a disciplined approach to headcount investment."
Hays plc,LSE:HAS,2025-08-21,FY 2025,filings/2025-08-21__has-ln-20250821-h2-8k-2__671218.md,net_fees,Group,,71,,,%,narrative,new,"## We are not static - we target areas of the labour market with the most attractive long-term prospects Although six specialisms contributed 71% of Group net fees in FY25, we are not static and instead allocate resources to enhance our position in the most in-demand job categories."
Hays plc,LSE:HAS,2025-08-21,FY 2025,filings/2025-08-21__has-ln-20250821-h2-8k-2__671218.md,net_fees,,,8,,,%,narrative,new,"## Enterprise net fees were up 8% in FY25 <!-- image --> <!-- image --> The Enterprise Evolve programme demonstrated clear progress in FY25, resulting in strong YoY net fee growth, and we exceeded our global sales target supported by our ambition to 'bid fewer, bid better, win more'."
Hays plc,LSE:HAS,2025-08-21,FY 2025,filings/2025-08-21__has-ln-20250821-h2-8k-2__671218.md,effective_tax_rate,,enterprise_solutions,31,,,,narrative,new,"We enter the new year with encouraging momentum and a substantial bid pipeline.' ## Nigel Kirkham CEO Enterprise Solutions <!-- PAGE 31 --> The global Enterprise market is vast with significant trend growth potential – Enterprise is the provision of structured recruitment and other HR services to blue chips, government and other large organisations – Clients desire solutions to their talent supply issues and advisory services, for example to address their ESG initiatives – Enterprise has faster "
Hays plc,LSE:HAS,2025-08-21,FY 2025,filings/2025-08-21__has-ln-20250821-h2-8k-2__671218.md,net_fees,,contracting,34,34,3,,company_expectation,new,"Their engagement model helps put us, as the client, at the centre of everything they do, delivering speed of service while providing excellent outcomes and compliance with all appropriate regulations.' Ravi Kumar S CEO Cognizant <!-- PAGE 34 --> Delivering on our strategy continued ## Building a scalable platform in Temporary &amp; Contracting 3 Through our strategy, we expect to increase the proportion of Temporary &amp; Contracting net fees in our businesses."
Hays plc,LSE:HAS,2025-08-21,FY 2025,filings/2025-08-21__has-ln-20250821-h2-8k-2__671218.md,structural_cost_savings,,,35,,,,narrative,new,"<!-- PAGE 35 --> ## Structural cost savings realised ahead of target 4 <!-- image --> Last year, we set ourselves a target of delivering c.£30 million per annum in structural cost savings by FY27 through our transformation programmes."
Hays plc,LSE:HAS,2025-08-21,FY 2025,filings/2025-08-21__has-ln-20250821-h2-8k-2__671218.md,capex,,,,,,qualitative,narrative,qualitative,"We will increase capital expenditure over the next five years on data, technology, AI, and cyber resilience which will provide our consultants with the best tools, drive a superior client and candidate experience, and create value for shareholders Our future state will be agentic-ready, meaning it will be capable of leveraging AI, machine learning, and intelligent agents to augment human capabilities, automate routine tasks, and deliver predictive insights that drive better outcomes."
Hays plc,LSE:HAS,2025-08-21,FY 2025,filings/2025-08-21__has-ln-20250821-h2-8k-2__671218.md,effective_tax_rate,,,,,,qualitative,narrative,qualitative,"Process further enhanced, with: additional trainings and briefings, updates to data collection forms, creation of a sharepoint site to host guidance and reference materials and be the data repository in addition to the external data platform, as part of enhancing data quality checks - ERMCVSappointedtoindependently verify our data in pursuit of 'Limited Assurance' - Limited assurance attained for selected GHGmetrics."
Hays plc,LSE:HAS,2025-08-21,FY 2025,filings/2025-08-21__has-ln-20250821-h2-8k-2__671218.md,effective_tax_rate,,,9,,,,narrative,new,## Recommendation 9: Metrics to assess risks and opportunities Our internal metrics and targets help us measure and manage financial risk associated with potential future carbon-related risk R&amp;Os.
Hays plc,LSE:HAS,2025-08-21,FY 2025,filings/2025-08-21__has-ln-20250821-h2-8k-2__671218.md,net_fees,,,,,,qualitative,narrative,qualitative,"As our governance structure integrates climate into our business planning, forecasting, strategy and risk reviews, other internal objectives and targets exist, such as growing net fees in relation to our role in growing the Green Economy, and the reduction of our overall office footprint."
Hays plc,LSE:HAS,2025-08-21,FY 2025,filings/2025-08-21__has-ln-20250821-h2-8k-2__671218.md,effective_tax_rate,Group,,66,,,,company_expectation,new,"Policiesorstandardswithwhichwe governourapproach | Policy description | Additionalinformationandoutcomes | |-------------------------------------------------|-------------------------------------------------|-------------------------------------------------| | Reporting requirements: Environmental matters, including climate-related disclosures | Reporting requirements: Environmental matters, including climate-related disclosures | Reporting requirements: Environmental matters, including climate-"
Hays plc,LSE:HAS,2025-08-21,FY 2025,filings/2025-08-21__has-ln-20250821-h2-8k-2__671218.md,effective_tax_rate,United Kingdom & Ireland,,105,,,,narrative,new,"<!-- PAGE 105 --> ## Key areas of Board focus | | Activities Keydecisionsandoutcomes | |-------------------------------------------------|-------------------------------------------------| | Strategy - Regular reviews of the progress of the 'Five Levers' strategy, operational and back office restructuring | and - Appointment of newChair of the Board, General Counsel &CompanySecretary and CEO, UK&I | | Finance - CFOupdatesonGrouptrading performance, including market budgets, outlook and cash flow"
Hays plc,LSE:HAS,2025-08-21,FY 2025,filings/2025-08-21__has-ln-20250821-h2-8k-2__671218.md,pre_exceptional_operating_profit,,,45.6,,,m,company_expectation,new,"Due to the declining environment throughout FY25, expectations across the sector and consensus rapidly dropped through the financial year and the overall Operating Profit achievement has been £45.6 million."
Hays plc,LSE:HAS,2025-08-21,FY 2025,filings/2025-08-21__has-ln-20250821-h2-8k-2__671218.md,perm_outlook,,permanent,,,,qualitative,company_expectation,qualitative,"However, as stated above, the external trading environment proved more difficult than expected in FY25, most notably in our Permanent recruitment business which became more challenging across the majority of our markets."
Hays plc,LSE:HAS,2025-08-21,FY 2025,filings/2025-08-21__has-ln-20250821-h2-8k-2__671218.md,pre_exceptional_operating_profit,,,50,,,%,narrative,new,"For the annual bonus, 50% will be based on Operating Profit (previously, 60% based on EPS) and the EPS weighting in the PSP has increased by 20% (moving from 30% to 50%)."
Hays plc,LSE:HAS,2025-08-21,FY 2025,filings/2025-08-21__has-ln-20250821-h2-8k-2__671218.md,temp_outlook,,contracting,,,,qualitative,narrative,qualitative,It is important to note that we are making the entry point harder in the face of the positioning of our business more to Temporary &amp; Contracting and Enterprise - both of which will impact cash.
Hays plc,LSE:HAS,2025-08-21,FY 2025,filings/2025-08-21__has-ln-20250821-h2-8k-2__671218.md,effective_tax_rate,,,,,,qualitative,narrative,qualitative,The change to metrics and weightings will ensure they are closely aligned to our business strategy and place focus on generating improved profit and the behaviours that will grow our business successfully.
Hays plc,LSE:HAS,2025-08-21,FY 2025,filings/2025-08-21__has-ln-20250821-h2-8k-2__671218.md,effective_tax_rate,,,,,,qualitative,narrative,qualitative,Annual Bonus targets will be retrospectively disclosed in the FY26 report.
Hays plc,LSE:HAS,2025-08-21,FY 2025,filings/2025-08-21__has-ln-20250821-h2-8k-2__671218.md,pre_exceptional_operating_profit,Group,,80,,,%,narrative,new,"As previously stated, 80% of the bonus will continue to be weighted on financial metrics with a focus on Group Operating Profit and Cash Conversion."
Hays plc,LSE:HAS,2025-08-21,FY 2025,filings/2025-08-21__has-ln-20250821-h2-8k-2__671218.md,effective_tax_rate,,,,,,qualitative,narrative,qualitative,"As explained above, the PSP metrics and weightings will change for FY26."
Hays plc,LSE:HAS,2025-08-21,FY 2025,filings/2025-08-21__has-ln-20250821-h2-8k-2__671218.md,pre_exceptional_operating_profit,,,56,56,35,%,narrative,new,"Whilst operating profit decreased by 56% like-for-like versus prior year, our ongoing restructuring programmes (including the multi-year Technology transformation and Finance transformation programmes) delivered c.£35 million per annum structural cost savings in FY25, ahead of target."
Hays plc,LSE:HAS,2025-08-21,FY 2025,filings/2025-08-21__has-ln-20250821-h2-8k-2__671218.md,pre_exceptional_operating_profit,Group,,50,,,%,narrative,new,Measure | Focus | |----------------------------------------|----------------------------------------|-------------------------------------------------| | Bonus - short-term agility | Bonus - short-term agility | Bonus - short-term agility | | 50% | Group Operating Profit | Short-term focus on profit | | 30% | Cash Conversion | Cash returns and business efficiency | | 20% | Personal/Strategic | Aligned to long-term business goals | | PSP-long-term sustainability and focus | PSP-long-term sustaina
Hays plc,LSE:HAS,2025-08-21,FY 2025,filings/2025-08-21__has-ln-20250821-h2-8k-2__671218.md,structural_cost_savings,,,,,,qualitative,narrative,qualitative,"Although profit targets were not achieved due to the depressed economic market, Cash Conversion out-performed and the executive directors made significant cost savings and efficiencies across the business."
Hays plc,LSE:HAS,2025-08-21,FY 2025,filings/2025-08-21__has-ln-20250821-h2-8k-2__671218.md,effective_tax_rate,,,,,,qualitative,narrative,qualitative,"However, as stated in the letter from the Remuneration Committee Chair, the financial metrics and weightings will change slightly for FY26."
Hays plc,LSE:HAS,2025-08-21,FY 2025,filings/2025-08-21__has-ln-20250821-h2-8k-2__671218.md,pre_exceptional_operating_profit,Group,,60,,,%,narrative,new,They will move from 60% Group EPS and 20% Group Cash Conversion to 50% Group Operating Profit and 30% Group Cash Conversion.
Hays plc,LSE:HAS,2025-08-21,FY 2025,filings/2025-08-21__has-ln-20250821-h2-8k-2__671218.md,effective_tax_rate,,,,,,qualitative,narrative,qualitative,The Committee will aim to provide retrospective disclosure of the performance targets in the FY26 Remuneration Report to allow shareholders to judge the bonus earned in the context of the performance delivered.
Hays plc,LSE:HAS,2025-08-21,FY 2025,filings/2025-08-21__has-ln-20250821-h2-8k-2__671218.md,pre_exceptional_operating_profit,,,1,,,,narrative,new,The FY26 PSP targets are disclosed below: Performance period 1 July 2025 to 30 June 2028 Grant date 25 September 2025 Vest date 25 September 2026 followed by a two-year Holding Period Performance condition Weighting Strategic Objective Threshold (25% of the element vests) Interim point (45% of the element vests) Maximum (100% of the element vests) EPS 50% 4.04p – 6.45p Cash Conversion(1) 30% 80% 85% 105% Strategic Objectives (2) 20% Each objective is equally weighted FY28 Operating Profit of the
Hays plc,LSE:HAS,2025-08-21,FY 2025,filings/2025-08-21__has-ln-20250821-h2-8k-2__671218.md,pre_exceptional_operating_profit,,,1,,,,narrative,new,The FY26 PSP targets are disclosed below: | Performance period | | | 1July2025to30June2028 | | | |--------------------------|----------------------|-------------------------------------------------|-------------------------------------------------|-------------------------------------------------|-------------------------------------------------| | Grant date | | 25 | September 2025 | | | | Vest date | | 25 | September 2026followed by a two-year Holding Period | September 2026followed by a two-y
Hays plc,LSE:HAS,2025-08-21,FY 2025,filings/2025-08-21__has-ln-20250821-h2-8k-2__671218.md,structural_cost_savings,,,36,,,,narrative,new,"To address the risk surrounding the carrying value of the investment in HSRH, we performed the following audit procedures: - -Performed a walkthrough to obtain an understanding of the impairment and annual budgeting processes, and evaluated the design effectiveness of key controls; - -Evaluated management's accounting policies and gained an understanding of the methodology and assumptions applied as part of the impairment assessment, in accordance with IAS 36; - -Performed a lookback of historic"
Hays plc,LSE:HAS,2025-08-21,FY 2025,filings/2025-08-21__has-ln-20250821-h2-8k-2__671218.md,perm_outlook,,permanent,,,,qualitative,company_expectation,qualitative,"Where a permanent candidate starts employment but does not work for the specified contractual period, an adjustment is made based on experience in respect of the expected required refund or credit note due to the client."
Hays plc,LSE:HAS,2025-08-21,FY 2025,filings/2025-08-21__has-ln-20250821-h2-8k-2__671218.md,temp_outlook,,temp,,,,qualitative,narrative,qualitative,Deferred tax liabilities are generally recognised on all temporary differences and deferred tax assets are recognised to the extent that it is probable that taxable profits will be available against which the temporary differences can be utilised.
Hays plc,LSE:HAS,2025-08-21,FY 2025,filings/2025-08-21__has-ln-20250821-h2-8k-2__671218.md,temp_outlook,,temp,,,,qualitative,narrative,qualitative,Deferred tax is not recognised for temporary differences arising from the initial recognition of goodwill or initial recognition of other assets or liabilities in a transaction (other than a business combination) that affects neither accounting profit nor taxable profit and does not give rise to equal taxable and deductible temporary differences.
Hays plc,LSE:HAS,2025-08-21,FY 2025,filings/2025-08-21__has-ln-20250821-h2-8k-2__671218.md,temp_outlook,Group,temp,,,,qualitative,narrative,qualitative,Deferred tax liabilities are recognised for taxable temporary differences arising on investments in subsidiaries and associates except where the Group is able to control the reversal of the temporary differences and it is probable that the temporary difference will not reverse in the foreseeable future.
Hays plc,LSE:HAS,2025-08-21,FY 2025,filings/2025-08-21__has-ln-20250821-h2-8k-2__671218.md,structural_cost_savings,,,,,,qualitative,company_expectation,qualitative,The restructuring costs were expected to generate significant cost savings and were considered exceptional given their size and impact on business operations.
Hays plc,LSE:HAS,2025-08-21,FY 2025,filings/2025-08-21__has-ln-20250821-h2-8k-2__671218.md,pre_exceptional_operating_profit,,temp,181,,,,narrative,new,"<!-- PAGE 181 --> 6 Operating profit The following costs are deducted from turnover to determine net fees: (In £s million) 2025 2024 Turnover 6,607.0 6,949.1 Remuneration of temporary workers (4,619.6) (4,995.4) Remuneration of other recruitment agencies (1,015.0) (840.1) Net fees 972.4 1,113.6 Operating profit is stated after charging the following items to net fees of £972.4 million (2024: £1,113.6 million): (In £s million) 2025 Before exceptional items 2025 Exceptional items 2025 2024 Before "
Hays plc,LSE:HAS,2025-08-21,FY 2025,filings/2025-08-21__has-ln-20250821-h2-8k-2__671218.md,pre_exceptional_operating_profit,Group,temp,7,,,,narrative,new,7 Auditor’s remuneration (In £s million) 2025 2024 Fees payable to the Company's Auditors for the audit of the Company's annual Financial Statements 0.7 0.6 Fees payable to the Company's Auditors and their associates for other services to the Group: The audit of the Company's subsidiaries pursuant to legislation 1.9 1.8 Total audit fees 2.6 2.4 Audit-related assurance services 0.3 0.3 Total non-audit fees 0.3 0.3 179Hays plc Annual Report & Accounts 2025 <!-- PAGE 181 --> ## 6 Operating profit T
Hays plc,LSE:HAS,2025-08-21,FY 2025,filings/2025-08-21__has-ln-20250821-h2-8k-2__671218.md,pre_exceptional_operating_profit,,,,,,qualitative,company_expectation,qualitative,"The key assumptions for the value-in-use calculations are as follows: | Assumption | Howdetermined | |------------------|-------------------------------------------------| | Operating profit | The operating profit is based on the latest one-year forecasts for the CGUsapprovedbytheGroup's Executive Leadership Team, and medium-term forecasts over a two to five year period which are compiled using expectations of fee growth, consultant productivity and operating costs, from past experience."
Hays plc,LSE:HAS,2025-08-21,FY 2025,filings/2025-08-21__has-ln-20250821-h2-8k__143890.md,net_fees,,contracting,5,,,%,narrative,new,"Driven by improved resource allocation, consultant net fee productivity increased by 5% YoY, net fees within Enterprise Solutions grew by 8%, and Temp &amp; Contracting net fees grew strongly in several of our Focus countries - Delivering efficiencies through focus on costs driven by c.£35 million per annum structural cost savings realised in FY25, ahead of target."
Hays plc,LSE:HAS,2025-08-21,FY 2025,filings/2025-08-21__has-ln-20250821-h2-8k__143890.md,structural_cost_savings,,,45,,,m,narrative,new,Targeting further c.£45 million per annum structural cost savings by FY29 - Strong cash flow with 281% cash conversion and net cash of £37.0 million.
Hays plc,LSE:HAS,2025-08-21,FY 2025,filings/2025-08-21__has-ln-20250821-h2-8k__143890.md,temp_outlook,,contracting,,,,qualitative,narrative,qualitative,"Our strategy, targeting the most in-demand sectors, roles and geographies, building stronger client relationships and increasing exposure to Temp &amp; Contracting recruitment, continues to develop."
Hays plc,LSE:HAS,2025-08-21,FY 2025,filings/2025-08-21__has-ln-20250821-h2-8k__143890.md,structural_cost_savings,,,45,,,m,narrative,new,"In addition, we have exceeded our cost initiatives target and have set an ambition to target a further c.£45 million per annum structural cost savings by FY29."
Hays plc,LSE:HAS,2025-08-21,FY 2025,filings/2025-08-21__has-ln-20250821-h2-8k__143890.md,consultant_headcount,Group,,26,,,,company_expectation,new,"Given our ongoing focus on driving consultant productivity, we expect overall Group consultant headcount will remain broadly stable in Q1 26."
Hays plc,LSE:HAS,2025-08-21,FY 2025,filings/2025-08-21__has-ln-20250821-h2-8k__143890.md,temp_outlook,,contracting,,,,qualitative,narrative,qualitative,"We will increase our exposure to the most in-demand future job categories, growing industries and end-markets, higher skilled and higher paid roles, Temp &amp; Contracting and large Enterprise clients."
Hays plc,LSE:HAS,2025-08-21,FY 2025,filings/2025-08-21__has-ln-20250821-h2-8k__143890.md,pre_exceptional_operating_profit,Group,,250,,,m,narrative,new,"Business line prioritisation, optimised resource allocation, and scaling our eight Focus countries will establish a broader base and enable the Group to achieve its long-term objective of returning to, and then exceeding, our previous peak operating profit of c.£250 million."
Hays plc,LSE:HAS,2025-08-21,FY 2025,filings/2025-08-21__has-ln-20250821-h2-8k__143890.md,structural_cost_savings,,,35,35,30,m,narrative,new,We secured a further c.£35 million per annum in structural cost savings and surpassed our c.£30 million per annum three year target in one year.
Hays plc,LSE:HAS,2025-08-21,FY 2025,filings/2025-08-21__has-ln-20250821-h2-8k__143890.md,net_fees,,contracting,,,,qualitative,company_expectation,qualitative,"Through our strategy, we expect to increase the proportion of Temp &amp; Contracting net fees in our businesses."
Hays plc,LSE:HAS,2025-08-21,FY 2025,filings/2025-08-21__has-ln-20250821-h2-8k__143890.md,structural_cost_savings,,,35,35,30,m,narrative,new,"An additional c.£35 million per annum of structural cost savings realised in FY25, ahead of target Last year, we set ourselves a target of delivering c.£30 million per annum in structural cost savings by FY27 through our transformation programmes."
Hays plc,LSE:HAS,2025-08-21,FY 2025,filings/2025-08-21__has-ln-20250821-h2-8k__143890.md,structural_cost_savings,,,30,30,35,m,narrative,new,"Secondly, we will continue to invest in our technology estate to harness the power of data and AI which will provide the following benefits: - Improved net fee productivity as we provide our consultants with best-in-class tools and reduce administrative burden - Improved automation and efficiency in our back-office and middle-office functional areas - Provide more powerful and personalised data and insights to our customers, enhancing our exceptional service to clients and candidates Thirdly, ou"
Hays plc,LSE:HAS,2025-08-21,FY 2025,filings/2025-08-21__has-ln-20250821-h2-8k__143890.md,net_finance_charge,,,12,,,m,company_expectation,new,"We expect the net finance charge for FY26 to be c.£12 million, slightly below FY25 due to the impact of the defined benefit pension buy-in and lower utilisation of our revolving credit facility, driven by improving working capital."
Hays plc,LSE:HAS,2025-08-21,FY 2025,filings/2025-08-21__has-ln-20250821-h2-8k__143890.md,effective_tax_rate,Group,,38,,,%,company_expectation,new,"We expect the Group's ETR in FY26 to be c.38%, consistent with H2 FY25, assuming no material change in geographic mix of profits, and to reduce as profits rebuild over time."
Hays plc,LSE:HAS,2025-08-21,FY 2025,filings/2025-08-21__has-ln-20250821-h2-8k__143890.md,capex,,,35,,,m,company_expectation,new,We expect capital expenditure will be higher at c.£35 million in FY26 driven by our Hays Data and AI investment programmes together with ongoing technology infrastructure investment.
Hays plc,LSE:HAS,2025-08-21,FY 2025,filings/2025-08-21__has-ln-20250821-h2-8k__143890.md,consultant_headcount,Group,,,,,qualitative,company_expectation,qualitative,"We expect total Group headcount will continue to decrease modestly as our multi-year programme to transform our front, middle and back-office functions will significantly reduce overheads and streamline processes."
Hays plc,LSE:HAS,2025-08-21,FY 2025,filings/2025-08-21__has-ln-20250821-h2-8k__143890.md,consultant_headcount,Group,,26,,,,company_expectation,new,We expect overall Group consultant headcount will remain broadly stable in Q1 26.
Hays plc,LSE:HAS,2025-08-21,FY 2025,filings/2025-08-21__has-ln-20250821-h2-8k__143890.md,structural_cost_savings,,,,,,qualitative,company_expectation,qualitative,The restructuring costs were expected to generate significant cost savings and were considered exceptional given their size and impact on business operations.
Hays plc,LSE:HAS,2025-08-21,FY 2025,filings/2025-08-21__has-ln-20250821-h2-8k__143890.md,pre_exceptional_operating_profit,,temp,25,,,,narrative,new,"### Images on This Page > ** Image Description** (Page 25, Image 25) > > ```json > {""text"": ""HAYS"", ""color"": ""navy""} > ```json > {""text"": ""Working for\nyour tomorrow"", ""color"": ""steelblue""} > ``` <!-- PAGE 26 --> <!-- image --> ## 5 OPERATING PROFIT The following costs are deducted from turnover to determine net fees: | (In £s million) | 2025 | 2024 | |--------------------------------------------|-----------|-----------| | Turnover | 6,607.0 | 6,949.1 | | Remuneration of temporary workers | (4,6"
Hays plc,LSE:HAS,2025-10-10,Q1 2026,filings/2025-10-10__has-ln-20251010-q1-8k__148167.md,structural_cost_savings,,permanent,4,,,%,company_expectation,new,Consultant headcount reduced by 4% sequentially in the quarter and by 15% YoY - Initiatives to deliver further structural cost savings of c.£45m per annum by the end of FY29 are progressing well and consequently our periodic cost base (1) has improved to c.£74m from c.£75m in Q4 - c.£40m net debt (30 June 2025: £37.0m net cash) reflecting seasonal outflows and timing of month end payments - The September net fee growth rate was in line with the quarter at minus 8% working day adjusted and we con
Hays plc,LSE:HAS,2025-10-10,Q1 2026,filings/2025-10-10__has-ln-20251010-q1-8k__148167.md,pre_exceptional_operating_profit,Australia & New Zealand,,,,,qualitative,company_expectation,qualitative,"Driven by strong consultant fee productivity growth and good cost discipline Group pre-exceptional operating profit was broadly stable YoY in Q1, including YoY increases in the UK&amp;I and ANZ, and in line with our expectations."
Hays plc,LSE:HAS,2025-10-10,Q1 2026,filings/2025-10-10__has-ln-20251010-q1-8k__148167.md,temp_outlook,,contracting,,,,qualitative,narrative,qualitative,"Through our Five Levers, we will achieve this by increasing our exposure to the most in-demand future job categories, higher skilled and higher paid roles, growing industries and end-markets, large Enterprise clients, and Temp &amp; Contracting."
Hays plc,LSE:HAS,2025-10-10,Q1 2026,filings/2025-10-10__has-ln-20251010-q1-8k__148167.md,structural_cost_savings,,,74,,,m,narrative,new,"## Periodic constant currency cost base has improved further to c.£74m Our programme to deliver c.£80m per annum structural cost savings by the end of FY29, comprising the c.£35m delivered in FY25 and the additional c.£45m target we communicated at our full year results, continues to progress well and our non-consultant headcount exited the quarter down 17% YoY."
Hays plc,LSE:HAS,2025-10-10,Q1 2026,filings/2025-10-10__has-ln-20251010-q1-8k__148167.md,consultant_headcount,Group,,,,,qualitative,company_expectation,qualitative,We were pleased with our net fee productivity through Q1 and believe our Group consultant headcount capacity is appropriate for current market conditions and therefore expect it to remain broadly stable in Q2 as we balance focused investment in high performing and potential business lines with improving productivity in more challenging areas.
Hays plc,LSE:HAS,2026-01-14,Q2 2026,filings/2026-01-14__has-ln-20260114-q2-8k__401006.md,structural_cost_savings,Germany,permanent,1,,,%,company_expectation,new,"Consultant headcount reduced by 1% sequentially and by 15% YoY - Strong progress with our i nitiatives to deliver further structural cost savings of c.£ 45 m per annum by the end of FY2 9 with c .£1 5 m annualised savings already secured in H1 26 - c.£40 m net cash (30 September 202 5: c.£40 m net debt ) reflecting seasonal inflows and timing of month end payments , and in line with our expectations ## Dirk Hahn, Chief Executive Officer , commented: ""Amidst ongoing macroeconomic uncertainty , ch"
Hays plc,LSE:HAS,2026-01-14,Q2 2026,filings/2026-01-14__has-ln-20260114-q2-8k__401006.md,pre_exceptional_operating_profit,Australia & New Zealand,,20,20,2,m,company_expectation,new,"Strong consultant fee productivity growth and cost discipline has broadly offset our lower net fees and, as a result, we expect pre-exceptional operating profit in our first half to be c.£ 20m, including YoY improvement in the UK&amp;I and ANZ , and in line with consensus expectations (2) ."
Hays plc,LSE:HAS,2026-01-14,Q2 2026,filings/2026-01-14__has-ln-20260114-q2-8k__401006.md,temp_outlook,,contracting,,,,qualitative,narrative,qualitative,"Through our Five Levers, we will achieve this by increasing our exposure to the most in -demand future job categories, higher skilled and higher paid roles , growing industries and end -markets, large Enterprise clients , and Temp &amp; Contracting ."
Hays plc,LSE:HAS,2026-01-14,Q2 2026,filings/2026-01-14__has-ln-20260114-q2-8k__401006.md,structural_cost_savings,,,4,,,,narrative,new,"<!-- PAGE 4 --> <!-- image --> ## Strong progress with o ur structural cost savings programme We will deliver c.£ 80 m per annum structural cost savings by the end of FY2 9, compris ing the c.£35m delivered in FY25 and the additional c.£45m target we communicated at our full year results ."
Hays plc,LSE:HAS,2026-01-14,Q2 2026,filings/2026-01-14__has-ln-20260114-q2-8k__401006.md,consultant_headcount,Group,,3,,,,company_expectation,new,We were pleased once again with our net fee productivity through Q2 and believe our Group consultant headcount capacity is appropriate for current market conditions and therefore expect it to remain broadly stable in Q 3 as we balance focused investment in high performing and potential business lines with improving productivity in more challenging areas.
Hays plc,LSE:HAS,2026-01-14,Q2 2026,filings/2026-01-14__has-ln-20260114-q2-8k__401006.md,net_fees,Rest of World,,21,21,26,%,company_expectation,new,"France, our largest RoW country, remained tough and loss -making with net fees down 21% but our actions to address productivity and costs are being delivered on plan so we expect an improved performance in H2 26 ."
Hays plc,LSE:HAS,2026-02-27,FY 2026,filings/2026-02-27__has-ln-20260227-filing__642792.md,perm_outlook,,permanent,,,,qualitative,narrative,qualitative,"Mark Dearnley, Chief Digital and Technology Officer, will become interim Chief Executive Officer until a permanent successor is in place."
Hays plc,LSE:HAS,2026-02-27,FY 2026,filings/2026-02-27__has-ln-20260227-filing__642792.md,perm_outlook,,permanent,,,,qualitative,narrative,qualitative,"A recruitment process to identify a permanent successor will begin immediately, led by the Nomination Committee with the support of external consultants."
Hays plc,LSE:HAS,2026-02-27,H1 2026,filings/2026-02-27__has-ln-20260227-h1-8k__642921.md,temp_outlook,,contracting,2,2,3,,company_expectation,new,We remain committed to maintaining balance sheet strength and 2-3x dividend cover while investing in the business - New Year Temp &amp; Contracting Return to Work volumes are building in line with prior year and our expectations.
Hays plc,LSE:HAS,2026-02-27,H1 2026,filings/2026-02-27__has-ln-20260227-h1-8k__642921.md,temp_outlook,,contracting,,,,qualitative,narrative,qualitative,"We are targeting the most in-demand sectors, roles and geographies, building stronger client relationships and increasing exposure to Temp &amp; Contracting recruitment, which will allow us to benefit from supportive long-term industry megatrends."
Hays plc,LSE:HAS,2026-02-27,H1 2026,filings/2026-02-27__has-ln-20260227-h1-8k__642921.md,temp_outlook,,contracting,,,,qualitative,company_expectation,qualitative,Our Temp &amp; Contracting New Year 'return to work' has been solid overall and in -line with the prior year and our expectations.
Hays plc,LSE:HAS,2026-02-27,H1 2026,filings/2026-02-27__has-ln-20260227-h1-8k__642921.md,pre_exceptional_operating_profit,,,3,3,1,,narrative,new,"When client and candidate confidence improve and the cycle recovers, I am confident we will deliver a strong drop through of net fee growth to operating profit.' <!-- PAGE 3 --> <!-- image --> - (1) Unless otherwise stated all growth rates in this statement are like-for-like (LFL), representing year-on-year (YoY) organic growth of continuing operations at constant currency."
Hays plc,LSE:HAS,2026-02-27,H1 2026,filings/2026-02-27__has-ln-20260227-h1-8k__642921.md,temp_outlook,,contracting,4,,,,company_expectation,new,<!-- PAGE 4 --> <!-- image --> ## Current trading Our Temp &amp; Contracting New Year 'return to work' has been solid overall and in-line with the prior year and our expectations.
Hays plc,LSE:HAS,2026-02-27,H1 2026,filings/2026-02-27__has-ln-20260227-h1-8k__642921.md,consultant_headcount,Group,,,,,qualitative,company_expectation,qualitative,We believe our Group consultant headcount capacity is appropriate for current market conditions and therefore expect it to remain broadly stable in Q3 as we balance focused investment in high performing and potential business lines with improving productivity in more challenging areas.
Hays plc,LSE:HAS,2026-02-27,H1 2026,filings/2026-02-27__has-ln-20260227-h1-8k__642921.md,structural_cost_savings,,,15,,,m,narrative,new,"We secured an additional c.£15 million annualised structural cost savings in H1 26, making strong progress towards our c.£45 million per annum target by FY29 and, in aggregate, our actions have now structurally improved our costs by c.£80 million per annum since the start of FY24."
Hays plc,LSE:HAS,2026-02-27,H1 2026,filings/2026-02-27__has-ln-20260227-h1-8k__642921.md,temp_outlook,,contracting,,,,qualitative,narrative,qualitative,"We will increase our exposure to the most indemand future job categories, growing industries and end-markets, higher skilled and higher paid roles, Temp &amp; Contracting and large Enterprise clients."
Hays plc,LSE:HAS,2026-02-27,H1 2026,filings/2026-02-27__has-ln-20260227-h1-8k__642921.md,pre_exceptional_operating_profit,Group,,5,5,250,,narrative,new,"<!-- PAGE 5 --> <!-- image --> Business line prioritisation, optimised resource allocation, and scaling our eight Focus countries will establish a broader base and enable the Group to achieve its long-term objective of returning to, and then exceeding, our previous peak operating profit of c.£250 million."
Hays plc,LSE:HAS,2026-02-27,H1 2026,filings/2026-02-27__has-ln-20260227-h1-8k__642921.md,net_fees,Germany,,4,,,%,narrative,new,"In Germany, Construction &amp; Property has increased from 4% of net fees in FY24 to 8% in H1 26 as we successfully targeted opportunities in the infrastructure and energy sectors."
Hays plc,LSE:HAS,2026-02-27,H1 2026,filings/2026-02-27__has-ln-20260227-h1-8k__642921.md,net_fees,,,,,,qualitative,company_expectation,qualitative,We expect new client wins to positively impact net fees in the second half.
Hays plc,LSE:HAS,2026-02-27,H1 2026,filings/2026-02-27__has-ln-20260227-h1-8k__642921.md,structural_cost_savings,,,,,,qualitative,narrative,qualitative,"## Delivering our Technology strategy Our Technology strategy, led by our new Chief Digital and Technology Officer, will reinforce our strong competitive position, improve consultant net fee productivity, and enable further structural cost savings."
Hays plc,LSE:HAS,2026-02-27,H1 2026,filings/2026-02-27__has-ln-20260227-h1-8k__642921.md,structural_cost_savings,,,15,,,m,narrative,new,"We have made strong progress towards this target, with c.£15 million annualised savings secured in H1 26 bringing total structural cost savings delivered to c.£80 million per annum."
Hays plc,LSE:HAS,2026-02-27,H1 2026,filings/2026-02-27__has-ln-20260227-h1-8k__642921.md,net_finance_charge,,,13,13,26,m,company_expectation,new,"We expect the net finance charge for FY26 to be c.£13 million, slightly below FY25 due to the impact of the defined benefit pension buy-in and lower utilisation of our revolving credit facility in H2 26, driven by improving working capital."
Hays plc,LSE:HAS,2026-02-27,H1 2026,filings/2026-02-27__has-ln-20260227-h1-8k__642921.md,effective_tax_rate,Group,,45,,,%,company_expectation,new,"We expect the Group's ETR in FY26 to be c.45%, consistent with the first half, assuming no material change in geographic mix of profits, and to reduce as profits rebuild over time."
Hays plc,LSE:HAS,2026-02-27,H1 2026,filings/2026-02-27__has-ln-20260227-h1-8k__642921.md,capex,,,30,30,35,m,company_expectation,new,"To date, the cost of our technology investment has been lower than initially expected and consequently we now anticipate c.£30 million capital expenditure in FY26 versus our previous guidance of c.£35 million."
Hays plc,LSE:HAS,2026-02-27,H1 2026,filings/2026-02-27__has-ln-20260227-h1-8k__642921.md,consultant_headcount,Group,,26,,,,company_expectation,new,We expect overall Group consultant headcount will remain broadly stable in Q3 26.
Hays plc,LSE:HAS,2026-02-27,H1 2026,filings/2026-02-27__has-ln-20260227-h1-8k__642921.md,consultant_headcount,Group,,,,,qualitative,company_expectation,qualitative,"We expect total Group headcount will continue to decrease as our multi-year programme to transform our front, middle and back-office functions will significantly reduce overheads and streamline processes."
Hays plc,LSE:HAS,2026-02-27,H1 2026,filings/2026-02-27__has-ln-20260227-h1-8k__642921.md,structural_cost_savings,Germany,,,,,qualitative,narrative,qualitative,"Significant actions were taken in Q2 to restructure our operations in Germany, reduce non-consultant headcount, and secure further structural cost savings which will benefit our second half."
Hays plc,LSE:HAS,2026-02-27,H1 2026,filings/2026-02-27__has-ln-20260227-h1-8k__642921.md,pre_exceptional_operating_profit,,,,,,qualitative,company_expectation,qualitative,"We expect that that when client and candidate confidence improves and the cycle recovers, we will deliver a healthy drop through of net fee growth to operating profit."
Hays plc,LSE:HAS,2026-02-27,H1 2026,filings/2026-02-27__has-ln-20260227-h1-8k__642921.md,net_fees,Rest of World,,20,,,%,company_expectation,new,"France, our largest RoW country, remained tough and loss-making with net fees down 20% but our actions to address productivity and costs are being delivered on plan so we expect an improved performance in the second half."
Hays plc,LSE:HAS,2026-02-27,H1 2026,filings/2026-02-27__has-ln-20260227-h1-8k__642921.md,effective_tax_rate,Group,,31,,,,narrative,new,"The Group's effective tax rate on a pre -exceptional basis for the six months ended 31 December 2025 was 44.8% (31 December 2024: 32.1%, 30 June 2025: 35.1%) and is based on the forecasted pre-exceptional effective tax rate for the full year."
Hays plc,LSE:HAS,2026-02-27,H1 2026,filings/2026-02-27__has-ln-20260227-h1-8k__642921.md,pre_exceptional_operating_profit,Germany,,31,,,,company_expectation,new,For the six months ended 31 December 2025 these are calculated as follows: Six months to 31 December Six months to 31 December Foreign 2024 31 December 2024 exchange at constant Organic 2025 (In £s million) (unaudited) impact currency growth (unaudited) Net fees Germany 157.1 6.1 163.2 (17.7) 145.5 United Kingdom & Ireland 97.4 0.2 97.6 (9.0) 88.6 Australia & New Zealand 60.4 (2.7) 57.7 (1.8) 55.9 Rest of World 181.1 2.5 183.6 (20.3) 163.3 Group 496.0 6.1 502.1 (48.8) 453.3 Operating profit befo
Hays plc,LSE:HAS,2026-04-16,Q3 2026,filings/2026-04-16__has-ln-20260416-filing-2__955810.md,net_fees,Germany,contracting,8,,,%,company_expectation,new,## Highlights - Group net fees down 8% YoY with Temp &amp; Contracting and Perm down 6% and 12 % respectively - Temp &amp; Contracting volumes remain solid and the YoY decline in average hours worked in Germany was in line with our expectations during the quarter .
Hays plc,LSE:HAS,2026-04-16,Q3 2026,filings/2026-04-16__has-ln-20260416-filing-2__955810.md,structural_cost_savings,,contracting,7,,,%,company_expectation,new,"Perm remain s challenging overall - Tenth consecutive positive quarter of consultant net fee productivity growth up 7%, good conversion of our Enterprise Solutions bid pipeline , and further good Temp &amp; Contracting net fee growth in several of our Focus countries particularly Japan and Spain (1) - Strong progress with our i nitiatives to deliver further structural cost savings of c.£ 45 m per annum by the end of FY2 9 with c .£30 m annualised savings already secured in the first nine months "
Hays plc,LSE:HAS,2026-04-16,Q3 2026,filings/2026-04-16__has-ln-20260416-filing-2__955810.md,pre_exceptional_operating_profit,,contracting,2,2,8,,company_expectation,new,"Although near term market conditions are likely to remain challenging , we currently expect FY26 pre-exceptional operating profit will be in line with consensus (2) ## Mark Dearnley , Interim Chief Executive Officer , commented: 'Net fees declined by 8% in Q3 but we continue to deliver s trong consultant productivity growth , good Temp &amp; Contracting growth in several of our Focus countries , and our substantial bid pipeline with Enterprise clients is convert ing well."
Hays plc,LSE:HAS,2026-04-16,Q3 2026,filings/2026-04-16__has-ln-20260416-filing-2__955810.md,net_fees,Germany,contracting,6,,,%,company_expectation,new,Temp &amp; Contracting net fees decreased by 6% as volumes remained solid and the YoY decline in average hours worked in Germany was in line with our expectations during the quarter.
Hays plc,LSE:HAS,2026-04-16,Q3 2026,filings/2026-04-16__has-ln-20260416-filing-2__955810.md,perm_outlook,Group,permanent,3,,,%,narrative,new,The Group average Perm fee was up 3% supported by our actions to target higher salary roles .
Hays plc,LSE:HAS,2026-04-16,Q3 2026,filings/2026-04-16__has-ln-20260416-filing-2__955810.md,temp_outlook,,contracting,,,,qualitative,narrative,qualitative,"We will increase our exposure to the most in-demand future job categories, growing industries and end -markets, higher skilled and higher paid roles, Temp &amp; Contracting and large Enterprise clients."
Hays plc,LSE:HAS,2026-04-16,Q3 2026,filings/2026-04-16__has-ln-20260416-filing-2__955810.md,pre_exceptional_operating_profit,Group,,250,,,m,narrative,new,"Business line prioritisation, optimised resource allocation, and scaling our eight Focus countries will establish a broader base and enable the Group to achieve its long -term objective of returning to, and then exceeding, our previous peak operating profit of c.£250m."
Hays plc,LSE:HAS,2026-04-16,Q3 2026,filings/2026-04-16__has-ln-20260416-filing-2__955810.md,net_fees,,,,,,qualitative,company_expectation,qualitative,We have recently signed s everal new contracts which we expect to contribute to net fees over the coming quarters .
Hays plc,LSE:HAS,2026-04-16,Q3 2026,filings/2026-04-16__has-ln-20260416-filing-2__955810.md,temp_outlook,,contracting,,,,qualitative,company_expectation,qualitative,"## Trading outlook Although we have limited forward visibility, we are mindful of heightened global macro -economic uncertainty and expect near term market conditions to remain challenging , with greater resilience in Temp &amp; Contracting than in Perm ."
Hays plc,LSE:HAS,2026-04-16,Q3 2026,filings/2026-04-16__has-ln-20260416-filing-2__955810.md,pre_exceptional_operating_profit,,,6,6,45,p,company_expectation,new,FY2 6 pre-exceptional operating profit is expected to be in line with market consensus expectations of £45.
Hays plc,LSE:HAS,2026-04-16,Q3 2026,filings/2026-04-16__has-ln-20260416-filing-2__955810.md,consultant_headcount,Group,,3,3,4,,company_expectation,new,We were pleased once again with our net fee productivity through Q 3 and believe our Group consultant headcount capacity is appropriate for current market conditions and therefore expect it to remain broadly stable in Q 4 as we balance focused investment in high performing and potential business lines with improving productivity in more challenging areas.
Hays plc,LSE:HAS,2026-04-16,Q3 2026,filings/2026-04-16__has-ln-20260416-filing-2__955810.md,temp_outlook,,contracting,,,,qualitative,company_expectation,qualitative,"Temp &amp; Contracting v olumes remai ned solid overall with Return to Work in line with prior year and the YoY decline in average hours worked during the quarter, predominantly in our public sector and Enterprise clients, was in line with our expectations ."
Hays plc,LSE:HAS,2026-04-16,Q3 2026,filings/2026-04-16__has-ln-20260416-filing-2__955810.md,net_fees,Rest of World,,17,17,26,%,company_expectation,new,"France, our largest RoW country, remained tough and loss -making with net fees down 17% but our actions to address productivity and costs are being delivered on plan and we expect an improved performance in H2 26 ."
Hays plc,LSE:HAS,2026-04-16,Q3 2026,filings/2026-04-16__has-ln-20260416-q3-8k-2__955907.md,net_fees,Germany,contracting,8,,,%,company_expectation,new,## Highlights - Group net fees down 8% YoY with Temp &amp; Contracting and Perm down 6% and 12 % respectively - Temp &amp; Contracting volumes remain solid and the YoY decline in average hours worked in Germany was in line with our expectations during the quarter .
Hays plc,LSE:HAS,2026-04-16,Q3 2026,filings/2026-04-16__has-ln-20260416-q3-8k-2__955907.md,structural_cost_savings,,contracting,7,,,%,company_expectation,new,"Perm remain s challenging overall - Tenth consecutive positive quarter of consultant net fee productivity growth up 7%, good conversion of our Enterprise Solutions bid pipeline , and further good Temp &amp; Contracting net fee growth in several of our Focus countries particularly Japan and Spain (1) - Strong progress with our i nitiatives to deliver further structural cost savings of c.£ 45 m per annum by the end of FY2 9 with c .£30 m annualised savings already secured in the first nine months "
Hays plc,LSE:HAS,2026-04-16,Q3 2026,filings/2026-04-16__has-ln-20260416-q3-8k-2__955907.md,pre_exceptional_operating_profit,,contracting,2,2,8,,company_expectation,new,"Although near term market conditions are likely to remain challenging , we currently expect FY26 pre-exceptional operating profit will be in line with consensus (2) ## Mark Dearnley , Interim Chief Executive Officer , commented: 'Net fees declined by 8% in Q3 but we continue to deliver s trong consultant productivity growth , good Temp &amp; Contracting growth in several of our Focus countries , and our substantial bid pipeline with Enterprise clients is convert ing well."
Hays plc,LSE:HAS,2026-04-16,Q3 2026,filings/2026-04-16__has-ln-20260416-q3-8k-2__955907.md,net_fees,Germany,contracting,6,,,%,company_expectation,new,Temp &amp; Contracting net fees decreased by 6% as volumes remained solid and the YoY decline in average hours worked in Germany was in line with our expectations during the quarter.
Hays plc,LSE:HAS,2026-04-16,Q3 2026,filings/2026-04-16__has-ln-20260416-q3-8k-2__955907.md,perm_outlook,Group,permanent,3,,,%,narrative,new,The Group average Perm fee was up 3% supported by our actions to target higher salary roles .
Hays plc,LSE:HAS,2026-04-16,Q3 2026,filings/2026-04-16__has-ln-20260416-q3-8k-2__955907.md,temp_outlook,,contracting,,,,qualitative,narrative,qualitative,"We will increase our exposure to the most in-demand future job categories, growing industries and end -markets, higher skilled and higher paid roles, Temp &amp; Contracting and large Enterprise clients."
Hays plc,LSE:HAS,2026-04-16,Q3 2026,filings/2026-04-16__has-ln-20260416-q3-8k-2__955907.md,pre_exceptional_operating_profit,Group,,250,,,m,narrative,new,"Business line prioritisation, optimised resource allocation, and scaling our eight Focus countries will establish a broader base and enable the Group to achieve its long -term objective of returning to, and then exceeding, our previous peak operating profit of c.£250m."
Hays plc,LSE:HAS,2026-04-16,Q3 2026,filings/2026-04-16__has-ln-20260416-q3-8k-2__955907.md,net_fees,,,,,,qualitative,company_expectation,qualitative,We have recently signed s everal new contracts which we expect to contribute to net fees over the coming quarters .
Hays plc,LSE:HAS,2026-04-16,Q3 2026,filings/2026-04-16__has-ln-20260416-q3-8k-2__955907.md,temp_outlook,,contracting,,,,qualitative,company_expectation,qualitative,"## Trading outlook Although we have limited forward visibility, we are mindful of heightened global macro -economic uncertainty and expect near term market conditions to remain challenging , with greater resilience in Temp &amp; Contracting than in Perm ."
Hays plc,LSE:HAS,2026-04-16,Q3 2026,filings/2026-04-16__has-ln-20260416-q3-8k-2__955907.md,pre_exceptional_operating_profit,,,6,6,45,p,company_expectation,new,FY2 6 pre-exceptional operating profit is expected to be in line with market consensus expectations of £45.
Hays plc,LSE:HAS,2026-04-16,Q3 2026,filings/2026-04-16__has-ln-20260416-q3-8k-2__955907.md,consultant_headcount,Group,,3,3,4,,company_expectation,new,We were pleased once again with our net fee productivity through Q 3 and believe our Group consultant headcount capacity is appropriate for current market conditions and therefore expect it to remain broadly stable in Q 4 as we balance focused investment in high performing and potential business lines with improving productivity in more challenging areas.
Hays plc,LSE:HAS,2026-04-16,Q3 2026,filings/2026-04-16__has-ln-20260416-q3-8k-2__955907.md,temp_outlook,,contracting,,,,qualitative,company_expectation,qualitative,"Temp &amp; Contracting v olumes remai ned solid overall with Return to Work in line with prior year and the YoY decline in average hours worked during the quarter, predominantly in our public sector and Enterprise clients, was in line with our expectations ."
Hays plc,LSE:HAS,2026-04-16,Q3 2026,filings/2026-04-16__has-ln-20260416-q3-8k-2__955907.md,net_fees,Rest of World,,17,17,26,%,company_expectation,new,"France, our largest RoW country, remained tough and loss -making with net fees down 17% but our actions to address productivity and costs are being delivered on plan and we expect an improved performance in H2 26 ."
Hays plc,LSE:HAS,2026-06-17,FY 2026,filings/2026-06-17__has-ln-20260617-filing__1522439.md,pre_exceptional_operating_profit,,,13,,,,company_expectation,new,"In aggregate, these 13 countries are expected to deliver a broadly break even pre-exceptional operating profit on c.£85 million net fees in the 12 months to 30 June 2026."
Hays plc,LSE:HAS,2026-07-10,Q4 2026,filings/2026-07-10__has-ln-20260710-filing-2__1572799.md,net_fees,Germany,contracting,5,,,%,company_expectation,new,## Highlights - Group net fees down 5% YoY (1) with Temp &amp; Contracting and Perm down 3% and 7% respectively - Temp &amp; Contracting volumes remain stable and average hours worked in Germany were stable and in line with expectations .
Hays plc,LSE:HAS,2026-07-10,Q4 2026,filings/2026-07-10__has-ln-20260710-filing-2__1572799.md,pre_exceptional_operating_profit,Germany,contracting,8,,,%,company_expectation,new,"Perm remain s challenging overall and softened slightly through the quarter in several markets - Eleventh consecutive positive quarter of consultant net fee productivity growth up 8%, good conversion of our Enterprise Solutions bid pipeline , and further good Temp &amp; Contracting net fee growth in Japan and Spain - Strong progress with our i nitiatives to deliver further structural cost savings of c.£ 45 m per annum by the end of FY2 9 with c.£50 m annualised savings secured three years ahead "
Hays plc,LSE:HAS,2026-07-10,Q4 2026,filings/2026-07-10__has-ln-20260710-filing-2__1572799.md,pre_exceptional_operating_profit,,,,,,qualitative,company_expectation,qualitative,We continue to make strong progress with our structural cost and productivity initiatives and currently expect FY26 pre -exceptional operating profit will be at the top of the consensus range following a return to strong YoY growth in the second half.
Hays plc,LSE:HAS,2026-07-10,Q4 2026,filings/2026-07-10__has-ln-20260710-filing-2__1572799.md,net_fees,Germany,contracting,3,,,%,company_expectation,new,Temp &amp; Contracting net fees decreased by 3% as volumes remained stable and the YoY decline in average hours worked in Germany was in line with our expectations and stable during the quarter.
Hays plc,LSE:HAS,2026-07-10,Q4 2026,filings/2026-07-10__has-ln-20260710-filing-2__1572799.md,perm_outlook,Group,permanent,3,,,%,narrative,new,The Group average Perm fee was up 3% supported by our actions to target higher salary roles .
Hays plc,LSE:HAS,2026-07-10,Q4 2026,filings/2026-07-10__has-ln-20260710-filing-2__1572799.md,pre_exceptional_operating_profit,,,26,,,,company_expectation,new,## Trading outlook Our actions to deliver s trong consultant net fee productivity growth and cost discipline continue d to offset our lower net fees in H2 26 and w e currently expect FY26 pre -exceptional operating profit will be at the top of the £37 .0-46 .0m consensus rang e (2) .
Hays plc,LSE:HAS,2026-07-10,Q4 2026,filings/2026-07-10__has-ln-20260710-filing-2__1572799.md,temp_outlook,,contracting,,,,qualitative,company_expectation,qualitative,"Although we have limited forward visibility, we are mindful of heightened global macro -economic uncertainty and expect near term market conditions to remain challenging , with greater resilience in Temp &amp; Contracting than in Perm."
Hays plc,LSE:HAS,2026-07-10,Q4 2026,filings/2026-07-10__has-ln-20260710-filing-2__1572799.md,consultant_headcount,Group,,4,,,,company_expectation,new,We were pleased once again with our net fee productivity through Q 4 and believe our Group consultant headcount capacity is appropriate for current market conditions and therefore expect it to remain broadly stable in Q 1 27 as we balance focused investment in high performing and potential business lines with improving productivity in more challenging areas.
Hays plc,LSE:HAS,2026-07-10,Q4 2026,filings/2026-07-10__has-ln-20260710-q4-8k__1572805.md,net_fees,Germany,contracting,5,,,%,company_expectation,new,## Highlights - Group net fees down 5% YoY (1) with Temp &amp; Contracting and Perm down 3% and 7% respectively - Temp &amp; Contracting volumes remain stable and average hours worked in Germany were stable and in line with expectations .
Hays plc,LSE:HAS,2026-07-10,Q4 2026,filings/2026-07-10__has-ln-20260710-q4-8k__1572805.md,pre_exceptional_operating_profit,Germany,contracting,8,,,%,company_expectation,new,"Perm remain s challenging overall and softened slightly through the quarter in several markets - Eleventh consecutive positive quarter of consultant net fee productivity growth up 8%, good conversion of our Enterprise Solutions bid pipeline , and further good Temp &amp; Contracting net fee growth in Japan and Spain - Strong progress with our i nitiatives to deliver further structural cost savings of c.£ 45 m per annum by the end of FY2 9 with c.£50 m annualised savings secured three years ahead "
Hays plc,LSE:HAS,2026-07-10,Q4 2026,filings/2026-07-10__has-ln-20260710-q4-8k__1572805.md,pre_exceptional_operating_profit,,,,,,qualitative,company_expectation,qualitative,We continue to make strong progress with our structural cost and productivity initiatives and currently expect FY26 pre -exceptional operating profit will be at the top of the consensus range following a return to strong YoY growth in the second half.
Hays plc,LSE:HAS,2026-07-10,Q4 2026,filings/2026-07-10__has-ln-20260710-q4-8k__1572805.md,net_fees,Germany,contracting,3,,,%,company_expectation,new,Temp &amp; Contracting net fees decreased by 3% as volumes remained stable and the YoY decline in average hours worked in Germany was in line with our expectations and stable during the quarter.
Hays plc,LSE:HAS,2026-07-10,Q4 2026,filings/2026-07-10__has-ln-20260710-q4-8k__1572805.md,perm_outlook,Group,permanent,3,,,%,narrative,new,The Group average Perm fee was up 3% supported by our actions to target higher salary roles .
Hays plc,LSE:HAS,2026-07-10,Q4 2026,filings/2026-07-10__has-ln-20260710-q4-8k__1572805.md,pre_exceptional_operating_profit,,,26,,,,company_expectation,new,## Trading outlook Our actions to deliver s trong consultant net fee productivity growth and cost discipline continue d to offset our lower net fees in H2 26 and w e currently expect FY26 pre -exceptional operating profit will be at the top of the £37 .0-46 .0m consensus rang e (2) .
Hays plc,LSE:HAS,2026-07-10,Q4 2026,filings/2026-07-10__has-ln-20260710-q4-8k__1572805.md,temp_outlook,,contracting,,,,qualitative,company_expectation,qualitative,"Although we have limited forward visibility, we are mindful of heightened global macro -economic uncertainty and expect near term market conditions to remain challenging , with greater resilience in Temp &amp; Contracting than in Perm."
Hays plc,LSE:HAS,2026-07-10,Q4 2026,filings/2026-07-10__has-ln-20260710-q4-8k__1572805.md,consultant_headcount,Group,,4,,,,company_expectation,new,We were pleased once again with our net fee productivity through Q 4 and believe our Group consultant headcount capacity is appropriate for current market conditions and therefore expect it to remain broadly stable in Q 1 27 as we balance focused investment in high performing and potential business lines with improving productivity in more challenging areas.
Hays plc,LSE:HAS,2019-02-21,H1 2019,slides/2019-02-21__has-ln-20190221-slide__545625.md,pre_exceptional_operating_profit,,,,,,qualitative,company_expectation,qualitative,** **Similar rate expected in H2** * Represents the conversion of net fees into operating profit.
Hays plc,LSE:HAS,2019-02-21,H1 2019,slides/2019-02-21__has-ln-20190221-slide__545625.md,effective_tax_rate,,,30.5,,,%,company_expectation,new,The background of the image is white.* ### ## **DECREASE IN 'ETR' TO 30.5% DRIVEN BY MIX OF PROFITS ** ### **Finance charge and taxation** | Six months ended 31 December | 2018<br>£m | 2017<br>£m | |---|---|---| | Finance charge | | | | Net interest charge on debt | (1.0) | (0.8) | | Interest unwind of discount on Acquisition Liability | - | (0.6) | | IAS 19 pension charge (non-cash) | (0.3) | (1.0) | | PPF levy | (0.1) | (0.2) | | Other interest payable | (0.1) | - | | Net finance charge | (1.5
Hays plc,LSE:HAS,2019-02-21,H1 2019,slides/2019-02-21__has-ln-20190221-slide__545625.md,capex,,,78.5,,,m,narrative,new,"At the top of the image, the ""Operating cash flow"" is stated as £78.5m (H1 18: £74.1m).* **For FY19, Capex guidance is c.£30m and D&A guidance is c.£20m** *Image: The image is a logo for Hays, a recruiting company."
Hays plc,LSE:HAS,2019-02-21,H1 2019,slides/2019-02-21__has-ln-20190221-slide__545625.md,pre_exceptional_operating_profit,Germany,,5,,,%,narrative,new,"To the right of ""HAYS,"" also in dark blue text, are the words ""Recruiting experts"" on the top line and ""worldwide"" on the bottom line, with ""worldwide"" being slightly larger and bolder than ""Recruiting experts."" The background of the image is white.* ### ## **INTERIM DIVIDEND INCREASED BY 5%** ### ## **FREE CASH ** **FLOW ** **PRIORITIES** - Fund Group investments and development - Maintain a strong balance sheet - Deliver a core dividend which is sustainable, progressive and appropriate ### ## "
Hays plc,LSE:HAS,2019-08-29,FY 2019,slides/2019-08-29__has-ln-20190829-slide__546317.md,effective_tax_rate,,,29.5,,,%,company_expectation,new,The background of the image is white.* ### DECREASE IN 'ETR' TO 29.5%<sup>‡</sup> DRIVEN BY MIX OF PROFITS ### Finance charge and taxation | Year ended 30 June | 2019<br>£m | 2018<br>£m | |---|---|---| | Finance charge | | | | Net interest charge on debt | (1.7) | (1.6) | | Interest unwind of discount on Acquisition Liability | - | (0.6) | | IAS 19 pension charge (non-cash) | (0.5) | (2.1) | | PPF levy | (0.2) | (0.3) | | Other interest payable | (0.1) | (0.3) | | Net finance charge | (2.5) | (4
Hays plc,LSE:HAS,2019-08-29,FY 2019,slides/2019-08-29__has-ln-20190829-slide__546317.md,effective_tax_rate,,,16,,,,narrative,new,"The background of the image is white.* ### ### **FY20 P&L GUIDANCE, INCLUDING IFRS 16 IMPACT** | | | FY2019 Guidance | | | | | | |---|---|---|---|---|---|---|---| | £m | FY19 ITMPAC SFR16*o | | Propertyiepansonsx | Additionadditionprecasononfid*teassx | SIA19itneres*onpenson | Cit-ossangsvl dFY19treaetresrcrngu | FY20 TltoItmpac | | Nfteees | - | | - | - | - | - | - | | Ohi tteroprangcos | 45.0 | | - | - | - | 3.0 | 48.0 | | Ditprecason | (43.0) | | (0)5."
Hays plc,LSE:HAS,2019-08-29,FY 2019,slides/2019-08-29__has-ln-20190829-slide__546317.md,pre_exceptional_operating_profit,,,30,,,m,narrative,new,"An arrow indicates the transition from the waterfall chart to the stacked bar chart.* ### **For FY20, capex guidance is c.£30m** ‡ FY19 operating profit and FY19 cash from operations both exclude exceptional items."
Hays plc,LSE:HAS,2019-08-29,FY 2019,slides/2019-08-29__has-ln-20190829-slide__546317.md,pre_exceptional_operating_profit,Germany,,137.9,,,m,narrative,new,"The background of the image is white.* ### # TOTAL FY19 DIVIDEND PAYOUT OF £137.9 MILLION (FY18: £128.3 MILLION), INCLUDING PROPOSED SPECIAL DIVIDEND OF £79.7 MILLION ### ## FREE CASH FLOW PRIORITIES - Fund Group investments and development - Maintain a strong balance sheet - Deliver a core dividend which is sustainable, progressive and appropriate ### # CORE DIVIDEND POLICY Target core dividend cover of 2.0x to 3.0x Group EPS<sup>‡</sup> - Full-year dividend increased by 4% to 3.97p per share ("
Hays plc,LSE:HAS,2019-08-29,FY 2019,slides/2019-08-29__has-ln-20190829-slide__546317.md,consultant_headcount,Germany,,,,,qualitative,company_expectation,qualitative,"EMEA ex-Germany is broadly stable ### ## Group - Headcount growth in Q1 FY20 expected to be modestly up sequentially, including the impact of our normal seasonal graduate intake."
Hays plc,LSE:HAS,2020-02-20,H1 2020,slides/2020-02-20__has-ln-20200220-slide__545794.md,pre_exceptional_operating_profit,Germany,,2022,,,,narrative,new,"The background of the image is white.* ### ## **MATERIAL SLOWDOWN IN GLOBAL ECONOMIC GROWTH WILL DELAY ** **ACHIEVEMENT OF OUR 2022 ASPIRATIONS** *Image: The image is a dashboard displaying operating profit data for four regions: Australia & NZ, Germany, UK & Ireland, and Rest of World."
Hays plc,LSE:HAS,2020-02-20,H1 2020,slides/2020-02-20__has-ln-20200220-slide__545794.md,effective_tax_rate,Group,,16,,,,company_expectation,new,The background of the image is white.* ### ## **INCREASE IN FINANCE CHARGE DUE TO IFRS 16 NON-CASH CHARGE** ### **Finance charge and taxation** | Six months ended 31 December | 2019<br>£m | 2018<br>£m | |---|---|---| | Finance charge | | | | Net interest charge on debt | (0.7) | (1.1) | | IFRS 16 interest on lease liabilities (non-cash) | (2.8) | - | | IAS 19 pension charge (non-cash) | (0.9) | (0.3) | | PPF levy | (0.1) | (0.1) | | Net finance charge | (4.5) | (1.5) | ▪ We expect the net financ
Hays plc,LSE:HAS,2020-02-20,H1 2020,slides/2020-02-20__has-ln-20200220-slide__545794.md,capex,,,15.0,,,m,narrative,new,"The components, from top to bottom, are: * ""Net capex"" at £15.0m (purple) * ""Pensions"" at £8.1m (grey) * ""Special dividend"" at £79.7m (light blue) * ""Core dividend"" at £41.9m (dark blue) * ""FX / Other"" at £4.4m (orange) * ""Decrease in net cash"" at £(116.5)m (pink) The stacked bar chart shows that the sum of the outflows (capex, pensions, special dividend, core dividend, FX/Other) exceeds the free cash flow, resulting in a net decrease in cash.* ### For FY20, capex guidance remains c.£30m * Non-c"
Hays plc,LSE:HAS,2020-02-20,H1 2020,slides/2020-02-20__has-ln-20200220-slide__545794.md,effective_tax_rate,,contracting,31,,,,narrative,new,"The text is positioned against a white background.* ### ## **A STRONG BALANCE SHEET** ### **Balance sheet analysis** | | £m | 31 Dec<br>2019 | 30 Jun<br>2019 | |---|---|---|---| | Goodwill & intangibles | 263.0 | 265.6 | | | Property, plant & equipment | 31.7 | 33.0 | | | Right-of-use asset (IFRS 16) | 218.7 | - | | | Net deferred tax | 12.8 | 15.6 | | | Retirement benefit surplus | 29.2 | 19.7 | | | Net working capital* | 302.7 | 263.6 | | | Net tax liabilities | (10.1) | (17.4) | | | Derivativ"
Hays plc,LSE:HAS,2020-02-20,H1 2020,slides/2020-02-20__has-ln-20200220-slide__545794.md,pre_exceptional_operating_profit,Germany,permanent,1.11,,,p,narrative,new,"The background of the image is white.* ### ## **INTERIM DIVIDEND MAINTAINED AT 1.11p** ### ## **FREE CASH ** **FLOW ** **PRIORITIES** - Fund Group investments and development - Maintain a strong balance sheet - Deliver a core dividend which is sustainable, progressive and appropriate ### ## **CORE ** **DIVIDEND ** **POLICY** - Target core dividend cover of 2.0x to 3.0x Group EPS - Interim dividend maintained at 1.11p per share ### ## **EXCESS ** **CASH ** **RETURNS ** **POLICY** - Third special "
Hays plc,LSE:HAS,2020-02-20,H1 2020,slides/2020-02-20__has-ln-20200220-slide__545794.md,pre_exceptional_operating_profit,Rest of World,,65,,,%,narrative,new,"Private sector hit by uncertainties - RoW profitability decreased primarily due to the sharp slowdown in China, the impact of general strikes in France during December and investment in Asian property - Given the markets we now face, we will continue to balance investing for the long-term with managing near-term profitability ### **GOOD CASH PERFORMANCE; INTERIM DIVIDEND MAINTAINED** - Good conversion of operating profit into operating cash flow of 65% (H1 19: 63%) - Interim core dividend mainta"
Hays plc,LSE:HAS,2020-02-20,H1 2020,slides/2020-02-20__has-ln-20200220-slide__545794.md,consultant_headcount,Germany,,5,,,m,company_expectation,new,"EMEA ex-Germany RTW has been solid overall ### ## **Group** - Closely monitoring the effect of the coronavirus outbreak, but too early to quantify the financial impact on the second half - Overhead reduction programme will reduce second-half costs by £5m with further cost review underway - Expect headcount to be broadly stable in the second half *Image: A man in a dark blue suit and a patterned blue tie sits at a table in a modern office setting, working on a laptop."
Hays plc,LSE:HAS,2020-08-27,FY 2020,slides/2020-08-27__has-ln-20200827-slide__75001.md,pre_exceptional_operating_profit,,,,,,qualitative,company_expectation,qualitative,expected savings [^]: ^{&}lt;sup>‡</sup> Operating profit excludes exceptional items for FY19 and FY20.
Hays plc,LSE:HAS,2020-08-27,FY 2020,slides/2020-08-27__has-ln-20200827-slide__75001.md,consultant_headcount,,,20,,,%,company_expectation,new,"The tagline is vertically centered relative to the &quot;HAYS&quot; logo.](page_19_Picture_0.jpeg) # # 20% REDUCTION IN COST RUN-RATE* THROUGH Q4 BUT WE EXPECT MODEST UPLIFT IN FY21 AS WE RETURN TO MORE NORMAL OPERATIONS [^]: ^{**}Savings comprise: c.£4m commissions, c.£3m headcount savings, £2m lower management incentive costs & voluntary pay reduction."
Hays plc,LSE:HAS,2020-08-27,FY 2020,slides/2020-08-27__has-ln-20200827-slide__75001.md,effective_tax_rate,Group,,16,,,,narrative,new,"The background of the entire image is white.](page_22_Picture_0.jpeg) # # FINANCE CHARGE UP DUE TO IFRS 16 NON-CASH ITEM; ETR INCREASE DRIVEN BY MIX OF PROFITS AND DEFERRED TAX MOVEMENT # ### Finance charge and taxation # ### **Taxation ** | | | | |---|---|---| | Effective tax rate (ETR) – pre-exceptional items | 36.6% | 29.5% | - Increase in ETR reflects the Group's geographical mix of profits, the impact of trading losses in certain countries, and a writedown of the UK deferred tax asset - At "
Hays plc,LSE:HAS,2020-08-27,FY 2020,slides/2020-08-27__has-ln-20200827-slide__75001.md,pre_exceptional_operating_profit,Germany,,39.9,,,m,narrative,new,"The entire composition is set against a plain white background.](page_23_Picture_0.jpeg) # # EXCEPTIONAL COST OF £39.9 MILLION; OF WHICH £20.3 MILLION NON-CASH | Year ended 30 June 2020<br>(£m) | Net fees | Operating profit | |---|---|---| | FY20 Pre-exceptional | 996.2 | 135.0 | | Restructuring costs | - | (19.6) | | US acquisition goodwill impairment | - | (20.3) | | FY20 Post-exceptional | 996.2 | 95.1 | - During the year, the Group incurred an exceptional charge of £39.9 million (FY19: £15.1"
Hays plc,LSE:HAS,2020-08-27,FY 2020,slides/2020-08-27__has-ln-20200827-slide__75001.md,structural_cost_savings,,,15,15,2,m,company_expectation,new,"We anticipate annualised cost savings of c.£15m, c.£2m of which were realised in FY20."
Hays plc,LSE:HAS,2020-08-27,FY 2020,slides/2020-08-27__has-ln-20200827-slide__75001.md,pre_exceptional_operating_profit,,,243.5,,,,narrative,new,The background of the entire image is white.](page_24_Picture_0.jpeg) # ### VERY STRONG UNDERLYING CASH PERFORMANCE | Cash from | operations^{‡} ( | £m) | |---|---|---| | FY18 | 243.5 | | | FY19 | 263.0 | | | FY20 | 247.4 | | # #### FY20 uses/(sources) of cash flow Operating profit<sup>‡</sup> to free cash flow conversion (£m) Cash from operations<sup>‡</sup>** £247.4m Net capex £25.8m Pensions £16.1m (FY19: £263.0m) Special dividend £79.7m Core dividend £41.9m FX / Other £12.1m (118.3)(46.4)** 
Hays plc,LSE:HAS,2020-08-27,FY 2020,slides/2020-08-27__has-ln-20200827-slide__75001.md,capex,,,366.2,,,m,company_expectation,new,"The values are displayed directly above each bar.](page_25_Figure_4.jpeg) # #### **NET CASH POSITION ** FY20 ended with net cash of £366.2 million (c.£485 million including short-term deferral of tax payments), including payment of £121.6 million dividends in H1 and equity raise of £195.9 million in Q4 # #### £210 MILLION BANK FACILITY EXTENDED - Signed in November 2018, original maturity date of November 2023, now extended to November 2024 - Admission to the Bank of England's CCFF scheme, with "
Hays plc,LSE:HAS,2020-08-27,FY 2020,slides/2020-08-27__has-ln-20200827-slide__75001.md,net_fees,Group,,374,,,m,narrative,new,"The entire composition is set against a plain white background.](page_27_Picture_0.jpeg) # ## HIGHLY CASH GENERATIVE BUSINESS MODEL, WITH A STRONG HISTORY OF RETURNING CAPITAL TO SHAREHOLDERS # ### FREE CASH FLOW PRIORITIES - Fund Group investments and development - Maintain a strong balance sheet - When appropriate, pay a sustainable core dividend - £374 million in total dividends paid in respect of FY17 to FY19 # ### EXCESS CASH RETURNS POLICY - Given the current level of macroeconomic uncerta"
Hays plc,LSE:HAS,2020-08-27,FY 2020,slides/2020-08-27__has-ln-20200827-slide__75001.md,temp_outlook,Australia & New Zealand,temp,,,,qualitative,narrative,qualitative,"TEMP MARKETS STABLE OVERALL; WITH SOME SIGNS OF MODEST IMPROVEMENT IN PERM # ### Current trading conditions and outlook by region # ### ANZ Our business has been stable since mid-April, and we began to see signs of modest improvement in activity in July, particularly in Perm."
Hays plc,LSE:HAS,2020-08-27,FY 2020,slides/2020-08-27__has-ln-20200827-slide__75001.md,consultant_headcount,Group,,,,,qualitative,company_expectation,qualitative,"We expect Group headcount at the end of Q1 FY21 to be down sequentially, due to non-replacement of leavers and a lower than usual graduate intake ![A man sits at a desk in a modern office with large windows overlooking a city."
Hays plc,LSE:HAS,2020-08-27,FY 2020,slides/2020-08-27__has-ln-20200827-slide__75001.md,temp_outlook,,contracting,,,,qualitative,company_expectation,qualitative,"The entire logo is set against a plain white background.](page_32_Picture_0.jpeg) # ### **PANDEMIC ACCELERATED INDUSTRY MEGATRENDS** **SHORTAGES ****AND BUSINSS ** # ### **MORE AND VARIED ****WAYS OF BUILDING ****A CAREER** # ### **DEMANDS FOR ****FLEXIBILITY** **SKILL ** # ### **STRUCTURAL ****MARKET GROWTH ****AND EVOLVING ****CLIENT DEMANDS** **EMERGENCE OF ****NEW, AND EVOLVING, ****TECHNOLOGIES** - High exposure to technical specialisms like IT & Life Sciences - As markets stabilise, we can"
Hays plc,LSE:HAS,2021-02-18,H1 2021,slides/2021-02-18__has-ln-20210218-slide__74970.md,pre_exceptional_operating_profit,Group,,200,,,,company_expectation,new,"The background of the image is white.* ### # **OUR STRATEGY CONSIDERS ALL OUR STAKEHOLDERS ** | OUR PURPOSE | - We have helped over 200,000 talented people find jobs since the pandemic started<br>- Significant engagement with Hays Thrive training platform, which now has 70,000 accounts, with over 750,000 training courses completed in the past year | |---|---| | OUR PEOPLE,<br>CLIENTS &<br>CANDIDATES | - Investment in infrastructure and tools enable all consultants to work remotely<br>- Investmen"
Hays plc,LSE:HAS,2021-02-18,H1 2021,slides/2021-02-18__has-ln-20210218-slide__74970.md,consultant_headcount,Group,,14,,,%,company_expectation,new,"Q2 performance ahead of our expectations - Group headcount down 14%, balancing good cost control with protecting core infrastructure and people ...while continuing to invest in key strategic areas - 'Return to Growth' programme performing well and on-track."
Hays plc,LSE:HAS,2021-02-18,H1 2021,slides/2021-02-18__has-ln-20210218-slide__74970.md,pre_exceptional_operating_profit,,,4,,,m,company_expectation,new,"c.£4m invested in H1 FY21, with c.£11m expected in H2 - Relative resilience in Life Sciences (-3%), HTS (-9%) and IT (-15%) Strong cash generation - Strong cash performance, converting 257% of operating profit into cash** - Outstanding credit control drove debtors days to record low levels (34 days) ### ## Momentum improved significantly as the half progressed Unless otherwise stated all growth rates are LFL (like-for-like) year-on-year net fees and profits, representing organic growth at consta"
Hays plc,LSE:HAS,2021-02-18,H1 2021,slides/2021-02-18__has-ln-20210218-slide__74970.md,temp_outlook,,temp,34,,,%,company_expectation,new,"No further material negative temp fee impacts expected in H2 FY21 - Perm tough, fees down 34% - IT (45% of fees) down 19%."
Hays plc,LSE:HAS,2021-02-18,H1 2021,slides/2021-02-18__has-ln-20210218-slide__74970.md,effective_tax_rate,Group,,30,,,%,company_expectation,new,EXPECT TAX RATE TO RETURN TO c.30% AS PROFITS REBOUND ### ### Finance charge and taxation | Six months ended 31 December | 2020<br>£m | 2019<br>£m | |---|---|---| | Finance charge | | | | Net interest charge on debt* | (0.5) | (0.6) | | Other interest payable | (0.1) | (0.1) | | IFRS 16 interest on lease liabilities (non-cash) | (2.6) | (2.8) | | IAS 19 pension charge (non-cash) | (0.7) | (0.9) | | PPF levy | (0.1) | (0.1) | | Net finance charge | (4.0) | (4.5) | We expect the net finance charge
Hays plc,LSE:HAS,2021-02-18,H1 2021,slides/2021-02-18__has-ln-20210218-slide__74970.md,effective_tax_rate,Group,,40,,,%,company_expectation,new,"Our current estimate is a full-year ETR of 40% - As Group profitability returns to £100m or more, we expect Group ETR will reduce to around the 30% rate we reported in recent years * Includes amortisation of arrangement fees."
Hays plc,LSE:HAS,2021-02-18,H1 2021,slides/2021-02-18__has-ln-20210218-slide__74970.md,capex,,,13.3,,,m,narrative,new,"The stacked bar is composed of several segments, from bottom to top: ""Increase in net cash*** £13.3m"" (pink), ""FX / Other £7.1m"" (orange), ""Purchase of own shares £6.4m"" (light blue), ""Pensions £8.3m"" (grey), and ""Net capex £8.8m"" (purple).* ### # For FY21, capex guidance is c.£20m * Non-cash comprises depreciation and amortisation (including depreciation chargeable under IFRS 16), share-based payments and net movement in provisions."
Hays plc,LSE:HAS,2021-02-18,H1 2021,slides/2021-02-18__has-ln-20210218-slide__74970.md,temp_outlook,Australia & New Zealand,contracting,,,,qualitative,narrative,qualitative,"The background of the image is white.* ### # NEW YEAR 'RETURN TO WORK' SLOWER THAN IN PRIOR YEARS, BUT, ENCOURAGINGLY, TEMP NUMBERS BACK TO PRE-XMAS LEVELS BY EARLY FEB ### # Current trading conditions and outlook by region | Region | Commentary | |---|---| | ANZ | We saw a slightly slower 'return to work' in our Temp and Contractor businesses post-Christmas, although by early February this was in line with normal years."
Hays plc,LSE:HAS,2021-02-18,H1 2021,slides/2021-02-18__has-ln-20210218-slide__74970.md,consultant_headcount,Group,,4,,,m,company_expectation,new,"c.£4m of this occurred in H1 FY21, with c.£11m expected in H2.<br><br>Public holiday timings mean H2 has fewer working days, which will act as a headwind on sequential profit growth in H2.<br><br>Including our RTG investment plans, we expect Group headcount will increase by 2-4% in Q3 FY21."
Hays plc,LSE:HAS,2021-02-18,H1 2021,slides/2021-02-18__has-ln-20210218-slide__74970.md,temp_outlook,,contracting,,,,qualitative,narrative,qualitative,"IT and Life Sciences) and Contracting overall have been relatively resilient ### STRUCTURAL MARKET GROWTH AND EVOLVING CLIENT DEMANDS - Increased applicants per job is making it harder for clients to manage hiring processes, often with decreased resources - Candidates looking for more advice, guidance and training for their career ### EMERGENCE OF NEW, AND EVOLVING, TECHNOLOGIES - Valuable data insights & signals analysed by Hays' cutting-edge systems help our consultants fill jobs - Digitalisat"
Hays plc,LSE:HAS,2021-02-18,H1 2021,slides/2021-02-18__has-ln-20210218-slide__74970.md,temp_outlook,Germany,temp_and_contracting,,,,qualitative,narrative,qualitative,"The background of the image is white.* ### ## ENVIRONMENTAL & SOCIETAL CHANGE WILL CREATE MILLIONS OF NEW JOBS AND ROLES, GENERATING MAJOR OPPORTUNITIES FOR HAYS ### # TRANSITION TO A LOW-CARBON ECONOMY Massive global investment required to meet Paris Agreement - Hays targets: C&P: Renewables, Flood & Coastal, existing asset efficiency Engineering: E-Mobility, Renewables, Carbon Capture, HydrogenTechnology solutions ### ### SOCIAL INFRASTRUCTURE Opportunities in Education, Social Care, Environme"
Hays plc,LSE:HAS,2021-02-18,H1 2021,slides/2021-02-18__has-ln-20210218-slide__74970.md,consultant_headcount,Australia & New Zealand,,40,,,%,narrative,new,"The regions and their corresponding percentages are: * **Continental Europe:** 40% (represented by a dark blue section with diagonal stripes) * **Americas:** 28% (represented by a light blue section) * **UKI:** 15% (represented by a grey section) * **ANZ:** 10% (represented by a purple section) * **Asia:** 7% (represented by a very light blue section) The pie chart is oriented with the ""Continental Europe"" section at the bottom, and the other sections are arranged counter-clockwise.* ### Group R"
Hays plc,LSE:HAS,2021-02-18,H1 2021,slides/2021-02-18__has-ln-20210218-slide__74970.md,capex,Australia & New Zealand,,7,,,m,company_expectation,new,"£7m in capex - On track to add c.250 investment heads in FY21 - Based on current forecasts and market conditions, we expect to add >300 more people in RTG in FY22 - Early wins: US Life Sciences and large Corporate Accounts; IT ANZ, France and UK We expect acceleration of investment in Return to Growth projects in FY22 *Image: The image displays the Hays logo, which features the word ""HAYS"" in large, bold, dark blue capital letters."
Hays plc,LSE:HAS,2021-02-18,H1 2021,slides/2021-02-18__has-ln-20210218-slide__74970.md,net_fees,,permanent,379.5,,,m,narrative,new,"Half-year net cash of £379.5m** - Strongest balance sheet ever - Over £20m planned investments in Return to Growth projects - Intend to resume dividends at Prelims in August - Continued to develop technology collaborations and internally developed digital tools, including Hays Thrive and Education Hub - Non-perm represented 62% and Technical specialisms represented 66% of net fees - Encouraging pipeline in Large Corporate accounts - Now over 4.5m LinkedIn followers ** Excludes £13.7 million of s"
Hays plc,LSE:HAS,2021-08-26,FY 2021,slides/2021-08-26__has-ln-20210826-slide__75008.md,pre_exceptional_operating_profit,,,39.9,,,m,narrative,new,"[^]: ^{‡} FY20 operating profit and EPS are presented before exceptional costs of £39.9 million, comprising £20.3m relating to the partial impairment of goodwill in the US business, and £19.6 million relating to restructuring charges, primarily in our German business."
Hays plc,LSE:HAS,2021-08-26,FY 2021,slides/2021-08-26__has-ln-20210826-slide__75008.md,pre_exceptional_operating_profit,,,95.1,,,m,narrative,new,"# # **OPERATIONAL SUMMARY** - Recovery in H2 accelerated, with strong sequential fee and profit growth - £95.1m operating profit in the year, encouragingly £70.0m made in H2 - Rising business and candidate confidence in all our key markets - 10% consultant headcount growth in H2, which will drive fees in FY22 and beyond - Increasingly confident that SGI will accelerate growth and further enhance our leading positions in the most in-demand recruitment sectors of the future - Resumption of core an"
Hays plc,LSE:HAS,2021-08-26,FY 2021,slides/2021-08-26__has-ln-20210826-slide__75008.md,pre_exceptional_operating_profit,Germany,contracting,30.5,,,%,narrative,new,"CR improved in H2 as<br>lockdowns eased and trading materially improved in Q4 | | Germany | 30.5% | 20.5% | 8.3% | 16.5% | 12.8% | Significant profitability improvement in H2, with increasing<br>contractor volumes and average hours worked per temp | | UK&I | 18.5% | 7.4% | (1.1)% | 11.5% | 5.7% | Following a loss-making H1, improved fee momentum in H2<br>drove sharp increase in profit and CR | | RoW | 11.5% | 5.0% | 0.1% | 7.4% | 4.0% | Strong increase in profitability in H2 led by USA, Mainland"
Hays plc,LSE:HAS,2021-08-26,FY 2021,slides/2021-08-26__has-ln-20210826-slide__75008.md,effective_tax_rate,Group,,30,,,%,company_expectation,new,The combined height of these two lines of text is approximately equal to the height of the &quot;HAYS&quot; logo.](c0__page_21_Picture_0.jpeg) # ## **'ETR'** **DRIVEN** **BY** **PROFIT** **MIX** **AND** **RECOGNITION** **OF** **UK** **DEFERRED** **TAX** **ASSETS** # ### **Finance charge and taxation** # #### **Taxation** # ### **We expect the Group's ETR in FY22 to be c.30%** [^]: ^{* }Includes amortisation of arrangement fees.
Hays plc,LSE:HAS,2021-08-26,FY 2021,slides/2021-08-26__has-ln-20210826-slide__75008.md,capex,,,25,25,16,m,narrative,new,"An addition of &quot;Non-cash (including IFRS](c0__page_22_Figure_5.jpeg) # ## **For FY22, capex guidance is c.£25m** [^]: ^{* }Non-cash comprises depreciation and amortisation (including depreciation chargeable under IFRS 16), share-based payments and net movement in provisions."
Hays plc,LSE:HAS,2021-08-26,FY 2021,slides/2021-08-26__has-ln-20210826-slide__75008.md,temp_outlook,Group,temp,380,,,,company_expectation,new,"The calculation shown is: 380 (H1 FY21 Net cash*) - 130 (Working capital rebuild) - 100 (Increased year-end cash buffer) = 150 (Surplus cash).](c0__page_27_Figure_3.jpeg) # ## **BALANCE ** **SHEET** The Group's trading, cash generation and working capital management have continued to be considerably more resilient than our modelled scenarios at the start of the pandemic # ## **CORE ** **DIVIDEND ** **POLICY** As previously announced, the Board has proposed the resumption of core dividends, with "
Hays plc,LSE:HAS,2021-08-26,FY 2021,slides/2021-08-26__has-ln-20210826-slide__75008.md,effective_tax_rate,,,10,,,m,company_expectation,new,"The entire logo is set against a plain white background.](c0__page_28_Picture_0.jpeg) # # OUR ACTIONS SINCE THE START OF THE PANDEMIC HAVE STRENGTHENED OUR BUSINESS AND WILL INCREASE OUR LONGER-TERM PROFITABILITY | Potential cost-savings vs pre-pandemic levels | Development | Expected saving (per annum) | Timeframe | |---|---|---|---| | Property | Not extending some leases, consolidating and reducing our overall office footprint and reducing cost per square metre | c.£10m | 5 years | | Back-offi"
Hays plc,LSE:HAS,2021-08-26,FY 2021,slides/2021-08-26__has-ln-20210826-slide__75008.md,consultant_headcount,,,,,,qualitative,narrative,qualitative,Significant investment in headcount in H2 will increasingly drive fee growth in FY22 and beyond # ### **STRONG CASH PERFORMANCE & STRONGEST EVER BALANCE SHEET.
Hays plc,LSE:HAS,2021-08-26,FY 2021,slides/2021-08-26__has-ln-20210826-slide__75008.md,temp_outlook,Australia & New Zealand,temp,,,,qualitative,narrative,qualitative,"The background of the image is white.](c0__page_31_Picture_0.jpeg) # # **GOOD** **START** **TO** **FY22,** **WITH** **STRONG** **MARKET** **CONDITIONS** **AND** **GOOD** **TEMP** **AND** **PERM** **MOMENTUM** # ## **Current trading conditions and outlook by region** # **ANZ** Q4's strong sequential fee improvement continued in July & August."
Hays plc,LSE:HAS,2021-08-26,FY 2021,slides/2021-08-26__has-ln-20210826-slide__75008.md,pre_exceptional_operating_profit,Group,temp_and_contracting,5,5,20,%,company_expectation,new,"Temp and Contracting markets overall are performing well, and conditions in Perm are strong - Candidate confidence is high, and there are clear signs of skill shortages and wage inflation in certain industries, particularly Technology and Life Sciences - We expect Group headcount will increase by c.5% in Q1 FY22, driven by ongoing investment in key specialisms (cyclical recovery) and SGI (structural growth) - Our expectation is that total SGI investment in FY22 will be c.£20m - FX movements may "
Hays plc,LSE:HAS,2021-08-26,FY 2021,slides/2021-08-26__has-ln-20210826-slide__75008.md,consultant_headcount,Group,,,,,qualitative,narrative,qualitative,"The outer ring generally uses slightly lighter shades of blue compared to the inner ring for the corresponding regions.](c0__page_34_Figure_3.jpeg) # #### **Group SGI headcount target ***(cumulative)* ![The image displays a horizontal bar chart comparing two fiscal years, FY21 and FY22."
Hays plc,LSE:HAS,2022-02-24,H1 FY22,slides/2022-02-24__has-ln-20220224-slide__75016.md,temp_outlook,,temp,150,,,,company_expectation,new,"The overall impression is a professional and clean corporate logo.](page_4_Picture_0.jpeg) #### #### OUR STRATEGY IS DELIVERING FOR ALL OUR STAKEHOLDERS #### #### **OUR PURPOSE ** - Over 150,000 talented people placed in new jobs in H1 FY22 - Extensive engagement with Hays online learning & development platforms #### #### **OUR MARKETS ** - Strong client and candidate confidence - Increased global job churn and shortened time to hire - Significant global skills shortages - Clear evidence of wage"
Hays plc,LSE:HAS,2022-02-24,H1 FY22,slides/2022-02-24__has-ln-20220224-slide__75016.md,effective_tax_rate,,,39,,,%,company_expectation,new,"The last metric (Net Cash) shows a negative change and is colored orange and light blue.](page_5_Figure_1.jpeg) # ## **RECORD FEES, SIGNIFICANT INVESTMENT AND GOOD NEW YEAR 'RETURN ** **TO WORK' DRIVES ANOTHER UPGRADE TO FY22 PROFIT EXPECTATIONS** # #### **Our focus ****remains on…** # #### **Key developments in H1 FY22** # #### **Driving fee ** **growth** - **Record fees, up 39%."
Hays plc,LSE:HAS,2022-02-24,H1 FY22,slides/2022-02-24__has-ln-20220224-slide__75016.md,pre_exceptional_operating_profit,Germany,temp,41,,,%,company_expectation,new,"** **Strong rebound in A&F, up 41%, and C&P, up 26%** - **Increase in Temp margin and average Perm fee in skill short markets with high demand** # #### **Investing in ** **growth** - **Consultant headcount increased by 1,076 in H1 and by 1,718 (+26%) over 12 months** - **Despite our greatest ever level of investments, consultant productivity was excellent** - **Looking ahead, we expect to drive consultant productivity further in this strong market** # #### **Delivering ** **cash-backed ****profi"
Hays plc,LSE:HAS,2022-02-24,H1 FY22,slides/2022-02-24__has-ln-20220224-slide__75016.md,pre_exceptional_operating_profit,,,210,210,215,,company_expectation,new,"We expect to drive productivity further - FY22 operating profit is expected to be between £210-215m, ahead of consensus expectations - We see an even clearer route to exceeding previous peak profit levels ![A close-up, eye-level shot captures a woman with dark brown hair, parted on the left, holding a black landline phone receiver to her right ear."
Hays plc,LSE:HAS,2022-02-24,H1 FY22,slides/2022-02-24__has-ln-20220224-slide__75016.md,net_fees,,,16.7,,,m,company_expectation,new,"The asterisks (***) suggest a footnote or additional explanation not visible in this image.](page_13_Figure_7.jpeg) FY22 full-year profit expectations upgraded at Q2 IMS and Interims [^]: ^{* }On a LfL basis, H1 FY22 net fees are £16.7m higher than H1 FY19."
Hays plc,LSE:HAS,2022-02-24,H1 FY22,slides/2022-02-24__has-ln-20220224-slide__75016.md,pre_exceptional_operating_profit,Group,,3,,,,narrative,new,There is a clear horizontal space separating the &quot;HAYS&quot; logo from the tagline.](page_18_Picture_0.jpeg) # #### **THE**** ****AUSTRALIAN**** ****DOLLAR**** ****AND**** ****EURO**** ****REMAIN**** ****SIGNIFICANT**** ****FX****TRANSLATION**** ****SENSITIVITIES**** ****FOR**** ****THE**** ****GROUP** # #### **Key FX rates and sensitivities** | S<br>i<br>h<br>d<br>d<br>3<br>1<br>D<br>b<br>2<br>0<br>2<br>1<br>t<br>x<br>m<br>o<br>n<br>s<br>e<br>n<br>e<br>e<br>c<br>e<br>m<br>e<br>r | A<br>v<b
Hays plc,LSE:HAS,2022-02-24,H1 FY22,slides/2022-02-24__has-ln-20220224-slide__75016.md,pre_exceptional_operating_profit,Group,,22.0,,,%,company_expectation,new,"Strong sequential increase in profitability led by EMEA and Asia | | Group | 22.0% | 13.6% | 5.9% | 14.1% | 10.4% | 18.0% | Strong sequential & YoY improvement in profitability, with a drop-through** rate of net fees to operating profit of 49%, in line with our expectations."
Hays plc,LSE:HAS,2022-02-24,H1 FY22,slides/2022-02-24__has-ln-20220224-slide__75016.md,pre_exceptional_operating_profit,,,45,45,50,%,company_expectation,new,Full-year drop-through expected to be between 45% and 50% | We are confident we will return to pre-pandemic conversion rates over the next few years [^]: ^{* }Represents the conversion of net fees into pre-exceptional operating profit.
Hays plc,LSE:HAS,2022-02-24,H1 FY22,slides/2022-02-24__has-ln-20220224-slide__75016.md,effective_tax_rate,Group,,30,,,%,company_expectation,new,The text of the tagline is smaller than the &quot;HAYS&quot; logo text.](page_20_Picture_0.jpeg) # ### **'ETR'**** ****RETURNED**** ****TO**** ****NORMAL**** ****LEVEL**** ****AND**** ****IS**** ****DRIVEN**** ****BY**** ****GEOGRAPHICAL****PROFIT**** ****MIX**** ****PLUS**** ****UTILISATION**** ****OF**** ****TAX**** ****LOSSES**** ****IN**** ****CERTAIN**** ****COUNTRIES** # #### **Finance charge and taxation** # #### **Taxation** # #### **We expect the Group's ETR in FY22 to be c.30%** [^]: ^
Hays plc,LSE:HAS,2022-02-24,H1 FY22,slides/2022-02-24__has-ln-20220224-slide__75016.md,capex,,,39.3,,,,narrative,new,"Above the chart, there is a text note: &quot;Cash from operations* £39.3](page_21_Figure_3.jpeg) # #### **For FY22, capex guidance is c.£25m** **27.3** **Free cash****flow** **Interest****paid** **Tax paid**** ****Net** [^]: ^{* }For the purpose of presenting cash from operations (CFO) on a consistent basis vs prior year, we have included the lease payments of £23.9m (H1 FY21: £26.7m) within the CFO calculation."
Hays plc,LSE:HAS,2022-02-24,H1 FY22,slides/2022-02-24__has-ln-20220224-slide__75016.md,temp_outlook,,temp,31,,,,company_expectation,new,"Both lines of the tagline are left-aligned with each other and positioned to the right of the &quot;HAYS&quot; text.](page_23_Picture_0.jpeg) # #### A VERY STRONG BALANCE SHEET # #### **Balance sheet analysis ** | | | | | |---|---|---|---| | £m | 31 Dec<br>2021 | 30 Jun<br>2021 | | | Goodwill & intangibles | 242.6 | 244.7 | | | Property, plant & equipment | 26.6 | 27.4 | | | Right-of-use asset (IFRS 16) | 182.8 | 190.3 | | | Net deferred tax asset | 5.6 | 15.7 | | | Retirement benefit surplus | "
Hays plc,LSE:HAS,2022-02-24,H1 FY22,slides/2022-02-24__has-ln-20220224-slide__75016.md,effective_tax_rate,,,10,,,m,company_expectation,new,"Timeframe | RAG<br>status | |---|---|---|---|---| | Property | Not extending some leases, consolidating and reducing our overall office footprint and reducing cost per square metre | c.£10m | 5 years | G | | Back-office efficiency | Opportunities to further increase use of automation and lower cost centres | c.£10m | 3-5 years | G | | Reduced travel* | Greater use of video technology for meetings, training and conferences | c.£10m | now | G | | Total saving | | c.£30m | 3-5 years | | | Cash posi"
Hays plc,LSE:HAS,2022-02-24,H1 FY22,slides/2022-02-24__has-ln-20220224-slide__75016.md,pre_exceptional_operating_profit,,permanent,3,,,%,company_expectation,new,"Average Perm fee increased by 3% YoY, and improved through the half year # #### **OPERATING PROFIT UP 327% TO £101.6M, DESPITE SIGNIFICANT INVESTMENT** - Operating profit drop-through of 49%, in line with our expectations, as we balanced driving profitability with investment for future growth - Average consultant productivity was excellent, despite the headcount investment."
Hays plc,LSE:HAS,2022-02-24,H1 FY22,slides/2022-02-24__has-ln-20220224-slide__75016.md,perm_outlook,,permanent,,,,qualitative,company_expectation,qualitative,There is a noticeable horizontal gap between the &quot;HAYS&quot; logo and the tagline text.](page_28_Picture_0.jpeg) # #### **STRONG**** ****MARKET**** ****CONDITIONS.**** ****OUR**** ****NEW**** ****YEAR**** ****'RETURN**** ****TO**** ****WORK'**** ****HAS****BEEN**** ****GOOD**** ****OVERALL.**** ****UPGRADED**** ****FY22**** ****OPERATING**** ****PROFIT**** ****EXPECTATIONS** # #### **Current trading conditions and outlook by region** # #### **Australia** Conditions in Perm are strong.
Hays plc,LSE:HAS,2022-02-24,H1 FY22,slides/2022-02-24__has-ln-20220224-slide__75016.md,pre_exceptional_operating_profit,Germany,temp_and_contracting,3,,,,company_expectation,new,"This will act as a headwind on sequential H2 profit growth versus H1, particularly in Temp & Contracting - We expect Group consultant headcount will increase by 3-5% in Q3 FY22, mainly in SGI and Germany - FX movements are likely to have an increasingly negative impact as Group operating profit increases in FY22 - We expect FY22 operating profit will be between £210-215 million, ahead of consensus expectations ![A professional image features a young woman with dark hair and medium-dark skin in t"
Hays plc,LSE:HAS,2022-04-28,FY 2022,slides/2022-04-28__has-ln-20220428-slide__75006.md,perm_outlook,Group,permanent,200,,,m,narrative,new,"These are managed by our Talent Solutions business, which will deliver c.£200m in fees in FY22E - The other c.250 clients in our top 400 are predominantly on Preferred Supplier List (PSL) arrangements - A further c.800 clients spend between £100k and £250k per annum, and represent c.14% of Group fees, again mainly via PSL's - These c.1,000 PSL clients present major upsell opportunities for deeper partnerships, and we have doubled our number of outsource clients since 2016 | Hays Talent Solutions"
Hays plc,LSE:HAS,2022-04-28,FY 2022,slides/2022-04-28__has-ln-20220428-slide__75006.md,net_fees,,,2,,,,narrative,new,"The color of &quot;Investor Day&quot; is a gradient, transitioning from a teal or greenish-blue at the top (e.g., the &quot;I&quot; in &quot;Investor&quot;) to a lighter green at the bottom (e.g., the &quot;y&quot; in &quot;Day&quot;).](c0__page_34_Picture_1.jpeg) # ## CASE STUDY 2: WE SEE MAJOR GROWTH OPPORTUNITIES IN THE GLOBAL SALESFORCE MARKET # #### Global Salesforce market overview # #### c.$850bn Forecast 2027 total global spend in Salesforce (2022-27 CAGR: 17.2%) **USA **Global 1.7m 5.8m"
Hays plc,LSE:HAS,2022-04-28,FY 2022,slides/2022-04-28__has-ln-20220428-slide__75006.md,net_fees,Germany,,3,,,,narrative,new,"The overall impression is clean and professional.](c0__page_37_Picture_1.jpeg) # #### **CASE STUDY 3: MOVING UP THE VALUE CHAIN –** **PROJECT SERVICES IN TECHNOLOGY** # # ## **Global Technology Project ** **Services market** **Revenue: c.$400bn** (2022-27 CAGR: c.9%) **Hays' target project size** **Revenue: $1-5m** **Hays' initial target markets** **UK, Germany, France ** **Australia** **Hays' potential addressable ** **market** **Revenue c.$40bn*** **FY27 aspirations** **>£50m net fees: above *"
Hays plc,LSE:HAS,2022-04-28,FY 2022,slides/2022-04-28__has-ln-20220428-slide__75006.md,temp_outlook,,contracting,3,,,,narrative,new,"* A dark blue box below it states: &quot;+3,200 vs FY21&quot;, which refers to the increase in Year-end Contractors & Temps from FY21 to FY22e (c.15,000 - 11,823 = 3,177, rounded to 3,200).](c0__page_41_Figure_2.jpeg) **FY22 WILL BE A RECORD FEE PERFORMANCE, WITH ALL-TIME RECORD CONTRACTOR VOLUMES** ![The image displays the word &quot;HAYS&quot; in large, bold, dark blue, sans-serif capital letters on the left."
Hays plc,LSE:HAS,2022-04-28,FY 2022,slides/2022-04-28__has-ln-20220428-slide__75006.md,temp_outlook,Germany,contracting,357,,,,narrative,new,"* The next five competitors, highlighted by a light blue bracket, are represented by light blue bars: * **Gulp**: **357** * **Sthree**: **170** * **Allgeier Experts**: **143** * **Westhouse**: **118** * **Etengo**: **116** * The remaining four competitors are represented by green bars: * **Solcom**: **106** * **Ferchau**: **68** * **Top itservices**: **65** * **Questax**: **55** The sum of the values for the next five competitors (Gulp, Sthree, Allgeier Experts, Westhouse, Etengo) is 357 + 170 +"
Hays plc,LSE:HAS,2022-04-28,FY 2022,slides/2022-04-28__has-ln-20220428-slide__75006.md,pre_exceptional_operating_profit,Germany,,1,1,500,,narrative,new,"Project & HR Services) | | Market-leading brand | Supporting the broadest and deepest Talent Networks in the market; adding >1,500 high-quality candidates every week | | Employer of choice | Attracting and training the best people in the industry to create the pipeline of talent that will drive our future growth | **WE ASPIRE TO DOUBLE OUR OPERATING PROFIT IN GERMANY BY FY27** ![The image displays a logo and text on a white background."
Hays plc,LSE:HAS,2022-04-28,FY 2022,slides/2022-04-28__has-ln-20220428-slide__75006.md,consultant_headcount,Australia & New Zealand,,15,,,%,narrative,new,"The entire image is set against a white background.](c0__page_53_Picture_0.jpeg) # #### **TARGETED INVESTMENT IN STRUCTURAL GROWTH MARKETS** | Selected<br>specialisms | Net fee growth<br>Versus pre<br>H1 FY22<br>Covid levels | Headcount<br>growth | | | | |---|---|---|---|---|---| | (% Hays ANZ<br>fees H1 FY22) | H1 FY22<br>(YoY) | Market context | Focus areas | | | | Technology<br>15% of fees | +46% | +23% | +38% | •<br>Demand driven by digitalisation across large<br>enterprises, local providers"
Hays plc,LSE:HAS,2022-04-28,FY 2022,slides/2022-04-28__has-ln-20220428-slide__75006.md,net_fees,,,2,2,500,,company_expectation,new,"The entire icon is rendered in a flat, uniform dark blue color without any gradients, shadows, or internal details.](c0__page_54_Picture_4.jpeg) On track in FY22 to deliver our 2 nd best year of net fees, and are aspiring to hit all-time record levels in FY23 on our way to AUD $500m by FY27 ![A simple line graph icon is depicted against a plain, light gray background."
Hays plc,LSE:HAS,2022-04-28,FY 2022,slides/2022-04-28__has-ln-20220428-slide__75006.md,effective_tax_rate,United Kingdom & Ireland,,17,,,%,narrative,new,"The top of the &quot;HAYS&quot; text aligns approximately with the top of &quot;Investor,&quot; and the bottom of &quot;HAYS&quot; aligns roughly with the bottom of &quot;Day.&quot;](c0__page_59_Picture_0.jpeg) # #### **TARGETED INVESTMENT IN STRUCTURAL GROWTH MARKETS** | Selected<br>specialisms | Net fee growth | Headcount<br>growth | | | | |---|---|---|---|---|---| | (% Hays UK&I<br>fees H1 FY22) | H1 FY22<br>(YoY) | Versus pre<br>Covid levels | H1 FY22<br>(YoY) | Market context | Focus areas "
Hays plc,LSE:HAS,2022-04-28,FY 2022,slides/2022-04-28__has-ln-20220428-slide__75006.md,effective_tax_rate,,,27,27,1,,narrative,new,The text &quot;Investor Day&quot; is significantly smaller in height than &quot;HAYS.&quot; All elements are aligned horizontally along their vertical center.](c0__page_73_Picture_0.jpeg) # ### **FINANCIAL ASPIRATIONS: OBJECTIVES FOR TODAY** # Translate our FY22-27 strategic growth ambitions into a range of five-year net fee growth aspirations # #### **Net fee growth to FY27** **Conversion rate by FY27** **Cash conversion** **Financial aspirations** Set out the actions we will take to drive our 
Hays plc,LSE:HAS,2022-04-28,FY 2022,slides/2022-04-28__has-ln-20220428-slide__75006.md,pre_exceptional_operating_profit,,temp_and_contracting,35,,,,company_expectation,new,"The x-axis labels correspond to each bar: &quot;Operating profit&quot;, &quot;Non-cash*&quot;, &quot;Working capital&quot;, &quot;Tax paid&quot;, &quot;Net Interest paid&quot;, and &quot;Free cash flow&quot;.](c1__page_3_Figure_3.jpeg) - Disciplined approach to cash, with industryleading DSOs at 35 days, which we expect to normalise to 36 days over the next two years - Forecast growth in Temp and Contracting drives higher working capital requirement going forward, notably in Technology and Enter"
Hays plc,LSE:HAS,2022-04-28,FY 2022,slides/2022-04-28__has-ln-20220428-slide__75006.md,consultant_headcount,Group,,27,,,,company_expectation,new,"The arrow has a wide, rectangular shaft and a triangular arrowhead.](c1__page_4_Picture_7.jpeg) **FY23-27 £0.9-1.1bn cumulative free cash flow ** **and £550-750m of surplus cash** # #### **Our priorities for uses of free cash flow** **Fund Group ** **investment & ** **development** - Invest in headcount, training, systems and brand to support organic growth - Assess potential M&A opportunities where appropriate **Maintain a strong ** **balance sheet** - Maintain a net cash position of £100m - Fu"
Hays plc,LSE:HAS,2022-04-28,FY 2022,slides/2022-04-28__has-ln-20220428-slide__75006.md,pre_exceptional_operating_profit,Group,,6,,,,narrative,new,"The text &quot;HAYS&quot; is left-aligned, while &quot;Investor&quot; and &quot;Day&quot; are right-aligned with each other and vertically centered relative to &quot;HAYS&quot; and the separator.](c1__page_5_Picture_0.jpeg) # # **OUR FIVE-YEAR AMBITION TO MATERIALLY GROW OUR BUSINESS AND GENERATE ** **SIGNIFICANT SHAREHOLDER VALUE** **6-10%** Technology: **11%+** **Net fee growth to FY27** **Conversion rate by FY27** **Cash conversion** **Delivering shareholder value** **Aspiration CAGR** **Aspi"
Hays plc,LSE:HAS,2022-08-25,FY 2022,slides/2022-08-25__has-ln-20220825-slide__75007.md,pre_exceptional_operating_profit,Group,temp,26,,,%,narrative,new,"Its](page_4_Picture_2.jpeg) # - Strong FY22 client and candidate confidence - Significant global skill shortages - Increased global job churn and reduced time to hire - Clear evidence of wage inflation - Good market conditions # - 26% YoY growth in consultants - Strategic Growth Initiatives (SGI) performing strongly - Record fees in structural growth sectors such as Technology and Enterprise clients - Record consultant productivity, despite our investments # - Record fees drove 128% operating pr"
Hays plc,LSE:HAS,2022-08-25,FY 2022,slides/2022-08-25__has-ln-20220825-slide__75007.md,consultant_headcount,,,1,,,,company_expectation,new,"The overall impression is that of a young plant or sprout, emphasizing growth and nature.](page_5_Picture_10.jpeg) # #### Investing in growth - Consultant headcount increased by 1,847 (+26%) over 12 months - 550 consultants added to our SGI programme in structural growth sectors - Even with significant investments, we delivered record consultant productivity - Looking ahead, we expect to drive consultant productivity further ![The image displays a stylized icon of money against a solid, bright b"
Hays plc,LSE:HAS,2022-08-25,FY 2022,slides/2022-08-25__has-ln-20220825-slide__75007.md,effective_tax_rate,,,30,,,%,company_expectation,new,We expect the ETR will return to c.30% in FY23.
Hays plc,LSE:HAS,2022-08-25,FY 2022,slides/2022-08-25__has-ln-20220825-slide__75007.md,effective_tax_rate,Group,,30,,,%,company_expectation,new,UNDERLYING ETR AT 30% | Finance charge and taxation | | Year ended 30 June | |---|---|---| | | 2022 | 2021 | | Finance charge | £m | £m | |---|---|---| | Net interest charge on debt* | (0.4) | (0.6) | | Other interest payable | - | (0.1) | | IFRS 16 interest on lease liabilities (non-cash) | (3.9) | (5.0) | | IAS 19 pension charge (non-cash) | (1.4) | (1.1) | | PPF levy | (0.1) | (0.2) | | Net finance charge | (5.8) | (7.0) | We expect the net finance charge for the year ending 30 June 2023 to b
Hays plc,LSE:HAS,2022-08-25,FY 2022,slides/2022-08-25__has-ln-20220825-slide__75007.md,capex,,,36.4,,,m,narrative,new,"**Core dividend:** £36.4m (dark blue segment](page_21_Figure_8.jpeg) # #### For FY23, capex guidance is £25-30 million [^]: ^{* }For the purpose of presenting cash from operations (CFO) on a consistent basis vs prior year, we have included the lease payments of £45.0m (FY21: £50.0m) within the CFO calculation and before the payment of FY20 tax deferrals of £118.3 million paid in FY21."
Hays plc,LSE:HAS,2022-08-25,FY 2022,slides/2022-08-25__has-ln-20220825-slide__75007.md,consultant_headcount,,,10,,,m,company_expectation,new,"Now in steady-<br>state and within expected cost-savings, despite substantial headcount growth | c.£10m | c.£12m | now | G | | Total saving | | c.£30m | c.£18m | 2-4 years | | | Cash position | Development | | Expected change | Timeframe | RAG<br>status | | Debtor day reduction | Excellent cash management through strong credit control; maintained debtor d record low of 33 days in FY22 in line with FY21, but well below pre-pandemic ledays | • | c.£90m | now | | | Debtor days' normalisation | Pote"
Hays plc,LSE:HAS,2022-08-25,FY 2022,slides/2022-08-25__has-ln-20220825-slide__75007.md,temp_outlook,,temp,,,,qualitative,narrative,qualitative,"Both lines of the tagline are left-aligned and vertically centered relative to the &quot;HAYS&quot; wordmark.](page_29_Picture_0.jpeg) # # DESPITE INCREASING MACRO UNCERTAINTIES, CLIENT & CANDIDATE **CONFIDENCE ** **REMAINS GOOD**, WITH FEES & ACTIVITY SEQUENTIALLY STABLE AT **STRONG LEVELS** # #### Current trading conditions and outlook by region # Conditions in Perm remain good, with markets supported by skill shortages and wage inflation, and Temp volumes are broadly stable."
Hays plc,LSE:HAS,2022-08-25,FY 2022,slides/2022-08-25__has-ln-20220825-slide__75007.md,temp_outlook,,temp,,,,qualitative,company_expectation,qualitative,"Temp volumes remain stable overall - Globally, both Temp and Perm continue to benefit from improving fee margins and the broader impact of wage inflation, which we expect to continue across FY23 - Having made significant headcount investments in FY22, we have appropriate capacity for today's market opportunities."
Hays plc,LSE:HAS,2022-08-25,FY 2022,slides/2022-08-25__has-ln-20220825-slide__75007.md,consultant_headcount,Germany,,2023,,,,company_expectation,new,"We expect consultant headcount growth will be minimal in H1, outside of our SGI programme, as we focus on driving consultant productivity and returns from our investments [^]: ^{* }There are no working day impact in H2 2023 in Germany versus the prior year."
Hays plc,LSE:HAS,2022-08-25,FY 2022,slides/2022-08-25__has-ln-20220825-slide__75007.md,effective_tax_rate,,,,,,qualitative,narrative,qualitative,"This text is in a smaller, regular weight, sans-serif font and is colored a dark grey or muted blue, contrasting slightly with the darker blue of the main logo.](page_49_Picture_0.jpeg) # #### HOW & WHY HAYS WILL WIN IN THE NEW WORLD OF WORK ![The image features an abstract geometric pattern composed of various right-angled triangles against a solid, light cream-colored background."
Hays plc,LSE:HAS,2022-08-25,FY 2022,slides/2022-08-25__has-ln-20220825-slide__75007.md,net_fees,,,500,500,2,m,narrative,new,**Light Blue Block (Technology):** * Title: &quot;Technology&quot; * Target: &quot;£500m+ net fees&quot; 2.
Hays plc,LSE:HAS,2022-08-25,FY 2022,slides/2022-08-25__has-ln-20220825-slide__75007.md,net_fees,United Kingdom & Ireland,,350,350,4,m,narrative,new,**Teal Block (UK&I):** * Title: &quot;UK&I&quot; * Target: &quot;£350m net fees&quot; 4.
Hays plc,LSE:HAS,2022-08-25,FY 2022,slides/2022-08-25__has-ln-20220825-slide__75007.md,net_fees,Australia & New Zealand,,500,500,5,m,narrative,new,**Purple Block (ANZ):** * Title: &quot;ANZ&quot; * Target: &quot;AUD $500m net fees&quot; 5.
Hays plc,LSE:HAS,2022-08-25,FY 2022,slides/2022-08-25__has-ln-20220825-slide__75007.md,net_fees,,,400,,,m,narrative,new,"**Orange Block (Outsourced Solutions):** * Title: &quot;Outsourced Solutions&quot; * Target: &quot;Double net fees to £400m&quot; The dark blue horizontal bar at the bottom contains white text that reads: &quot;Assuming a supportive economic backdrop, we see significant structural opportunities for growth&quot;."
Hays plc,LSE:HAS,2023-02-23,H1 2023,slides/2023-02-23__has-ln-20230223-slide__75020.md,net_fees,Germany,temp,651.9,,,,narrative,new,"The chart concludes with &quot;H1 FY23 fees&quot; at a value of **651.9** (represented by a dark blue bar).](page_15_Figure_3.jpeg) Review of Group Permanent and Temporary Businesses* # | 12% | net fee increase | |---|---| | (1)% | volume decrease | | 13% | average Perm fee increase | - Modest overall reduction in volume with increases in Germany and RoW offset by reductions in UK&I and ANZ - Average Perm fee up 13%, driven by our actions to increase fee margins and targeting of higher salary ma"
Hays plc,LSE:HAS,2023-02-23,H1 2023,slides/2023-02-23__has-ln-20230223-slide__75020.md,perm_outlook,,permanent,13,,,%,narrative,new,"* Average Perm fee up 13%, driven by actions to increase fee margins and targeting of higher salary markets."
Hays plc,LSE:HAS,2023-02-23,H1 2023,slides/2023-02-23__has-ln-20230223-slide__75020.md,consultant_headcount,,,4,,,%,company_expectation,new,We expect our average headcount in H2 to be up 4%-5% YoY - ii) Average base pay increase of 5% from 1 July 2022 - iii) Commission/bonus increased by 5% less than fee growth # #### **MTE**: - i) Up £6m versus subdued prior year.
Hays plc,LSE:HAS,2023-02-23,H1 2023,slides/2023-02-23__has-ln-20230223-slide__75020.md,pre_exceptional_operating_profit,Rest of World,,0.5,,,m,company_expectation,new,"Periodic cost base decreased by £0.5m | | Rest of World | 10.6% | 8.4%*** | 9.5%*** | 8.9% | Excluding the impact of the Covid pandemic in China, RoW conversion rate was c.10.8% | | Group | 18.0% | 17.4%*** | 17.7%*** | 14.9% | Underlying conversion rate** of 17.4% (see slide 18) | We expect an increased level of profit and conversion rate in H2 versus H1 [^]: ^{* }Represents the conversion of net fees into operating profit."
Hays plc,LSE:HAS,2023-02-23,H1 2023,slides/2023-02-23__has-ln-20230223-slide__75020.md,effective_tax_rate,Group,,29,,,%,company_expectation,new,The tagline is left-aligned and positioned vertically centered relative to the &quot;HAYS&quot; logo.](page_19_Picture_0.jpeg) # ## **REDUCTION **IN EFFECTIVE TAX RATE (ETR) TO 29% # #### **Taxation** | Effective tax rate (ETR) | 29.0% | 30.0% | |---|---|---| • The decrease in ETR is primarily due to reduced tax provisioning required following successful agreements reached with tax authorities in FY22 # #### We expect the Group's ETR in FY23 to be 29% * Includes amortisation of arrangement fees.
Hays plc,LSE:HAS,2023-02-23,H1 2023,slides/2023-02-23__has-ln-20230223-slide__75020.md,pre_exceptional_operating_profit,,,97.0,,,,narrative,new,"It begins with &quot;Operating profit&quot; at 97.0 (](page_20_Figure_3.jpeg) # #### For FY23, capex guidance remains £25-30 million [^]: ^{* }For the purpose of presenting cash from operations (CFO) on a consistent basis vs prior year, we have included the lease payments of £24.6m (H1 FY22: £23.9m) within the CFO calculation."
Hays plc,LSE:HAS,2023-02-23,H1 2023,slides/2023-02-23__has-ln-20230223-slide__75020.md,temp_outlook,,temp,,,,qualitative,company_expectation,qualitative,"Both Temp and Perm continue to benefit from increasing fee margins and the broader impact of wage inflation, which we expect to continue across FY23 - We expect consultant headcount growth will be minimal in H2."
Hays plc,LSE:HAS,2023-02-23,H1 2023,slides/2023-02-23__has-ln-20230223-slide__75020.md,temp_outlook,Germany,contracting,173,,,%,company_expectation,new,"Newer sectors delivering quickly including HR (+173%), A&F (+33%) and Sales (+27%) - Strong rebound in Engineering (+24%), led by Automotive and Manufacturing clients - Public sector business continues to thrive, up 26% and now representing 14% of Germany fees - Improved profitability and conversion rate expected in H2 # #### Germany fees (LHS, £m) and Contractor/Temp volumes (RHS) ![The image displays a dual-axis bar and line chart titled &quot;Germany fees £m (LHS) - Period-end Contractors and"
Hays plc,LSE:HAS,2023-02-23,H1 2023,slides/2023-02-23__has-ln-20230223-slide__75020.md,pre_exceptional_operating_profit,,contracting,19,,,,company_expectation,new,"The dark blue line, representing Period-end Contractors and Temps, follows a similar trend, increasing steadily, peaking at H1 19, dipping significantly at H1 20, and then recovering to reach its highest point at H1 23.](page_29_Figure_10.jpeg) On track to double operating profits to €200m* in our largest market 30 * Before central cost allocations."
Hays plc,LSE:HAS,2023-02-23,H1 2023,slides/2023-02-23__has-ln-20230223-slide__75020.md,effective_tax_rate,,,,,,qualitative,narrative,qualitative,"The tagline is vertically aligned with the &quot;HAYS&quot; logo.](page_46_Picture_0.jpeg) # ## HOW & WHY HAYS WILL WIN IN THE NEW WORLD OF WORK ![The image features an abstract geometric pattern set against a plain, light beige background."
Hays plc,LSE:HAS,2023-08-24,FY 2023,slides/2023-08-24__has-ln-20230824-slide__75015.md,effective_tax_rate,,,29,,,%,company_expectation,new,We expect the ETR will increase to c.29% in FY24.
Hays plc,LSE:HAS,2023-08-24,FY 2023,slides/2023-08-24__has-ln-20230824-slide__75015.md,temp_outlook,Germany,temp,69.5,,,,narrative,new,"The entire logo is set against a plain, off-white or very light beige background.](page_14_Picture_0.jpeg) # # FEE GROWTH DRIVEN BY **IMPROVED PRICING & POSITIVE** **MIX EFFECTS**, WITH VOLUMES DOWN, MAINLY IN PERM Review of Group Permanent and Temporary Businesses* # # Drivers of FY23 fee growth (£m) 69.5 (51.4) 1,294.6 1,189.4 Volume # ### **Permanent placement business ** | 3% | net fee increase | |---|---| | 11% | average Perm fee increase | | (8)% | volume decrease | - Average Perm fee up 1"
Hays plc,LSE:HAS,2023-08-24,FY 2023,slides/2023-08-24__has-ln-20230824-slide__75015.md,temp_outlook,Germany,temp,9,,,%,narrative,new,"The pie chart is set against a white background, with thin lines extending upwards from the top of each segment, suggesting it might be part of a larger graphic.](page_14_Figure_9.jpeg) # #### **Temporary placement business ** Mix/Margin Mix/Margin | 9% | net fee increase | |---|---| | 3% | underlying 40bps margin increase** | | 8% | increase in mix/hours | | (2)% | volume decrease | - Underlying Temp margin** up 40bps (or 3%) to 15.9%, driven by our actions to improve pricing, with H2 underlyin"
Hays plc,LSE:HAS,2023-08-24,FY 2023,slides/2023-08-24__has-ln-20230824-slide__75015.md,effective_tax_rate,Group,,28.0,,,%,company_expectation,new,The overall impression is clean and corporate.](page_17_Picture_0.jpeg) # # EFFECTIVE TAX RATE (ETR) of 28.0% | Finance charge and taxation | Year e | nded 30 June | |---|---|---| | | 2023 | 2022 | | Finance charge | £m | £m | |---|---|---| | Net interest charge on debt* | (1.7) | (0.5) | | IFRS 16 interest on lease liabilities (non-cash) | (4.2) | (3.9) | | IAS 19 pension charge (non-cash) | 1.1 | (1.4) | | PPF levy | (0.1) | (0.1) | | Net finance charge | (4.9) | (5.8) | | - We expect the net 
Hays plc,LSE:HAS,2023-08-24,FY 2023,slides/2023-08-24__has-ln-20230824-slide__75015.md,capex,,,30,30,1.0,m,narrative,new,"A light blue arrow points horizontally to the right, positioned to the left of the main vertical bar, roughly aligned with the &quot;Special dividend&quot; segment.](page_18_Figure_6.jpeg) # ### FY24 capex guidance is £30 million ***M&A of c.£1.0m in FY23 in respect of purchase of a majority stake Vercida Consulting in H2."
Hays plc,LSE:HAS,2023-08-24,FY 2023,slides/2023-08-24__has-ln-20230824-slide__75015.md,capex,,,29,29,1,m,company_expectation,new,"Capex in line with expectations at c.£29 million and acquisition of Vercida Consulting of c.£1m initial investment in H2 ![The image displays a stylized icon of a calculator against a solid, light blue (cyan) background."
Hays plc,LSE:HAS,2023-08-24,FY 2023,slides/2023-08-24__has-ln-20230824-slide__75015.md,temp_outlook,Germany,temp_and_contracting,,,,qualitative,narrative,qualitative,CONDITIONS REMAIN TOUGH IN PERM GLOBALLY WITH INCREASED TIME-TO-HIRE # ### Current trading conditions and outlook by region # ### Germany Temp and Contracting remain good overall with modest volume growth supported by positive pricing.
Hays plc,LSE:HAS,2023-08-24,FY 2023,slides/2023-08-24__has-ln-20230824-slide__75015.md,temp_outlook,,temp,,,,qualitative,company_expectation,qualitative,"Both Temp and Perm fees continue to benefit from our actions to increase margins, which we expect to continue through H1 FY24, and by the positive effects of wage inflation globally."
Hays plc,LSE:HAS,2023-08-24,FY 2023,slides/2023-08-24__has-ln-20230824-slide__75015.md,consultant_headcount,Group,,3,3,4,,company_expectation,new,We expect Group consultant headcount will reduce by c.3-4% in Q1 FY24 as we continue to focus on consultant productivity and leveraging our infrastructure investments.
Hays plc,LSE:HAS,2023-08-24,FY 2023,slides/2023-08-24__has-ln-20230824-slide__75015.md,net_fees,,,500,,,m,narrative,new,"**Light Blue Block (leftmost):** Titled &quot;Technology&quot;, with the target &quot;£500m+ net fees&quot;."
Hays plc,LSE:HAS,2023-08-24,FY 2023,slides/2023-08-24__has-ln-20230824-slide__75015.md,net_fees,United Kingdom & Ireland,,350,,,m,narrative,new,"**Teal Block:** Titled &quot;UK&I&quot;, with the target &quot;£350m net fees&quot;."
Hays plc,LSE:HAS,2023-08-24,FY 2023,slides/2023-08-24__has-ln-20230824-slide__75015.md,net_fees,Australia & New Zealand,,500,,,m,narrative,new,"**Purple Block:** Titled &quot;ANZ&quot;, with the target &quot;AUD $500m net fees&quot;."
Hays plc,LSE:HAS,2023-08-24,FY 2023,slides/2023-08-24__has-ln-20230824-slide__75015.md,net_fees,,,400,,,m,narrative,new,"**Orange Block (rightmost):** Titled &quot;Outsourced Solutions&quot;, with the target &quot;Double net fees to £400m&quot;."
Hays plc,LSE:HAS,2023-08-24,FY 2023,slides/2023-08-24__has-ln-20230824-slide__75015.md,temp_outlook,Germany,temp_and_contracting,12,,,%,company_expectation,new,"The tagline is aligned vertically with the &quot;HAYS&quot; logo, with &quot;Working for&quot; roughly level with the top of the &quot;H&quot; and &quot;your tomorrow&quot; roughly level with the bottom of the &quot;H&quot;.](page_33_Picture_0.jpeg) # # EXCELLENT PROGRESS IN OUR GERMAN BUSINESS, WHICH CONTINUES TO EXTEND ITS MARKET LEADERSHIP # # Germany strategic highlights - Record fees in each contract forms - Growth in temp and contracting driven by price and mix with volumes up 12% in the y"
Hays plc,LSE:HAS,2023-08-24,FY 2023,slides/2023-08-24__has-ln-20230824-slide__75015.md,effective_tax_rate,,,,,,qualitative,narrative,qualitative,"The tagline is vertically aligned with the &quot;HAYS&quot; logo, with &quot;Working for&quot; roughly level with the top half of &quot;HAYS&quot; and &quot;your tomorrow&quot; below it.](page_44_Picture_0.jpeg) # # HOW & WHY HAYS WILL WIN IN THE NEW WORLD OF WORK ![The image displays an abstract geometric pattern composed of six right-angled isosceles triangles against a solid light beige background."
Hays plc,LSE:HAS,2023-08-24,FY 2023,slides/2023-08-24__has-ln-20230824-slide__75015.md,pre_exceptional_operating_profit,Group,,6,,,,narrative,new,The tagline is vertically centered relative to the &quot;HAYS&quot; logo.](page_46_Picture_0.jpeg) # # OUR FIVE-YEAR ASPIRATIONS TO MATERIALLY GROW OUR BUSINESS AND GENERATE SIGNIFICANT SHAREHOLDER VALUE Five-year net fee growth **Aspiration CAGR ** Group: **$6-10\%$ ** Technology: 11%+ **Five-year conversion rate ** **Aspiration range* ** $22-25\%$ (Back to and above pre-pandemic levels) **Cash conversion ** **Aspiration rate ** 90%+ Operating profit to operating cash flow **Delivering sharehol
Hays plc,LSE:HAS,2024-02-22,H1 2024,slides/2024-02-22__has-ln-20240222-slide__75003.md,structural_cost_savings,Germany,,12,,,%,company_expectation,new,The arrow has a clear triangular arrowhead.](page_5_Picture_3.jpeg) - Consultant headcount down 12% YoY to align capacity to markets: AN7 down 20%RoW down 16%UK&I down 14%Germany down 1% - Delivered c.£20m in annualised cost savings - Further 3-4% headcount reduction expected in Q3 24 # ### **Operations ** ![The image features a dark blue background.
Hays plc,LSE:HAS,2024-02-22,H1 2024,slides/2024-02-22__has-ln-20240222-slide__75003.md,structural_cost_savings,Group,,12.6,,,m,narrative,new,"The overall impression is a stylized, interconnected network or cycle.](page_5_Picture_12.jpeg) - We restructured the operations of several countries across the Group to align to market opportunities and reduce operating costs - Conducted full review of operational management, including de-layering - £12.6m of exceptional restructuring charges, which will drive c.£10m in long-term cost savings - Further restructuring ongoing and will complete in H2 24 # # Back-office efficiency and overhead cost"
Hays plc,LSE:HAS,2024-02-22,H1 2024,slides/2024-02-22__has-ln-20240222-slide__75003.md,effective_tax_rate,,,3,,,%,narrative,new,"These banknotes are layered, with the topmost one being the most prominent, followed by a partially visible middle one, and the bottommost one just peeking out from behind the others.](page_5_Picture_18.jpeg) - Accelerated our back-office efficiency programmes, which led to 3% reduction in non-fee earners in O2 - Several projects in progress that will deliver benefits in H2 - Review of back-office functions being undertaken - Ongoing property savings including consolidation & reduction of footpr"
Hays plc,LSE:HAS,2024-02-22,H1 2024,slides/2024-02-22__has-ln-20240222-slide__75003.md,effective_tax_rate,,,32,,,%,company_expectation,new,We expect the ETR will be c.32% in FY24.
Hays plc,LSE:HAS,2024-02-22,H1 2024,slides/2024-02-22__has-ln-20240222-slide__75003.md,temp_outlook,Group,temp,15,,,,narrative,new,"The dark blue bars indicate the starting and ending totals, while pink bars show decreases and teal bars show increases.](page_14_Figure_3.jpeg) # #### **Review of Group Permanent and Temporary Businesses* ** # #### **Permanent placement business ** | (15)% | net fee decrease | |---|---| | (25)% | Volume decrease | | 10% | Average Perm fee increase | - Perm volumes down across all geographies - Average Perm fee up 10%, driven by our actions to increase fee margins & target higher salary markets "
Hays plc,LSE:HAS,2024-02-22,H1 2024,slides/2024-02-22__has-ln-20240222-slide__75003.md,pre_exceptional_operating_profit,,,770,,,,company_expectation,new,"Total headcount reductions of c.770 heads in H1 - ii) Commission and bonuses down £6.6m versus H1 23 as fees reduced YoY - iii) Average pay increase of 3% from 1 July 2023 # #### **Overhead cost management ** - i) Advertising spend down c.£2m in H1 YoY - ii) MTE down c.£3m YoY # #### **Underlying inflation ** - i) Property costs up c.£2m driven by lease indexation, partially offset by a 3% office footprint reduction - ii) Other costs up c.£1m, driven by higher insurance costs c.£30 million of an"
Hays plc,LSE:HAS,2024-02-22,H1 2024,slides/2024-02-22__has-ln-20240222-slide__75003.md,pre_exceptional_operating_profit,Group,,27.9,,,m,narrative,new,Both lines are left-aligned with each other and are vertically centered relative to the &quot;HAYS&quot; logo.](page_17_Picture_0.jpeg) # ### EXCEPTIONAL COST OF £27.9 MILLION; OF WHICH £15.3 MILLION IS NON-CASH | Six months ended 31 December 2023 (£m) | Net fees | Operating profit | Profit before tax | Tax | Profit after tax | EPS | |---|---|---|---|---|---|---| | H1 24 Pre-exceptional | 583.3 | 60.1 | 55.5 | (17.8) | 37.7 | 2.37 | |---|---|---|---|---|---|---| | Restructuring costs | - | (12.6
Hays plc,LSE:HAS,2024-02-22,H1 2024,slides/2024-02-22__has-ln-20240222-slide__75003.md,structural_cost_savings,,,10,,,m,narrative,new,The restructurings will deliver c.£10m of annualised cost savings.
Hays plc,LSE:HAS,2024-02-22,H1 2024,slides/2024-02-22__has-ln-20240222-slide__75003.md,structural_cost_savings,,,31,,,,company_expectation,new,"The remaining Veredus goodwill balance at 31 December 2023 is £7.1 million c.£10 million per annum in longer-term cost savings are expected to be delivered from our business restructuring ![The image displays a logo and tagline against a plain, light beige background."
Hays plc,LSE:HAS,2024-02-22,H1 2024,slides/2024-02-22__has-ln-20240222-slide__75003.md,effective_tax_rate,Group,,32.0,,,%,company_expectation,new,The hypotenuse](page_18_Picture_1.jpeg) # #### EFFECTIVE TAX RATE‡ (ETR) of 32.0% | Finance charge and taxation | Six months ended 31 December | | |---|---|---| | | 2023 | 2022 | | Finance charge | £m | £m | |---|---|---| | Net interest charge on debt* | (1.3) | (1.3) | | IFRS 16 interest on lease liabilities (non-cash) | (2.4) | (2.0) | | IAS 19 pension charge (non-cash) | (0.8) | 0.4 | | PPF levy | (0.1) | (0.1) | | Net finance charge | (4.6) | (3.0) | | | | | • We expect the net finance charg
Hays plc,LSE:HAS,2024-02-22,H1 2024,slides/2024-02-22__has-ln-20240222-slide__75003.md,capex,Group,,30,,,m,company_expectation,new,"The overall style is flat and minimalist.](page_22_Picture_5.jpeg) Fund Group investment and development - Invest in headcount, training, systems and brand to support organic growth - Assess potential M&A opportunities where appropriate Full-year capex in line with expectations at c.£30 million ![The image displays a white calculator icon set against a solid, bright turquoise background."
Hays plc,LSE:HAS,2024-02-22,H1 2024,slides/2024-02-22__has-ln-20240222-slide__75003.md,perm_outlook,Germany,permanent,2,,,%,narrative,new,PERM REMAINS TOUGH # #### Current trading conditions and outlook by region # #### Germany T&C volumes are rebuilding 2% behind the prior year.
Hays plc,LSE:HAS,2024-02-22,H1 2024,slides/2024-02-22__has-ln-20240222-slide__75003.md,consultant_headcount,Group,,3,,,,company_expectation,new,"We expect to see some further fee benefit in H2 from wage inflation globally, albeit at lower levels than in H1 - We expect Group headcount will reduce by c.3-4% in Q3 24 as we continue to focus on consultant productivity and deliver further back-office efficiencies - There are no material working-day effects year-on-year in H2."
Hays plc,LSE:HAS,2024-02-22,H1 2024,slides/2024-02-22__has-ln-20240222-slide__75003.md,net_fees,Group,,1,,,,company_expectation,new,"We expect this to have a c.1-2% negative impact on net fees at Group level in Q3 24, with a corresponding benefit to Q4 24 ![The image displays the logo and tagline for &quot;HAYS&quot; against a light beige background."
Hays plc,LSE:HAS,2024-02-22,H1 2024,slides/2024-02-22__has-ln-20240222-slide__75003.md,perm_outlook,,permanent,,,,qualitative,narrative,qualitative,"Increasing proportion of non-Perm fees in our business As market leaders in nonPerm, we are ideally placed to capitalise on the megatrend towards increased flexible working Our strategic levers will drive long-term growth, increase profitability and enhance fee resilience ![The image displays the logo and tagline for &quot;HAYS&quot; against a light, off-white background."
Hays plc,LSE:HAS,2024-02-22,H1 2024,slides/2024-02-22__has-ln-20240222-slide__75003.md,consultant_headcount,,,,,,qualitative,narrative,qualitative,"The background blue is uniform, without any discernible patterns or gradients.](page_30_Picture_2.jpeg) - On the most attractive end markets - On the best clients and candidates - On the most in demand roles - On retaining the best people # #### **Performance ** - Enhanced suite of KPIs to drive productivity and performance - Drive productivity via: - better use of data to target strategic markets - investing in our systems - embedding best-in-class tech - integrating Al into workflows - dynamic"
Hays plc,LSE:HAS,2024-08-22,FY 2024,slides/2024-08-22__has-ln-20240822-slide__74994.md,structural_cost_savings,Germany,,18,,,%,company_expectation,new,"The overall impression is one of growth and positive progress.* - Consultant headcount down 18% YoY to align capacity to current market conditions: AN7 down 32%RoW down 20%UK&I down 16%Germany down 9% - Resulted in c £30m in annualised cost savings - Productivity up 1% YoY and nearrecord levels, despite tough markets - Group consultant headcount expected to be broadly stable in Q1 25 ### ### **Operations ** *Image: The image is a digital graphic on a dark blue background."
Hays plc,LSE:HAS,2024-08-22,FY 2024,slides/2024-08-22__has-ln-20240822-slide__74994.md,pre_exceptional_operating_profit,,contracting,7,,,%,company_expectation,new,"The background of the chart is white.* Net fees down 7%; operating profit<sup>‡</sup> down 27% WDA* (down 31% reported) - Strong H1 performance with fees up 3% and profit of £40.8m - Demand for skilled Contractors and Temps decreased in H2 24 leading to H2 net fees down 16% YoY, including down 17% in O4 - Contracting & Temp (82% of fees) decreased by 7% (down 6% WDA*), with volumes down 1% and a full-year fee impact of 6% from materially lower average hours worked in H2 - Temp price / mix remain"
Hays plc,LSE:HAS,2024-08-22,FY 2024,slides/2024-08-22__has-ln-20240822-slide__74994.md,pre_exceptional_operating_profit,,,5,,,%,narrative,new,"Japan and Malaysia down 5% and 8% respectively ### **Key actions ** - Consultant headcount down 20% YoY - Restructuring undertaken in Americas in H1 and EMEA and Asia in H2 - We are confident our actions will improve performance, particularly in the USA, Japan and China, where productivity is currently increasing 10 &lt;sup>‡</sup>Operating profit is presented before exceptional items."
Hays plc,LSE:HAS,2024-08-22,FY 2024,slides/2024-08-22__has-ln-20240822-slide__74994.md,effective_tax_rate,,,32,,,%,company_expectation,new,We expect the ETR will be c.32% in FY25.
Hays plc,LSE:HAS,2024-08-22,FY 2024,slides/2024-08-22__has-ln-20240822-slide__74994.md,net_fees,Germany,temp,1.294,,,,narrative,new,"The background of the image is a pale cream color.* ### ## FEE DECLINE DRIVEN BY LOWER VOLUMES AND REDUCED **GERMANY WORKING HOURS IN H2 ** ### # 1.294.6 (16.0) 1,113.6 Drivers of FY24 fee growth (£m) FY 23 ### ### Review of Group Permanent and Temporary businesses* ### **Permanent placement business ** (17)% Net fee decrease (25)% Volume decrease 8% Average Perm fee increase - Perm volumes down across all regions - Average Perm fee up 8%, driven by our actions to increase fee margins & target h"
Hays plc,LSE:HAS,2024-08-22,FY 2024,slides/2024-08-22__has-ln-20240822-slide__74994.md,pre_exceptional_operating_profit,Group,,80.0,,,m,narrative,new,"The background of the image is a light, creamy color.* ### # EXCEPTIONAL COST OF £80.0 MILLION; OF WHICH £37.8 MILLION IS NON-CASH | Year ended 30 June 2024<br>(£m) | Net fees | Operating profit | Profit<br>before tax | Tax | Profit/(loss)<br>after tax | EPS | |---|---|---|---|---|---|---| | FY24 Pre-exceptional | 1,113.6 | 105.1 | 94.7 | (30.7) | 64.0 | 4.03 | | Restructuring costs | - | (42.2) | (42.2) | 7.7 | (34.5) | (2.17) | | Intangible impairment | - | (22.5) | (22.5) | 3.4 | (19.1) | (1."
Hays plc,LSE:HAS,2024-08-22,FY 2024,slides/2024-08-22__has-ln-20240822-slide__74994.md,structural_cost_savings,,,42.2,42.2,30,m,narrative,new,The restructuring led to the redundancy of senior and operational management and back-office headcount at a combined cost of £42.2 million and will deliver c.£30m of annualised cost savings.
Hays plc,LSE:HAS,2024-08-22,FY 2024,slides/2024-08-22__has-ln-20240822-slide__74994.md,structural_cost_savings,,,30,,,,company_expectation,new,"The remaining Veredus goodwill balance at 30 June 2024 is £7.2 million c.£30 million per annum in longer-term cost savings are expected to be delivered from our business restructuring *Image: The image is a logo for Hays, a recruitment company."
Hays plc,LSE:HAS,2024-08-22,FY 2024,slides/2024-08-22__has-ln-20240822-slide__74994.md,effective_tax_rate,Group,,32.4,,,,company_expectation,new,"They are oriented with their hypotenuses facing upwards and slightly to the left.* ### # HIGHER INTEREST CHARGE DRIVEN PRIMARILY BY NON-CASH ITEMS AND EFFECTIVE TAX RATE<sup>‡</sup> (ETR) of **32.4**% | Year ended 30 June | | |---|---| | 2024 | 2023 | | £m | £m | | (5.0) | (4.2) | | (4.0) | (1.7) | | (1.3) | 1.1 | | (0.1) | (0.1) | | (10.4) | (4.9) | We expect the net finance charge for FY25 to be c.£10m, broadly in line with FY24 ### **Taxation ** Effective tax rate<sup>‡</sup> (ETR) 32.4% 28.0"
Hays plc,LSE:HAS,2024-08-22,FY 2024,slides/2024-08-22__has-ln-20240822-slide__74994.md,pre_exceptional_operating_profit,,,30,,,m,narrative,new,"Below both charts, a dark blue banner reads ""FY25 capex guidance is c.£30 million"".* &lt;sup>‡</sup>Operating profit is presented before exceptional items."
Hays plc,LSE:HAS,2024-08-22,FY 2024,slides/2024-08-22__has-ln-20240822-slide__74994.md,structural_cost_savings,,,80,,,m,narrative,new,"restructure of operations and managing our overhead costs - Exceptional cost of £80m comprising £42m as a result of restructurings, together with £38m impact of intangibles/goodwill impairment - Ongoing back-office projects will target c.£30m per annum additional cost savings ### ### Cash *Image: The image is a stylized icon of a banknote."
Hays plc,LSE:HAS,2024-08-22,FY 2024,slides/2024-08-22__has-ln-20240822-slide__74994.md,consultant_headcount,Group,,25,,,,company_expectation,new,"Overall, given our focus on driving consultant productivity in recent quarters, we expect Group consultant headcount will remain broadly stable in Q1 25."
Hays plc,LSE:HAS,2024-08-22,FY 2024,slides/2024-08-22__has-ln-20240822-slide__74994.md,perm_outlook,,permanent,,,,qualitative,narrative,qualitative,"Increasing proportion of non-Perm fees in our business As market leaders in nonPerm, we are ideally placed to capitalise on the megatrend towards increased flexible working Our strategic levers will drive long-term growth, increase profitability and enhance fee resilience *Image: The image is a logo for Hays, a recruitment company."
Hays plc,LSE:HAS,2025-02-20,H1 2025,slides/2025-02-20__has-ln-20250220-slide__75012.md,pre_exceptional_operating_profit,,,13,13,20,%,narrative,new,"# #### **Key actions ** - Aligned with the right industries, markets, and roles, including tough decisions to exit some areas and reallocate consultants to more attractive business lines - Period end consultant headcount decreased by 13% YoY - Executing an ""Efficiency program FY25"" targeting more than £20 million in annual savings including de-layering of management and reorganisation of sales and back-office *Operating profit is presented before exceptional items."
Hays plc,LSE:HAS,2025-02-20,H1 2025,slides/2025-02-20__has-ln-20250220-slide__75012.md,effective_tax_rate,,,32,,,%,company_expectation,new,We expect the ETR will be c.32% in FY25.
Hays plc,LSE:HAS,2025-02-20,H1 2025,slides/2025-02-20__has-ln-20250220-slide__75012.md,net_fees,,permanent,19,,,,narrative,new,"The dark blue bars represent the starting and ending totals.](page_12_Figure_3.jpeg) # #### Permanent net fees* | (19)% | Net fee decrease | |---|---| | (22)% | Volume decrease | | 3% | Average Perm fee increase | - Perm volumes down across all regions - Average Perm fee up 3%, driven by our actions to increase fee margins & target higher salary markets - Underlying global wage inflation slowing ![The image displays a pie chart divided into two segments, representing a breakdown of &quot;net fee"
Hays plc,LSE:HAS,2025-02-20,H1 2025,slides/2025-02-20__has-ln-20250220-slide__75012.md,effective_tax_rate,Group,,32.1,,,,company_expectation,new,"**Top-left Dark Blue Triangle:** A small, dark blue](page_16_Picture_1.jpeg) # # **HIGHER INTEREST CHARGE** DRIVEN BY HIGHER RCF DRAWDOWN AND EFFECTIVE TAX RATE‡ (ETR) of **32.1**% | RS 16 interest on lease liabilities (non-cash)<br>et interest charge on debt*<br>S 19 pension charge (non-cash)<br>PF levy<br>Finance charge<br>expect the net finance charge for FY25 to be c.£13m, slightly above FY24 | Six months ended | 31 December | |---|---|---| | | 2024 | 2023 | | Finance charge | £m | £m | |---"
Hays plc,LSE:HAS,2025-02-20,H1 2025,slides/2025-02-20__has-ln-20250220-slide__75012.md,effective_tax_rate,,,257,,,%,narrative,new,"All banknotes are outlined with distinct light blue lines.](page_22_Picture_17.jpeg) # ## Strong cash generation; interim dividend unchanged - Cash conversion** of 257% with closing cash of £29.0m, and new RCF facility agreed at £240 million - Full pension scheme buy-in completed which fully de-risks liabilities and will drive long-term free cash flow benefit - Increased DSOs to 37 days driven by geographic mix and Enterprise resilience - Bad debts and overdue ageing at historic low levels - Unc"
Hays plc,LSE:HAS,2025-02-20,H1 2025,slides/2025-02-20__has-ln-20250220-slide__75012.md,temp_outlook,Germany,temp_and_contracting,,,,qualitative,narrative,qualitative,"The tagline is vertically centered with respect to the &quot;HAYS&quot; logo.](page_24_Picture_0.jpeg) # ## NEW YEAR **RETURN TO WORK** IN LINE WITH PY IN UK&I AND ANZ, BUT **MODESTLY** **BEHIND IN GERMANY ** # #### **Current trading conditions and outlook ** Our Temp & Contracting New Year 'return to work' has been in line with the prior year in the UK&I and ANZ Temp & Contracting volumes in Germany are rebuilding modestly behind the prior year, driven by automotive related headwinds in Temp bu"
Hays plc,LSE:HAS,2025-02-20,H1 2025,slides/2025-02-20__has-ln-20250220-slide__75012.md,temp_outlook,Germany,temp_and_contracting,25,,,,company_expectation,new,"Germany Temp & Contracting average hours worked remain sequentially stable and we expect the YOY headwind in Q3 25 to be modest due to the easier comparator Perm job flow and activity levels are in line with pre-Christmas levels and remain tough in EMEA, particularly in France, UK&I, and Germany."
Hays plc,LSE:HAS,2025-02-20,H1 2025,slides/2025-02-20__has-ln-20250220-slide__75012.md,consultant_headcount,Group,,25,,,,company_expectation,new,"We continue to see slower client and candidate decision-making, leading to a longer time-to-hire As previously reported, we expect Group consultant headcount will remain broadly stable in Q3 25."
Hays plc,LSE:HAS,2025-02-20,H1 2025,slides/2025-02-20__has-ln-20250220-slide__75012.md,perm_outlook,,permanent,,,,qualitative,narrative,qualitative,"STEM Given existing skill shortages, there is potential for higher margins over time Greater focus on higher skilled, higher paid roles The most skill-short areas need long-term talent partners Increase our resilience and our ability to grow fees via higher salaries Increased focus on resilient and growing endmarkets Focusing on long-term growth industries will reduce our reliance on the economic cycle Building stronger relationships with our clients Increase market share and repeatability of fe"
Hays plc,LSE:HAS,2025-08-21,FY 2025,slides/2025-08-21__has-ln-20250821-slide__143884.md,pre_exceptional_operating_profit,,temp_and_contracting,13,,,%,narrative,new,"All percentages and category labels within the stacked bars are displayed in white text.](page_7_Figure_3.jpeg) # ### Net fees **down 13%**; operating profit<sup>‡</sup> **down 67% ** - Temp & Contracting down 8%, driven by volumes down 13% but remained broadly stable through H2 - Perm net fees decreased by 22% with volumes down 28% as market conditions remained very challenging - Consultant net fee productivity up 8% YoY to its highest level since FY22 - Increased market share despite challengi"
Hays plc,LSE:HAS,2025-08-21,FY 2025,slides/2025-08-21__has-ln-20250821-slide__143884.md,effective_tax_rate,,,38,,,%,company_expectation,new,We expect the ETR will be c.38% in FY26.
Hays plc,LSE:HAS,2025-08-21,FY 2025,slides/2025-08-21__has-ln-20250821-slide__143884.md,net_fees,Germany,temp,17,,,,narrative,new,"# ## NET FEE DECLINE DRIVEN BY **LOWER PERM AND TEMP** **VOLUMES** AND **REDUCED GERMANY WORKING HOURS ** # #### Drivers of net fees (£m) # # (17)% Net fee decrease(20)% Volume decrease3% Average Perm fee increase • Perm volumes down across all regions Permanent net fees* - Average Perm fee up 3%, driven by our actions to increase fee margins & target higher salary markets - Underlying global wage inflation slowing ![The image displays a pie chart divided into two sections, illustrating a breakd"
Hays plc,LSE:HAS,2025-08-21,FY 2025,slides/2025-08-21__has-ln-20250821-slide__143884.md,structural_cost_savings,,,14,,,,narrative,new,"The background is a solid, light off-white or cream color.](page_13_Picture_12.jpeg) 14 # ## C.£35M PER ANNUM STRUCTURAL COST SAVINGS DELIVERED IN FY25, WITH FURTHER c.£45M PER ANNUM TARGETED BY FY29 Annualised cost reductions delivered in FY25 (£m) ![The image displays a three-column layout on a light beige background, illustrating a breakdown of costs or savings and their nature."
Hays plc,LSE:HAS,2025-08-21,FY 2025,slides/2025-08-21__has-ln-20250821-slide__143884.md,structural_cost_savings,Germany,,81,,,m,narrative,new,"The bottom arrow, corresponding to &quot;Consultant headcount/ commission & bonus&quot;, is labeled &quot;Cyclical&quot;.](page_14_Figure_3.jpeg) We have reduced our cost base on a periodic and constant currency basis from c.£81m in Q4 24 to c.£75m in Q4 25 - Completed Americas Finance transformation and Global Technology transformation - Significant progress with our Germany and EMEA regional Finance Operations - Restructured global Marketing function - Restructured operations in Germany, UK&I,"
Hays plc,LSE:HAS,2025-08-21,FY 2025,slides/2025-08-21__has-ln-20250821-slide__143884.md,effective_tax_rate,,,35.1,,,%,company_expectation,new,HIGHER EFFECTIVE TAX RATE<sup>‡</sup> (ETR) of **35.1%** DRIVEN BY **GEOGRAPHIC PROFIT MIX** AND **IMPACT OF TAX LOSSES ** | Finance charge and taxation | | Year ended 30 June | |---|---|---| | | 2025 | 2024 | | Finance charge | £m | £m | |---|---|---| | IFRS 16 interest on lease liabilities (non-cash) | (4.6) | (5.0) | | Net interest charge on debt* | (7.3) | (4.0) | | IAS 19 pension charge (non-cash) | (1.5) | (1.3) | | PPF levy | (0.0) | (0.1) | | Net finance charge | (13.4) | (10.4) | • We e
Hays plc,LSE:HAS,2025-08-21,FY 2025,slides/2025-08-21__has-ln-20250821-slide__143884.md,effective_tax_rate,Group,,38,,,%,company_expectation,new,"We expect the Group's ETR in FY26 to be c.38%, consistent with FY25 H2, assuming no material change in geographic mix of profits, and to reduce as profits rebuild over time ![The image displays the word &quot;HAYS&quot; in a bold, sans-serif, uppercase font."
Hays plc,LSE:HAS,2025-08-21,FY 2025,slides/2025-08-21__has-ln-20250821-slide__143884.md,pre_exceptional_operating_profit,,,35,,,m,narrative,new,"To the far left of the stacked bar, a large dark blue arrow points to the right.](page_17_Figure_5.jpeg) # ## FY26 capex guidance is c.£35 million driven by investment in Tech infrastructure and data/Al programme *For the purpose <sup>‡</sup>Operating profit is presented before exceptional items."
Hays plc,LSE:HAS,2025-08-21,FY 2025,slides/2025-08-21__has-ln-20250821-slide__143884.md,pre_exceptional_operating_profit,,,56,,,%,narrative,new,"The combination of the four circles and the four curved lines forms a continuous, unbroken ring-like or cyclical shape.](page_21_Picture_8.jpeg) # ## Operating profit<sup>‡</sup> down 56% to £45.6m - Decisive actions to defend profits and better position for the long-term - Consultant headcount reduced by 14% YoY driving 5% productivity improvement - Excellent progress on back-office efficiency and operational restructuring programmes, drove c.£35m per annum structural cost reductions, well ahea"
Hays plc,LSE:HAS,2025-08-21,FY 2025,slides/2025-08-21__has-ln-20250821-slide__143884.md,consultant_headcount,Group,,26,,,,company_expectation,new,"Given our ongoing focus on driving consultant productivity, we expect overall Group consultant headcount will remain broadly stable in Q1 26."
Hays plc,LSE:HAS,2025-08-21,FY 2025,slides/2025-08-21__has-ln-20250821-slide__143884.md,consultant_headcount,,,,,,qualitative,narrative,qualitative,"STEM will reduce our reliance talent partners of fees by becoming ideally placed to Given existing skill on the economic cycle long-term partners capitalise on the shortages, there is Increase our resilience megatrend towards potential for higher and our ability to grow increased flexible margins over time fees via higher salaries working Our strategic levers will drive long-term growth, increase profitability and enhance fee resilience Underpinned by our Golden Rule: Profit growth > Net fee gro"
Hays plc,LSE:HAS,2025-08-21,FY 2025,slides/2025-08-21__has-ln-20250821-slide__143884.md,structural_cost_savings,Rest of World,,35,,,m,narrative,new,"**Middle Box:** A blue rectangle containing white bullet points: - &quot;Back-office and operational efficiency cost savings&quot; - &quot;Automating our front, middle and back-office operations will significantly reduce overheads, streamline processes, and improve our overall operational efficiency&quot; - **Right Box:** A blue rectangle containing white bullet points: - &quot;c.£35m per annum savings achieved in FY25, two years ahead of target&quot; - &quot;We have set ourselves the ambition o"
Hays plc,LSE:HAS,2026-02-27,H1 2026,slides/2026-02-27__has-ln-20260227-slide__643289.md,pre_exceptional_operating_profit,Germany,temp_and_contracting,1,,,,narrative,new,![](c0__page_1_Picture_6.jpeg) ### ### **AGENDA** 1OPERATIONAL & STRATEGIC REVIEW - **2** **FINANCIAL REVIEW** - **3** **CURRENT TRADING** - **4** **STRATEGY** - **5** **Q&A** ![](c0__page_2_Picture_6.jpeg) ![](c0__page_3_Picture_0.jpeg) **1.** **OPERATIONAL & ** **STRATEGIC ** **REVIEW** ### ### **GOOD STRATEGIC PROGRESS & DECISIVE ACTION TO IMPROVE ** **PRODUCTIVITY** ![](c0__page_4_Figure_1.jpeg) ## ![](c0__page_4_Picture_3.jpeg) ## ### • Group net fees down 9% to £453.3m - Temp & Contracting
Hays plc,LSE:HAS,2026-02-27,H1 2026,slides/2026-02-27__has-ln-20260227-slide__643289.md,net_fees,Germany,,4,,,%,narrative,new,"Increased from 4% of net fees in FY24 to 8% in H1 26 ## - Significant actions taken in Q2 to restructure Germany, reduce non consultant headcount, and secure further structural cost savings which will benefit our second half - Period end consultant headcount decreased by 14% YoY."
Hays plc,LSE:HAS,2026-02-27,H1 2026,slides/2026-02-27__has-ln-20260227-slide__643289.md,effective_tax_rate,,,45,,,%,company_expectation,new,We expect the ETR will be c.45% in FY26.
Hays plc,LSE:HAS,2026-02-27,H1 2026,slides/2026-02-27__has-ln-20260227-slide__643289.md,pre_exceptional_operating_profit,Germany,temp,14,,,,company_expectation,new,"# ### **NET FEE DECLINE DRIVEN BY LOWER PERM VOLUMES ** **AND** **REDUCED GERMANY WORKING HOURS** # ### **Drivers of net fees (£m)** ![](c0__page_12_Figure_2.jpeg) # | (14)% | Net fee decrease | |---|---| | (14)% | Volume decrease | | 0% | Average Perm fee | - Perm volumes down 14%, as weak client and candidate confidence drove below -normal conversion of activity to placement - Average Perm fee was flat, with increases UK&I and ANZ offset by placement mix with volume reductions in high value ma"
Hays plc,LSE:HAS,2026-02-27,H1 2026,slides/2026-02-27__has-ln-20260227-slide__643289.md,pre_exceptional_operating_profit,United Kingdom & Ireland,temp_and_contracting,26,,,,company_expectation,new,"# ### **A STRONG BALANCE SHEET** # ### **Balance sheet analysis** ![](c0__page_20_Picture_2.jpeg) ![](c0__page_20_Picture_3.jpeg) # ### **A DIVIDEND & CAPITAL ALLOCATION FRAMEWORK TO FUND GROWTH INITIATIVES, MAINTAIN ** **A STRONG BALANCE SHEET AND GENERATE ATTRACTIVE RETURNS FOR SHAREHOLDERS** # ### **H1 26 Interim Dividend** - H1 26 interim dividend of 0.15 pence per share o Consistent with the revised capital allocation framework and dividend policy we announced at the FY25 resultso 3x FY25 p"
Hays plc,LSE:HAS,2026-02-27,H1 2026,slides/2026-02-27__has-ln-20260227-slide__643289.md,temp_outlook,,temp_and_contracting,,,,qualitative,company_expectation,qualitative,** **CURRENT** **TRADING** # ### **NEW YEAR TRADING HAS BEEN IN** **-LINE WITH OUR EXPECTATIONS** - Our Temp & Contracting New Year 'return to work' has been solid overall and in -line with the prior year and our expectations.
Hays plc,LSE:HAS,2026-02-27,H1 2026,slides/2026-02-27__has-ln-20260227-slide__643289.md,consultant_headcount,Group,,,,,qualitative,company_expectation,qualitative,We believe our Group consultant headcount capacity is appropriate for current market conditions and therefore expect it to remain broadly stable in Q3 as we balance focused investment in high performing and potential business lines with improving productivity in more challenging areas.
Hays plc,LSE:HAS,2026-02-27,H1 2026,slides/2026-02-27__has-ln-20260227-slide__643289.md,pre_exceptional_operating_profit,United Kingdom & Ireland,temp_and_contracting,5,,,%,narrative,new,"STEM Given existing skill shortages, there is potential for higher margins over time Grow our leading positions in most in-demand future job categories The most skill-short areas need long -term talent partners Increase our resilience and our ability to grow fees via higher salaries Increase our focus on higher skilled, higher paid roles Focusing on long -term growth industries will reduce our reliance on the economic cycle Greater focus on resilient and growing industries and markets Increase m"
Hays plc,LSE:HAS,2026-02-27,H1 2026,slides/2026-02-27__has-ln-20260227-slide__643289.md,pre_exceptional_operating_profit,Group,temp_and_contracting,24,,,%,narrative,new,Temp & Contracting increased to 24% of net fees in H1 26 (17% in FY22) - Launch and scale -up of Engineering Consulting business - 7% growth in Perm net fees as we focus on higher skilled roles # **Five Levers** # ### **Driving Performance** - 12% net fee growth and a record performance in H1 26 - Excellent growth in Construction & Property (117%) and Technology (14%) - 8% growth in consultant net fee productivity aligned with strong cost discipline - Strong increase in operating profit to a rec
