company,ticker,published_at,stated_in_period,doc_class,doc_kind,figures,quote,source_file,line_no
Home Depot,HD,2026-05-19,FY2026Q1,EARNINGS_CALL,call-pres,"1,000  | 2026.","Unknown speaker: Thanks, Ted. Good morning, everyone. We continue to focus on elevating the shopping experience across all stores and online by optimizing fulfillment options. To do this, we are simplifying processes in our stores, removing friction from the customer experience, increasing associate engagement, and taking actions to drive more loyalty with the Pro. Late last year, we began to tran",challenge/offline-data/home-depot/call-transcripts/2026-05-19__hd-us-20260519-call-pres__1039117.md,31
Home Depot,HD,2026-05-19,FY2026Q1,EARNINGS_CALL,call-pres,2026.  | 1 | 2025.  | 2026  | 2% | 2.5%,"Unknown speaker: Now, I will comment on our outlook for fiscal 2026. As you heard from Ted, our performance during the 1st quarter was in line with our expectations. The underlying demand during the quarter was relatively similar to what we experienced throughout fiscal 2025. As a result, we are reaffirming our fiscal 2026 guidance. We expect to continue to grow our market share and for our comp s",challenge/offline-data/home-depot/call-transcripts/2026-05-19__hd-us-20260519-call-pres__1039117.md,65
Home Depot,HD,2026-05-19,FY2026Q1,EARNINGS_CALL,call-pres,12.4% | -12.6% | 12.8% | -13% | 24.3% | 2.3 billion,"Unknown speaker: Further, we expect operating margin of approximately 12.4%-12.6% and adjusted operating margin of approximately 12.8%-13%. Our effective tax rate is targeted at approximately 24.3%. We expect net interest expense of approximately $2.3 billion. We expect our diluted earnings per share and adjusted diluted earnings per share to both increase approximately flat to 4% compared to fisc",challenge/offline-data/home-depot/call-transcripts/2026-05-19__hd-us-20260519-call-pres__1039117.md,67
Home Depot,HD,2026-05-19,FY2026Q1,EARNINGS_CALL,call-qna,4 million,"Unknown speaker: Hey, good morning, everyone. If you step back, your business has stabilized in the last couple of quarters. You've moved to slightly positive comps, but it does feel like there are a lot of aspects of demand that are still stuck.When you look at existing home sales, those 4 million HELOCs seem to have plateaued again. Guidance does imply a slight improvement in comps as we move th",challenge/offline-data/home-depot/call-transcripts/2026-05-19__hd-us-20260519-call-qna__1039119.md,23
Home Depot,HD,2026-05-19,FY2026Q1,EARNINGS_CALL,call-qna,-2%,"Unknown speaker: Michael, we reaffirmed our comp guidance with a range of flat-2%. You know, I'd say two comments about that. Number one, yes, the environment is different than it was three months ago. Probably a more volatile external environment to a degree, but really kind of unclear on how that will all shape out for the year. As we saw last year, we've proven the ability to manage and take sh",challenge/offline-data/home-depot/call-transcripts/2026-05-19__hd-us-20260519-call-qna__1039119.md,67
Home Depot,HD,2026-05-19,FY2026Q1,EARNINGS_CALL,call-qna,4 billion | 2  | 3 ,"Unknown speaker: Yeah, sure. Look, as Ted said, SRS performed in line with our expectations. Just to talk about current performance, they delivered $4 billion in sales in the quarter. They delivered positive total sales growth and positive total organic sales growth. Comps were slightly negative for SRS in total, driven by low single-digit negative comps in roofing. As Ted said, despite significan",challenge/offline-data/home-depot/call-transcripts/2026-05-19__hd-us-20260519-call-qna__1039119.md,109
Home Depot,HD,2026-05-19,FY2026Q1,EARNINGS_CALL,call-qna,"1,  | 232 ","Unknown speaker: That's helpful, Richard. Wanted to follow up on the gross margin line. The guidance would imply some improvement in the year-over-year change from here. The first question is, for Q1, could you isolate the GMS impact versus core? As you think through the moving parts around the changing operating environment around us, freight, fuel, you had a Section 232 tariff change. How would ",challenge/offline-data/home-depot/call-transcripts/2026-05-19__hd-us-20260519-call-qna__1039119.md,113
Home Depot,HD,2026-05-19,FY2026Q1,EARNINGS_CALL,call-qna,33.1 | 75  | 4  | 28% | 4  | 2019.,"Unknown speaker: Let's take SRS and GMS for a second. We expect gross margin for the year to be at 33.1, which is consistent with our original guide. The change from last year largely reflecting the acquisition of GMS. If you look at our first quarter performance, 75 basis points below last year, the vast majority of that reflects the acquisition of GMS. There was some pressure, and we called this",challenge/offline-data/home-depot/call-transcripts/2026-05-19__hd-us-20260519-call-qna__1039119.md,115
Home Depot,HD,2026-05-19,FY2026Q1,EARNINGS_CALL,call-qna,"2,  | 1,  | 3  | 4. ","Unknown speaker: As we anticipated in our earnings guide last quarter, we've maintained our stance on value to keep momentum with our customers. That made up the remainder of the gap. Beyond that, the margin profile of the core was actually very stable. As we move through the year, you're still gonna see pressure on a year-over-year basis in Q2, not quite the degree that you saw in Q1, and then im",challenge/offline-data/home-depot/call-transcripts/2026-05-19__hd-us-20260519-call-qna__1039119.md,117
Home Depot,HD,2026-05-19,FY2026Q1,EARNINGS_CALL,call-qna,"2025, ","Unknown speaker: Yeah. I mean, we're very pleased with the trajectory of Pro Trade Credit so far. After gaining some pretty strong traction in 2025, we saw continued momentum, you know, this past quarter. What's most encouraging is that we're winning exactly where we would expect to with single and multifamily builders and with large remodelers. We're seeing strong adoption in longer lead time cat",challenge/offline-data/home-depot/call-transcripts/2026-05-19__hd-us-20260519-call-qna__1039119.md,133
Home Depot,HD,2026-05-19,FY2026Q1,STRUCTURED_RESULT,q1-10q,1995. ,"Certain statements contained herein, as well as in other filings we make with the SEC and other written and oral information we release, including statements regarding our performance, estimates, expectations, beliefs, intentions, projections, strategies for the future, or other events or developments in the future may constitute 'forward-looking statements' under the federal securities laws, incl",challenge/offline-data/home-depot/filings/2026-05-19__hd-us-20260519-q1-10q__1053121.md,216
Home Depot,HD,2026-05-19,FY2026Q1,STRUCTURED_RESULT,q1-10q,1 | 2025  | 10 | 2025  | 10 | 2. ,"These statements are not guarantees of future performance and are subject to future events, risks and uncertainties - many of which are beyond our control, dependent on the actions of third parties, or currently unknown to us - as well as potentially inaccurate assumptions that could cause actual results to differ materially from our historical experience and our expectations and projections. Thes",challenge/offline-data/home-depot/filings/2026-05-19__hd-us-20260519-q1-10q__1053121.md,220
Home Depot,HD,2026-05-19,FY2026Q1,STRUCTURED_RESULT,q1-10q,"3,  | 2026  | 2025  | 10 | 2025  | 10","We did not adopt any new accounting pronouncements during the three months ended May 3, 2026 that had a material impact on our consolidated financial condition, results of operations, or cash flows. There have been no significant changes in accounting pronouncements not yet adopted as disclosed in the 2025 Form 10-K, and those not discussed in the 2025 Form 10-K are either not applicable or are no",challenge/offline-data/home-depot/filings/2026-05-19__hd-us-20260519-q1-10q__1053121.md,450
Home Depot,HD,2026-05-19,FY2026Q1,STRUCTURED_RESULT,q1-10q,"3,  | 2026  | 1,  | 2026,  | 1.6 billion | 1.5 billion","For products and services sold in stores or online, payment is typically due at the point of sale. When we receive payment before the customer has taken possession of the merchandise or the service has been performed, the amount received is recorded as deferred revenue until the sale or service is complete. Such performance obligations are part of contracts with expected original durations of typi",challenge/offline-data/home-depot/filings/2026-05-19__hd-us-20260519-q1-10q__1053121.md,549
Home Depot,HD,2026-05-19,FY2026Q1,STRUCTURED_RESULT,q1-10q,"3,  | 2026  | 1,  | 2026,  | 1.1 billion | 3, ","We further record deferred revenue for the sale of gift cards and recognize the associated revenue upon the redemption of those gift cards, which generally occurs within six months of gift card issuance. As of both May 3, 2026 and February 1, 2026, our performance obligations for unredeemed gift cards were $1.1 billion. Gift card breakage income, which is our estimate of the portion of our outstan",challenge/offline-data/home-depot/filings/2026-05-19__hd-us-20260519-q1-10q__1053121.md,555
Home Depot,HD,2026-05-19,FY2026Q1,STRUCTURED_RESULT,q1-10q,"2026,  | 844 million | 4 billion | 2026,  | 2.5% | 2026 ","During the first three months of fiscal 2026, we invested $844 million back into our business in the form of capital expenditures. We plan to invest approximately $4 billion back into our business in the form of capital expenditures in fiscal 2026, in line with our expectation of approximately 2.5% of projected fiscal 2026 net sales. We expect to make investments across initiatives supporting our ",challenge/offline-data/home-depot/filings/2026-05-19__hd-us-20260519-q1-10q__1053121.md,938
Home Depot,HD,2026-05-19,FY2026Q1,STRUCTURED_RESULT,q1-10q,"2026,  | 2026  | 6.2 billion | 3,  | 2026,  | 3.5 billion","During the first three months of fiscal 2026, all of our short term borrowings were under our commercial paper program. We utilized commercial paper borrowings to support general liquidity, including the repayment of long-term debt, and the maximum amount outstanding during the first three months of fiscal 2026 was $6.2 billion. At May 3, 2026, we had outstanding borrowings under our commercial pa",challenge/offline-data/home-depot/filings/2026-05-19__hd-us-20260519-q1-10q__1053121.md,948
Home Depot,HD,2026-05-19,FY2026Q1,STRUCTURED_RESULT,q1-10q,"3,  | 2026.  | 5 ","The indentures governing our senior notes do not generally limit our ability to incur additional indebtedness or require us to maintain financial ratios or specified levels of net worth or liquidity. The indentures governing our notes contain various covenants, none of which are expected to impact our liquidity or capital resources. We were in compliance with all such covenants at May 3, 2026. See",challenge/offline-data/home-depot/filings/2026-05-19__hd-us-20260519-q1-10q__1053121.md,952
Home Depot,HD,2026-05-19,FY2026Q1,STRUCTURED_RESULT,q1-8k,2026 ,The company reaffirms its fiscal 2026 guidance:,challenge/offline-data/home-depot/filings/2026-05-19__hd-us-20260519-q1-8k-2__1038586.md,31
Home Depot,HD,2026-05-19,FY2026Q1,STRUCTURED_RESULT,q1-8k,1995.  | 2026,"Certain statements contained herein constitute ""forward-looking statements"" under the federal securities laws, including as defined in the Private Securities Litigation Reform Act of 1995. Forward-looking statements are based on currently available information and our current assumptions, expectations and projections about future events, and use words such as ""may,"" ""will,"" ""could,"" ""should,"" ""wou",challenge/offline-data/home-depot/filings/2026-05-19__hd-us-20260519-q1-8k-2__1038586.md,69
Home Depot,HD,2026-05-19,FY2026Q1,STRUCTURED_RESULT,q1-8k,"1 | 10 | 1,  | 2026 ","These statements are not guarantees of future performance and are subject to future events, risks and uncertainties – many of which are beyond our control, dependent on the actions of third parties, or currently unknown to us – as well as potentially inaccurate assumptions that could cause actual results to differ materially from our historical experience and our expectations and projections. Thes",challenge/offline-data/home-depot/filings/2026-05-19__hd-us-20260519-q1-8k-2__1038586.md,71
Home Depot,HD,2026-05-19,FY2026Q1,STRUCTURED_RESULT,q1-8k,2026  | 40 ,Our adjusted operating margin guidance for fiscal 2026 excludes an expected approximately 40 basis point impact from acquired intangible asset amortization.,challenge/offline-data/home-depot/filings/2026-05-19__hd-us-20260519-q1-8k-2__1038586.md,235
Home Depot,HD,2026-05-19,FY2026Q1,STRUCTURED_RESULT,q1-8k,2026  | 0.50 ,Our adjusted diluted earnings per share guidance for fiscal 2026 excludes an expected after-tax impact of approximately $0.50 from acquired intangible asset amortization.,challenge/offline-data/home-depot/filings/2026-05-19__hd-us-20260519-q1-8k-2__1038586.md,251
Home Depot,HD,2026-05-19,FY2026Q1,STRUCTURED_RESULT,q1-8k,2026 ,The company reaffirms its fiscal 2026 guidance:,challenge/offline-data/home-depot/filings/2026-05-19__hd-us-20260519-q1-8k__1038584.md,31
Home Depot,HD,2026-05-19,FY2026Q1,STRUCTURED_RESULT,q1-8k,2026  | 2026 ,## The Home Depot Announces First Quarter Fiscal 2026 Results; Reaffirms Fiscal 2026 Guidance,challenge/offline-data/home-depot/filings/2026-05-19__hd-us-20260519-q1-8k__1038584.md,54
Home Depot,HD,2026-05-19,FY2026Q1,STRUCTURED_RESULT,q1-8k,2026 ,The company reaffirms its fiscal 2026 guidance:,challenge/offline-data/home-depot/filings/2026-05-19__hd-us-20260519-q1-8k__1038584.md,66
Home Depot,HD,2026-05-19,FY2026Q1,STRUCTURED_RESULT,q1-8k,1995.  | 2026,"Certain statements contained herein constitute ""forward-looking statements"" under the federal securities laws, including as defined in the Private Securities Litigation Reform Act of 1995. Forward-looking statements are based on currently available information and our current assumptions, expectations and projections about future events, and use words such as 'may,' 'will,'  'could,'  'should,'  '",challenge/offline-data/home-depot/filings/2026-05-19__hd-us-20260519-q1-8k__1038584.md,95
Home Depot,HD,2026-05-19,FY2026Q1,STRUCTURED_RESULT,q1-8k,"1 | 10 | 1,  | 2026 ","These statements are not guarantees of future performance and are subject to future events, risks and uncertainties - many of which are beyond our control, dependent on the actions of third parties, or currently unknown to us - as well as potentially inaccurate assumptions that could cause actual results to differ materially from our historical experience and our expectations and  projections.  Th",challenge/offline-data/home-depot/filings/2026-05-19__hd-us-20260519-q1-8k__1038584.md,97
Home Depot,HD,2026-05-19,FY2026Q1,STRUCTURED_RESULT,q1-8k,2026  | 40 ,Our adjusted operating margin guidance for fiscal 2026 excludes an expected approximately 40 basis point impact from acquired intangible asset amortization.,challenge/offline-data/home-depot/filings/2026-05-19__hd-us-20260519-q1-8k__1038584.md,246
Home Depot,HD,2026-05-19,FY2026Q1,STRUCTURED_RESULT,q1-8k,2026  | 0.50 ,Our adjusted diluted earnings per share guidance for fiscal 2026 excludes an expected after-tax impact of approximately $0.50 from acquired intangible asset amortization.,challenge/offline-data/home-depot/filings/2026-05-19__hd-us-20260519-q1-8k__1038584.md,262
Home Depot,HD,2026-03-18,FY2025Q4,STRUCTURED_RESULT,fy-10k,1995. ,"Certain statements contained herein, as well as in other filings we make with the SEC and other written and oral information we release, including statements regarding our performance, estimates, expectations, beliefs, intentions, projections, strategies for the future, or other events or developments in the future may constitute ""forward-looking statements"" under the federal securities laws, incl",challenge/offline-data/home-depot/filings/2026-03-18__hd-us-20260318-fy-10k__828355.md,178
Home Depot,HD,2026-03-18,FY2025Q4,STRUCTURED_RESULT,fy-10k,1 | 7. ,"These statements are not guarantees of future performance and are subject to future events, risks and uncertainties — many of which are beyond our control, dependent on the actions of third parties, or currently unknown to us — as well as potentially inaccurate assumptions that could cause actual results to differ materially from our historical experience and our expectations and projections. Thes",challenge/offline-data/home-depot/filings/2026-03-18__hd-us-20260318-fy-10k__828355.md,182
Home Depot,HD,2026-03-18,FY2025Q4,STRUCTURED_RESULT,fy-10k,"2025.  | 2025,  | 2,359  | 104,000  | 24,000 ","The Home Depot, Inc. is the world's largest home improvement retailer based on net sales for fiscal 2025. We offer our customers a wide assortment of home improvement products, building materials, lawn and garden products, décor products, and facilities MRO products, in stores and online. We also provide a number of services, including home improvement installation services, and tool and equipment",challenge/offline-data/home-depot/filings/2026-03-18__hd-us-20260318-fy-10k__828355.md,197
Home Depot,HD,2026-03-18,FY2025Q4,STRUCTURED_RESULT,fy-10k,"2025,  | 2023,  | 80  | 2025,  | 12  | 80 ","Our stores remain the hub of our business, and we continue to invest to improve the customer shopping experience through easier navigation and increased convenience and speed of checkout. In fiscal 2025, we continued to leverage the investments made in our store experience over the past several years to operate effectively and meet customer expectations, as well as investing in dedicated teams to ",challenge/offline-data/home-depot/filings/2026-03-18__hd-us-20260318-fy-10k__828355.md,325
Home Depot,HD,2026-03-18,FY2025Q4,STRUCTURED_RESULT,fy-10k,"2025,  | 50%","In addition to our distribution and fulfillment centers, we leverage our stores as a network of convenient customer pickup, return, and delivery fulfillment locations. We believe our premium real estate footprint provides a distinct competitive advantage. For customers who shop online and want to pick up or return merchandise at a store, or have product delivered from a store, we offer a variety o",challenge/offline-data/home-depot/filings/2026-03-18__hd-us-20260318-fy-10k__828355.md,350
Home Depot,HD,2026-03-18,FY2025Q4,STRUCTURED_RESULT,fy-10k,"19,  | 1984,  | 22,  | 1987 ","Since April 19, 1984, our common stock has been listed on the NYSE, trading under the symbol ""HD."" We paid our first cash dividend on June 22, 1987 and have paid a cash dividend during each subsequent quarter. While we currently expect a cash dividend to be paid in the future, future dividend payments are subject to declaration by our Board based on our earnings, capital requirements, financial co",challenge/offline-data/home-depot/filings/2026-03-18__hd-us-20260318-fy-10k__828355.md,837
Home Depot,HD,2026-03-18,FY2025Q4,STRUCTURED_RESULT,fy-10k,10 | 2025  | 2024.  | 2024  | 2023  | 7. ,The following discussion provides an analysis of the Company's financial condition and results of operations from management's perspective and should be read in conjunction with the consolidated financial statements and related notes included in this report. The discussion in this Form 10-K generally focuses on fiscal 2025 compared to fiscal 2024. A discussion of our results of operations and chan,challenge/offline-data/home-depot/filings/2026-03-18__hd-us-20260318-fy-10k__828355.md,888
Home Depot,HD,2026-03-18,FY2025Q4,STRUCTURED_RESULT,fy-10k,25.7% | 2025  | 31.3% | 2024. ,Our ROIC was 25.7% for fiscal 2025 and 31.3% for fiscal 2024. The decrease in ROIC was primarily driven by higher average equity due to our ongoing pause in share repurchases and higher average long-term debt largely due to the financing of the SRS acquisition. See the Non-GAAP Financial Measures section below for our definition and calculation of ROIC.,challenge/offline-data/home-depot/filings/2026-03-18__hd-us-20260318-fy-10k__828355.md,915
Home Depot,HD,2026-03-18,FY2025Q4,STRUCTURED_RESULT,fy-10k,"2025, ","We continue to monitor developments with respect to tariffs and other trade policy matters closely, including impacts from the recent U.S. Supreme Court decision that struck down tariffs imposed under the International Emergency Economic Powers Act. We have worked, and continue to work, diligently to diversify our global supply chain and to implement other cost mitigation initiatives. While we exp",challenge/offline-data/home-depot/filings/2026-03-18__hd-us-20260318-fy-10k__828355.md,925
Home Depot,HD,2026-03-18,FY2025Q4,STRUCTURED_RESULT,fy-10k,"2025  | 5.2 billion | 3.2% | 164.7 billion | 2025  | 18, ","Net Sales. Net sales for fiscal 2025 increased $5.2 billion, or 3.2%, to $164.7 billion. The increase in net sales for fiscal 2025 was primarily driven by SRS, which was acquired on June 18, 2024, and GMS, which was acquired on September 4, 2025. In aggregate, these acquisitions contributed approximately $6.3 billion of incremental net sales during fiscal 2025. Net sales also increased due to sale",challenge/offline-data/home-depot/filings/2026-03-18__hd-us-20260318-fy-10k__828355.md,990
Home Depot,HD,2026-03-18,FY2025Q4,STRUCTURED_RESULT,fy-10k,"2025,  | 2024.  | 2025  | 2024.","For fiscal 2025, our Storage & Organization, Electrical, Bath, Plumbing, Indoor Garden, Outdoor Garden, Kitchen & Blinds, Hardware, Power, Building Materials, and Appliances merchandising departments within our Primary segment posted positive comparable sales compared to fiscal 2024. Our other merchandising departments within our Primary segment posted negative comparable sales during fiscal 2025 ",challenge/offline-data/home-depot/filings/2026-03-18__hd-us-20260318-fy-10k__828355.md,1007
Home Depot,HD,2026-03-18,FY2025Q4,STRUCTURED_RESULT,fy-10k,14.23  | 2025  | 14.91  | 2024.  | 2025  | 2025. ,Diluted earnings per share were $14.23 in fiscal 2025 compared to $14.91 in fiscal 2024. The decrease in diluted earnings per share for fiscal 2025 was primarily driven by lower net earnings during fiscal 2025. The 53rd week of fiscal 2024 increased diluted earnings per share in fiscal 2024 by approximately $0.30.,challenge/offline-data/home-depot/filings/2026-03-18__hd-us-20260318-fy-10k__828355.md,1031
Home Depot,HD,2026-03-18,FY2025Q4,STRUCTURED_RESULT,fy-10k,"2025,  | 3.7 billion | 4 billion | 2026,  | 2.5% | 2026 ","During fiscal 2025, we invested approximately $3.7 billion back into our business in the form of capital expenditures. We plan to invest approximately $4 billion back into our business in the form of capital expenditures in fiscal 2026, in line with our expectation of approximately 2.5% of projected fiscal 2026 net sales. We expect to make these investments across initiatives supporting our strate",challenge/offline-data/home-depot/filings/2026-03-18__hd-us-20260318-fy-10k__828355.md,1083
Home Depot,HD,2026-03-18,FY2025Q4,STRUCTURED_RESULT,fy-10k,"2025,  | 5.8 billion | 1,  | 2026,  | 4.5 billion | 3.7%","During fiscal 2025, all of our short-term borrowings were under our commercial paper program, and the maximum amount outstanding during that period was $5.8 billion. At February 1, 2026, we had outstanding borrowings under our commercial paper program of $4.5 billion with a weighted average interest rate of 3.7%. At February 1, 2026, we had no outstanding borrowings under our back-up credit facili",challenge/offline-data/home-depot/filings/2026-03-18__hd-us-20260318-fy-10k__828355.md,1099
Home Depot,HD,2026-03-18,FY2025Q4,STRUCTURED_RESULT,fy-10k,"1,  | 2026.  | 5 ","The indentures governing our senior notes do not generally limit our ability to incur additional indebtedness or require us to maintain financial ratios or specified levels of net worth or liquidity. The indentures governing our notes contain various covenants, none of which are expected to impact our liquidity or capital resources. We were in compliance with all such covenants at February 1, 2026",challenge/offline-data/home-depot/filings/2026-03-18__hd-us-20260318-fy-10k__828355.md,1105
Home Depot,HD,2026-03-18,FY2025Q4,STRUCTURED_RESULT,fy-10k,10% | 79 million | 2025. ,We calculate shrink based on actual inventory losses identified as a result of physical inventory counts during each fiscal period and estimated inventory losses occurring between physical inventory counts. The estimate for shrink occurring in the interim period between physical inventory counts is calculated on a store-specific basis and is primarily based on recent shrink results. A 10% increase,challenge/offline-data/home-depot/filings/2026-03-18__hd-us-20260318-fy-10k__828355.md,1176
Home Depot,HD,2026-03-18,FY2025Q4,STRUCTURED_RESULT,fy-10k,20  | 4.,"We amortize the cost of definite-lived intangible assets on a straight-line basis over their estimated useful lives, which range up to approximately 20 years, as this approximates the pattern of expected economic benefit. We evaluate our definite-lived intangible assets for impairment when evidence exists that certain triggering events or changes in circumstances indicate that the carrying amount ",challenge/offline-data/home-depot/filings/2026-03-18__hd-us-20260318-fy-10k__828355.md,1633
Home Depot,HD,2026-03-18,FY2025Q4,STRUCTURED_RESULT,fy-10k,"1.6 billion | 1,  | 2026,  | 1.5 billion | 2,  | 2025.","We are self-insured for certain losses related to general liability (including product liability), workers' compensation, employee group medical, and automobile claims. We recognize the expected ultimate cost for claims incurred (undiscounted) at the balance sheet date as a liability. The expected ultimate cost for claims incurred is estimated based upon analysis of historical data and actuarial e",challenge/offline-data/home-depot/filings/2026-03-18__hd-us-20260318-fy-10k__828355.md,1672
Home Depot,HD,2026-03-18,FY2025Q4,STRUCTURED_RESULT,fy-10k,"1,  | 2026  | 2,  | 2025,  | 1.5 billion","For products and services sold in stores or online, payment is typically due at the point of sale. When we receive payment before the customer has taken possession of the merchandise or the service has been performed, the amount received is recorded as deferred revenue until the sale or service is complete. Such performance obligations are part of contracts with expected original durations of typi",challenge/offline-data/home-depot/filings/2026-03-18__hd-us-20260318-fy-10k__828355.md,1684
Home Depot,HD,2026-03-18,FY2025Q4,STRUCTURED_RESULT,fy-10k,"1,  | 2026  | 2,  | 2025,  | 1.1 billion | 2025, ","We further record deferred revenue for the sale of gift cards and recognize the associated revenue upon the redemption of those gift cards, which generally occurs within six months of gift card issuance. As of both February 1, 2026 and February 2, 2025, our performance obligations for unredeemed gift cards were $1.1 billion. Gift card breakage income, which is our estimate of the portion of our ou",challenge/offline-data/home-depot/filings/2026-03-18__hd-us-20260318-fy-10k__828355.md,1686
Home Depot,HD,2026-03-18,FY2025Q4,STRUCTURED_RESULT,fy-10k,"1.3 billion | 1.2 billion | 1.1 billion | 2025,  | 2024,  | 2023, ","Advertising costs, including digital, television, radio and print, are expensed when the advertisement first appears. Certain co-op advertising allowances that are reimbursements of specific, incremental, and identifiable costs incurred to promote vendors' products are recorded as an offset against advertising expense. Net advertising expense included in SG&A was $1.3 billion, $1.2 billion, and $1",challenge/offline-data/home-depot/filings/2026-03-18__hd-us-20260318-fy-10k__828355.md,1711
Home Depot,HD,2026-03-18,FY2025Q4,STRUCTURED_RESULT,fy-10k,9.,"We are currently authorized to issue equity awards including incentive and nonqualified stock options, restricted stock, restricted stock units, performance shares, performance units, stock appreciation rights, and deferred shares to certain of our associates and non-employee directors under certain stock incentive plans. We measure and recognize compensation expense for all stock-based payment aw",challenge/offline-data/home-depot/filings/2026-03-18__hd-us-20260318-fy-10k__828355.md,1715
Home Depot,HD,2026-03-18,FY2025Q4,STRUCTURED_RESULT,fy-10k,"2023 | -09.  | 2023,  | 2023 | -09,  | 740","ASU No. 2023-09. In December 2023, the FASB issued ASU No. 2023-09, ""Income Taxes (Topic 740): Improvements to Income Tax Disclosures,"" which requires disclosure of disaggregated information about a reporting entity's effective tax rate reconciliation as well as disclosures on income taxes paid by jurisdiction. ASU No. 2023-09 is effective for annual periods beginning after December 15, 2024. The ",challenge/offline-data/home-depot/filings/2026-03-18__hd-us-20260318-fy-10k__828355.md,1746
Home Depot,HD,2026-03-18,FY2025Q4,STRUCTURED_RESULT,fy-10k,"2025 | -06.  | 2025,  | 2025 | -06,  | 350","ASU No. 2025-06. In September 2025, the FASB issued ASU No. 2025-06, ""Intangibles—Goodwill and Other—Internal-Use Software (Subtopic 350-40): Targeted Improvements to the Accounting for Internal-Use Software,"" which is intended to modernize internal-use software guidance by removing all references to project stages and by clarifying the thresholds entities apply to begin capitalizing costs. ASU No",challenge/offline-data/home-depot/filings/2026-03-18__hd-us-20260318-fy-10k__828355.md,1750
Home Depot,HD,2026-03-18,FY2025Q4,STRUCTURED_RESULT,fy-10k,"2024 | -03.  | 2024,  | 2024 | -03,  | 220","ASU No. 2024-03. In November 2024, the FASB issued ASU No. 2024-03, ""Income Statement—Reporting Comprehensive Income—Expense Disaggregation Disclosures (Subtopic 220-40): Disaggregation of Income Statement Expenses,"" which is intended to improve disclosures about a public business entity's expenses by requiring disaggregated disclosure, in the notes to the financial statements, of prescribed categ",challenge/offline-data/home-depot/filings/2026-03-18__hd-us-20260318-fy-10k__828355.md,1752
Home Depot,HD,2026-03-18,FY2025Q4,STRUCTURED_RESULT,fy-10k,1 | 2024  | 2025.  | 12.4 billion | 6.2 billion | 2025 ,"(1)Net sales presented in Other relate to the sale of products within our SRS non-reportable operating segments, following our acquisition of SRS in the second quarter of fiscal 2024 and the subsequent acquisition of GMS in the third quarter of fiscal 2025. Operating income presented in Other includes cost of sales and operating expenses totaling $12.4 billion and $6.2 billion for fiscal 2025 and ",challenge/offline-data/home-depot/filings/2026-03-18__hd-us-20260318-fy-10k__828355.md,1799
Home Depot,HD,2026-03-18,FY2025Q4,STRUCTURED_RESULT,fy-10k,"2 | 209 million | 207 million | 2025  | 2024,  | 398 million","(2)Includes depreciation and finance lease amortization in cost of sales. Also includes intangible asset amortization expense of $209 million and $207 million for fiscal 2025 and fiscal 2024, respectively, in our Primary segment, and intangible asset amortization expense of $398 million and $218 million for fiscal 2025 and fiscal 2024, respectively, in Other.",challenge/offline-data/home-depot/filings/2026-03-18__hd-us-20260318-fy-10k__828355.md,1808
Home Depot,HD,2026-03-18,FY2025Q4,STRUCTURED_RESULT,fy-10k,"2024,  | 2023.","Prior to the SRS acquisition in fiscal 2024, our total Company consolidated results represented our Primary segment. Therefore, a reconciliation to our consolidated totals is not applicable for fiscal 2023.",challenge/offline-data/home-depot/filings/2026-03-18__hd-us-20260318-fy-10k__828355.md,1810
Home Depot,HD,2026-03-18,FY2025Q4,STRUCTURED_RESULT,fy-10k,1 | 2024  | 2025.  | 53% | 68% | 2025 ,"(1)Net sales presented in Other relate to the sale of products within our SRS non-reportable operating segments, following our acquisition of SRS in the second quarter of fiscal 2024 and the subsequent acquisition of GMS in the third quarter of fiscal 2025. Roofing and related products accounted for approximately 53% and 68% of Other net sales for fiscal 2025 and fiscal 2024, respectively.",challenge/offline-data/home-depot/filings/2026-03-18__hd-us-20260318-fy-10k__828355.md,1846
Home Depot,HD,2026-03-18,FY2025Q4,STRUCTURED_RESULT,fy-10k,"607 million | 425 million | 186 million | 2025,  | 2024,  | 2023, ","Our intangible asset amortization expense was $607 million, $425 million, and $186 million for fiscal 2025, fiscal 2024, and fiscal 2023, respectively.",challenge/offline-data/home-depot/filings/2026-03-18__hd-us-20260318-fy-10k__828355.md,2085
Home Depot,HD,2026-03-18,FY2025Q4,STRUCTURED_RESULT,fy-10k,"1,  | 2026  | 2,  | 2025.  | 1,  | 2026 ","From time to time, we also use treasury locks or forward-starting interest rate swap agreements to hedge the variability in future interest payments attributable to changing interest rates on forecasted debt issuances. There were no such instruments outstanding as of February 1, 2026 or February 2, 2025. All previously settled arrangements were designated as cash flow hedges and thus, the correspo",challenge/offline-data/home-depot/filings/2026-03-18__hd-us-20260318-fy-10k__828355.md,2239
Home Depot,HD,2026-03-18,FY2025Q4,STRUCTURED_RESULT,fy-10k,"1,  | 2026  | 12 ","We expect an immaterial amount of losses related to cash flow hedges recorded in accumulated other comprehensive loss as of February 1, 2026 to be reclassified into earnings within the next 12 months.",challenge/offline-data/home-depot/filings/2026-03-18__hd-us-20260318-fy-10k__828355.md,2241
Home Depot,HD,2026-03-18,FY2025Q4,STRUCTURED_RESULT,fy-10k,"2015  | 2024,  | 2016  | 2021.  | 2013  | 2023. ","Our income tax returns are routinely examined by U.S. federal, state and local, and foreign tax authorities. The Company remains subject to U.S. federal income tax examination for fiscal years 2015 through 2024, with the IRS currently examining our U.S. federal income tax returns for fiscal years 2016 through 2021. There are also ongoing U.S. state and local audits and other foreign audits coverin",challenge/offline-data/home-depot/filings/2026-03-18__hd-us-20260318-fy-10k__828355.md,2386
Home Depot,HD,2026-03-18,FY2025Q4,STRUCTURED_RESULT,fy-10k,"1,  | 2026,  | 755 million","At February 1, 2026, there was $755 million of unrecognized stock-based compensation expense, which is expected to be recognized over a weighted average period of approximately three years.",challenge/offline-data/home-depot/filings/2026-03-18__hd-us-20260318-fy-10k__828355.md,2512
Home Depot,HD,2026-03-18,FY2025Q4,STRUCTURED_RESULT,fy-10k,"2025,  | 2024,  | 2023.  | 60, ","Restricted Stock Awards. Restrictions on the restricted stock issued under the Omnibus Plan generally lapse over various periods up to five years. At the grant date of the award, recipients of restricted stock are granted voting rights and generally receive dividends on unvested shares, paid in the form of cash on each dividend payment date. Dividends paid on unvested shares were immaterial for fi",challenge/offline-data/home-depot/filings/2026-03-18__hd-us-20260318-fy-10k__828355.md,2573
Home Depot,HD,2026-03-18,FY2025Q4,STRUCTURED_RESULT,fy-10k,214 million,The goodwill arising from the acquisition is calculated as the excess of the purchase price over the net assets acquired and is attributable to anticipated (i) growth acceleration in the residential and commercial Pro market; (ii) expanded capabilities and product categories; (iii) additional addressable market opportunities; (iv) enhanced delivery network capabilities; and (v) growth in sales for,challenge/offline-data/home-depot/filings/2026-03-18__hd-us-20260318-fy-10k__828355.md,2759
Home Depot,HD,2026-03-18,FY2025Q4,STRUCTURED_RESULT,fy-10k,2025  | 2.0 billion | 2025 ,Results of Operations. Net sales attributable to GMS since the completion of the acquisition and included within our results of operations for fiscal 2025 totaled $2.0 billion. Net earnings attributable to GMS since the completion of the acquisition and included within our results of operations for fiscal 2025 were immaterial.,challenge/offline-data/home-depot/filings/2026-03-18__hd-us-20260318-fy-10k__828355.md,2763
Home Depot,HD,2026-03-18,FY2025Q4,STRUCTURED_RESULT,fy-10k,1.0 billion,The goodwill arising from the acquisition is attributable to anticipated (i) growth acceleration in the Pro market; (ii) expansion in high growth verticals including roofing; (iii) additional addressable market opportunities; (iv) enhanced delivery network capabilities; and (v) growth in sales force. We expect approximately $1.0 billion of goodwill related to the acquisition to be deductible for U,challenge/offline-data/home-depot/filings/2026-03-18__hd-us-20260318-fy-10k__828355.md,2825
Home Depot,HD,2026-03-18,FY2025Q4,STRUCTURED_RESULT,fy-10k,2024  | 6.4 billion | 2024 ,Results of Operations. Net sales attributable to SRS since the completion of the acquisition and included within our results of operations for fiscal 2024 totaled $6.4 billion. Net earnings attributable to SRS since the completion of the acquisition and included within our results of operations for fiscal 2024 were immaterial.,challenge/offline-data/home-depot/filings/2026-03-18__hd-us-20260318-fy-10k__828355.md,2827
Home Depot,HD,2026-03-18,FY2025Q4,STRUCTURED_RESULT,fy-10k,"4,  | 2025,  | 1,  | 2026.  | 3% | 1%","Management excluded GMS, which was acquired on September 4, 2025, from our assessment of internal control over financial reporting as of February 1, 2026. GMS represents approximately 3% of the Company's consolidated total assets, excluding goodwill and intangible assets, and approximately 1% of the Company's consolidated net sales as of and for the year ended February 1, 2026. This exclusion is i",challenge/offline-data/home-depot/filings/2026-03-18__hd-us-20260318-fy-10k__828355.md,2858
Home Depot,HD,2026-03-18,FY2025Q4,STRUCTURED_RESULT,fy-10k,"2025,  | 2024,  | 2023","•Consolidated Statements of Earnings for fiscal 2025, fiscal 2024, and fiscal 2023;",challenge/offline-data/home-depot/filings/2026-03-18__hd-us-20260318-fy-10k__828355.md,2994
Home Depot,HD,2026-03-18,FY2025Q4,STRUCTURED_RESULT,fy-10k,"2025,  | 2024,  | 2023","•Consolidated Statements of Comprehensive Income for fiscal 2025, fiscal 2024, and fiscal 2023;",challenge/offline-data/home-depot/filings/2026-03-18__hd-us-20260318-fy-10k__828355.md,2996
Home Depot,HD,2026-03-18,FY2025Q4,STRUCTURED_RESULT,fy-10k,"2025,  | 2024,  | 2023","•Consolidated Statements of Stockholders' Equity for fiscal 2025, fiscal 2024, and fiscal 2023;",challenge/offline-data/home-depot/filings/2026-03-18__hd-us-20260318-fy-10k__828355.md,2998
Home Depot,HD,2026-03-18,FY2025Q4,STRUCTURED_RESULT,fy-10k,"2025,  | 2024,  | 2023","•Consolidated Statements of Cash Flows for fiscal 2025, fiscal 2024, and fiscal 2023; and",challenge/offline-data/home-depot/filings/2026-03-18__hd-us-20260318-fy-10k__828355.md,3000
Home Depot,HD,2026-02-24,FY2025Q4,EARNINGS_CALL,call-pres,2025  | 164.7 billion | 3.2% | 0.3% | 0.5% | 14.69,"Unknown speaker: Thank you, Isabel, and good morning, everyone. Sales for fiscal 2025 were $164.7 billion, an increase of 3.2% from the same period last year. Comp sales increased 0.3% from the same period last year, and comps in the U.S. increased 0.5%. Adjusted diluted earnings per share were $14.69, compared to $15.24 in the prior period. In the fourth quarter, comp sales increased 0.4% from la",challenge/offline-data/home-depot/call-transcripts/2026-02-24__hd-us-20260224-call-pres__629730.md,21
Home Depot,HD,2026-02-24,FY2025Q4,EARNINGS_CALL,call-pres,"2026.  | 2026,  | 2.5% | -4.5% | 2% | 4%","Unknown speaker: Going forward, we will continue to support SRS's momentum, and we expect their organic sales to grow mid-single digits in fiscal 2026. Looking ahead to fiscal 2026, we expect total sales growth of approximately 2.5%-4.5%, comparable sales growth of approximately flat to 2%, and adjusted diluted earnings per share to grow approximately flat to 4%. We remain focused on delivering th",challenge/offline-data/home-depot/call-transcripts/2026-02-24__hd-us-20260224-call-pres__629730.md,27
Home Depot,HD,2026-02-24,FY2025Q4,EARNINGS_CALL,call-pres,2.58 | 14.6% | 2024.  | 2025  | 14.23 | 4.6%,"Unknown speaker: Our diluted earnings per share for the fourth quarter were $2.58, a decrease of 14.6% compared to the fourth quarter of 2024. Diluted earnings per share for fiscal 2025 were $14.23, a decrease of 4.6% compared to fiscal 2024. Excluding intangible asset amortization, our adjusted diluted earnings per share for the fourth quarter were $2.72, a decrease of 13.1% compared to the fourt",challenge/offline-data/home-depot/call-transcripts/2026-02-24__hd-us-20260224-call-pres__629730.md,57
Home Depot,HD,2026-02-24,FY2025Q4,EARNINGS_CALL,call-pres,"12  | 2,359  | 2025.  | 25.8 billion | 2.4 billion | 4.4 ","Unknown speaker: During the year, we opened 12 new stores, bringing our store count to 2,359 at the end of fiscal 2025. At the end of the quarter, merchandise inventories were $25.8 billion, up approximately $2.4 billion versus last year, reflecting higher inventory costs and the acquisition of GMS. Inventory turns were 4.4 times, down from 4.7 times last year. Turning to capital allocation. Durin",challenge/offline-data/home-depot/call-transcripts/2026-02-24__hd-us-20260224-call-pres__629730.md,59
Home Depot,HD,2026-02-24,FY2025Q4,EARNINGS_CALL,call-pres,1.3% | 2.33  | 9.32  | 12  | 25.7% | 31.3%,"Unknown speaker: Today, we announced our board of directors increased our quarterly dividend by 1.3% to $2.33 per share, which equates to an annual dividend of $9.32 per share. Computed on an average of beginning and ending long-term debt and equity for the trailing 12 months, return on invested capital was approximately 25.7%, down from 31.3% in the fourth quarter of fiscal 2024. I will comment o",challenge/offline-data/home-depot/call-transcripts/2026-02-24__hd-us-20260224-call-pres__629730.md,61
Home Depot,HD,2026-02-24,FY2025Q4,EARNINGS_CALL,call-pres,"2023,  | 2026,  | 2026  | 2% | 2.5% | 4.5%","Unknown speaker: Housing turnover has remained at historical lows since 2023, which has significantly reduced demand for projects and other purchases associated with buying and selling a home. Our customers also tell us they have concerns over general economic uncertainty, including inflation, growing job concerns, and higher financing costs. As we look ahead to fiscal 2026, we anticipate these pr",challenge/offline-data/home-depot/call-transcripts/2026-02-24__hd-us-20260224-call-pres__629730.md,63
Home Depot,HD,2026-02-24,FY2025Q4,EARNINGS_CALL,call-pres,15  | 40 | -50  | 33.1% | 12.4% | -12.6%,"Unknown speaker: For the year, we expect SRS to deliver mid-single-digit % organic sales growth. We plan to open approximately 15 new stores and 40-50 new SRS locations. Our gross margin is expected to be approximately 33.1%. Further, we expect operating margin of approximately 12.4%-12.6% and adjusted operating margin of approximately 12.8%-13%. Our effective tax rate is targeted at approximately",challenge/offline-data/home-depot/call-transcripts/2026-02-24__hd-us-20260224-call-pres__629730.md,65
Home Depot,HD,2026-02-24,FY2025Q4,EARNINGS_CALL,call-pres,4% | 2025.  | 2.5% | 2026. ,Unknown speaker: We expect our diluted earnings per share and adjusted diluted earnings per share to both increase approximately flat to 4% compared to fiscal 2025. We plan to continue investing in our business with capital expenditures of approximately 2.5% of sales for fiscal 2026. We believe that we will grow market share in any environment by strengthening our competitive position with our cus,challenge/offline-data/home-depot/call-transcripts/2026-02-24__hd-us-20260224-call-pres__629730.md,67
Home Depot,HD,2026-02-24,FY2025Q4,EARNINGS_CALL,call-qna,4  | 2025  | 2026 ,# Q4 2025 Earnings Call and 2026 Outlook,challenge/offline-data/home-depot/call-transcripts/2026-02-24__hd-us-20260224-call-qna__629737.md,12
Home Depot,HD,2026-02-24,FY2025Q4,EARNINGS_CALL,call-qna,"2025,  | 1.1 billion","Unknown speaker: Appreciate all that. Just a quick follow-up, maybe for Richard, if you could set the base for SRS sales in 2025, comment on how GMS performed in the fourth quarter relative to that $1.1 billion framework or guidance framework that you had?",challenge/offline-data/home-depot/call-transcripts/2026-02-24__hd-us-20260224-call-qna__629737.md,33
Home Depot,HD,2026-02-24,FY2025Q4,EARNINGS_CALL,call-qna,"3,  | 3, ","Unknown speaker: With that, SRS performed exceptionally, and by all external measures, took share in the quarter. With respect to GMS, we've owned them for five months of the year, and we're pleased with their performance, and very happy to welcome them to The Home Depot family. I'll turn to Mike in a second just to talk about the power of SRS and GMS with Home Depot. Let's talk about SRS a bit mo",challenge/offline-data/home-depot/call-transcripts/2026-02-24__hd-us-20260224-call-qna__629737.md,37
Home Depot,HD,2026-02-24,FY2025Q4,EARNINGS_CALL,call-qna,"2026, ","Unknown speaker: They did invest in price to maintain share gains. That will bleed over into our margin expectations for the first quarter. As Ted said, we anticipate and expect them to grow organic sales mid-single digit for 2026, and are really excited about what we're seeing. You know, Steve, you'd mentioned the IBS. Hopefully, that came to life, the ties between SRS and GMS and The Home Depot.",challenge/offline-data/home-depot/call-transcripts/2026-02-24__hd-us-20260224-call-qna__629737.md,39
Home Depot,HD,2026-02-24,FY2025Q4,EARNINGS_CALL,call-qna,"2025,  | 2026","Unknown speaker: Hey, good morning. As you look back through 2025, could you talk about the performance of markets like Florida and Texas that saw a more challenging housing turnover and home price appreciation environment, compared to those markets with perhaps a more favorable or normalized outlook for turnover, and whether you saw any change or bifurcation between these two types of markets thr",challenge/offline-data/home-depot/call-transcripts/2026-02-24__hd-us-20260224-call-qna__629737.md,49
Home Depot,HD,2026-02-24,FY2025Q4,EARNINGS_CALL,call-qna,"2026,  | 2%","Unknown speaker: Got it. Thinking through some of the moving pieces for 2026, I'm looking out the window, and I'm seeing two feet of snow on the ground from last night. We've got, you know, larger tax refunds coming, perhaps also a more manageable tariff environment. Could you talk through these dynamics, particularly, you know, as you think through first half versus second half within your flat t",challenge/offline-data/home-depot/call-transcripts/2026-02-24__hd-us-20260224-call-qna__629737.md,57
Home Depot,HD,2026-02-24,FY2025Q4,EARNINGS_CALL,call-qna,"2026, ","Unknown speaker: Home prices, if we do start to see some wider spread home price decrease, that may have a negative psychological impact. Turnover stays low, and that there's a little more price elasticity. As Billy said, while we have a modest, year-over-year, you know, price outlook for the year, we could see higher responses of elasticity. That could be on the macro, why we would have a more ch",challenge/offline-data/home-depot/call-transcripts/2026-02-24__hd-us-20260224-call-qna__629737.md,79
Home Depot,HD,2026-02-24,FY2025Q4,EARNINGS_CALL,call-qna,2025  | 24 ,"Unknown speaker: Sure. Yeah, you mentioned the shape of the year, and we thought that it would be helpful to give a little more color than typical on the shape of the year. First, we expect our comps in the second half to be slightly higher than our comps in the first half this is a reflection of compares to 2025 storm activity in the absence thereof. That is, in essence, what is shaping our comp ",challenge/offline-data/home-depot/call-transcripts/2026-02-24__hd-us-20260224-call-qna__629737.md,81
Home Depot,HD,2026-02-24,FY2025Q4,EARNINGS_CALL,call-qna,40  | 24  | 50 ,"Unknown speaker: Recall that the pro forma impact of GMS to gross margin is about 40 basis points per year, and so that 24 basis points reflects about seven non-comp months of ownership. This annualization means that we expect our first half gross margin to be down about 50 basis points versus last year, and our second half gross margin to be right around flat to last year. You're gonna see the la",challenge/offline-data/home-depot/call-transcripts/2026-02-24__hd-us-20260224-call-qna__629737.md,83
Home Depot,HD,2026-02-24,FY2025Q4,EARNINGS_CALL,call-qna,"1.  | 1, ","Unknown speaker: In addition, due to the timing of expense comparisons versus last year, and this is also driven by the addition of the GMS expense base, compared to the first half of last year. The addition of that expense base, along with some other timing, means that we expect operating expense as a % of sales, to be at their highest level of the year in Q1. As a result of all this, our expecta",challenge/offline-data/home-depot/call-transcripts/2026-02-24__hd-us-20260224-call-qna__629737.md,85
Home Depot,HD,2026-02-24,FY2025Q4,EARNINGS_CALL,call-qna,"2027, ","Unknown speaker: You know, once we, once we return to an excess cash position, which we anticipate will be, sometime in the first half of 2027, we would expect to return to share repurchases.",challenge/offline-data/home-depot/call-transcripts/2026-02-24__hd-us-20260224-call-qna__629737.md,105
Home Depot,HD,2026-02-24,FY2025Q4,EARNINGS_CALL,call-qna,22 billion,"Unknown speaker: Yeah, I think, Simeon, a dynamic we're seeing in others in our space who have reported on the supplier side and have said some similar things, that, you know, with turnover down and people still, you know, wanting to move, they're, you know, not spending as much in their home if they anticipate moving in the next year or two. There's maybe a bit more repair than replace. You've he",challenge/offline-data/home-depot/call-transcripts/2026-02-24__hd-us-20260224-call-qna__629737.md,117
Home Depot,HD,2026-02-24,FY2025Q4,EARNINGS_CALL,call-qna,25.  | 2026,"Unknown speaker: Great. Good morning. Thanks very much for taking my questions. Wanted to follow up on the same store sales outlook. First question, just on how to think about ticket versus transactions within the outlook. Any cadence to be mindful of there? Big ticket, you know, saw an inflection in 25. How do you see that performing in 2026? Just curious on the balance between replacement cycles",challenge/offline-data/home-depot/call-transcripts/2026-02-24__hd-us-20260224-call-qna__629737.md,135
Home Depot,HD,2026-02-24,FY2025Q4,EARNINGS_CALL,call-qna,"2026,  | 3. ","Unknown speaker: Great. You know, thank you for the question. You know, as Billy said, for 2026, you're likely to see ticket reflect that three percentage point increase in retails. You know, as we end our, or really, our essentially done with our price actions, you'll see that on average through the year. It'll be a little higher at the beginning of the year, a little lower at the end of the year",challenge/offline-data/home-depot/call-transcripts/2026-02-24__hd-us-20260224-call-qna__629737.md,137
Home Depot,HD,2026-02-24,FY2025Q4,STRUCTURED_RESULT,q4-10k,1995. ,"Certain statements contained herein, as well as in other filings we make with the SEC and other written and oral information we release, including statements regarding our performance, estimates, expectations, beliefs, intentions, projections, strategies for the future, or other events or developments in the future may constitute 'forward-looking statements' under the federal securities laws, incl",challenge/offline-data/home-depot/filings/2026-02-24__hd-us-20260224-q4-10k__940544.md,241
Home Depot,HD,2026-02-24,FY2025Q4,STRUCTURED_RESULT,q4-10k,1 | 7. ,"These statements are not guarantees of future performance and are subject to future events, risks and uncertainties - many of which are beyond our control, dependent on the actions of third parties, or currently unknown to us - as well as potentially inaccurate assumptions that could cause actual results to differ materially from our historical experience and our expectations and projections. Thes",challenge/offline-data/home-depot/filings/2026-02-24__hd-us-20260224-q4-10k__940544.md,245
Home Depot,HD,2026-02-24,FY2025Q4,STRUCTURED_RESULT,q4-10k,"2025.  | 2025,  | 2,359  | 104,000  | 24,000 ","The Home Depot, Inc. is the world's largest home improvement retailer based on net sales for fiscal 2025. We offer our customers a wide assortment of home improvement products, building materials, lawn and garden products, décor products, and facilities MRO products, in stores and online. We also provide a number of services, including home improvement installation services, and tool and equipment",challenge/offline-data/home-depot/filings/2026-02-24__hd-us-20260224-q4-10k__940544.md,269
Home Depot,HD,2026-02-24,FY2025Q4,STRUCTURED_RESULT,q4-10k,"2025,  | 2023,  | 80  | 2025,  | 12  | 80 ","Our stores remain the hub of our business, and we continue to invest to improve the customer shopping experience through easier navigation and increased convenience and speed of checkout. In fiscal 2025, we continued to leverage the investments made in our store experience over the past several years to operate effectively and meet customer expectations, as well as investing in dedicated teams to ",challenge/offline-data/home-depot/filings/2026-02-24__hd-us-20260224-q4-10k__940544.md,369
Home Depot,HD,2026-02-24,FY2025Q4,STRUCTURED_RESULT,q4-10k,"2025,  | 50%","In addition to our distribution and fulfillment centers, we leverage our stores as a network of convenient customer pickup, return, and delivery fulfillment locations. We believe our premium real estate footprint provides a distinct competitive advantage. For customers who shop online and want to pick up or return merchandise at a store, or have product delivered from a store, we offer a variety o",challenge/offline-data/home-depot/filings/2026-02-24__hd-us-20260224-q4-10k__940544.md,391
Home Depot,HD,2026-02-24,FY2025Q4,STRUCTURED_RESULT,q4-10k,"19,  | 1984,  | 22,  | 1987 ","Since April 19, 1984, our common stock has been listed on the NYSE, trading under the symbol 'HD.' We paid our first cash dividend on June 22, 1987 and have paid a cash dividend during each subsequent quarter. While we currently expect a cash dividend to be paid in the future, future dividend payments are subject to declaration by our Board based on our earnings, capital requirements, financial co",challenge/offline-data/home-depot/filings/2026-02-24__hd-us-20260224-q4-10k__940544.md,820
Home Depot,HD,2026-02-24,FY2025Q4,STRUCTURED_RESULT,q4-10k,2024  | 2023 ,discussion of our results of operations and changes in financial condition for fiscal 2024 compared to fiscal 2023 has been,challenge/offline-data/home-depot/filings/2026-02-24__hd-us-20260224-q4-10k__940544.md,879
Home Depot,HD,2026-02-24,FY2025Q4,STRUCTURED_RESULT,q4-10k,10 | 2024.  | 2025  | 2023  | 52,"Results of Operations of our Form 10-K for fiscal 2024. For purposes of comparison, fiscal 2025 and fiscal 2023 include 52",challenge/offline-data/home-depot/filings/2026-02-24__hd-us-20260224-q4-10k__940544.md,881
Home Depot,HD,2026-02-24,FY2025Q4,STRUCTURED_RESULT,q4-10k,10 | 2025  | 2024.  | 2024  | 2023  | 7. ,The following discussion provides an analysis of the Company's financial condition and results of operations from management's perspective and should be read in conjunction with the consolidated financial statements and related notes included in this report. The discussion in this Form 10-K generally focuses on fiscal 2025 compared to fiscal 2024. A discussion of our results of operations and chan,challenge/offline-data/home-depot/filings/2026-02-24__hd-us-20260224-q4-10k__940544.md,924
Home Depot,HD,2026-02-24,FY2025Q4,STRUCTURED_RESULT,q4-10k,25.7% | 2025  | 31.3% | 2024. ,Our ROIC was 25.7% for fiscal 2025 and 31.3% for fiscal 2024. The decrease in ROIC was primarily driven by higher average equity due to our ongoing pause in share repurchases and higher average long-term debt largely due to the financing of the SRS acquisition. See the Non-GAAP Financial Measures section below for our definition and calculation of ROIC.,challenge/offline-data/home-depot/filings/2026-02-24__hd-us-20260224-q4-10k__940544.md,948
Home Depot,HD,2026-02-24,FY2025Q4,STRUCTURED_RESULT,q4-10k,"2025, ","We continue to monitor developments with respect to tariffs and other trade policy matters closely, including impacts from the recent U.S. Supreme Court decision that struck down tariffs imposed under the International Emergency Economic Powers Act. We have worked, and continue to work, diligently to diversify our global supply chain and to implement other cost mitigation initiatives. While we exp",challenge/offline-data/home-depot/filings/2026-02-24__hd-us-20260224-q4-10k__940544.md,958
Home Depot,HD,2026-02-24,FY2025Q4,STRUCTURED_RESULT,q4-10k,"2025  | 5.2 billion | 3.2% | 164.7 billion | 2025  | 18, ","Net Sales. Net sales for fiscal 2025 increased $5.2 billion, or 3.2%, to $164.7 billion. The increase in net sales for fiscal 2025 was primarily driven by SRS, which was acquired on June 18, 2024, and GMS, which was acquired on September 4, 2025. In aggregate, these acquisitions contributed approximately $6.3 billion of incremental net sales during fiscal 2025. Net sales also increased due to sale",challenge/offline-data/home-depot/filings/2026-02-24__hd-us-20260224-q4-10k__940544.md,1018
Home Depot,HD,2026-02-24,FY2025Q4,STRUCTURED_RESULT,q4-10k,"2025,  | 2024.  | 2025  | 2024.","For fiscal 2025, our Storage &amp; Organization, Electrical, Bath, Plumbing, Indoor Garden, Outdoor Garden, Kitchen &amp; Blinds, Hardware, Power, Building Materials, and Appliances merchandising departments within our Primary segment posted positive comparable sales compared to fiscal 2024. Our other merchandising departments within our Primary segment posted negative comparable sales during fisc",challenge/offline-data/home-depot/filings/2026-02-24__hd-us-20260224-q4-10k__940544.md,1032
Home Depot,HD,2026-02-24,FY2025Q4,STRUCTURED_RESULT,q4-10k,14.23  | 2025  | 14.91  | 2024.  | 2025  | 2025. ,Diluted earnings per share were $14.23 in fiscal 2025 compared to $14.91 in fiscal 2024. The decrease in diluted earnings per share for fiscal 2025 was primarily driven by lower net earnings during fiscal 2025. The 53rd week of fiscal 2024 increased diluted earnings per share in fiscal 2024 by approximately $0.30.,challenge/offline-data/home-depot/filings/2026-02-24__hd-us-20260224-q4-10k__940544.md,1056
Home Depot,HD,2026-02-24,FY2025Q4,STRUCTURED_RESULT,q4-10k,"2025,  | 3.7 billion | 4 billion | 2026,  | 2.5% | 2026 ","During fiscal 2025, we invested approximately $3.7 billion back into our business in the form of capital expenditures. We plan to invest approximately $4 billion back into our business in the form of capital expenditures in fiscal 2026, in line with our expectation of approximately 2.5% of projected fiscal 2026 net sales. We expect to make these investments across initiatives supporting our strate",challenge/offline-data/home-depot/filings/2026-02-24__hd-us-20260224-q4-10k__940544.md,1101
Home Depot,HD,2026-02-24,FY2025Q4,STRUCTURED_RESULT,q4-10k,"2025,  | 5.8 billion | 1,  | 2026,  | 4.5 billion | 3.7%","During fiscal 2025, all of our short-term borrowings were under our commercial paper program, and the maximum amount outstanding during that period was $5.8 billion. At February 1, 2026, we had outstanding borrowings under our commercial paper program of $4.5 billion with a weighted average interest rate of 3.7%. At February 1, 2026, we had no outstanding borrowings under our back-up credit facili",challenge/offline-data/home-depot/filings/2026-02-24__hd-us-20260224-q4-10k__940544.md,1117
Home Depot,HD,2026-02-24,FY2025Q4,STRUCTURED_RESULT,q4-10k,"1,  | 2026.  | 5 ","The indentures governing our senior notes do not generally limit our ability to incur additional indebtedness or require us to maintain financial ratios or specified levels of net worth or liquidity. The indentures governing our notes contain various covenants, none of which are expected to impact our liquidity or capital resources. We were in compliance with all such covenants at February 1, 2026",challenge/offline-data/home-depot/filings/2026-02-24__hd-us-20260224-q4-10k__940544.md,1123
Home Depot,HD,2026-02-24,FY2025Q4,STRUCTURED_RESULT,q4-10k,10% | 79 million | 2025. ,We calculate shrink based on actual inventory losses identified as a result of physical inventory counts during each fiscal period and estimated inventory losses occurring between physical inventory counts. The estimate for shrink occurring in the interim period between physical inventory counts is calculated on a store-specific basis and is primarily based on recent shrink results. A 10% increase,challenge/offline-data/home-depot/filings/2026-02-24__hd-us-20260224-q4-10k__940544.md,1187
Home Depot,HD,2026-02-24,FY2025Q4,STRUCTURED_RESULT,q4-10k,20  | 4.,"We amortize the cost of definite-lived intangible assets on a straight-line basis over their estimated useful lives, which range up to approximately 20 years, as this approximates the pattern of expected economic benefit. We evaluate our definite-lived intangible assets for impairment when evidence exists that certain triggering events or changes in circumstances indicate that the carrying amount ",challenge/offline-data/home-depot/filings/2026-02-24__hd-us-20260224-q4-10k__940544.md,1588
Home Depot,HD,2026-02-24,FY2025Q4,STRUCTURED_RESULT,q4-10k,"1.6 billion | 1,  | 2026,  | 1.5 billion | 2,  | 2025.","We are self-insured for certain losses related to general liability (including product liability), workers' compensation, employee group medical, and automobile claims. We recognize the expected ultimate cost for claims incurred (undiscounted) at the balance sheet date as a liability. The expected ultimate cost for claims incurred is estimated based upon analysis of historical data and actuarial e",challenge/offline-data/home-depot/filings/2026-02-24__hd-us-20260224-q4-10k__940544.md,1623
Home Depot,HD,2026-02-24,FY2025Q4,STRUCTURED_RESULT,q4-10k,"1,  | 2026  | 2,  | 2025,  | 1.5 billion","For products and services sold in stores or online, payment is typically due at the point of sale. When we receive payment before the customer has taken possession of the merchandise or the service has been performed, the amount received is recorded as deferred revenue until the sale or service is complete. Such performance obligations are part of contracts with expected original durations of typi",challenge/offline-data/home-depot/filings/2026-02-24__hd-us-20260224-q4-10k__940544.md,1635
Home Depot,HD,2026-02-24,FY2025Q4,STRUCTURED_RESULT,q4-10k,"1,  | 2026  | 2,  | 2025,  | 1.1 billion | 2025, ","We further record deferred revenue for the sale of gift cards and recognize the associated revenue upon the redemption of those gift cards, which generally occurs within six months of gift card issuance. As of both February 1, 2026 and February 2, 2025, our performance obligations for unredeemed gift cards were $1.1 billion. Gift card breakage income, which is our estimate of the portion of our ou",challenge/offline-data/home-depot/filings/2026-02-24__hd-us-20260224-q4-10k__940544.md,1637
Home Depot,HD,2026-02-24,FY2025Q4,STRUCTURED_RESULT,q4-10k,"1.3 billion | 1.2 billion | 1.1 billion | 2025,  | 2024,  | 2023, ","Advertising costs, including digital, television, radio and print, are expensed when the advertisement first appears. Certain coop advertising allowances that are reimbursements of specific, incremental, and identifiable costs incurred to promote vendors' products are recorded as an offset against advertising expense. Net advertising expense included in SG&amp;A was $1.3 billion, $1.2 billion, and",challenge/offline-data/home-depot/filings/2026-02-24__hd-us-20260224-q4-10k__940544.md,1659
Home Depot,HD,2026-02-24,FY2025Q4,STRUCTURED_RESULT,q4-10k,9.,"We are currently authorized to issue equity awards including incentive and nonqualified stock options, restricted stock, restricted stock units, performance shares, performance units, stock appreciation rights, and deferred shares to certain of our associates and non-employee directors under certain stock incentive plans. We measure and recognize compensation expense for all stock-based payment aw",challenge/offline-data/home-depot/filings/2026-02-24__hd-us-20260224-q4-10k__940544.md,1663
Home Depot,HD,2026-02-24,FY2025Q4,STRUCTURED_RESULT,q4-10k,"2023 | -09.  | 2023,  | 2023 | -09,  | 740","ASU No. 2023-09. In December 2023, the FASB issued ASU No. 2023-09, 'Income Taxes (Topic 740): Improvements to Income Tax Disclosures,' which requires disclosure of disaggregated information about a reporting entity's effective tax rate reconciliation as well as disclosures on income taxes paid by jurisdiction. ASU No. 2023-09 is effective for annual periods beginning after December 15, 2024. The ",challenge/offline-data/home-depot/filings/2026-02-24__hd-us-20260224-q4-10k__940544.md,1691
Home Depot,HD,2026-02-24,FY2025Q4,STRUCTURED_RESULT,q4-10k,"2025 | -06.  | 2025,  | 2025 | -06,  | 350","ASU No. 2025-06. In September 2025, the FASB issued ASU No. 2025-06, 'Intangibles-Goodwill and Other-Internal-Use Software (Subtopic 350-40): Targeted Improvements to the Accounting for Internal-Use Software,' which is intended to modernize internal-use software guidance by removing all references to project stages and by clarifying the thresholds entities apply to begin capitalizing costs. ASU No",challenge/offline-data/home-depot/filings/2026-02-24__hd-us-20260224-q4-10k__940544.md,1695
Home Depot,HD,2026-02-24,FY2025Q4,STRUCTURED_RESULT,q4-10k,"2024 | -03.  | 2024,  | 2024 | -03,  | 220","ASU No. 2024-03. In November 2024, the FASB issued ASU No. 2024-03, 'Income Statement-Reporting Comprehensive Income-Expense Disaggregation Disclosures (Subtopic 220-40): Disaggregation of Income Statement Expenses,' which is intended to improve disclosures about a public business entity's expenses by requiring disaggregated disclosure, in the notes to the financial statements, of prescribed categ",challenge/offline-data/home-depot/filings/2026-02-24__hd-us-20260224-q4-10k__940544.md,1697
Home Depot,HD,2026-02-24,FY2025Q4,STRUCTURED_RESULT,q4-10k,1 | 2024  | 2025.  | 12.4 billion | 6.2 billion | 2025 ,"(1) Net sales presented in Other relate to the sale of products within our SRS non-reportable operating segments, following our acquisition of SRS in the second quarter of fiscal 2024 and the subsequent acquisition of GMS in the third quarter of fiscal 2025. Operating income presented in Other includes cost of sales and operating expenses totaling $12.4 billion and $6.2 billion for fiscal 2025 and",challenge/offline-data/home-depot/filings/2026-02-24__hd-us-20260224-q4-10k__940544.md,1741
Home Depot,HD,2026-02-24,FY2025Q4,STRUCTURED_RESULT,q4-10k,"2 | 209 million | 207 million | 2025  | 2024,  | 398 million","- (2) Includes depreciation and finance lease amortization in cost of sales. Also includes intangible asset amortization expense of $209 million and $207 million for fiscal 2025 and fiscal 2024, respectively, in our Primary segment, and intangible asset amortization expense of $398 million and $218 million for fiscal 2025 and fiscal 2024, respectively, in Other.",challenge/offline-data/home-depot/filings/2026-02-24__hd-us-20260224-q4-10k__940544.md,1747
Home Depot,HD,2026-02-24,FY2025Q4,STRUCTURED_RESULT,q4-10k,"2024,  | 2023.","Prior to the SRS acquisition in fiscal 2024, our total Company consolidated results represented our Primary segment. Therefore, a reconciliation to our consolidated totals is not applicable for fiscal 2023.",challenge/offline-data/home-depot/filings/2026-02-24__hd-us-20260224-q4-10k__940544.md,1749
Home Depot,HD,2026-02-24,FY2025Q4,STRUCTURED_RESULT,q4-10k,1 | 2024  | 2025.  | 53% | 68% | 2025 ,"(1) Net sales presented in Other relate to the sale of products within our SRS non-reportable operating segments, following our acquisition of SRS in the second quarter of fiscal 2024 and the subsequent acquisition of GMS in the third quarter of fiscal 2025. Roofing and related products accounted for approximately 53% and 68% of Other net sales for fiscal 2025 and fiscal 2024, respectively.",challenge/offline-data/home-depot/filings/2026-02-24__hd-us-20260224-q4-10k__940544.md,1784
Home Depot,HD,2026-02-24,FY2025Q4,STRUCTURED_RESULT,q4-10k,"607 million | 425 million | 186 million | 2025,  | 2024, ","Our intangible asset amortization expense was $607 million, $425 million, and $186 million for fiscal 2025, fiscal 2024, and",challenge/offline-data/home-depot/filings/2026-02-24__hd-us-20260224-q4-10k__940544.md,2001
Home Depot,HD,2026-02-24,FY2025Q4,STRUCTURED_RESULT,q4-10k,"607 million | 425 million | 186 million | 2025,  | 2024,  | 2023, ","Our intangible asset amortization expense was $607 million, $425 million, and $186 million for fiscal 2025, fiscal 2024, and fiscal 2023, respectively.",challenge/offline-data/home-depot/filings/2026-02-24__hd-us-20260224-q4-10k__940544.md,2044
Home Depot,HD,2026-02-24,FY2025Q4,STRUCTURED_RESULT,q4-10k,"1,  | 2026  | 2,  | 2025.  | 1,  | 2026 ","From time to time, we also use treasury locks or forward-starting interest rate swap agreements to hedge the variability in future interest payments attributable to changing interest rates on forecasted debt issuances. There were no such instruments outstanding as of February 1, 2026 or February 2, 2025. All previously settled arrangements were designated as cash flow hedges and thus, the correspo",challenge/offline-data/home-depot/filings/2026-02-24__hd-us-20260224-q4-10k__940544.md,2185
Home Depot,HD,2026-02-24,FY2025Q4,STRUCTURED_RESULT,q4-10k,"1,  | 2026  | 12 ","We expect an immaterial amount of losses related to cash flow hedges recorded in accumulated other comprehensive loss as of February 1, 2026 to be reclassified into earnings within the next 12 months.",challenge/offline-data/home-depot/filings/2026-02-24__hd-us-20260224-q4-10k__940544.md,2187
Home Depot,HD,2026-02-24,FY2025Q4,STRUCTURED_RESULT,q4-10k,"2015  | 2024,  | 2016  | 2021.  | 2013  | 2023. ","Our income tax returns are routinely examined by U.S. federal, state and local, and foreign tax authorities. The Company remains subject to U.S. federal income tax examination for fiscal years 2015 through 2024, with the IRS currently examining our U.S. federal income tax returns for fiscal years 2016 through 2021. There are also ongoing U.S. state and local audits and other foreign audits coverin",challenge/offline-data/home-depot/filings/2026-02-24__hd-us-20260224-q4-10k__940544.md,2318
Home Depot,HD,2026-02-24,FY2025Q4,STRUCTURED_RESULT,q4-10k,"1,  | 2026,  | 755 million","At February 1, 2026, there was $755 million of unrecognized stock-based compensation expense, which is expected to be recognized over a weighted average period of approximately three years.",challenge/offline-data/home-depot/filings/2026-02-24__hd-us-20260224-q4-10k__940544.md,2431
Home Depot,HD,2026-02-24,FY2025Q4,STRUCTURED_RESULT,q4-10k,"2025,  | 2024,  | 2023.  | 60, ","Restricted Stock Awards. Restrictions on the restricted stock issued under the Omnibus Plan generally lapse over various periods up to five years. At the grant date of the award, recipients of restricted stock are granted voting rights and generally receive dividends on unvested shares, paid in the form of cash on each dividend payment date. Dividends paid on unvested shares were immaterial for fi",challenge/offline-data/home-depot/filings/2026-02-24__hd-us-20260224-q4-10k__940544.md,2484
Home Depot,HD,2026-02-24,FY2025Q4,STRUCTURED_RESULT,q4-10k,214 million,The goodwill arising from the acquisition is calculated as the excess of the purchase price over the net assets acquired and is attributable to anticipated (i) growth acceleration in the residential and commercial Pro market; (ii) expanded capabilities and product categories; (iii) additional addressable market opportunities; (iv) enhanced delivery network capabilities; and (v) growth in sales for,challenge/offline-data/home-depot/filings/2026-02-24__hd-us-20260224-q4-10k__940544.md,2651
Home Depot,HD,2026-02-24,FY2025Q4,STRUCTURED_RESULT,q4-10k,2025  | 2.0 billion | 2025 ,Results of Operations. Net sales attributable to GMS since the completion of the acquisition and included within our results of operations for fiscal 2025 totaled $2.0 billion. Net earnings attributable to GMS since the completion of the acquisition and included within our results of operations for fiscal 2025 were immaterial.,challenge/offline-data/home-depot/filings/2026-02-24__hd-us-20260224-q4-10k__940544.md,2655
Home Depot,HD,2026-02-24,FY2025Q4,STRUCTURED_RESULT,q4-10k,1.0 billion,The goodwill arising from the acquisition is attributable to anticipated (i) growth acceleration in the Pro market; (ii) expansion in high growth verticals including roofing; (iii) additional addressable market opportunities; (iv) enhanced delivery network capabilities; and (v) growth in sales force. We expect approximately $1.0 billion of goodwill related to the acquisition to be deductible for U,challenge/offline-data/home-depot/filings/2026-02-24__hd-us-20260224-q4-10k__940544.md,2713
Home Depot,HD,2026-02-24,FY2025Q4,STRUCTURED_RESULT,q4-10k,2024  | 6.4 billion | 2024 ,Results of Operations. Net sales attributable to SRS since the completion of the acquisition and included within our results of operations for fiscal 2024 totaled $6.4 billion. Net earnings attributable to SRS since the completion of the acquisition and included within our results of operations for fiscal 2024 were immaterial.,challenge/offline-data/home-depot/filings/2026-02-24__hd-us-20260224-q4-10k__940544.md,2715
Home Depot,HD,2026-02-24,FY2025Q4,STRUCTURED_RESULT,q4-10k,"4,  | 2025,  | 1,  | 2026.  | 3% | 1%","Management excluded GMS, which was acquired on September 4, 2025, from our assessment of internal control over financial reporting as of February 1, 2026. GMS represents approximately 3% of the Company's consolidated total assets, excluding goodwill and intangible assets, and approximately 1% of the Company's consolidated net sales as of and for the year ended February 1, 2026. This exclusion is i",challenge/offline-data/home-depot/filings/2026-02-24__hd-us-20260224-q4-10k__940544.md,2743
Home Depot,HD,2026-02-24,FY2025Q4,STRUCTURED_RESULT,q4-10k,"2025,  | 2024,  | 2023","- Consolidated Statements of Earnings for fiscal 2025, fiscal 2024, and fiscal 2023;",challenge/offline-data/home-depot/filings/2026-02-24__hd-us-20260224-q4-10k__940544.md,2859
Home Depot,HD,2026-02-24,FY2025Q4,STRUCTURED_RESULT,q4-10k,"2025,  | 2024,  | 2023","- Consolidated Statements of Comprehensive Income for fiscal 2025, fiscal 2024, and fiscal 2023;",challenge/offline-data/home-depot/filings/2026-02-24__hd-us-20260224-q4-10k__940544.md,2860
Home Depot,HD,2026-02-24,FY2025Q4,STRUCTURED_RESULT,q4-10k,"2025,  | 2024,  | 2023","- Consolidated Statements of Stockholders' Equity for fiscal 2025, fiscal 2024, and fiscal 2023;",challenge/offline-data/home-depot/filings/2026-02-24__hd-us-20260224-q4-10k__940544.md,2861
Home Depot,HD,2026-02-24,FY2025Q4,STRUCTURED_RESULT,q4-10k,"2025,  | 2024,  | 2023","- Consolidated Statements of Cash Flows for fiscal 2025, fiscal 2024, and fiscal 2023; and",challenge/offline-data/home-depot/filings/2026-02-24__hd-us-20260224-q4-10k__940544.md,2862
Home Depot,HD,2026-02-24,FY2025Q4,STRUCTURED_RESULT,q4-10k,"19,  | 2022  | 2025   | 2025, ","Home Depot has typically awarded an annual equity grant to officers in March of each year under The Home Depot, Inc. Omnibus Stock Incentive Plan, As Amended and Restated May 19, 2022 (the 'Omnibus Plan'). Currently, equity awards for officers  in  March  2025  are  expected  to  consist  of  restricted  stock,  stock  options,  and  performance  shares.  Vesting  and performance goals for these a",challenge/offline-data/home-depot/filings/2026-02-24__hd-us-20260224-q4-10k__940544.md,3045
Home Depot,HD,2026-02-24,FY2025Q4,STRUCTURED_RESULT,q4-10k,"21.      | 409 | 409 | 1986,  | 409 | 409","21.     Taxes and Section 409A. To the extent applicable, it is intended that this Agreement comply with or be exempt from the provisions of Section 409A of the Internal Revenue Code of 1986, as amended (the 'Code') and the regulations and guidance promulgated thereunder ('Section 409A').  Executive's Termination shall constitute a 'separation from service' pursuant to Section 409A. To the extent ",challenge/offline-data/home-depot/filings/2026-02-24__hd-us-20260224-q4-10k__940544.md,3399
Home Depot,HD,2026-02-24,FY2025Q4,STRUCTURED_RESULT,q4-10k,"21.      | 409 | 409 | 1986,  | 409 | 409","21.     Taxes and Section 409A. To the extent applicable, it is intended that this Agreement comply with or be exempt from the provisions of Section 409A of the Internal Revenue Code of 1986, as amended (the 'Code') and the regulations and guidance promulgated thereunder ('Section 409A').  Executive's Termination shall constitute a 'separation from service' pursuant to Section 409A. To the extent ",challenge/offline-data/home-depot/filings/2026-02-24__hd-us-20260224-q4-10k__940544.md,3621
Home Depot,HD,2026-02-24,FY2025Q4,STRUCTURED_RESULT,q4-8k,"2023,  | 80  | 37  | 2025  | 80  | 2027, ","Nothing speaks to the vitality of our business more than our commitment to open new stores. During our Investor and Analyst Conference in 2023, we announced plans to build 80 new stores over a five-year period. We are building these stores in geographic areas that have experienced significant population growth, or where we need to relieve pressure on existing high-volume stores. The performance in",challenge/offline-data/home-depot/filings/2026-02-24__hd-us-20260224-q4-8k-2__904387.md,49
Home Depot,HD,2026-02-24,FY2025Q4,STRUCTURED_RESULT,q4-8k,1995. ,"Certain statements contained herein, as well as in other filings we make with the SEC and other written and oral information we release, including statements regarding our performance, estimates, expectations, beliefs, intentions, projections, strategies for the future, or other events or developments in the future may constitute 'forward-looking statements' under the federal securities laws, incl",challenge/offline-data/home-depot/filings/2026-02-24__hd-us-20260224-q4-8k-2__904387.md,276
Home Depot,HD,2026-02-24,FY2025Q4,STRUCTURED_RESULT,q4-8k,1 | 7. ,"These statements are not guarantees of future performance and are subject to future events, risks and uncertainties - many of which are beyond our control, dependent on the actions of third parties, or currently unknown to us - as well as potentially inaccurate assumptions that could cause actual results to differ materially from our historical experience and our expectations and projections. Thes",challenge/offline-data/home-depot/filings/2026-02-24__hd-us-20260224-q4-8k-2__904387.md,280
Home Depot,HD,2026-02-24,FY2025Q4,STRUCTURED_RESULT,q4-8k,"2025.  | 2025,  | 2,359  | 104,000  | 24,000 ","The Home Depot, Inc. is the world's largest home improvement retailer based on net sales for fiscal 2025. We offer our customers a wide assortment of home improvement products, building materials, lawn and garden products, décor products, and facilities MRO products, in stores and online. We also provide a number of services, including home improvement installation services, and tool and equipment",challenge/offline-data/home-depot/filings/2026-02-24__hd-us-20260224-q4-8k-2__904387.md,304
Home Depot,HD,2026-02-24,FY2025Q4,STRUCTURED_RESULT,q4-8k,"2025,  | 2023,  | 80  | 2025,  | 12  | 80 ","Our stores remain the hub of our business, and we continue to invest to improve the customer shopping experience through easier navigation and increased convenience and speed of checkout. In fiscal 2025, we continued to leverage the investments made in our store experience over the past several years to operate effectively and meet customer expectations, as well as investing in dedicated teams to ",challenge/offline-data/home-depot/filings/2026-02-24__hd-us-20260224-q4-8k-2__904387.md,404
Home Depot,HD,2026-02-24,FY2025Q4,STRUCTURED_RESULT,q4-8k,"2025,  | 50%","In addition to our distribution and fulfillment centers, we leverage our stores as a network of convenient customer pickup, return, and delivery fulfillment locations. We believe our premium real estate footprint provides a distinct competitive advantage. For customers who shop online and want to pick up or return merchandise at a store, or have product delivered from a store, we offer a variety o",challenge/offline-data/home-depot/filings/2026-02-24__hd-us-20260224-q4-8k-2__904387.md,426
Home Depot,HD,2026-02-24,FY2025Q4,STRUCTURED_RESULT,q4-8k,"19,  | 1984,  | 22,  | 1987 ","Since April 19, 1984, our common stock has been listed on the NYSE, trading under the symbol 'HD.' We paid our first cash dividend on June 22, 1987 and have paid a cash dividend during each subsequent quarter. While we currently expect a cash dividend to be paid in the future, future dividend payments are subject to declaration by our Board based on our earnings, capital requirements, financial co",challenge/offline-data/home-depot/filings/2026-02-24__hd-us-20260224-q4-8k-2__904387.md,908
Home Depot,HD,2026-02-24,FY2025Q4,STRUCTURED_RESULT,q4-8k,10 | 2025  | 2024.  | 2024  | 2023  | 7. ,The following discussion provides an analysis of the Company's financial condition and results of operations from management's perspective and should be read in conjunction with the consolidated financial statements and related notes included in this report. The discussion in this Form 10-K generally focuses on fiscal 2025 compared to fiscal 2024. A discussion of our results of operations and chan,challenge/offline-data/home-depot/filings/2026-02-24__hd-us-20260224-q4-8k-2__904387.md,958
Home Depot,HD,2026-02-24,FY2025Q4,STRUCTURED_RESULT,q4-8k,25.7% | 2025  | 31.3% | 2024. ,Our ROIC was 25.7% for fiscal 2025 and 31.3% for fiscal 2024. The decrease in ROIC was primarily driven by higher average equity due to our ongoing pause in share repurchases and higher average long-term debt largely due to the financing of the SRS acquisition. See the Non-GAAP Financial Measures section below for our definition and calculation of ROIC.,challenge/offline-data/home-depot/filings/2026-02-24__hd-us-20260224-q4-8k-2__904387.md,982
Home Depot,HD,2026-02-24,FY2025Q4,STRUCTURED_RESULT,q4-8k,"2025, ","We continue to monitor developments with respect to tariffs and other trade policy matters closely, including impacts from the recent U.S. Supreme Court decision that struck down tariffs imposed under the International Emergency Economic Powers Act. We have worked, and continue to work, diligently to diversify our global supply chain and to implement other cost mitigation initiatives. While we exp",challenge/offline-data/home-depot/filings/2026-02-24__hd-us-20260224-q4-8k-2__904387.md,992
Home Depot,HD,2026-02-24,FY2025Q4,STRUCTURED_RESULT,q4-8k,"2025  | 5.2 billion | 3.2% | 164.7 billion | 2025  | 18, ","Net Sales. Net sales for fiscal 2025 increased $5.2 billion, or 3.2%, to $164.7 billion. The increase in net sales for fiscal 2025 was primarily driven by SRS, which was acquired on June 18, 2024, and GMS, which was acquired on September 4, 2025. In aggregate, these acquisitions contributed approximately $6.3 billion of incremental net sales during fiscal 2025. Net sales also increased due to sale",challenge/offline-data/home-depot/filings/2026-02-24__hd-us-20260224-q4-8k-2__904387.md,1052
Home Depot,HD,2026-02-24,FY2025Q4,STRUCTURED_RESULT,q4-8k,"2025,  | 2024.  | 2025  | 2024.","For fiscal 2025, our Storage &amp; Organization, Electrical, Bath, Plumbing, Indoor Garden, Outdoor Garden, Kitchen &amp; Blinds, Hardware, Power, Building Materials, and Appliances merchandising departments within our Primary segment posted positive comparable sales compared to fiscal 2024. Our other merchandising departments within our Primary segment posted negative comparable sales during fisc",challenge/offline-data/home-depot/filings/2026-02-24__hd-us-20260224-q4-8k-2__904387.md,1066
Home Depot,HD,2026-02-24,FY2025Q4,STRUCTURED_RESULT,q4-8k,14.23  | 2025  | 14.91  | 2024.  | 2025  | 2025. ,Diluted earnings per share were $14.23 in fiscal 2025 compared to $14.91 in fiscal 2024. The decrease in diluted earnings per share for fiscal 2025 was primarily driven by lower net earnings during fiscal 2025. The 53rd week of fiscal 2024 increased diluted earnings per share in fiscal 2024 by approximately $0.30.,challenge/offline-data/home-depot/filings/2026-02-24__hd-us-20260224-q4-8k-2__904387.md,1090
Home Depot,HD,2026-02-24,FY2025Q4,STRUCTURED_RESULT,q4-8k,"2025,  | 3.7 billion | 4 billion | 2026,  | 2.5% | 2026 ","During fiscal 2025, we invested approximately $3.7 billion back into our business in the form of capital expenditures. We plan to invest approximately $4 billion back into our business in the form of capital expenditures in fiscal 2026, in line with our expectation of approximately 2.5% of projected fiscal 2026 net sales. We expect to make these investments across initiatives supporting our strate",challenge/offline-data/home-depot/filings/2026-02-24__hd-us-20260224-q4-8k-2__904387.md,1135
Home Depot,HD,2026-02-24,FY2025Q4,STRUCTURED_RESULT,q4-8k,"2025,  | 5.8 billion | 1,  | 2026,  | 4.5 billion | 3.7%","During fiscal 2025, all of our short-term borrowings were under our commercial paper program, and the maximum amount outstanding during that period was $5.8 billion. At February 1, 2026, we had outstanding borrowings under our commercial paper program of $4.5 billion with a weighted average interest rate of 3.7%. At February 1, 2026, we had no outstanding borrowings under our back-up credit facili",challenge/offline-data/home-depot/filings/2026-02-24__hd-us-20260224-q4-8k-2__904387.md,1151
Home Depot,HD,2026-02-24,FY2025Q4,STRUCTURED_RESULT,q4-8k,"1,  | 2026.  | 5 ","The indentures governing our senior notes do not generally limit our ability to incur additional indebtedness or require us to maintain financial ratios or specified levels of net worth or liquidity. The indentures governing our notes contain various covenants, none of which are expected to impact our liquidity or capital resources. We were in compliance with all such covenants at February 1, 2026",challenge/offline-data/home-depot/filings/2026-02-24__hd-us-20260224-q4-8k-2__904387.md,1157
Home Depot,HD,2026-02-24,FY2025Q4,STRUCTURED_RESULT,q4-8k,10% | 79 million | 2025. ,We calculate shrink based on actual inventory losses identified as a result of physical inventory counts during each fiscal period and estimated inventory losses occurring between physical inventory counts. The estimate for shrink occurring in the interim period between physical inventory counts is calculated on a store-specific basis and is primarily based on recent shrink results. A 10% increase,challenge/offline-data/home-depot/filings/2026-02-24__hd-us-20260224-q4-8k-2__904387.md,1221
Home Depot,HD,2026-02-24,FY2025Q4,STRUCTURED_RESULT,q4-8k,20  | 4.,"We amortize the cost of definite-lived intangible assets on a straight-line basis over their estimated useful lives, which range up to approximately 20 years, as this approximates the pattern of expected economic benefit. We evaluate our definite-lived intangible assets for impairment when evidence exists that certain triggering events or changes in circumstances indicate that the carrying amount ",challenge/offline-data/home-depot/filings/2026-02-24__hd-us-20260224-q4-8k-2__904387.md,1622
Home Depot,HD,2026-02-24,FY2025Q4,STRUCTURED_RESULT,q4-8k,"1.6 billion | 1,  | 2026,  | 1.5 billion | 2,  | 2025.","We are self-insured for certain losses related to general liability (including product liability), workers' compensation, employee group medical, and automobile claims. We recognize the expected ultimate cost for claims incurred (undiscounted) at the balance sheet date as a liability. The expected ultimate cost for claims incurred is estimated based upon analysis of historical data and actuarial e",challenge/offline-data/home-depot/filings/2026-02-24__hd-us-20260224-q4-8k-2__904387.md,1657
Home Depot,HD,2026-02-24,FY2025Q4,STRUCTURED_RESULT,q4-8k,"1,  | 2026  | 2,  | 2025,  | 1.5 billion","For products and services sold in stores or online, payment is typically due at the point of sale. When we receive payment before the customer has taken possession of the merchandise or the service has been performed, the amount received is recorded as deferred revenue until the sale or service is complete. Such performance obligations are part of contracts with expected original durations of typi",challenge/offline-data/home-depot/filings/2026-02-24__hd-us-20260224-q4-8k-2__904387.md,1669
Home Depot,HD,2026-02-24,FY2025Q4,STRUCTURED_RESULT,q4-8k,"1,  | 2026  | 2,  | 2025,  | 1.1 billion | 2025, ","We further record deferred revenue for the sale of gift cards and recognize the associated revenue upon the redemption of those gift cards, which generally occurs within six months of gift card issuance. As of both February 1, 2026 and February 2, 2025, our performance obligations for unredeemed gift cards were $1.1 billion. Gift card breakage income, which is our estimate of the portion of our ou",challenge/offline-data/home-depot/filings/2026-02-24__hd-us-20260224-q4-8k-2__904387.md,1671
Home Depot,HD,2026-02-24,FY2025Q4,STRUCTURED_RESULT,q4-8k,"1.3 billion | 1.2 billion | 1.1 billion | 2025,  | 2024,  | 2023, ","Advertising costs, including digital, television, radio and print, are expensed when the advertisement first appears. Certain co-op advertising allowances that are reimbursements of specific, incremental, and identifiable costs incurred to promote vendors' products are recorded as an offset against advertising expense. Net advertising expense included in SG&amp;A was $1.3 billion, $1.2 billion, an",challenge/offline-data/home-depot/filings/2026-02-24__hd-us-20260224-q4-8k-2__904387.md,1693
Home Depot,HD,2026-02-24,FY2025Q4,STRUCTURED_RESULT,q4-8k,9.,"We are currently authorized to issue equity awards including incentive and nonqualified stock options, restricted stock, restricted stock units, performance shares, performance units, stock appreciation rights, and deferred shares to certain of our associates and non-employee directors under certain stock incentive plans. We measure and recognize compensation expense for all stock-based payment aw",challenge/offline-data/home-depot/filings/2026-02-24__hd-us-20260224-q4-8k-2__904387.md,1697
Home Depot,HD,2026-02-24,FY2025Q4,STRUCTURED_RESULT,q4-8k,"2023 | -09.  | 2023,  | 2023 | -09,  | 740","ASU No. 2023-09. In December 2023, the FASB issued ASU No. 2023-09, 'Income Taxes (Topic 740): Improvements to Income Tax Disclosures,' which requires disclosure of disaggregated information about a reporting entity's effective tax rate reconciliation as well as disclosures on income taxes paid by jurisdiction. ASU No. 2023-09 is effective for annual periods beginning after December 15, 2024. The ",challenge/offline-data/home-depot/filings/2026-02-24__hd-us-20260224-q4-8k-2__904387.md,1725
Home Depot,HD,2026-02-24,FY2025Q4,STRUCTURED_RESULT,q4-8k,"2025 | -06.  | 2025,  | 2025 | -06,  | 350","ASU No. 2025-06. In September 2025, the FASB issued ASU No. 2025-06, 'Intangibles-Goodwill and OtherInternal-Use Software (Subtopic 350-40): Targeted Improvements to the Accounting for Internal-Use Software,' which is intended to modernize internal-use software guidance by removing all references to project stages and by clarifying the thresholds entities apply to begin capitalizing costs. ASU No.",challenge/offline-data/home-depot/filings/2026-02-24__hd-us-20260224-q4-8k-2__904387.md,1729
Home Depot,HD,2026-02-24,FY2025Q4,STRUCTURED_RESULT,q4-8k,"2024 | -03.  | 2024,  | 2024 | -03,  | 220","ASU No. 2024-03. In November 2024, the FASB issued ASU No. 2024-03, 'Income Statement-Reporting Comprehensive Income-Expense Disaggregation Disclosures (Subtopic 220-40): Disaggregation of Income Statement Expenses,' which is intended to improve disclosures about a public business entity's expenses by requiring disaggregated disclosure, in the notes to the financial statements, of prescribed categ",challenge/offline-data/home-depot/filings/2026-02-24__hd-us-20260224-q4-8k-2__904387.md,1731
Home Depot,HD,2026-02-24,FY2025Q4,STRUCTURED_RESULT,q4-8k,1 | 2024  | 2025.  | 12.4 billion | 6.2 billion | 2025 ,"(1) Net sales presented in Other relate to the sale of products within our SRS non-reportable operating segments, following our acquisition of SRS in the second quarter of fiscal 2024 and the subsequent acquisition of GMS in the third quarter of fiscal 2025. Operating income presented in Other includes cost of sales and operating expenses totaling $12.4 billion and $6.2 billion for fiscal 2025 and",challenge/offline-data/home-depot/filings/2026-02-24__hd-us-20260224-q4-8k-2__904387.md,1775
Home Depot,HD,2026-02-24,FY2025Q4,STRUCTURED_RESULT,q4-8k,"2 | 209 million | 207 million | 2025  | 2024,  | 398 million","- (2) Includes depreciation and finance lease amortization in cost of sales. Also includes intangible asset amortization expense of $209 million and $207 million for fiscal 2025 and fiscal 2024, respectively, in our Primary segment, and intangible asset amortization expense of $398 million and $218 million for fiscal 2025 and fiscal 2024, respectively, in Other.",challenge/offline-data/home-depot/filings/2026-02-24__hd-us-20260224-q4-8k-2__904387.md,1781
Home Depot,HD,2026-02-24,FY2025Q4,STRUCTURED_RESULT,q4-8k,"2024,  | 2023.","Prior to the SRS acquisition in fiscal 2024, our total Company consolidated results represented our Primary segment. Therefore, a reconciliation to our consolidated totals is not applicable for fiscal 2023.",challenge/offline-data/home-depot/filings/2026-02-24__hd-us-20260224-q4-8k-2__904387.md,1783
Home Depot,HD,2026-02-24,FY2025Q4,STRUCTURED_RESULT,q4-8k,1 | 2024  | 2025.  | 53% | 68% | 2025 ,"(1) Net sales presented in Other relate to the sale of products within our SRS non-reportable operating segments, following our acquisition of SRS in the second quarter of fiscal 2024 and the subsequent acquisition of GMS in the third quarter of fiscal 2025. Roofing and related products accounted for approximately 53% and 68% of Other net sales for fiscal 2025 and fiscal 2024, respectively.",challenge/offline-data/home-depot/filings/2026-02-24__hd-us-20260224-q4-8k-2__904387.md,1818
Home Depot,HD,2026-02-24,FY2025Q4,STRUCTURED_RESULT,q4-8k,"607 million | 425 million | 186 million | 2025,  | 2024,  | 2023, ","Our intangible asset amortization expense was $607 million, $425 million, and $186 million for fiscal 2025, fiscal 2024, and fiscal 2023, respectively.",challenge/offline-data/home-depot/filings/2026-02-24__hd-us-20260224-q4-8k-2__904387.md,2093
Home Depot,HD,2026-02-24,FY2025Q4,STRUCTURED_RESULT,q4-8k,"1,  | 2026  | 2,  | 2025.  | 1,  | 2026 ","From time to time, we also use treasury locks or forward-starting interest rate swap agreements to hedge the variability in future interest payments attributable to changing interest rates on forecasted debt issuances. There were no such instruments outstanding as of February 1, 2026 or February 2, 2025. All previously settled arrangements were designated as cash flow hedges and thus, the correspo",challenge/offline-data/home-depot/filings/2026-02-24__hd-us-20260224-q4-8k-2__904387.md,2233
Home Depot,HD,2026-02-24,FY2025Q4,STRUCTURED_RESULT,q4-8k,"1,  | 2026  | 12 ","We expect an immaterial amount of losses related to cash flow hedges recorded in accumulated other comprehensive loss as of February 1, 2026 to be reclassified into earnings within the next 12 months.",challenge/offline-data/home-depot/filings/2026-02-24__hd-us-20260224-q4-8k-2__904387.md,2235
Home Depot,HD,2026-02-24,FY2025Q4,STRUCTURED_RESULT,q4-8k,"2015  | 2024,  | 2016  | 2021.  | 2013  | 2023. ","Our income tax returns are routinely examined by U.S. federal, state and local, and foreign tax authorities. The Company remains subject to U.S. federal income tax examination for fiscal years 2015 through 2024, with the IRS currently examining our U.S. federal income tax returns for fiscal years 2016 through 2021. There are also ongoing U.S. state and local audits and other foreign audits coverin",challenge/offline-data/home-depot/filings/2026-02-24__hd-us-20260224-q4-8k-2__904387.md,2367
Home Depot,HD,2026-02-24,FY2025Q4,STRUCTURED_RESULT,q4-8k,"1,  | 2026,  | 755 million","At February 1, 2026, there was $755 million of unrecognized stock-based compensation expense, which is expected to be recognized over a weighted average period of approximately three years.",challenge/offline-data/home-depot/filings/2026-02-24__hd-us-20260224-q4-8k-2__904387.md,2480
Home Depot,HD,2026-02-24,FY2025Q4,STRUCTURED_RESULT,q4-8k,"2025,  | 2024,  | 2023.  | 60, ","Restricted Stock Awards. Restrictions on the restricted stock issued under the Omnibus Plan generally lapse over various periods up to five years. At the grant date of the award, recipients of restricted stock are granted voting rights and generally receive dividends on unvested shares, paid in the form of cash on each dividend payment date. Dividends paid on unvested shares were immaterial for fi",challenge/offline-data/home-depot/filings/2026-02-24__hd-us-20260224-q4-8k-2__904387.md,2533
Home Depot,HD,2026-02-24,FY2025Q4,STRUCTURED_RESULT,q4-8k,214 million,The goodwill arising from the acquisition is calculated as the excess of the purchase price over the net assets acquired and is attributable to anticipated (i) growth acceleration in the residential and commercial Pro market; (ii) expanded capabilities and product categories; (iii) additional addressable market opportunities; (iv) enhanced delivery network capabilities; and (v) growth in sales for,challenge/offline-data/home-depot/filings/2026-02-24__hd-us-20260224-q4-8k-2__904387.md,2700
Home Depot,HD,2026-02-24,FY2025Q4,STRUCTURED_RESULT,q4-8k,2025  | 2.0 billion | 2025 ,Results of Operations. Net sales attributable to GMS since the completion of the acquisition and included within our results of operations for fiscal 2025 totaled $2.0 billion. Net earnings attributable to GMS since the completion of the acquisition and included within our results of operations for fiscal 2025 were immaterial.,challenge/offline-data/home-depot/filings/2026-02-24__hd-us-20260224-q4-8k-2__904387.md,2704
Home Depot,HD,2026-02-24,FY2025Q4,STRUCTURED_RESULT,q4-8k,1.0 billion,The goodwill arising from the acquisition is attributable to anticipated (i) growth acceleration in the Pro market; (ii) expansion in high growth verticals including roofing; (iii) additional addressable market opportunities; (iv) enhanced delivery network capabilities; and (v) growth in sales force. We expect approximately $1.0 billion of goodwill related to the acquisition to be deductible for U,challenge/offline-data/home-depot/filings/2026-02-24__hd-us-20260224-q4-8k-2__904387.md,2763
Home Depot,HD,2026-02-24,FY2025Q4,STRUCTURED_RESULT,q4-8k,2024  | 6.4 billion | 2024 ,Results of Operations. Net sales attributable to SRS since the completion of the acquisition and included within our results of operations for fiscal 2024 totaled $6.4 billion. Net earnings attributable to SRS since the completion of the acquisition and included within our results of operations for fiscal 2024 were immaterial.,challenge/offline-data/home-depot/filings/2026-02-24__hd-us-20260224-q4-8k-2__904387.md,2765
Home Depot,HD,2026-02-24,FY2025Q4,STRUCTURED_RESULT,q4-8k,"4,  | 2025,  | 1,  | 2026.  | 3% | 1%","Management excluded GMS, which was acquired on September 4, 2025, from our assessment of internal control over financial reporting as of February 1, 2026. GMS represents approximately 3% of the Company's consolidated total assets, excluding goodwill and intangible assets, and approximately 1% of the Company's consolidated net sales as of and for the year ended February 1, 2026. This exclusion is i",challenge/offline-data/home-depot/filings/2026-02-24__hd-us-20260224-q4-8k-2__904387.md,2793
Home Depot,HD,2026-02-24,FY2025Q4,STRUCTURED_RESULT,q4-8k,"2025,  | 2024,  | 2023","- Consolidated Statements of Earnings for fiscal 2025, fiscal 2024, and fiscal 2023;",challenge/offline-data/home-depot/filings/2026-02-24__hd-us-20260224-q4-8k-2__904387.md,2911
Home Depot,HD,2026-02-24,FY2025Q4,STRUCTURED_RESULT,q4-8k,"2025,  | 2024,  | 2023","- Consolidated Statements of Comprehensive Income for fiscal 2025, fiscal 2024, and fiscal 2023;",challenge/offline-data/home-depot/filings/2026-02-24__hd-us-20260224-q4-8k-2__904387.md,2912
Home Depot,HD,2026-02-24,FY2025Q4,STRUCTURED_RESULT,q4-8k,"2025,  | 2024,  | 2023","- Consolidated Statements of Stockholders' Equity for fiscal 2025, fiscal 2024, and fiscal 2023;",challenge/offline-data/home-depot/filings/2026-02-24__hd-us-20260224-q4-8k-2__904387.md,2913
Home Depot,HD,2026-02-24,FY2025Q4,STRUCTURED_RESULT,q4-8k,"2025,  | 2024,  | 2023","- Consolidated Statements of Cash Flows for fiscal 2025, fiscal 2024, and fiscal 2023; and",challenge/offline-data/home-depot/filings/2026-02-24__hd-us-20260224-q4-8k-2__904387.md,2914
Home Depot,HD,2026-02-24,FY2025Q4,STRUCTURED_RESULT,q4-8k,2025  | 164.7 billion | 5.2 billion | 3.2% | 2024.,"Sales for fiscal 2025 were $164.7 billion, an increase of $5.2 billion, or 3.2% from fiscal 2024.",challenge/offline-data/home-depot/filings/2026-02-24__hd-us-20260224-q4-8k__615609.md,35
Home Depot,HD,2026-02-24,FY2025Q4,STRUCTURED_RESULT,q4-8k,2025  | 0.3% | 0.5%,"Comparable sales for fiscal 2025 increased 0.3%, and comparable sales in the U.S. increased 0.5%.",challenge/offline-data/home-depot/filings/2026-02-24__hd-us-20260224-q4-8k__615609.md,36
Home Depot,HD,2026-02-24,FY2025Q4,STRUCTURED_RESULT,q4-8k,2025  | 14.2 billion | 14.23 ,"Net earnings for fiscal 2025 were $14.2 billion, or $14.23 per diluted share, compared with net earnings",challenge/offline-data/home-depot/filings/2026-02-24__hd-us-20260224-q4-8k__615609.md,37
Home Depot,HD,2026-02-24,FY2025Q4,STRUCTURED_RESULT,q4-8k,2025  | 14.69,"Adjusted diluted earnings per share for fiscal 2025 were $14.69, compared with adjusted diluted",challenge/offline-data/home-depot/filings/2026-02-24__hd-us-20260224-q4-8k__615609.md,39
Home Depot,HD,2026-02-24,FY2025Q4,STRUCTURED_RESULT,q4-8k,2025  | 1.3% | 2026 ,## The Home Depot Announces Fourth Quarter and Fiscal 2025 Results; Increases Quarterly Dividend by 1.3%; Provides Fiscal 2026 Guidance,challenge/offline-data/home-depot/filings/2026-02-24__hd-us-20260224-q4-8k__615609.md,54
Home Depot,HD,2026-02-24,FY2025Q4,STRUCTURED_RESULT,q4-8k,2025  | 164.7 billion | 5.2 billion | 3.2% | 2024.  | 2025 ,"Sales for fiscal 2025 were $164.7 billion, an increase of $5.2 billion, or 3.2% from fiscal 2024. Comparable sales for fiscal 2025 increased 0.3%, and comparable sales in the U.S. increased 0.5%.",challenge/offline-data/home-depot/filings/2026-02-24__hd-us-20260224-q4-8k__615609.md,70
Home Depot,HD,2026-02-24,FY2025Q4,STRUCTURED_RESULT,q4-8k,2025  | 14.2 billion | 14.23  | 14.8 billion | 14.91  | 2024.,"Net earnings for fiscal 2025 were $14.2 billion, or $14.23 per diluted share, compared with net earnings of $14.8 billion, or $14.91 per diluted share in fiscal 2024.",challenge/offline-data/home-depot/filings/2026-02-24__hd-us-20260224-q4-8k__615609.md,72
Home Depot,HD,2026-02-24,FY2025Q4,STRUCTURED_RESULT,q4-8k,2025  | 14.69 | 15.24  | 2024.  | 1,"Adjusted diluted earnings per share for fiscal 2025 were $14.69, compared with adjusted diluted earnings per share of $15.24 in fiscal 2024. (1)",challenge/offline-data/home-depot/filings/2026-02-24__hd-us-20260224-q4-8k__615609.md,74
Home Depot,HD,2026-02-24,FY2025Q4,STRUCTURED_RESULT,q4-8k,2026,The company provides the following guidance for fiscal 2026:,challenge/offline-data/home-depot/filings/2026-02-24__hd-us-20260224-q4-8k__615609.md,90
Home Depot,HD,2026-02-24,FY2025Q4,STRUCTURED_RESULT,q4-8k,1995.  | 2026,"Certain statements contained herein constitute ""forward-looking statements"" under the federal securities laws, including as defined in the Private Securities Litigation Reform Act of 1995. Forward-looking statements are based on currently available information and our current assumptions, expectations and projections about future events, and use words such as 'may,' 'will,'  'could,'  'should,'  '",challenge/offline-data/home-depot/filings/2026-02-24__hd-us-20260224-q4-8k__615609.md,114
Home Depot,HD,2026-02-24,FY2025Q4,STRUCTURED_RESULT,q4-8k,"1 | 10 | 2,  | 2025 ","These statements are not guarantees of future performance and are subject to future events, risks and uncertainties - many of which are beyond our control, dependent on the actions of third parties, or currently unknown to us - as well as potentially inaccurate assumptions that could cause actual results to differ materially from our historical experience and our expectations and  projections.  Th",challenge/offline-data/home-depot/filings/2026-02-24__hd-us-20260224-q4-8k__615609.md,116
Home Depot,HD,2025-12-10,FY2025Q3,EARNINGS_CALL,call-pres,15 | -20  | 25 billion,"Unknown speaker: As Richard will detail, they are performing above our expectations, and we plan to open roughly 15-20 new stores per year for the foreseeable future. As for our culture, it is what guided us as we revolutionized home improvement, and it will continue to guide us as our business evolves. Our values wheel is our North Star, and our inverted pyramid reminds us who matters most: our c",challenge/offline-data/home-depot/call-transcripts/2025-12-10__hd-us-20251210-call-pres__384495.md,29
Home Depot,HD,2025-12-10,FY2025Q3,EARNINGS_CALL,call-pres,14 ,"Unknown speaker: While we knew adoption would take some time, we wanted to be front-footed on the experiential changes that we expect to happen across the shopping journey. In just 14 months, Magic Apron has since expanded its functionality, usefulness, and coverage, and has seen consistent growth in customer adoption. Customers use Magic Apron for that same type of apron in-store experience, but ",challenge/offline-data/home-depot/call-transcripts/2025-12-10__hd-us-20251210-call-pres__384495.md,137
Home Depot,HD,2025-12-10,FY2025Q3,EARNINGS_CALL,call-pres,2 | 45 ,"Unknown speaker: So we can simplify the experience for our Pros by reducing complexity, including the number of suppliers they need to transact with, saving them time and money. We've shown you a similar chart in the past. Pros working on large complex projects need an ecosystem of capabilities and services to complete their jobs. They benefit from a single point of contact, the right brands, asso",challenge/offline-data/home-depot/call-transcripts/2025-12-10__hd-us-20251210-call-pres__384495.md,167
Home Depot,HD,2025-12-10,FY2025Q3,EARNINGS_CALL,call-pres,18 ,Unknown speaker: Attractive tuck-in acquisitions will remain part of our playbook as they strengthen our geographic footprint and add complementary products to our offering. We currently have a robust pipeline of opportunities that are active within each of our existing verticals. And the fourth prong is our customer-facing digital tools that are a differentiator in the market and are delivering d,challenge/offline-data/home-depot/call-transcripts/2025-12-10__hd-us-20251210-call-pres__384495.md,225
Home Depot,HD,2025-12-10,FY2025Q3,EARNINGS_CALL,call-pres,2025  | 2025  | 3% | 2024.  | 33.2%,"Unknown speaker: Today, I'll discuss current market conditions and our short-term financial outlook, the long-term drivers of home improvement demand, our plans to invest for growth and drive productivity, and our recovery case. I'll start by reviewing our 2025 guidance. Today, we are reaffirming our fiscal 2025 guidance. We expect total sales growth of approximately 3% and comp sales growth to be",challenge/offline-data/home-depot/call-transcripts/2025-12-10__hd-us-20251210-call-pres__384495.md,237
Home Depot,HD,2025-12-10,FY2025Q3,EARNINGS_CALL,call-pres,12.6% | 13% | 24.5% | 2.3 billion | 6% | 5%,Unknown speaker: We expect operating margin of approximately 12.6% and adjusted operating margin of approximately 13%. Our effective tax rate is targeted at approximately 24.5%. We expect net interest expense of approximately $2.3 billion. We expect diluted earnings per share to decline approximately 6% and adjusted diluted earnings per share to decline approximately 5% compared to fiscal 2024 whe,challenge/offline-data/home-depot/call-transcripts/2025-12-10__hd-us-20251210-call-pres__384495.md,239
Home Depot,HD,2025-12-10,FY2025Q3,EARNINGS_CALL,call-pres,"2026,  | 2026 ","Unknown speaker: We believe affordability concerns are pushing the housing market towards equilibrium as home prices are trending towards flat on a national level and are now declining in a significant number of markets. We know that home price appreciation influences home improvement demand. And while we see these price corrections as a short-term, healthy step on the way to market equilibrium, w",challenge/offline-data/home-depot/call-transcripts/2025-12-10__hd-us-20251210-call-pres__384495.md,245
Home Depot,HD,2025-12-10,FY2025Q3,EARNINGS_CALL,call-pres,"2026,  | 1% | 1% | 2% | 2.5 | 2.5 ","Unknown speaker: For 2026, we expect the home improvement market could see outcomes between a contraction of negative 1% to growth of positive 1%. We expect to continue to grow our market share. And so our preliminary outlook is for comp sales to range between flat to 2% growth, with total sales growth of between 2.5, sorry, approximately 2.5 and 4.5%, reflecting the contribution of the GMS acquis",challenge/offline-data/home-depot/call-transcripts/2025-12-10__hd-us-20251210-call-pres__384495.md,247
Home Depot,HD,2025-12-10,FY2025Q3,EARNINGS_CALL,call-pres,"2023,  | 80  | 37  | 80 | 2027  | 15 ","Unknown speaker: Capital investment in our existing stores is now at a level we expect to sustain for the foreseeable future. Another component of driving the core and a growth vehicle for us are our new stores. In 2023, we announced plans to build 80 new stores over a five-year period and are pleased to report that we have built 37 new stores in the past three years, and our new portfolio of new ",challenge/offline-data/home-depot/call-transcripts/2025-12-10__hd-us-20251210-call-pres__384495.md,257
Home Depot,HD,2025-12-10,FY2025Q3,EARNINGS_CALL,call-pres,4% | -5%,"Unknown speaker: We believe that pressures in housing will correct and provide the home improvement market with support for growth faster than the general economy, and we expect to continue to grow faster than our market. We also believe we could see pent-up demand unlock as homeowners choose to improve in place regardless of the interest rate environment. We expect to grow faster than our market ",challenge/offline-data/home-depot/call-transcripts/2025-12-10__hd-us-20251210-call-pres__384495.md,265
Home Depot,HD,2025-12-10,FY2025Q3,EARNINGS_CALL,call-pres,100  | 5% | 6%,"Unknown speaker: In addition to comp sales, we expect non-comp sales growth of approximately 100 basis points annually from new stores, new branches, and tuck-in acquisitions, resulting in a target of 5% to 6% growth in total sales. Once we see recovery, we expect to drive operating profit dollars faster than sales, balancing benefits from productivity and leverage between reinvestment in the busi",challenge/offline-data/home-depot/call-transcripts/2025-12-10__hd-us-20251210-call-pres__384495.md,267
Home Depot,HD,2025-12-10,FY2025Q3,EARNINGS_CALL,call-pres,2.5%,"Unknown speaker: As discussed, we will reinvest in the business at the rate of approximately 2.5% of sales for the foreseeable future. This includes our new stores and SRS's Greenfield expansion. In addition to our CapEx target, we will support SRS's historical strategy of making tuck-in acquisitions in their current verticals, and we expect those acquisitions to be completed at significantly lowe",challenge/offline-data/home-depot/call-transcripts/2025-12-10__hd-us-20251210-call-pres__384495.md,269
Home Depot,HD,2025-12-10,FY2025Q3,EARNINGS_CALL,call-pres,"2026,  | -1% | +1%","Unknown speaker: Well, so with respect to 2026, first of all, it's early. We typically love to have a full year of information before we set guidance for the following year. So we're trying to set some ranges to be as helpful as possible with the information we have today. You can look at our expectation for market performance of a contraction of -1% to a growth of +1%, really just to reflect the ",challenge/offline-data/home-depot/call-transcripts/2025-12-10__hd-us-20251210-call-pres__384495.md,313
Home Depot,HD,2025-12-10,FY2025Q3,EARNINGS_CALL,call-pres,"2023,  | 2023. ","Unknown speaker: First, in 2023, we did say an expectation of mid- to high-single-digit growth. I think our bias is now towards the higher end of that range, but we're still set in that range. If you can allow for some movement in those words, we do expect that the case that we've laid out today in the market recovery case has higher EPS growth than our base case assumed in 2023. Then there's just",challenge/offline-data/home-depot/call-transcripts/2025-12-10__hd-us-20251210-call-pres__384495.md,349
Home Depot,HD,2025-12-10,FY2025Q3,EARNINGS_CALL,call-pres,40%,"Unknown speaker: We expect that soon to be in the tens of thousands and to grow from there. We talked a little bit about delivery in my prepared remarks earlier as well and 40% growth over the course of the last couple of years for pro box and flat sales out of our FDCs and yes, out of our stores as well. And Jordan touched on this before. What we've seen is some of the highest levels of customer ",challenge/offline-data/home-depot/call-transcripts/2025-12-10__hd-us-20251210-call-pres__384495.md,369
Home Depot,HD,2025-12-10,FY2025Q3,EARNINGS_CALL,call-pres,"2026,  | 2026.","Unknown speaker: We're a little bit opaque today in terms of how the customer sees it, happy with the value that they're getting, but may not understand it completely. And so we've got a market where we've been testing changes to that, which increases the transparency, not just for the customer itself, but for the associate as well, which is great because they can get behind it within our culture ",challenge/offline-data/home-depot/call-transcripts/2025-12-10__hd-us-20251210-call-pres__384495.md,371
Home Depot,HD,2025-12-10,FY2025Q3,EARNINGS_CALL,call-pres,2026  | 2026 ,"Unknown speaker: Okay, thanks. Follow-up question. The preliminary 2026 outlook, maybe help us understand you've referenced a weaker home improvement economy. How does that factor for your outlook for DIY versus pro? And then how does SRS growth kind of fit into that preliminary 2026 outlook? Thanks very much.",challenge/offline-data/home-depot/call-transcripts/2025-12-10__hd-us-20251210-call-pres__384495.md,403
Home Depot,HD,2025-12-10,FY2025Q3,EARNINGS_CALL,call-pres,100 ,"Unknown speaker: So those are. I know a lot of people like to think, I think sometimes don't understand every single product doesn't have to be isolated in its own warehouse in our side of the house. So again, we can get a much broader on product assortment at the physical distribution yards we already have. So there is a lot of untapped potential in the existing network. We expect every single br",challenge/offline-data/home-depot/call-transcripts/2025-12-10__hd-us-20251210-call-pres__384495.md,437
Home Depot,HD,2025-12-10,FY2025Q3,EARNINGS_CALL,call-pres,"7,000  | 2026  | 10,000  | 2026. ","Unknown speaker: Yeah, like you saw, just over 7,000 customers that we've got today. There is a little bit more build-out in 2026 to happen, but largely is when we expect the more accelerated growth to move from under 10,000 that we've got today to some tens of thousands throughout 2026. I mentioned that it's not an interconnected capability today. So a pro that is shopping online can't transact t",challenge/offline-data/home-depot/call-transcripts/2025-12-10__hd-us-20251210-call-pres__384495.md,451
Home Depot,HD,2025-12-10,FY2025Q3,EARNINGS_CALL,call-pres,"7,000  | 10,000 ","Unknown speaker: And the last thing I'll add, because you see 7,000 plus customers there, and yes, we expect it to be tens of thousands over time, but these are our most significant customers in terms of what they buy. You talk about the millions of customers that we have, but the average spend by a Pro customer, Pro Extra customer is better than a non-Pro Extra customer, but you're still dealing ",challenge/offline-data/home-depot/call-transcripts/2025-12-10__hd-us-20251210-call-pres__384495.md,465
Home Depot,HD,2025-12-09,FY2025Q3,EARNINGS_CALL,call-pres,15 | -20  | 25 billion,"Unknown speaker: As Richard will detail, they are performing above our expectations, and we plan to open roughly 15-20 new stores per year for the foreseeable future. As for our culture, it is what guided us as we revolutionized home improvement, and it will continue to guide us as our business evolves. Our values wheel is our North Star, and our inverted pyramid reminds us who matters most: our c",challenge/offline-data/home-depot/call-transcripts/2025-12-09__hd-us-20251209-call-pres-3__1570134.md,29
Home Depot,HD,2025-12-09,FY2025Q3,EARNINGS_CALL,call-pres,14 ,"Unknown speaker: While we knew adoption would take some time, we wanted to be front-footed on the experiential changes that we expect to happen across the shopping journey. In just 14 months, MyApron has since expanded its functionality, usefulness, and coverage, and has seen consistent growth in customer adoption. Customers use MyApron for that same type of aPron in-store experience, but online. ",challenge/offline-data/home-depot/call-transcripts/2025-12-09__hd-us-20251209-call-pres-3__1570134.md,141
Home Depot,HD,2025-12-09,FY2025Q3,EARNINGS_CALL,call-pres,2 | 45 ,"Unknown speaker: So we can simplify the experience for our Pros by reducing complexity, including the number of suppliers they need to transact with, saving them time and money. We've shown you a similar chart in the past. Pros working on large complex projects need an ecosystem of capabilities and services to complete their jobs. They benefit from a single point of contact, the right brands, asso",challenge/offline-data/home-depot/call-transcripts/2025-12-09__hd-us-20251209-call-pres-3__1570134.md,171
Home Depot,HD,2025-12-09,FY2025Q3,EARNINGS_CALL,call-pres,18 ,Unknown speaker: Attractive tuck-in acquisitions will remain part of our playbook as they strengthen our geographic footprint and add complementary products to our offering. We currently have a robust pipeline of opportunities that are active within each of our existing verticals. And the fourth Prong is our customer-facing digital tools that are a differentiator in the market and are delivering d,challenge/offline-data/home-depot/call-transcripts/2025-12-09__hd-us-20251209-call-pres-3__1570134.md,229
Home Depot,HD,2025-12-09,FY2025Q3,EARNINGS_CALL,call-pres,2025  | 2025 ,"Unknown speaker: All right. Good morning. How are y'all doing? Good. Good. So thanks for being with the Home Depot team today. The Home Depot is the largest home improvement retailer in North America, and we've built a track record of leveraging our scale and competitive advantages to grow share with our consumer and our Pro customers in all markets. Today, I'll discuss current market conditions a",challenge/offline-data/home-depot/call-transcripts/2025-12-09__hd-us-20251209-call-pres-3__1570134.md,239
Home Depot,HD,2025-12-09,FY2025Q3,EARNINGS_CALL,call-pres,3% | 2024.  | 33.2% | 12.6% | 13% | 24.5%,Unknown speaker: We expect total sales growth of approximately 3% and comp sales growth to be slightly positive compared to fiscal 2024. Our gross margin is expected to be approximately 33.2%. We expect operating margin of approximately 12.6% and adjusted operating margin of approximately 13%. Our effective tax rate is targeted at approximately 24.5%. We expect net interest expense of approximatel,challenge/offline-data/home-depot/call-transcripts/2025-12-09__hd-us-20251209-call-pres-3__1570134.md,241
Home Depot,HD,2025-12-09,FY2025Q3,EARNINGS_CALL,call-pres,"2026,  | 2026 ","Unknown speaker: We believe affordability concerns are pushing the housing market towards equilibrium as home prices are trending towards flat on a national level and are now declining in a significant number of markets. We know that home price appreciation influences home improvement demand. And while we see these price corrections as a short-term, healthy step on the way to market equilibrium, w",challenge/offline-data/home-depot/call-transcripts/2025-12-09__hd-us-20251209-call-pres-3__1570134.md,247
Home Depot,HD,2025-12-09,FY2025Q3,EARNINGS_CALL,call-pres,"2026,  | 1% | 1% | 2% | 2.5 | 2.5 ","Unknown speaker: For 2026, we expect the home improvement market could see outcomes between a contraction of negative 1% to growth of positive 1%. We expect to continue to grow our market share. And so our preliminary outlook is for comp sales to range between flat to 2% growth, with total sales growth of between 2.5, sorry, approximately 2.5 and 4.5%, reflecting the contribution of the GMS acquis",challenge/offline-data/home-depot/call-transcripts/2025-12-09__hd-us-20251209-call-pres-3__1570134.md,249
Home Depot,HD,2025-12-09,FY2025Q3,EARNINGS_CALL,call-pres,"2023,  | 80  | 37  | 80 | 2027  | 15 ","Unknown speaker: Capital investment in our existing stores is now at a level we expect to sustain for the foreseeable future. Another component of driving the core and a growth vehicle for us are our new stores. In 2023, we announced plans to build 80 new stores over a five-year period and are pleased to report that we have built 37 new stores in the past three years, and our new portfolio of new ",challenge/offline-data/home-depot/call-transcripts/2025-12-09__hd-us-20251209-call-pres-3__1570134.md,259
Home Depot,HD,2025-12-09,FY2025Q3,EARNINGS_CALL,call-pres,4% | -5%,"Unknown speaker: We believe that pressures in housing will correct and provide the home improvement market with support for growth faster than the general economy, and we expect to continue to grow faster than our market. We also believe we could see pent-up demand unlock as homeowners choose to improve in place regardless of the interest rate environment. We expect to grow faster than our market ",challenge/offline-data/home-depot/call-transcripts/2025-12-09__hd-us-20251209-call-pres-3__1570134.md,267
Home Depot,HD,2025-12-09,FY2025Q3,EARNINGS_CALL,call-pres,100  | 5% | 6%,"Unknown speaker: In addition to comp sales, we expect non-comp sales growth of approximately 100 basis points annually from new stores, new branches, and tuck-in acquisitions, resulting in a target of 5% to 6% growth in total sales. Once we see recovery, we expect to drive operating profit dollars faster than sales, balancing benefits from productivity and leverage between reinvestment in the busi",challenge/offline-data/home-depot/call-transcripts/2025-12-09__hd-us-20251209-call-pres-3__1570134.md,269
Home Depot,HD,2025-12-09,FY2025Q3,EARNINGS_CALL,call-pres,2.5%,"Unknown speaker: As discussed, we will reinvest in the business at the rate of approximately 2.5% of sales for the foreseeable future. This includes our new stores and SRS's Greenfield expansion. In addition to our CapEx target, we will support SRS's historical strategy of making tuck-in acquisitions in their current verticals, and we expect those acquisitions to be completed at significantly lowe",challenge/offline-data/home-depot/call-transcripts/2025-12-09__hd-us-20251209-call-pres-3__1570134.md,271
Home Depot,HD,2025-12-09,FY2025Q3,EARNINGS_CALL,call-qna,"2026,  | -1% | +1%","Unknown speaker: Well, so with respect to 2026, first of all, it's early. We typically love to have a full year of information before we set guidance for the following year. So we're trying to set some ranges to be as helpful as possible with the information we have today. You can look at our expectation for market performance of a contraction of -1% to a growth of +1%, really just to reflect the ",challenge/offline-data/home-depot/call-transcripts/2025-12-09__hd-us-20251209-call-qna__1570136.md,49
Home Depot,HD,2025-12-09,FY2025Q3,EARNINGS_CALL,call-qna,"2023,  | 2023. ","Unknown speaker: First, in 2023, we did say an expectation of mid- to high-single-digit growth. I think our bias is now towards the higher end of that range, but we're still set in that range. If you can allow for some movement in those words, we do expect that the case that we've laid out today in the market recovery case has higher EPS growth than our base case assumed in 2023. Then there's just",challenge/offline-data/home-depot/call-transcripts/2025-12-09__hd-us-20251209-call-qna__1570136.md,87
Home Depot,HD,2025-12-09,FY2025Q3,EARNINGS_CALL,call-qna,40%,"Unknown speaker: We expect that soon to be in the tens of thousands and to grow from there. We talked a little bit about delivery in my prepared remarks earlier as well and 40% growth over the course of the last couple of years for Pro box and flat sales out of our FDCs and yes, out of our stores as well. And Jordan touched on this before. What we've seen is some of the highest levels of customer ",challenge/offline-data/home-depot/call-transcripts/2025-12-09__hd-us-20251209-call-qna__1570136.md,107
Home Depot,HD,2025-12-09,FY2025Q3,EARNINGS_CALL,call-qna,"2026,  | 2026.","Unknown speaker: You think about in the airline industry or in the banking industry and the ability for customers to engage more fully in terms of the rewards that they're getting. And that's the kind of capabilities that we're bringing out in 2026, far beyond this one market that we've got. There's just kind of three elements of lighting that we're really pleased with the growth that we're seeing",challenge/offline-data/home-depot/call-transcripts/2025-12-09__hd-us-20251209-call-qna__1570136.md,111
Home Depot,HD,2025-12-09,FY2025Q3,EARNINGS_CALL,call-qna,2026  | 2026 ,"Unknown speaker: Okay, thanks. Follow-up question. The preliminary 2026 outlook, maybe help us understand you've referenced a weaker home improvement economy. How does that factor for your outlook for DIY versus Pro? And then how does SRS growth kind of fit into that preliminary 2026 outlook? Thanks very much.",challenge/offline-data/home-depot/call-transcripts/2025-12-09__hd-us-20251209-call-qna__1570136.md,143
Home Depot,HD,2025-12-09,FY2025Q3,EARNINGS_CALL,call-qna,100 ,"Unknown speaker: So those are. I know a lot of people like to think, I think sometimes don't understand every single product doesn't have to be isolated in its own warehouse in our side of the house. So again, we can get a much broader on product assortment at the physical distribution yards we already have. So there is a lot of untapped potential in the existing network. We expect every single br",challenge/offline-data/home-depot/call-transcripts/2025-12-09__hd-us-20251209-call-qna__1570136.md,175
Home Depot,HD,2025-12-09,FY2025Q3,EARNINGS_CALL,call-qna,"7,000  | 2026  | 10,000  | 2026. ","Unknown speaker: Yeah, like you saw, just over 7,000 customers that we've got today. There is a little bit more build-out in 2026 to happen, but largely is when we expect the more accelerated growth to move from under 10,000 that we've got today to some tens of thousands throughout 2026. I mentioned that it's not an interconnected capability today. So a Pro that is shopping online can't transact t",challenge/offline-data/home-depot/call-transcripts/2025-12-09__hd-us-20251209-call-qna__1570136.md,187
Home Depot,HD,2025-12-09,FY2025Q3,EARNINGS_CALL,call-qna,"7,000  | 10,000 ","Unknown speaker: And the last thing I'll add, because you see 7,000 plus customers there, and yes, we expect it to be tens of thousands over time, but these are our most significant customers in terms of what they buy. You talk about the millions of customers that we have, but the average spend by a Pro customer, Pro Xtra customer is better than a non-Pro Xtra customer, but you're still dealing in",challenge/offline-data/home-depot/call-transcripts/2025-12-09__hd-us-20251209-call-qna__1570136.md,201
Home Depot,HD,2025-11-18,FY2025Q3,EARNINGS_CALL,call-pres,41.4 billion | 2.8% | 0.2% | 0.1% | 3.74  | 3.78 ,"Unknown speaker: Thank you, Isabel, and good morning, everyone. Sales for the third quarter were $41.4 billion, up 2.8% from the same period last year. Comp sales increased 0.2% from the same period last year, and comps in the U.S. increased 0.1%. Adjusted diluted earnings per share were $3.74 in the third quarter, compared to $3.78 in the third quarter last year. In local currency, Canada and Mex",challenge/offline-data/home-depot/call-transcripts/2025-11-18__hd-us-20251118-call-pres__1565276.md,19
Home Depot,HD,2025-11-18,FY2025Q3,EARNINGS_CALL,call-pres,12  | 26.3% | 31.5% | 2024.  | 2025.  | 2025 ,"Unknown speaker: Computed on the average of beginning and ending long-term debt and equity for the trailing 12 months, return on invested capital was 26.3%, down from 31.5% in the third quarter of fiscal 2024. Now I will comment on our outlook for fiscal 2025. Today, we are updating our fiscal 2025 guidance to include softer-than-expected results in the third quarter, continued pressure in the fou",challenge/offline-data/home-depot/call-transcripts/2025-11-18__hd-us-20251118-call-pres__1565276.md,51
Home Depot,HD,2025-11-18,FY2025Q3,EARNINGS_CALL,call-pres,24.5% | 2.3 billion | 6% | 2024  | 52  | 2025 ,Unknown speaker: Our effective tax rate is targeted at approximately 24.5%. We expect net interest expense of approximately $2.3 billion. We expect our diluted earnings per share to decline approximately 6% compared to fiscal 2024 when comparing the 52 weeks in fiscal 2025 to the 53 weeks in fiscal 2024. We expect our adjusted diluted earnings per share to decline approximately 5% compared to fisc,challenge/offline-data/home-depot/call-transcripts/2025-11-18__hd-us-20251118-call-pres__1565276.md,53
Home Depot,HD,2025-11-18,FY2025Q3,EARNINGS_CALL,call-qna,4.  | 40  | 13.4% | 13% | 2025  | 20 ,"Unknown speaker: Yeah. Simeon, thanks for the question. I think you could look at it two ways. Let's talk about fiscal year, and let's talk about Q4. Fiscal year, as you know, we've revised our guidance by 40 basis points from 13.4% adjusted operating margin to 13% operating margin. The walk there, let's talk about the most significant item, which is GMS, the inclusion of GMS in our results. If yo",challenge/offline-data/home-depot/call-transcripts/2025-11-18__hd-us-20251118-call-qna__1565277.md,17
Home Depot,HD,2025-11-18,FY2025Q3,EARNINGS_CALL,call-qna,"3,  | 4,  | 4  | 14  | 4  | 13 ","Unknown speaker: There is significant pressure in the roofing market. We know that shipments are down double digits from the absence of storm activity this year. SRS actually comp flat for Q3, and we think that they are taking a significant share. As our expectations have weakened slightly for them in the full year, rather than seeing them grow at mid-single digits, they are likely to grow low sin",challenge/offline-data/home-depot/call-transcripts/2025-11-18__hd-us-20251118-call-qna__1565277.md,19
Home Depot,HD,2025-11-18,FY2025Q3,EARNINGS_CALL,call-qna,3  | 2.  | 1% | 2  | 3.,"Unknown speaker: We did expect to start seeing some pickup in demand in the second half of the year. This was not just the calendar dynamic of, ""Oh, things will be better in the second half."" We were expecting interest rates and mortgage rates to come down, which they did. That would have been some assistance to housing. We really just saw ongoing consumer uncertainty and pressure in housing that ",challenge/offline-data/home-depot/call-transcripts/2025-11-18__hd-us-20251118-call-qna__1565277.md,27
Home Depot,HD,2025-11-18,FY2025Q3,EARNINGS_CALL,call-qna,3  | 4.,"Unknown speaker: Hey, good morning. I wanted to start on the average ticket. I guess any callouts on commodities versus same-skew inflation, and then with last quarter ticking down on promo, curious how Q3 played out and whether you'd expect the industry to be more or less promotional this Q4.",challenge/offline-data/home-depot/call-transcripts/2025-11-18__hd-us-20251118-call-qna__1565277.md,39
Home Depot,HD,2025-11-18,FY2025Q3,EARNINGS_CALL,call-qna,"4  | 53 | 4,  | 4  | 4 ","Unknown speaker: Yeah. Thanks, Chris. I would use our full-year guide as the appropriate jumping-off point. I think Q4 has a couple of items of noise. The first was the 53rd week. The second actually is the shape of the business. If you look, you can actually see, for instance, the public filings of GMS when they were a public company and see the Q4, or rather our Q4 is a significant low point fro",challenge/offline-data/home-depot/call-transcripts/2025-11-18__hd-us-20251118-call-qna__1565277.md,77
Home Depot,HD,2025-11-18,FY2025Q3,EARNINGS_CALL,call-qna,"40  | 20  | 40,  | 20.  | 120  | 60 ","Unknown speaker: GMS, which was about half the size of SRS, is about half the impact. You have a pro forma--this is not fiscal year--but a pro forma impact of about 40 basis points of GMS and about 20 basis points of operating margin for GMS. So 40, 20. You add those together, you roughly have a change in our profile with both of them together of 120 basis points of gross margin and 60 basis point",challenge/offline-data/home-depot/call-transcripts/2025-11-18__hd-us-20251118-call-qna__1565277.md,89
Home Depot,HD,2025-11-18,FY2025Q3,EARNINGS_CALL,call-qna,55  | 35 ,"Unknown speaker: I'm just going to avoid all the steps in the math and tell you, on a fiscal year perspective, you've got about a 55 basis point impact to gross margin year over year, reflecting the ownership of both SRS and GMS, and about a 35 basis point impact to operating margin mix, reflecting the year-over-year comparison of those ownership periods of SRS and GMS. We'll clarify this more jus",challenge/offline-data/home-depot/call-transcripts/2025-11-18__hd-us-20251118-call-qna__1565277.md,91
Home Depot,HD,2025-11-18,FY2025Q3,STRUCTURED_RESULT,q3-10q,1995. ,"Certain statements contained herein, as well as in other filings we make with the SEC and other written and oral information we release, including statements regarding our performance, estimates, expectations, beliefs, intentions, projections, strategies for the future, or other events or developments in the future constitute 'forward-looking statements' under the federal securities laws, includin",challenge/offline-data/home-depot/filings/2025-11-18__hd-us-20251118-q3-10q__437649.md,218
Home Depot,HD,2025-11-18,FY2025Q3,STRUCTURED_RESULT,q3-10q,1 | 2024  | 10 | 2024  | 10 | 2. ,"These statements are not guarantees of future performance and are subject to future events, risks and uncertainties - many of which are beyond our control, dependent on the actions of third parties, or currently unknown to us - as well as potentially inaccurate assumptions that could cause actual results to differ materially from our historical experience and our expectations and projections. Thes",challenge/offline-data/home-depot/filings/2025-11-18__hd-us-20251118-q3-10q__437649.md,222
Home Depot,HD,2025-11-18,FY2025Q3,STRUCTURED_RESULT,q3-10q,"4,  | 2025,  | 100% | 2025  | 2025 ","On July 4, 2025, the legislation commonly referred to as the One Big Beautiful Bill Act (the 'OBBBA') was signed into law in the U.S., which contains a broad range of tax provisions, including the allowance to expense 100% of the cost of qualified property and immediate expensing of domestic research and experimental expenditures. While we continue to assess its implications, we do not expect the ",challenge/offline-data/home-depot/filings/2025-11-18__hd-us-20251118-q3-10q__437649.md,455
Home Depot,HD,2025-11-18,FY2025Q3,STRUCTURED_RESULT,q3-10q,"2025 | -06.  | 2025,  | 2025 | -06,  | 350","ASU No. 2025-06. In September 2025, the FASB issued ASU No. 2025-06, 'Intangibles-Goodwill and Other-Internal-Use Software (Subtopic 350-40): Targeted Improvements to the Accounting for Internal-Use Software,' which is intended to modernize internal-use software guidance by removing all references to project stages and by clarifying the thresholds entities apply to begin capitalizing costs. ASU No",challenge/offline-data/home-depot/filings/2025-11-18__hd-us-20251118-q3-10q__437649.md,469
Home Depot,HD,2025-11-18,FY2025Q3,STRUCTURED_RESULT,q3-10q,2024  | 10,"Recent accounting pronouncements pending adoption not discussed above or in the 2024 Form 10-K are either not applicable or are not expected to have a material impact on our consolidated financial condition, results of operations, or cash flows.",challenge/offline-data/home-depot/filings/2025-11-18__hd-us-20251118-q3-10q__437649.md,471
Home Depot,HD,2025-11-18,FY2025Q3,STRUCTURED_RESULT,q3-10q,"2,  | 2025  | 2,  | 2025,  | 1.5 billion","For products and services sold in stores or online, payment is typically due at the point of sale. When we receive payment before the customer has taken possession of the merchandise or the service has been performed, the amount received is recorded as deferred revenue until the sale or service is complete. Such performance obligations are part of contracts with expected original durations of typi",challenge/offline-data/home-depot/filings/2025-11-18__hd-us-20251118-q3-10q__437649.md,584
Home Depot,HD,2025-11-18,FY2025Q3,STRUCTURED_RESULT,q3-10q,"2,  | 2025  | 2,  | 2025,  | 1.0 billion | 1.1 billion","We further record deferred revenue for the sale of gift cards and recognize the associated revenue upon the redemption of those gift cards, which generally occurs within six months of gift card issuance. As of November 2, 2025 and February 2, 2025, our performance obligations for unredeemed gift cards were $1.0 billion and $1.1 billion, respectively. Gift card breakage income, which is our estimat",challenge/offline-data/home-depot/filings/2025-11-18__hd-us-20251118-q3-10q__437649.md,586
Home Depot,HD,2025-11-18,FY2025Q3,STRUCTURED_RESULT,q3-10q,214 million,The goodwill arising from the acquisition is calculated as the excess of the purchase price over the net assets acquired and is attributable to anticipated (i) growth acceleration in the residential and commercial professional customer ('Pro') market; (ii) expanded capabilities and product categories; (iii) additional addressable market opportunities; (iv) enhanced delivery network capabilities; a,challenge/offline-data/home-depot/filings/2025-11-18__hd-us-20251118-q3-10q__437649.md,891
Home Depot,HD,2025-11-18,FY2025Q3,STRUCTURED_RESULT,q3-10q,"4,  | 2025,  | 100% | 2025 ","On July 4, 2025, the OBBBA was signed into law in the U.S., which contains a broad range of tax provisions, including the allowance to expense 100% of the cost of qualified property and immediate expensing of domestic research and experimental expenditures. While we continue to assess its implications, we have realized, and expect to continue to realize, a reduction in our fiscal 2025 cash tax pay",challenge/offline-data/home-depot/filings/2025-11-18__hd-us-20251118-q3-10q__437649.md,1156
Home Depot,HD,2025-11-18,FY2025Q3,STRUCTURED_RESULT,q3-10q,"2025,  | 4.3 billion | 2,  | 2025,  | 3.2 billion | 4.2%","During the first nine months of fiscal 2025, all of our short term borrowings were under our commercial paper program, and the maximum amount outstanding during that period was $4.3 billion. At November 2, 2025, we had outstanding borrowings under our commercial paper program of $3.2 billion with a weighted average interest rate of 4.2%, we had no outstanding borrowings under our back-up credit fa",challenge/offline-data/home-depot/filings/2025-11-18__hd-us-20251118-q3-10q__437649.md,1174
Home Depot,HD,2025-11-18,FY2025Q3,STRUCTURED_RESULT,q3-10q,"2,  | 2025.  | 5 ","The indentures governing our senior notes do not generally limit our ability to incur additional indebtedness or require us to maintain financial ratios or specified levels of net worth or liquidity. The indentures governing our notes contain various covenants, none of which are expected to impact our liquidity or capital resources. We were in compliance with all such covenants at November 2, 2025",challenge/offline-data/home-depot/filings/2025-11-18__hd-us-20251118-q3-10q__437649.md,1182
Home Depot,HD,2025-11-18,FY2025Q3,STRUCTURED_RESULT,q3-8k,2025  | 2025 ,# Third Quarter Fiscal 2025 Results and Fiscal 2025 Guidance Update,challenge/offline-data/home-depot/filings/2025-11-18__hd-us-20251118-q3-8k__359994.md,12
Home Depot,HD,2025-11-18,FY2025Q3,STRUCTURED_RESULT,q3-8k,"2025  | 52 | 2024,  | 53","The company updated its fiscal 2025 guidance, a 52-week year compared to fiscal 2024, a 53-week",challenge/offline-data/home-depot/filings/2025-11-18__hd-us-20251118-q3-8k__359994.md,34
Home Depot,HD,2025-11-18,FY2025Q3,STRUCTURED_RESULT,q3-8k,2.0 billion,GMS expected to contribute approximately $2.0 billion in incremental sales,challenge/offline-data/home-depot/filings/2025-11-18__hd-us-20251118-q3-8k__359994.md,38
Home Depot,HD,2025-11-18,FY2025Q3,STRUCTURED_RESULT,q3-8k,2025  | 2025 ,## The Home Depot Announces Third Quarter Fiscal 2025 Results; Updates Fiscal 2025 Guidance,challenge/offline-data/home-depot/filings/2025-11-18__hd-us-20251118-q3-8k__359994.md,53
Home Depot,HD,2025-11-18,FY2025Q3,STRUCTURED_RESULT,q3-8k,"2025  | 52 | 2024,  | 53","The company updated its fiscal 2025 guidance, a 52-week year compared to fiscal 2024, a 53-week year, to reflect its third quarter performance, continued pressure in the fourth quarter from the lack of storm activity, ongoing consumer uncertainty and housing pressure, and the inclusion of GMS.",challenge/offline-data/home-depot/filings/2025-11-18__hd-us-20251118-q3-8k__359994.md,65
Home Depot,HD,2025-11-18,FY2025Q3,STRUCTURED_RESULT,q3-8k,2.0 billion,- GMS expected to contribute approximately $2.0 billion in incremental sales,challenge/offline-data/home-depot/filings/2025-11-18__hd-us-20251118-q3-8k__359994.md,68
Home Depot,HD,2025-11-18,FY2025Q3,STRUCTURED_RESULT,q3-8k,1995.  | 2025 ,"Certain statements contained herein constitute ""forward-looking statements"" under the federal securities laws, including as defined in the Private Securities Litigation Reform Act of 1995. Forward-looking statements are based on currently available information and our current assumptions, expectations and projections about future events, and use words such as 'may,' 'will,' 'could,' 'should,' 'wou",challenge/offline-data/home-depot/filings/2025-11-18__hd-us-20251118-q3-8k__359994.md,94
Home Depot,HD,2025-11-18,FY2025Q3,STRUCTURED_RESULT,q3-8k,"1 | 10 | 2,  | 2025 ","These statements are not guarantees of future performance and are subject to future events, risks and uncertainties - many of which are beyond our control, dependent on the actions of third parties, or currently unknown to us - as well as potentially inaccurate assumptions that could cause actual results to differ materially from our historical experience and our expectations and projections. Thes",challenge/offline-data/home-depot/filings/2025-11-18__hd-us-20251118-q3-8k__359994.md,96
Home Depot,HD,2025-08-25,FY2025Q2,STRUCTURED_RESULT,q2-10q,1995. ,"Certain statements contained herein, as well as in other filings we make with the SEC and other written and oral information we release, including statements regarding our performance, estimates, expectations, beliefs, intentions, projections, strategies for the future, or other events or developments in the future constitute ""forward-looking statements"" under the federal securities laws, includin",challenge/offline-data/home-depot/filings/2025-08-25__hd-us-20250825-q2-10q__144029.md,148
Home Depot,HD,2025-08-25,FY2025Q2,STRUCTURED_RESULT,q2-10q,1 | 2024  | 10 | 2024  | 10 | 2. ,"These statements are not guarantees of future performance and are subject to future events, risks and uncertainties — many of which are beyond our control, dependent on the actions of third parties, or currently unknown to us — as well as potentially inaccurate assumptions that could cause actual results to differ materially from our historical experience and our expectations and projections. Thes",challenge/offline-data/home-depot/filings/2025-08-25__hd-us-20250825-q2-10q__144029.md,152
Home Depot,HD,2025-08-25,FY2025Q2,STRUCTURED_RESULT,q2-10q,"4,  | 2025,  | 100% | 2025  | 2025 ","On July 4, 2025, the legislation commonly referred to as the One Big Beautiful Bill Act (the ""OBBBA"") was signed into law in the U.S., which includes a broad range of tax provisions, including the allowance to expense 100% of the cost of qualified property and immediate expensing of domestic research and experimental expenditures. While we continue to assess its implications, we do not expect the ",challenge/offline-data/home-depot/filings/2025-08-25__hd-us-20250825-q2-10q__144029.md,423
Home Depot,HD,2025-08-25,FY2025Q2,STRUCTURED_RESULT,q2-10q,"3,  | 2025  | 2024  | 10 | 2024  | 10","We did not adopt any new accounting pronouncements during the six months ended August 3, 2025 that had a material impact on our consolidated financial condition, results of operations, or cash flows. There have been no significant changes in accounting pronouncements not yet adopted as disclosed in the 2024 Form 10-K, and those not discussed in the 2024 Form 10-K are either not applicable or are n",challenge/offline-data/home-depot/filings/2025-08-25__hd-us-20250825-q2-10q__144029.md,436
Home Depot,HD,2025-08-25,FY2025Q2,STRUCTURED_RESULT,q2-10q,"3,  | 2025  | 2,  | 2025,  | 1.6 billion | 1.5 billion","For products and services sold in stores or online, payment is typically due at the point of sale. When we receive payment before the customer has taken possession of the merchandise or the service has been performed, the amount received is recorded as deferred revenue until the sale or service is complete. Such performance obligations are part of contracts with expected original durations of typi",challenge/offline-data/home-depot/filings/2025-08-25__hd-us-20250825-q2-10q__144029.md,557
Home Depot,HD,2025-08-25,FY2025Q2,STRUCTURED_RESULT,q2-10q,"3,  | 2025  | 2,  | 2025,  | 1.0 billion | 1.1 billion","We further record deferred revenue for the sale of gift cards and recognize the associated revenue upon the redemption of those gift cards, which generally occurs within six months of gift card issuance. As of August 3, 2025 and February 2, 2025, our performance obligations for unredeemed gift cards were $1.0 billion and $1.1 billion, respectively. Gift card breakage income, which is our estimate ",challenge/offline-data/home-depot/filings/2025-08-25__hd-us-20250825-q2-10q__144029.md,559
Home Depot,HD,2025-08-25,FY2025Q2,STRUCTURED_RESULT,q2-10q,"29,  | 2025,  | 110  | 4.3 billion | 5.5 billion | 2025. ","On June 29, 2025, we entered into a definitive agreement to acquire GMS, a leading distributor of specialty building products including drywall, ceilings, steel framing and other complementary products related to construction and remodeling projects in residential and commercial end markets across the U.S. and Canada. Under the terms of the merger agreement, we, through a wholly-owned subsidiary, ",challenge/offline-data/home-depot/filings/2025-08-25__hd-us-20250825-q2-10q__144029.md,799
Home Depot,HD,2025-08-25,FY2025Q2,STRUCTURED_RESULT,q2-10q,"29,  | 2025,  | 110  | 4.3 billion | 5.5 billion | 2025. ","On June 29, 2025, we entered into a definitive agreement to acquire GMS, a leading distributor of specialty building products including drywall, ceilings, steel framing and other complementary products related to construction and remodeling projects in residential and commercial end markets across the U.S. and Canada. Under the terms of the merger agreement, we, through a wholly-owned subsidiary, ",challenge/offline-data/home-depot/filings/2025-08-25__hd-us-20250825-q2-10q__144029.md,832
Home Depot,HD,2025-08-25,FY2025Q2,STRUCTURED_RESULT,q2-10q,"4,  | 2025,  | 100% | 2025 ","On July 4, 2025, the OBBBA was signed into law in the U.S., which includes a broad range of tax provisions, including the allowance to expense 100% of the cost of qualified property and immediate expensing of domestic research and experimental expenditures. While we continue to assess its implications, we expect a reduction in our fiscal 2025 cash tax payments due to the above mentioned provisions",challenge/offline-data/home-depot/filings/2025-08-25__hd-us-20250825-q2-10q__144029.md,1080
Home Depot,HD,2025-08-25,FY2025Q2,STRUCTURED_RESULT,q2-10q,"2025,  | 1.7 billion | 2.5% | 2025  | 4 billion | 2025. ","During the first six months of fiscal 2025, we invested approximately $1.7 billion back into our business in the form of capital expenditures. In line with our expectation of approximately 2.5% of fiscal 2025 net sales, we plan to invest approximately $4 billion back into our business in the form of capital expenditures in fiscal 2025. We expect to make these investments across initiatives to impr",challenge/offline-data/home-depot/filings/2025-08-25__hd-us-20250825-q2-10q__144029.md,1082
Home Depot,HD,2025-08-25,FY2025Q2,STRUCTURED_RESULT,q2-10q,"2025,  | 1.1 billion | 3,  | 2025, ","During the first six months of fiscal 2025, all of our short term borrowings were under our commercial paper program, and the maximum amount outstanding during that period was $1.1 billion. At August 3, 2025, we had no outstanding borrowings under our commercial paper program or back-up credit facilities, and we were in compliance with all of the covenants contained in our back-up credit facilitie",challenge/offline-data/home-depot/filings/2025-08-25__hd-us-20250825-q2-10q__144029.md,1096
Home Depot,HD,2025-08-25,FY2025Q2,STRUCTURED_RESULT,q2-10q,"3,  | 2025.  | 5 ","The indentures governing our senior notes do not generally limit our ability to incur additional indebtedness or require us to maintain financial ratios or specified levels of net worth or liquidity. The indentures governing our notes contain various customary covenants; however, none of the covenants are expected to impact our liquidity or capital resources. We were in compliance with all such co",challenge/offline-data/home-depot/filings/2025-08-25__hd-us-20250825-q2-10q__144029.md,1100
Home Depot,HD,2025-08-20,FY2025Q2,STRUCTURED_RESULT,q2-8k,2025  | 2025 ,# Second Quarter Fiscal 2025 Results and Fiscal 2025 Guidance,challenge/offline-data/home-depot/filings/2025-08-20__hd-us-20250820-q2-8k__143688.md,12
Home Depot,HD,2025-08-20,FY2025Q2,STRUCTURED_RESULT,q2-8k,"2025,  | 52 | 2024,  | 53","The company reaffirms its guidance for fiscal 2025, a 52-week year compared to fiscal 2024, a 53-week",challenge/offline-data/home-depot/filings/2025-08-20__hd-us-20250820-q2-8k__143688.md,31
Home Depot,HD,2025-08-20,FY2025Q2,STRUCTURED_RESULT,q2-8k,2025  | 2025 ,## The Home Depot Announces Second Quarter Fiscal 2025 Results; Reaffirms Fiscal 2025 Guidance,challenge/offline-data/home-depot/filings/2025-08-20__hd-us-20250820-q2-8k__143688.md,57
Home Depot,HD,2025-08-20,FY2025Q2,STRUCTURED_RESULT,q2-8k,"2025,  | 52 | 2024,  | 53","The company reaffirms its guidance for fiscal 2025, a 52-week year compared to fiscal 2024, a 53-week year.",challenge/offline-data/home-depot/filings/2025-08-20__hd-us-20250820-q2-8k__143688.md,69
Home Depot,HD,2025-08-20,FY2025Q2,STRUCTURED_RESULT,q2-8k,1995.  | 2025 ,"Certain statements contained herein constitute ""forward-looking statements"" under the federal securities laws, including as defined in the Private Securities Litigation Reform Act of 1995. Forward-looking statements are based on currently available information and our current assumptions, expectations and projections about future events, and use words such as 'may,' 'will,' 'could,' 'should,' 'wou",challenge/offline-data/home-depot/filings/2025-08-20__hd-us-20250820-q2-8k__143688.md,96
Home Depot,HD,2025-08-20,FY2025Q2,STRUCTURED_RESULT,q2-8k,"1 | 10 | 2,  | 2025 ","These statements are not guarantees of future performance and are subject to future events, risks and uncertainties - many of which are beyond our control, dependent on the actions of third parties, or currently unknown to us - as well as potentially inaccurate assumptions that could cause actual results to differ materially from our historical experience and our expectations and projections. Thes",challenge/offline-data/home-depot/filings/2025-08-20__hd-us-20250820-q2-8k__143688.md,98
Home Depot,HD,2025-08-19,FY2025Q2,EARNINGS_CALL,call-pres,2,"Unknown speaker: Today, we have several thousand pros with a trade credit account, and we've seen a double-digit lift in their spend across channels once these pros started using their trade credit. While we continue to roll this out more broadly, we are also focused on ensuring connectivity through our different sales channels, including our B2B website and our stores. For example, we want our pr",challenge/offline-data/home-depot/call-transcripts/2025-08-19__hd-us-20250819-call-pres__143686.md,33
Home Depot,HD,2025-08-19,FY2025Q2,EARNINGS_CALL,call-pres,12  | 27.2% | 31.9% | 2024.  | 2025.  | 2024 ,"Unknown speaker: Computed on the average of beginning and ending long-term debt and equity for the trailing 12 months, return on invested capital was 27.2%, down from 31.9% in the second quarter of fiscal 2024. Now, I will comment on our outlook for fiscal 2025. As you heard from Ted, our performance during the second quarter was in line with our expectations. The customer engagement we saw in the",challenge/offline-data/home-depot/call-transcripts/2025-08-19__hd-us-20250819-call-pres__143686.md,55
Home Depot,HD,2025-08-19,FY2025Q2,EARNINGS_CALL,call-pres,+2.8% | +1% | 2024.  | 33.4% | 2024.  | 13%,"Unknown speaker: acquisition, fluctuations in foreign exchange rates, changes in the interest rate environment, or a recovery in demand for larger remodeling projects. We expect total sales growth to outpace comp sales, with sales growth of approximately +2.8% and comp sales growth of approximately +1% compared to fiscal 2024. Our gross margin is expected to be approximately 33.4%, essentially fla",challenge/offline-data/home-depot/call-transcripts/2025-08-19__hd-us-20250819-call-pres__143686.md,57
Home Depot,HD,2025-08-19,FY2025Q2,EARNINGS_CALL,call-pres,52 | 2024.  | 2.5% | 2025. ,"Unknown speaker: On a 52-week basis, adjusted diluted earnings per share would be essentially flat compared to fiscal 2024. We plan to continue investing in our business with capital expenditures of approximately 2.5% of sales for fiscal 2025. We believe that we will grow market share in any environment by strengthening our competitive position with our customers and delivering the best customer e",challenge/offline-data/home-depot/call-transcripts/2025-08-19__hd-us-20250819-call-pres__143686.md,59
Home Depot,HD,2025-08-19,FY2025Q2,EARNINGS_CALL,call-qna,"50  | 2, ","Unknown speaker: Hey, good morning. Starting with the July improvement, if you view this more as a catch-up due to weather or underlying change in trend, as you think about the second half comp, about a 50 basis point improvement implied from Q2, a couple of points on a two-year basis, perhaps we could level set on the drivers across traffic, ticket, pricing, et cetera, and whether you anticipate ",challenge/offline-data/home-depot/call-transcripts/2025-08-19__hd-us-20250819-call-qna__143687.md,13
Home Depot,HD,2025-08-19,FY2025Q2,EARNINGS_CALL,call-qna,2.  | 1% | 1% | 1% | 1%,"Unknown speaker: Granted, in smaller projects, we still haven't seen the recovery in the much larger discretionary projects. Finally, weather did have a big impact. I mean, we had not a great spring overall, and that went into Q2. In July, in particular, the weather in the north in particular really turned favorable, and that team responded, and we captured great sales. I feel great about underlyi",challenge/offline-data/home-depot/call-transcripts/2025-08-19__hd-us-20250819-call-qna__143687.md,17
Home Depot,HD,2025-08-19,FY2025Q2,EARNINGS_CALL,call-qna,2024  | 2025.  | +0.9% | 55  | 25 ,"Unknown speaker: Sure, just to tick out what Ted said. Recall when we established guidance at the beginning of the year, our guidance assumed a slight improvement and frankly a continuation in the momentum that we had seen in the back half of 2024 to continue gradually through the year 2025. That's what we've seen to date, and that is still embedded in the assumptions underlying our guidance. Just",challenge/offline-data/home-depot/call-transcripts/2025-08-19__hd-us-20250819-call-qna__143687.md,21
Home Depot,HD,2025-08-19,FY2025Q2,EARNINGS_CALL,call-qna,2  | 50%,"Unknown speaker: Yeah, thanks, Steven. This is Billy. Let me give some more color on that. Both kind of the macro piece for us as we think about diversification and those things. I can give you a little color on some of the Q2 performance that you asked about. I'd say a couple of things on pricing. Going back to our, you know, call in May, first, it's super important to remember that over 50% of o",challenge/offline-data/home-depot/call-transcripts/2025-08-19__hd-us-20250819-call-qna__143687.md,43
Home Depot,HD,2025-08-19,FY2025Q2,EARNINGS_CALL,call-qna,"80  | 2  | 2.6% | 1,000. ","Unknown speaker: Yeah, Chris, as Richard and I outlined earlier, there's not a big uptick necessary to meet our guide. The U.S. business will be, you know, more or less a similar comp rate with no meaningful lift necessary. We get that swing of 80 basis points of FX pressure for total company. On, you know, ticket and transactions, you saw a higher ticket in Q2 to transactions. As Billy said, that",challenge/offline-data/home-depot/call-transcripts/2025-08-19__hd-us-20250819-call-qna__143687.md,55
Home Depot,HD,2025-08-19,FY2025Q2,EARNINGS_CALL,call-qna,2  | 1.  | 3  | 4.  | 1%,"Unknown speaker: You're going to cycle through the, we're not planning for any more hurricanes. The hurricane impacts were smaller in Q2 than they were in Q1. They'll be smaller yet again in Q3 and Q4. We're just looking at the continued momentum broadly in our departments, in our geographies to deliver that 1% guidance.",challenge/offline-data/home-depot/call-transcripts/2025-08-19__hd-us-20250819-call-qna__143687.md,57
Home Depot,HD,2025-08-19,FY2025Q2,EARNINGS_CALL,call-qna,50% | 2019.  | 11  | 2019.  | 12  | 16 ,"Unknown speaker: Thanks, Simeon. As we've said, I think our assumption, what we've observed and the assumption going forward is that first, more than anything, we have a very healthy customer, right? Our customer is the homeowner or the pro that serves that homeowner. They're fully employed. They've seen strong income gains over the past several years. They have seen home price appreciation of 50%",challenge/offline-data/home-depot/call-transcripts/2025-08-19__hd-us-20250819-call-qna__143687.md,73
Home Depot,HD,2025-08-19,FY2025Q2,EARNINGS_CALL,call-qna,3 ,"Unknown speaker: Yeah, thanks, Michael. As I mentioned a little bit earlier to Steven's question, we did pull back. Those were primarily in the outside garden space, which caused some of that transaction comp noise that I mentioned. I mean, listen, The Home Depot is an EDLP retailer. Anything that we can do to continue to drive value for our customers in this marketplace and going forward, and you",challenge/offline-data/home-depot/call-transcripts/2025-08-19__hd-us-20250819-call-qna__143687.md,123
Home Depot,HD,2025-08-19,FY2025Q2,EARNINGS_CALL,call-qna,33.4%,"Unknown speaker: Right. We'll keep our comments to this year. Gross margin, we got it at the beginning of the year that it's going to be essentially flat at 33.4%. You're not going to see a lot of movement in that line item, other than seasonal swing a little bit that we always see. We've reaffirmed guidance at that level, and then we'll address future years when we get together in December.",challenge/offline-data/home-depot/call-transcripts/2025-08-19__hd-us-20250819-call-qna__143687.md,141
Home Depot,HD,2025-08-19,FY2025Q2,STRUCTURED_RESULT,q2-10q,1995. ,"Certain statements contained herein, as well as in other filings we make with the SEC and other written and oral information we release, including statements regarding our performance, estimates, expectations, beliefs, intentions, projections, strategies for the future, or other events or developments in the future constitute “forward-looking statements” under the federal securities laws, includin",challenge/offline-data/home-depot/filings/2025-08-19__hd-us-20250819-q2-10q__148871.md,128
Home Depot,HD,2025-08-19,FY2025Q2,STRUCTURED_RESULT,q2-10q,1 | 2024  | 10 | 2024  | 10 | 2. ,"These statements are not guarantees of future performance and are subject to future events, risks and uncertainties — many of which are beyond our control, dependent on the actions of third parties, or currently unknown to us — as well as potentially inaccurate assumptions that could cause actual results to differ materially from our historical experience and our expectations and projections. Thes",challenge/offline-data/home-depot/filings/2025-08-19__hd-us-20250819-q2-10q__148871.md,132
Home Depot,HD,2025-08-19,FY2025Q2,STRUCTURED_RESULT,q2-10q,"4,  | 2025,  | 100% | 2025  | 2025 ","On July 4, 2025, the legislation commonly referred to as the One Big Beautiful Bill Act (the “OBBBA”) was signed into law in the U.S., which includes a broad range of tax provisions, including the allowance to expense 100% of the cost of qualified property and immediate expensing of domestic research and experimental expenditures. While we continue to assess its implications, we do not expect the ",challenge/offline-data/home-depot/filings/2025-08-19__hd-us-20250819-q2-10q__148871.md,401
Home Depot,HD,2025-08-19,FY2025Q2,STRUCTURED_RESULT,q2-10q,"3,  | 2025  | 2024  | 10 | 2024  | 10","We did not adopt any new accounting pronouncements during the six months ended August 3, 2025 that had a material impact on our consolidated financial condition, results of operations, or cash flows. There have been no significant changes in accounting pronouncements not yet adopted as disclosed in the 2024 Form 10-K, and those not discussed in the 2024 Form 10-K are either not applicable or are n",challenge/offline-data/home-depot/filings/2025-08-19__hd-us-20250819-q2-10q__148871.md,411
Home Depot,HD,2025-08-19,FY2025Q2,STRUCTURED_RESULT,q2-10q,"3,  | 2025  | 2,  | 2025,  | 1.6billion | 1.5billion","For products and services sold in stores or online, payment is typically due at the point of sale. When we receive payment before the customer has taken possession of the merchandise or the service has been performed, the amount received is recorded as deferred revenue until the sale or service is complete. Such performance obligations are part of contracts with expected original durations of typi",challenge/offline-data/home-depot/filings/2025-08-19__hd-us-20250819-q2-10q__148871.md,548
Home Depot,HD,2025-08-19,FY2025Q2,STRUCTURED_RESULT,q2-10q,"3,  | 2025  | 2,  | 2025,  | 1.0billion | 1.1billion","We further record deferred revenue for the sale of gift cards and recognize the associated revenue upon the redemption of those gift cards, which generally occurs within six monthsof gift card issuance. As of August 3, 2025 and February 2, 2025, our performance obligations for unredeemed gift cards were $ 1.0billion and $ 1.1billion, respectively. Gift card breakage income, which is our estimate o",challenge/offline-data/home-depot/filings/2025-08-19__hd-us-20250819-q2-10q__148871.md,550
Home Depot,HD,2025-08-19,FY2025Q2,STRUCTURED_RESULT,q2-10q,"29,  | 2025,  | 110 | 4.3billion | 5.5billion | 20 ","On June 29, 2025, we entered into a definitive agreement to acquire GMS, a leading distributor of specialty building products including drywall, ceilings, steel framing and other complementary products related to construction and remodeling projects in residential and commercial end markets across the U.S. and Canada. Under the terms of the merger agreement, we, through a wholly-owned subsidiary, ",challenge/offline-data/home-depot/filings/2025-08-19__hd-us-20250819-q2-10q__148871.md,801
Home Depot,HD,2025-08-19,FY2025Q2,STRUCTURED_RESULT,q2-10q,"29,  | 2025,  | 110  | 4.3 billion | 5.5 billion | 20 ","On June 29, 2025, we entered into a definitive agreement to acquire GMS, a leading distributor of specialty building products including drywall, ceilings, steel framing and other complementary products related to construction and remodeling projects in residential and commercial end markets across the U.S. and Canada. Under the terms of the merger agreement, we, through a wholly-owned subsidiary, ",challenge/offline-data/home-depot/filings/2025-08-19__hd-us-20250819-q2-10q__148871.md,826
Home Depot,HD,2025-08-19,FY2025Q2,STRUCTURED_RESULT,q2-10q,"4,  | 2025,  | 100% | 2025 ","On July 4, 2025, the OBBBA was signed into law in the U.S., which includes a broad range of tax provisions, including the allowance to expense 100% of the cost of qualified property and immediate expensing of domestic research and experimental expenditures. While we continue to assess its implications, we expect a reduction in our fiscal 2025 cash tax payments due to the above mentioned provisions",challenge/offline-data/home-depot/filings/2025-08-19__hd-us-20250819-q2-10q__148871.md,1048
Home Depot,HD,2025-08-19,FY2025Q2,STRUCTURED_RESULT,q2-10q,"2025,  | 1.7 billion | 2.5% | 2025  | 4 billion | 2025. ","During the first six months of fiscal 2025, we invested approximately $1.7 billion back into our business in the form of capital expenditures. In line with our expectation of approximately 2.5% of fiscal 2025 net sales, we plan to invest approximately $4 billion back into our business in the form of capital expenditures in fiscal 2025. We expect to make these investments across initiatives to impr",challenge/offline-data/home-depot/filings/2025-08-19__hd-us-20250819-q2-10q__148871.md,1050
Home Depot,HD,2025-08-19,FY2025Q2,STRUCTURED_RESULT,q2-10q,"2025,  | 1.1 billion | 3,  | 2025, ","During the first six months of fiscal 2025, all of our short term borrowings were under our commercial paper program, and the maximum amount outstanding during that period was $1.1 billion. At August 3, 2025, we had no outstanding borrowings under our commercial paper program or back-up credit facilities, and we were in compliance with all of the covenants contained in our back-up credit facilitie",challenge/offline-data/home-depot/filings/2025-08-19__hd-us-20250819-q2-10q__148871.md,1063
Home Depot,HD,2025-08-19,FY2025Q2,STRUCTURED_RESULT,q2-10q,"3,  | 2025.  | 5 ","The indentures governing our senior notes do not generally limit our ability to incur additional indebtedness or require us to maintain financial ratios or specified levels of net worth or liquidity. The indentures governing our notes contain various customary covenants; however, none of the covenants are expected to impact our liquidity or capital resources. We were in compliance with all such co",challenge/offline-data/home-depot/filings/2025-08-19__hd-us-20250819-q2-10q__148871.md,1067
Home Depot,HD,2025-08-19,FY2025Q2,STRUCTURED_RESULT,q2-8k,"2025,  | 52 | 2024,  | 53","The company reaffirms its guidance for fiscal 2025, a 52-week year compared to fiscal 2024, a 53-week year.",challenge/offline-data/home-depot/filings/2025-08-19__hd-us-20250819-q2-8k__143666.md,31
Home Depot,HD,2025-08-19,FY2025Q2,STRUCTURED_RESULT,q2-8k,1995.  | 2025 ,"Certain statements contained herein constitute ""forward-looking statements"" under the federal securities laws, including as defined in the Private Securities Litigation Reform Act of 1995. Forward-looking statements are based on currently available information and our current assumptions, expectations and projections about future events, and use words such as ""may,"" ""will,"" ""could,"" ""should,"" ""wou",challenge/offline-data/home-depot/filings/2025-08-19__hd-us-20250819-q2-8k__143666.md,69
Home Depot,HD,2025-08-19,FY2025Q2,STRUCTURED_RESULT,q2-8k,"1 | 10 | 2,  | 2025 ","These statements are not guarantees of future performance and are subject to future events, risks and uncertainties – many of which are beyond our control, dependent on the actions of third parties, or currently unknown to us – as well as potentially inaccurate assumptions that could cause actual results to differ materially from our historical experience and our expectations and projections. Thes",challenge/offline-data/home-depot/filings/2025-08-19__hd-us-20250819-q2-8k__143666.md,71
Home Depot,HD,2025-08-19,FY2025Q2,STRUCTURED_RESULT,q2-8k,2025  | 40 ,Our adjusted operating margin guidance for fiscal 2025 excludes an expected approximately 40 basis point impact from acquired intangible asset amortization.,challenge/offline-data/home-depot/filings/2025-08-19__hd-us-20250819-q2-8k__143666.md,236
Home Depot,HD,2025-08-19,FY2025Q2,STRUCTURED_RESULT,q2-8k,2025  | 0.40 ,Our adjusted diluted earnings per share guidance for fiscal 2025 excludes an expected after-tax impact of approximately $0.40 from acquired intangible asset amortization.,challenge/offline-data/home-depot/filings/2025-08-19__hd-us-20250819-q2-8k__143666.md,252
Home Depot,HD,2025-05-20,FY2025Q1,EARNINGS_CALL,call-q1-pres,10%,"Unknown speaker: As a result, we now have tremendous sourcing flexibility. We are already taking action and anticipate that twelve months from now no single country outside of The United States will represent more than 10% of our purchases. Our team has effectively navigated many economic cycles. We believe we have the best merchants, supply chain and finance teams with exceptional tools to help u",challenge/offline-data/home-depot/call-transcripts/2025-05-20__hd-us-20250520-call-q1-pres__38060.md,33
Home Depot,HD,2025-05-20,FY2025Q1,EARNINGS_CALL,call-q1-pres,"800,000,000  | 2,300,000,000  | 31.3% | 37.1%","Unknown speaker: During the first quarter we invested approximately $800,000,000 back into our business in the form of capital expenditures. And during the quarter we paid approximately $2,300,000,000 in dividends to our shareholders. Computed on the average of beginning and ending long term debt and equity for the trailing twelve months return on invested capital was 31.3% down from 37.1% in the ",challenge/offline-data/home-depot/call-transcripts/2025-05-20__hd-us-20250520-call-q1-pres__38060.md,77
Home Depot,HD,2025-05-20,FY2025Q1,EARNINGS_CALL,call-q1-pres,2.8  | 1% | 33.4%,"Unknown speaker: The customer engagement we saw in the back half of twenty twenty four continued into the first quarter and through the first two weeks of the second quarter. In addition, we are confident that we will be able to effectively navigate the environment as it stands today. As a result, we are reaffirming our fiscal twenty twenty five guidance. We expect total sales growth to outpace sa",challenge/offline-data/home-depot/call-transcripts/2025-05-20__hd-us-20250520-call-q1-pres__38060.md,79
Home Depot,HD,2025-05-20,FY2025Q1,EARNINGS_CALL,call-q1-pres,"13% | 13.4% | 24.5% | 2,200,000,000  | 3% | 2%","Unknown speaker: Further, we expect operating margin of approximately 13% and adjusted operating margin of approximately 13.4%. This primarily reflects natural deleverage from sales and continued investments across the business as well as reflecting the mix impact from the SRS acquisition. Our effective tax rate is targeted approximately 24.5%. We expect net interest expense of approximately $2,20",challenge/offline-data/home-depot/call-transcripts/2025-05-20__hd-us-20250520-call-q1-pres__38060.md,81
Home Depot,HD,2025-05-20,FY2025Q1,EARNINGS_CALL,call-q1-pres,2.5 ,Unknown speaker: On a fifty two week basis adjusted diluted earnings per share would be essentially flat compared to fiscal twenty twenty four. We plan to continue investing in our business with capital expenditures of approximately 2.5 of sales for fiscal twenty twenty five. We believe that we will grow market share in any environment by strengthening our competitive position with our customers a,challenge/offline-data/home-depot/call-transcripts/2025-05-20__hd-us-20250520-call-q1-pres__38060.md,83
Home Depot,HD,2025-05-20,FY2025Q1,EARNINGS_CALL,call-q1-qna,1 ,"Unknown speaker: You also have to remember we're adding the SRS expenses to our expense base that didn't exist in Q1 of last year. And so when you take that noise out, we levered expenses exactly how we would have expected to in a comp environment like this. Our operators are managing their portfolios exactly how we would hope. And frankly kicking up to",challenge/offline-data/home-depot/call-transcripts/2025-05-20__hd-us-20250520-call-q1-qna__38076.md,33
Home Depot,HD,2025-05-20,FY2025Q1,EARNINGS_CALL,call-q1-qna,24% | 25% | 13.8% | 13.4% | 20 ,"Unknown speaker: may just for a moment call out our incredible merchants and supply chain and operations teams who again show us great results in supply chain productivity and in shrink results. So for the remainder of the year, just kind of zooming back out, we've reaffirmed guidance. And let me just kind of reorient you to the year over year expectation. So year over year 24% to 25% operating ma",challenge/offline-data/home-depot/call-transcripts/2025-05-20__hd-us-20250520-call-q1-qna__38076.md,37
Home Depot,HD,2025-05-20,FY2025Q1,EARNINGS_CALL,call-q1-qna,1.5 ,"Unknown speaker: SRS will kick up, I think, some point in the second quarter. And I also think the back half was always expected to be a little bit better than the first half. So curious what if there's any added caution or just prudence in how you're setting it up, You could get to 1.5 to two. I'm not trying to get you on that but if trends that you're seeing today hold you should do a little bit",challenge/offline-data/home-depot/call-transcripts/2025-05-20__hd-us-20250520-call-q1-qna__38076.md,51
Home Depot,HD,2025-05-20,FY2025Q1,EARNINGS_CALL,call-q1-qna,2. ,Unknown speaker: We feel good about the business heading into Q2. But right now we feel good about reaffirming our guidance where it is.,challenge/offline-data/home-depot/call-transcripts/2025-05-20__hd-us-20250520-call-q1-qna__38076.md,55
Home Depot,HD,2025-05-20,FY2025Q1,EARNINGS_CALL,call-q1-qna,10%,"Unknown speaker: We're already taking action moving quickly and we anticipate twelve months from now that no single country outside of The U. S. Will actually represent more than 10% of our purchases. And so you think about our scale, the great tremendous partnerships, I can't reiterate those enough that we have with our suppliers and you mentioned productivity, a hallmark of the Home Depot. We se",challenge/offline-data/home-depot/call-transcripts/2025-05-20__hd-us-20250520-call-q1-qna__38076.md,81
Home Depot,HD,2025-05-20,FY2025Q1,EARNINGS_CALL,call-q1-qna,"2,600,000,000 ","Unknown speaker: Comp. They will be reported as part of total company comp. We expect them so look for the quarter SRS actually exceeded our expectations. They delivered $2,600,000,000 in sales and we expect them to meet our expectations of mid single digit growth for the year and we're looking forward to continued growth with them. That acquisition is one to be proud of and we're making as Ted sa",challenge/offline-data/home-depot/call-transcripts/2025-05-20__hd-us-20250520-call-q1-qna__38076.md,115
Home Depot,HD,2025-05-20,FY2025Q1,EARNINGS_CALL,call-q1-qna,4 ,"Unknown speaker: Okay. Got it. And then as you think about the demand outlook, your business has been improving modestly in Q4 and then again the last several months. If you look out even as you're not raising prices, it seems like a lot of other companies are going to be raising prices even outside of the home improvement category. There's a growing concern that that's going to weigh on the consu",challenge/offline-data/home-depot/call-transcripts/2025-05-20__hd-us-20250520-call-q1-qna__38076.md,165
Home Depot,HD,2025-05-20,FY2025Q1,EARNINGS_CALL,call-q1-qna,2026.  | 2019 ,"Unknown speaker: Well, I'll take those maybe in reverse order. First of all, we're not in a position right now where we're going to talk about 2026. But we know SRS has a track record of growing faster than their competition and taking share in any environment. So we expect there'll be an engine for growth for the company. For your shrink question, I think the most important point is the world is ",challenge/offline-data/home-depot/call-transcripts/2025-05-20__hd-us-20250520-call-q1-qna__38076.md,191
Home Depot,HD,2025-05-20,FY2025Q1,EARNINGS_CALL,call-q1-qna,1  | 2024  | 2025.,"Unknown speaker: Well, we saw the majority of the tough weather kind of play out in the North and in Canada. And with respect to hurricanes, there was some benefit in Q1 right around where we would have expected and that benefit is baked into our annual guidance because on a year over year basis the benefit seen in 2024 is largely matched by the benefit in 2025.",challenge/offline-data/home-depot/call-transcripts/2025-05-20__hd-us-20250520-call-q1-qna__38076.md,205
Home Depot,HD,2025-05-20,FY2025Q1,EARNINGS_CALL,call,39.9 billion | 9.4% | 0.3% | 0.2% | 3.56  | 3.67 ,"Edward P. Decker: Thank you, Isabel, and good morning, everyone. Sales for the first quarter were $39.9 billion, up 9.4% from the same period last year. Comp sales declined 0.3% from the same period last year, and comps in the U.S. increased 0.2%. Adjusted diluted earnings per share were $3.56 in the first quarter compared to $3.67 in the first quarter last year. Our first quarter results were in ",challenge/offline-data/home-depot/call-transcripts/2025-05-20__hd-us-20250520-call__134516.md,17
Home Depot,HD,2025-05-20,FY2025Q1,EARNINGS_CALL,call,39.9 billion | 3.4 billion | 9.4% | 0.3% | 3.6% | 0.6%,"Richard V. McPhail: Thank you, Billy, and good morning, everyone. In the first quarter, total sales were $39.9 billion, an increase of $3.4 billion, or approximately 9.4% from last year. During the first quarter, our total company comps were negative 0.3% with comps of negative 3.6% in February, positive 0.6% in March and positive 1.1% in April. Comps in the U.S. were positive 0.2% for the quarter",challenge/offline-data/home-depot/call-transcripts/2025-05-20__hd-us-20250520-call__134516.md,23
Home Depot,HD,2025-05-20,FY2025Q1,EARNINGS_CALL,call,"1  | 1  | 24  | 25,  | 13.8% | 13.4%","Richard V. McPhail: Yes. Thanks, Chris. So we did -- as we've said, operating expenses can show a little bit of variability from quarter-to-quarter. In this case, we're overlapping a legal settlement of some size in Q1 of last year. So that did have an impact. You also have to remember, we're adding the SRS expenses to our expense base. That didn't exist in Q1 of last year. And so when you take th",challenge/offline-data/home-depot/call-transcripts/2025-05-20__hd-us-20250520-call__134516.md,33
Home Depot,HD,2025-05-20,FY2025Q1,EARNINGS_CALL,call,2.  | 1.5  | 2. ,"Simeon Ari Gutman: I want to follow up on the comp guidance for the year, the April exit and then May commentary sounds good, close to 2. SRS will kick up, I think, at some point in the second quarter. And I also think the back half was always expected to be a little bit better than the first half. So curious what -- if there's any added caution or just prudence in how you're setting it up, you co",challenge/offline-data/home-depot/call-transcripts/2025-05-20__hd-us-20250520-call__134516.md,37
Home Depot,HD,2025-05-20,FY2025Q1,EARNINGS_CALL,call,1  | 270 million | 275 million | 2. ,"Richard V. McPhail: Simeon, thank you for the question. We're 1 quarter in. The team did an awesome job of hitting our expectations. But for the FX pressure, which was $270 million -- sorry, $275 million on the top line, without that FX pressure, we would have exceeded our own expectations. But we're at quarter end. We feel good about the business heading into Q2. But right now, we feel good about",challenge/offline-data/home-depot/call-transcripts/2025-05-20__hd-us-20250520-call__134516.md,39
Home Depot,HD,2025-05-20,FY2025Q1,EARNINGS_CALL,call,50  | 50% | 12  | 10%,"William D. Bastek: Well, Michael, thanks for the question. So listen, you hit on a couple of the things that Ted mentioned in his prepared remarks, over 50 -- it's important, but over 50% of our purchases are sourced in the U.S., as you've mentioned, and we've been working with our suppliers for years. I mean, one of the hallmarks of Home Depot has always been diversification and diversifying with",challenge/offline-data/home-depot/call-transcripts/2025-05-20__hd-us-20250520-call__134516.md,51
Home Depot,HD,2025-05-20,FY2025Q1,EARNINGS_CALL,call,7  | 2.6 billion,"Richard V. McPhail: Yes. So we acquired -- we closed on the acquisition of SRS mid-June last year. So they will enter our comp base shortly, and we'll own them for a little more than 7 months this year. Once they enter the comp base, we will report them as part of total company comp. So our U.S. comp that we report is principally our retail operations and reflects those. We have historically repor",challenge/offline-data/home-depot/call-transcripts/2025-05-20__hd-us-20250520-call__134516.md,69
Home Depot,HD,2025-05-20,FY2025Q1,EARNINGS_CALL,call,4 ,"Seth Ian Sigman: Okay. Got it. And then as you think about the demand outlook, your business has been improving modestly in Q4 and then again in the last several months. If you look out, even as you're not raising prices, it seems like a lot of other companies are going to be raising prices even outside of the home improvement category. There's a growing concern that that's going to weigh on the c",challenge/offline-data/home-depot/call-transcripts/2025-05-20__hd-us-20250520-call__134516.md,99
Home Depot,HD,2025-05-20,FY2025Q1,EARNINGS_CALL,call,"2026,  | 2019  | 6  | 40  | 2025  | 24, ","Richard V. McPhail: Well, I'll take those maybe in reverse order. First of all, we're not in a position right now where we're going to talk about 2026, but we know SRS has a track record of growing faster than their competition and taking share in any environment. So we expect they will be an engine for growth for the company.For your shrink question, I think the most important point, because the ",challenge/offline-data/home-depot/call-transcripts/2025-05-20__hd-us-20250520-call__134516.md,111
Home Depot,HD,2025-05-20,FY2025Q1,EARNINGS_CALL,call,1  | 24  | 2025.,"Richard V. McPhail: Well, we saw the majority of the tough weather kind of play out in the north and in Canada. And with respect to hurricanes, there was some benefit in Q1 right around where we would have expected. And that benefit is baked into our annual guidance because on a year-over-year basis, the benefit seen in '24 is largely matched by the benefit in 2025.",challenge/offline-data/home-depot/call-transcripts/2025-05-20__hd-us-20250520-call__134516.md,119
Home Depot,HD,2025-05-20,FY2025Q1,STRUCTURED_RESULT,q1-10q,1995. ,"Certain statements contained herein, as well as in other filings we make with the SEC and other written and oral information we release, including statements regarding our performance, estimates, expectations, beliefs, intentions, projections, strategies for the future, or other events or developments in the future constitute 'forward-looking statements' as defined in the Private Securities Litiga",challenge/offline-data/home-depot/filings/2025-05-20__hd-us-20250520-q1-10q__101832.md,267
Home Depot,HD,2025-05-20,FY2025Q1,STRUCTURED_RESULT,q1-10q,1 | 2024  | 10 | 2024  | 10 | 2. ,"These statements are not guarantees of future performance and are subject to future events, risks and uncertainties - many of which are beyond our control, dependent on the actions of third parties, or currently unknown to us - as well as potentially inaccurate assumptions that could cause actual results to differ materially from our historical experience and our expectations and projections. Thes",challenge/offline-data/home-depot/filings/2025-05-20__hd-us-20250520-q1-10q__101832.md,271
Home Depot,HD,2025-05-20,FY2025Q1,STRUCTURED_RESULT,q1-10q,"4,  | 2025  | 2024  | 10 | 2024  | 10","We did not adopt any new accounting pronouncements during the three months ended May 4, 2025 that had a material impact on our consolidated financial condition, results of operations, or cash flows. There have been no significant changes in accounting pronouncements not yet adopted as disclosed in the 2024 Form 10-K, and those not discussed in the 2024 Form 10-K are either not applicable or are no",challenge/offline-data/home-depot/filings/2025-05-20__hd-us-20250520-q1-10q__101832.md,582
Home Depot,HD,2025-05-20,FY2025Q1,STRUCTURED_RESULT,q1-10q,"4,  | 2025  | 2,  | 2025,  | 1.8 billion | 1.5 billion","For products and services sold in stores or online, payment is typically due at the point of sale. When we receive payment before the customer has taken possession of the merchandise or the service has been performed, the amount received is recorded as deferred revenue until the sale or service is complete. Such performance obligations are part of contracts with expected original durations of typi",challenge/offline-data/home-depot/filings/2025-05-20__hd-us-20250520-q1-10q__101832.md,699
Home Depot,HD,2025-05-20,FY2025Q1,STRUCTURED_RESULT,q1-10q,"4,  | 2025  | 2,  | 2025,  | 1.0 billion | 1.1 billion","We further record deferred revenue for the sale of gift cards and recognize the associated revenue upon the redemption of those gift cards, which generally occurs within six months of gift card issuance. As of May 4, 2025 and February 2, 2025, our performance obligations for unredeemed gift cards were $1.0 billion and $1.1 billion, respectively. Gift card breakage income, which is our estimate of ",challenge/offline-data/home-depot/filings/2025-05-20__hd-us-20250520-q1-10q__101832.md,701
Home Depot,HD,2025-05-20,FY2025Q1,STRUCTURED_RESULT,q1-10q,"2025,  | 806 million | 2.5% | 2025  | 4 billion | 2025. ","During the first three months of fiscal 2025, we invested approximately $806 million back into our business in the form of capital expenditures. In line with our expectation of approximately 2.5% of fiscal 2025 net sales, we plan to invest approximately $4 billion back into our business in the form of capital expenditures in fiscal 2025. We expect to make these investments across initiatives to im",challenge/offline-data/home-depot/filings/2025-05-20__hd-us-20250520-q1-10q__101832.md,1171
Home Depot,HD,2025-05-20,FY2025Q1,STRUCTURED_RESULT,q1-10q,"2025  | 1.1 billion | 4,  | 2025,  | 38 million | 2.9%","All of our short-term borrowings in the first three months of fiscal 2025 were under our commercial paper program, and the maximum amount outstanding at any time was $1.1 billion. At May 4, 2025, we had $38 million of outstanding borrowings under our commercial paper program with a weighted average interest rate of 2.9%, we had no outstanding borrowings under our back-up credit facilities, and we ",challenge/offline-data/home-depot/filings/2025-05-20__hd-us-20250520-q1-10q__101832.md,1181
Home Depot,HD,2025-05-20,FY2025Q1,STRUCTURED_RESULT,q1-10q,"4,  | 2025.  | 5 ","The indentures governing our senior notes do not generally limit our ability to incur additional indebtedness or require us to maintain financial ratios or specified levels of net worth or liquidity. The indentures governing our notes contain various customary covenants; however, none of the covenants are expected to impact our liquidity or capital resources. We were in compliance with all such co",challenge/offline-data/home-depot/filings/2025-05-20__hd-us-20250520-q1-10q__101832.md,1185
Home Depot,HD,2025-05-20,FY2025Q1,STRUCTURED_RESULT,q1-10q,"2023,  | 42 | 1.5 million | 1.5 million","As previously reported, the decree required certain changes to lead-safe work practices in our installation services business and provided for stipulated penalties for failure to perform by third-party installers. In the first quarter of fiscal 2023, the EPA informed us that it believes we owe certain penalties for violations by third-party installers of documentation requirements under the decree",challenge/offline-data/home-depot/filings/2025-05-20__hd-us-20250520-q1-10q__101832.md,1254
Home Depot,HD,2025-05-20,FY2025Q1,STRUCTURED_RESULT,q1-8k,"2025,  | 52 | 2024,  | 53","The company reaffirms its guidance for fiscal 2025, a 52-week year compared to fiscal 2024, a 53-week",challenge/offline-data/home-depot/filings/2025-05-20__hd-us-20250520-q1-8k__101847.md,30
Home Depot,HD,2025-05-20,FY2025Q1,STRUCTURED_RESULT,q1-8k,2025  | 2025 ,## The Home Depot Announces First Quarter Fiscal 2025 Results; Reaffirms Fiscal 2025 Guidance,challenge/offline-data/home-depot/filings/2025-05-20__hd-us-20250520-q1-8k__101847.md,56
Home Depot,HD,2025-05-20,FY2025Q1,STRUCTURED_RESULT,q1-8k,"2025,  | 52 | 2024,  | 53","The company reaffirms its guidance for fiscal 2025, a 52-week year compared to fiscal 2024, a 53-week year.",challenge/offline-data/home-depot/filings/2025-05-20__hd-us-20250520-q1-8k__101847.md,68
Home Depot,HD,2025-05-20,FY2025Q1,STRUCTURED_RESULT,q1-8k,1995.  | 2025 ,"Certain statements contained herein constitute ""forward-looking statements"" as defined in the Private Securities Litigation Reform Act of 1995. Forward-looking statements are based on currently available information and our current assumptions, expectations and projections about future events, and use words such as 'may,' 'will,' 'could,' 'should,' 'would,' 'anticipate,' 'intend,' 'estimate,' 'pro",challenge/offline-data/home-depot/filings/2025-05-20__hd-us-20250520-q1-8k__101847.md,107
Home Depot,HD,2025-05-20,FY2025Q1,STRUCTURED_RESULT,q1-8k,"1 | 10 | 2,  | 2025 ","These statements are not guarantees of future performance and are subject to future events, risks and uncertainties - many of which are beyond our control, dependent on the actions of third parties, or currently unknown to us - as well as potentially inaccurate assumptions that could cause actual results to differ materially from our historical experience and our expectations and projections. Thes",challenge/offline-data/home-depot/filings/2025-05-20__hd-us-20250520-q1-8k__101847.md,109
Home Depot,HD,2025-03-20,FY2024Q4,STRUCTURED_RESULT,fy-10k,1995. ,"Certain statements contained herein, as well as in other filings we make with the SEC and other written and oral information we release, including statements regarding our performance, estimates, expectations, beliefs, intentions, projections, strategies for the future, or other events or developments in the future may constitute ""forward-looking statements"" as defined in the Private Securities Li",challenge/offline-data/home-depot/filings/2025-03-20__hd-us-20250320-fy-10k__778723.md,175
Home Depot,HD,2025-03-20,FY2024Q4,STRUCTURED_RESULT,fy-10k,1 | 7. ,"These statements are not guarantees of future performance and are subject to future events, risks and uncertainties — many of which are beyond our control, dependent on the actions of third parties, or currently unknown to us — as well as potentially inaccurate assumptions that could cause actual results to differ materially from our historical experience and our expectations and projections. Thes",challenge/offline-data/home-depot/filings/2025-03-20__hd-us-20250320-fy-10k__778723.md,179
Home Depot,HD,2025-03-20,FY2024Q4,STRUCTURED_RESULT,fy-10k,"2024.  | 2024,  | 2,347  | 104,000  | 24,000 ","The Home Depot, Inc. is the world's largest home improvement retailer based on net sales for fiscal 2024. We offer our customers a wide assortment of building materials, home improvement products, lawn and garden products, décor products, and facilities MRO products, in stores and online. We also provide a number of services, including home improvement installation services, and tool and equipment",challenge/offline-data/home-depot/filings/2025-03-20__hd-us-20250320-fy-10k__778723.md,194
Home Depot,HD,2025-03-20,FY2024Q4,STRUCTURED_RESULT,fy-10k,"2024,  | 50%","In addition to our distribution and fulfillment centers, we leverage our stores as a network of convenient customer pickup, return, and delivery fulfillment locations. We believe our premium real estate footprint provides a distinct structural and competitive advantage. For customers who shop online and want to pick up or return merchandise at a store, or have product delivered from a store, we ha",challenge/offline-data/home-depot/filings/2025-03-20__hd-us-20250320-fy-10k__778723.md,339
Home Depot,HD,2025-03-20,FY2024Q4,STRUCTURED_RESULT,fy-10k,2024. ,"We regularly consider and enter into strategic transactions, including mergers, acquisitions, investments, alliances, and other growth and market expansion strategies, such as our acquisition of SRS in the second quarter of fiscal 2024. We generally expect that these transactions will result in sales increases, cost savings, synergies, enhanced capabilities or various other benefits. Assessing the",challenge/offline-data/home-depot/filings/2025-03-20__hd-us-20250320-fy-10k__778723.md,496
Home Depot,HD,2025-03-20,FY2024Q4,STRUCTURED_RESULT,fy-10k,2024 ,"Our financial performance depends significantly on the stability of the housing and home improvement markets, as well as general economic conditions, including changes in gross domestic product. Adverse conditions in or uncertainty about these markets, the economy, or the political or social climate could adversely impact, and we believe in some cases has adversely impacted, our customers' confide",challenge/offline-data/home-depot/filings/2025-03-20__hd-us-20250320-fy-10k__778723.md,641
Home Depot,HD,2025-03-20,FY2024Q4,STRUCTURED_RESULT,fy-10k,"2021  | 2023, ","As previously reported, in April 2021 we entered into a civil consent decree with the U.S. Department of Justice, the EPA, and the states of Utah, Massachusetts, and Rhode Island. The decree required certain changes to lead-safe work practices in our installation services business and provided for stipulated penalties for failure to perform by third-party installers. In the first quarter of fiscal",challenge/offline-data/home-depot/filings/2025-03-20__hd-us-20250320-fy-10k__778723.md,822
Home Depot,HD,2025-03-20,FY2024Q4,STRUCTURED_RESULT,fy-10k,"19,  | 1984,  | 22,  | 1987 ","Since April 19, 1984, our common stock has been listed on the NYSE, trading under the symbol ""HD."" We paid our first cash dividend on June 22, 1987 and have paid a cash dividend during each subsequent quarter. While we currently expect a cash dividend to be paid in the future, future dividend payments are subject to declaration by our Board based on our earnings, capital requirements, financial co",challenge/offline-data/home-depot/filings/2025-03-20__hd-us-20250320-fy-10k__778723.md,841
Home Depot,HD,2025-03-20,FY2024Q4,STRUCTURED_RESULT,fy-10k,10 | 2024  | 2023.  | 2023  | 2022  | 7. ,The following discussion provides an analysis of the Company's financial condition and results of operations from management's perspective and should be read in conjunction with the consolidated financial statements and related notes included in this report. The discussion in this Form 10-K generally focuses on fiscal 2024 compared to fiscal 2023. A discussion of our results of operations and chan,challenge/offline-data/home-depot/filings/2025-03-20__hd-us-20250320-fy-10k__778723.md,892
Home Depot,HD,2025-03-20,FY2024Q4,STRUCTURED_RESULT,fy-10k,31.3% | 2024  | 36.7% | 2023. ,Our ROIC was 31.3% for fiscal 2024 and 36.7% for fiscal 2023. The decrease in ROIC was primarily driven by higher average long-term debt and higher average equity due to the financing of the SRS acquisition. See the Non-GAAP Financial Measures section below for our definition and calculation of ROIC.,challenge/offline-data/home-depot/filings/2025-03-20__hd-us-20250320-fy-10k__778723.md,921
Home Depot,HD,2025-03-20,FY2024Q4,STRUCTURED_RESULT,fy-10k,"27,  | 2024,  | 18,  | 2024,  | 2  | 13 ","On March 27, 2024, we entered into a definitive agreement to acquire SRS, a leading residential specialty trade distribution company across several verticals serving the professional roofer, landscaper and pool contractor. On June 18, 2024, following the satisfaction or waiver of the applicable closing conditions, including receipt of the requisite regulatory approvals, the acquisition was complet",challenge/offline-data/home-depot/filings/2025-03-20__hd-us-20250320-fy-10k__778723.md,925
Home Depot,HD,2025-03-20,FY2024Q4,STRUCTURED_RESULT,fy-10k,2024  | 53  | 52  | 2023.  | 2024  | 6.8 billion,"Net Sales. Fiscal 2024 consisted of 53 weeks compared to 52 weeks in fiscal 2023. Net sales for fiscal 2024 increased $6.8 billion, or 4.5%, to $159.5 billion. The increase in net sales for fiscal 2024 was primarily driven by SRS, which contributed $6.4 billion of net sales during fiscal 2024, and incremental net sales of approximately $2.5 billion attributable to the additional week in fiscal 202",challenge/offline-data/home-depot/filings/2025-03-20__hd-us-20250320-fy-10k__778723.md,998
Home Depot,HD,2025-03-20,FY2024Q4,STRUCTURED_RESULT,fy-10k,52  | 52 | 52  | 2024  | 53 | 1 ,"Comparable Sales. Comparable sales is a measure that highlights the performance of our existing locations and websites by measuring the change in net sales for a period over the comparable prior period of equivalent length. Comparable sales includes sales at all locations, physical and online, open greater than 52 weeks (including remodels and relocations) and excludes closed stores. Retail stores",challenge/offline-data/home-depot/filings/2025-03-20__hd-us-20250320-fy-10k__778723.md,1004
Home Depot,HD,2025-03-20,FY2024Q4,STRUCTURED_RESULT,fy-10k,"2024,  | 2023.  | 2024  | 2023.","For fiscal 2024, our Power and Building Materials merchandising departments posted positive comparable sales compared to fiscal 2023. All of our other merchandising departments posted negative comparable sales during fiscal 2024 compared to fiscal 2023.",challenge/offline-data/home-depot/filings/2025-03-20__hd-us-20250320-fy-10k__778723.md,1008
Home Depot,HD,2025-03-20,FY2024Q4,STRUCTURED_RESULT,fy-10k,"14.91  | 2024  | 15.11  | 2023.  | 2024  | 2024, ","Diluted earnings per share were $14.91 in fiscal 2024 compared to $15.11 in fiscal 2023. The decrease in diluted earnings per share for fiscal 2024 was primarily driven by lower net earnings during fiscal 2024, partially offset by lower diluted shares. The 53rd week increased diluted earnings per share by approximately $0.30 for fiscal 2024.",challenge/offline-data/home-depot/filings/2025-03-20__hd-us-20250320-fy-10k__778723.md,1039
Home Depot,HD,2025-03-20,FY2024Q4,STRUCTURED_RESULT,fy-10k,"2024  | 15.3 billion | 2,  | 2025,  | 316 million | 4.4%","All of our short-term borrowings in fiscal 2024 were under our commercial paper program, and the maximum amount outstanding at any time was $15.3 billion. At February 2, 2025, we had outstanding borrowings under our commercial paper program of $316 million with a weighted-average interest rate of 4.4%, we had no outstanding borrowings under our back-up credit facilities, and we were in compliance ",challenge/offline-data/home-depot/filings/2025-03-20__hd-us-20250320-fy-10k__778723.md,1102
Home Depot,HD,2025-03-20,FY2024Q4,STRUCTURED_RESULT,fy-10k,"2,  | 2025.  | 5 ","The indentures governing our senior notes do not generally limit our ability to incur additional indebtedness or require us to maintain financial ratios or specified levels of net worth or liquidity. The indentures governing our notes contain various customary covenants; however, none of the covenants are expected to impact our liquidity or capital resources. We were in compliance with all such co",challenge/offline-data/home-depot/filings/2025-03-20__hd-us-20250320-fy-10k__778723.md,1113
Home Depot,HD,2025-03-20,FY2024Q4,STRUCTURED_RESULT,fy-10k,"2,  | 2025,  | 627 million | 12  | 6 ","At February 2, 2025, we had aggregate liabilities for unrecognized tax benefits totaling $627 million, none of which are expected to be paid in the next 12 months. The timing of payment, if any, associated with our long-term unrecognized tax benefit liabilities is unknown. See Note 6 to our consolidated financial statements for further discussion of our unrecognized tax benefits.",challenge/offline-data/home-depot/filings/2025-03-20__hd-us-20250320-fy-10k__778723.md,1123
Home Depot,HD,2025-03-20,FY2024Q4,STRUCTURED_RESULT,fy-10k,10% | 95 million | 2024. ,We calculate shrink based on actual inventory losses identified as a result of physical inventory counts during each fiscal period and estimated inventory losses occurring between physical inventory counts. The estimate for shrink occurring in the interim period between physical inventory counts is calculated on a store-specific basis and is primarily based on recent shrink results. A 10% increase,challenge/offline-data/home-depot/filings/2025-03-20__hd-us-20250320-fy-10k__778723.md,1179
Home Depot,HD,2025-03-20,FY2024Q4,STRUCTURED_RESULT,fy-10k,20  | 4.,"We amortize the cost of definite-lived intangible assets on a straight-line basis over their estimated useful lives, which range up to approximately 20 years, as this approximates the pattern of expected economic benefit. We evaluate our definite-lived intangible assets for impairment when evidence exists that certain triggering events or changes in circumstances indicate that the carrying amount ",challenge/offline-data/home-depot/filings/2025-03-20__hd-us-20250320-fy-10k__778723.md,1653
Home Depot,HD,2025-03-20,FY2024Q4,STRUCTURED_RESULT,fy-10k,"1.5 billion | 2,  | 2025,  | 1.4 billion | 28,  | 2024.","We are self-insured for certain losses related to general liability (including product liability), workers' compensation, employee group medical, and automobile claims. We recognize the expected ultimate cost for claims incurred (undiscounted) at the balance sheet date as a liability. The expected ultimate cost for claims incurred is estimated based upon analysis of historical data and actuarial e",challenge/offline-data/home-depot/filings/2025-03-20__hd-us-20250320-fy-10k__778723.md,1692
Home Depot,HD,2025-03-20,FY2024Q4,STRUCTURED_RESULT,fy-10k,"2,  | 2025  | 28,  | 2024,  | 1.5 billion | 1.7 billion","For products and services sold in stores or online, payment is typically due at the point of sale. When we receive payment before the customer has taken possession of the merchandise or the service has been performed, the amount received is recorded as deferred revenue until the sale or service is complete. Such performance obligations are part of contracts with expected original durations of typi",challenge/offline-data/home-depot/filings/2025-03-20__hd-us-20250320-fy-10k__778723.md,1704
Home Depot,HD,2025-03-20,FY2024Q4,STRUCTURED_RESULT,fy-10k,"2,  | 2025  | 28,  | 2024,  | 1.1 billion | 2024, ","We further record deferred revenue for the sale of gift cards and recognize the associated revenue upon the redemption of those gift cards, which generally occurs within six months of gift card issuance. As of both February 2, 2025 and January 28, 2024, our performance obligations for unredeemed gift cards were $1.1 billion. Gift card breakage income, which is our estimate of the portion of our ou",challenge/offline-data/home-depot/filings/2025-03-20__hd-us-20250320-fy-10k__778723.md,1706
Home Depot,HD,2025-03-20,FY2024Q4,STRUCTURED_RESULT,fy-10k,"1.2 billion | 1.1 billion | 1.1 billion | 2024,  | 2023,  | 2022, ","Advertising costs, including digital, television, radio and print, are expensed when the advertisement first appears. Certain co-op advertising allowances that are reimbursements of specific, incremental, and identifiable costs incurred to promote vendors' products are recorded as an offset against advertising expense. Net advertising expense included in SG&A was $1.2 billion, $1.1 billion, and $1",challenge/offline-data/home-depot/filings/2025-03-20__hd-us-20250320-fy-10k__778723.md,1731
Home Depot,HD,2025-03-20,FY2024Q4,STRUCTURED_RESULT,fy-10k,9.,"We are currently authorized to issue incentive and nonqualified stock options, restricted stock, restricted stock units, performance shares, performance units, stock appreciation rights, and deferred shares to certain of our associates and non-employee directors under certain stock incentive plans. We measure and recognize compensation expense for all stock-based payment awards made to associates ",challenge/offline-data/home-depot/filings/2025-03-20__hd-us-20250320-fy-10k__778723.md,1735
Home Depot,HD,2025-03-20,FY2024Q4,STRUCTURED_RESULT,fy-10k,"2023 | -07.  | 2023,  | 2023 | -07,  | 280","ASU No. 2023-07. In November 2023, the FASB issued ASU No. 2023-07, ""Segment Reporting (Topic 280): Improvements to Reportable Segment Disclosures,"" which is intended to improve reportable segment disclosure requirements, primarily through enhanced disclosures about significant segment expenses. The disclosure requirements included in ASU No. 2023-07 are required for all public entities, including",challenge/offline-data/home-depot/filings/2025-03-20__hd-us-20250320-fy-10k__778723.md,1766
Home Depot,HD,2025-03-20,FY2024Q4,STRUCTURED_RESULT,fy-10k,"2022 | -04.  | 2022,  | 2022 | -04,  | 405","ASU No. 2022-04. In September 2022, the FASB issued ASU No. 2022-04, ""Liabilities—Supplier Finance Programs (Topic 405-50): Disclosure of Supplier Finance Program Obligations,"" to enhance the transparency of supplier finance programs used by an entity in connection with the purchase of goods and services. The standard requires entities that use supplier finance programs to disclose the key terms o",challenge/offline-data/home-depot/filings/2025-03-20__hd-us-20250320-fy-10k__778723.md,1768
Home Depot,HD,2025-03-20,FY2024Q4,STRUCTURED_RESULT,fy-10k,"2023 | -09.  | 2023,  | 2023 | -09,  | 740","ASU No. 2023-09. In December 2023, the FASB issued ASU No. 2023-09, ""Income Taxes (Topic 740): Improvements to Income Tax Disclosures,"" which requires disclosure of disaggregated information about a reporting entity's effective tax rate reconciliation as well as disclosures on income taxes paid by jurisdiction. ASU No. 2023-09 is effective for annual periods beginning after December 15, 2024. The ",challenge/offline-data/home-depot/filings/2025-03-20__hd-us-20250320-fy-10k__778723.md,1772
Home Depot,HD,2025-03-20,FY2024Q4,STRUCTURED_RESULT,fy-10k,"2024 | -03.  | 2024,  | 2024 | -03,  | 220","ASU No. 2024-03. In November 2024, the FASB issued ASU No. 2024-03, ""Income Statement—Reporting Comprehensive Income—Expense Disaggregation Disclosures (Subtopic 220-40): Disaggregation of Income Statement Expenses,"" which is intended to improve disclosures about a public business entity's expenses by requiring disaggregated disclosure, in the notes to the financial statements, of prescribed categ",challenge/offline-data/home-depot/filings/2025-03-20__hd-us-20250320-fy-10k__778723.md,1781
Home Depot,HD,2025-03-20,FY2024Q4,STRUCTURED_RESULT,fy-10k,2023  | 2022.,"Prior to the SRS acquisition, our total Company consolidated results represented our Primary segment. Therefore, a reconciliation to our consolidated totals is not applicable for fiscal 2023 or fiscal 2022.",challenge/offline-data/home-depot/filings/2025-03-20__hd-us-20250320-fy-10k__778723.md,1835
Home Depot,HD,2025-03-20,FY2024Q4,STRUCTURED_RESULT,fy-10k,"425 million | 186 million | 179 million | 2024,  | 2023,  | 2022, ","Our intangible asset amortization expense was $425 million, $186 million and $179 million for fiscal 2024, fiscal 2023, and fiscal 2022, respectively.",challenge/offline-data/home-depot/filings/2025-03-20__hd-us-20250320-fy-10k__778723.md,2101
Home Depot,HD,2025-03-20,FY2024Q4,STRUCTURED_RESULT,fy-10k,"2,  | 2025  | 28,  | 2024.  | 2,  | 2025 ","From time to time, we also use treasury locks or forward-starting interest rate swap agreements to hedge the variability in future interest payments attributable to changing interest rates on forecasted debt issuances. There were no such instruments outstanding as of February 2, 2025 or January 28, 2024. All previously settled arrangements were designated as cash flow hedges and thus, the correspo",challenge/offline-data/home-depot/filings/2025-03-20__hd-us-20250320-fy-10k__778723.md,2284
Home Depot,HD,2025-03-20,FY2024Q4,STRUCTURED_RESULT,fy-10k,"2,  | 2025  | 12 ","We expect an immaterial amount of losses related to cash flow hedges recorded in accumulated other comprehensive loss as of February 2, 2025 to be reclassified into earnings within the next 12 months.",challenge/offline-data/home-depot/filings/2025-03-20__hd-us-20250320-fy-10k__778723.md,2286
Home Depot,HD,2025-03-20,FY2024Q4,STRUCTURED_RESULT,fy-10k,2015  | 2023.  | 2016  | 2021.  | 2013  | 2022. ,"Our income tax returns are routinely examined by U.S. federal, state and local, and foreign tax authorities. The Company remains subject to income tax examination for fiscal years 2015 through 2023. The IRS is currently examining our U.S. federal income tax returns for fiscal years 2016 through 2021. There are also ongoing U.S. state and local audits and other foreign audits covering fiscal years ",challenge/offline-data/home-depot/filings/2025-03-20__hd-us-20250320-fy-10k__778723.md,2407
Home Depot,HD,2025-03-20,FY2024Q4,STRUCTURED_RESULT,fy-10k,"2,  | 2025,  | 687 million","At February 2, 2025, there was $687 million of unrecognized stock-based compensation expense, which is expected to be recognized over a weighted-average period of three years.",challenge/offline-data/home-depot/filings/2025-03-20__hd-us-20250320-fy-10k__778723.md,2537
Home Depot,HD,2025-03-20,FY2024Q4,STRUCTURED_RESULT,fy-10k,"2024,  | 2023,  | 2022.  | 60, ","Restricted Stock Awards. Restrictions on the restricted stock issued under the Plans generally lapse over various periods up to five years. At the grant date of the award, recipients of restricted stock are granted voting rights and generally receive dividends on unvested shares, paid in the form of cash on each dividend payment date. Dividends paid on unvested shares were immaterial for fiscal 20",challenge/offline-data/home-depot/filings/2025-03-20__hd-us-20250320-fy-10k__778723.md,2598
Home Depot,HD,2025-03-20,FY2024Q4,STRUCTURED_RESULT,fy-10k,"27,  | 2024,  | 18,  | 2024,  | 5 ","On March 27, 2024, we entered into a definitive agreement to acquire SRS, a leading residential specialty trade distribution company across several verticals serving the professional roofer, landscaper and pool contractor. On June 18, 2024, following the satisfaction or waiver of the applicable closing conditions, including receipt of the requisite regulatory approvals, the acquisition was complet",challenge/offline-data/home-depot/filings/2025-03-20__hd-us-20250320-fy-10k__778723.md,2733
Home Depot,HD,2025-03-20,FY2024Q4,STRUCTURED_RESULT,fy-10k,1.0 billion,The goodwill arising from the acquisition is attributable to anticipated (i) growth acceleration in the Pro market; (ii) expansion in high growth verticals including roofing; (iii) additional addressable market opportunities; (iv) enhanced delivery network capabilities; and (v) growth in sales force. We expect approximately $1.0 billion of goodwill related to the acquisition to be deductible for U,challenge/offline-data/home-depot/filings/2025-03-20__hd-us-20250320-fy-10k__778723.md,2796
Home Depot,HD,2025-03-20,FY2024Q4,STRUCTURED_RESULT,fy-10k,2024  | 6.4 billion | 2024 ,Results of Operations. Net sales attributable to SRS since the completion of the acquisition and included within our results of operations for fiscal 2024 totaled $6.4 billion. Net earnings attributable to SRS since the completion of the acquisition and included within our results of operations for fiscal 2024 were immaterial.,challenge/offline-data/home-depot/filings/2025-03-20__hd-us-20250320-fy-10k__778723.md,2800
Home Depot,HD,2025-03-20,FY2024Q4,STRUCTURED_RESULT,fy-10k,"2023,  | 1.5 billion | 469 million | 17  | 1.0 billion | 2024 ","During fiscal 2023, we completed three individually immaterial acquisitions for total aggregate cash purchase consideration of $1.5 billion. We recognized aggregate definite-lived intangible assets of $469 million with a weighted average amortization period of 17 years, primarily related to customer relationships, and goodwill of $1.0 billion. The goodwill arising from the acquisitions resides in ",challenge/offline-data/home-depot/filings/2025-03-20__hd-us-20250320-fy-10k__778723.md,2810
Home Depot,HD,2025-03-20,FY2024Q4,STRUCTURED_RESULT,fy-10k,2023 ,Net sales and net earnings for fiscal 2023 attributable to these acquisitions in the aggregate after their respective acquisition dates were immaterial. Pro forma results of operations would not be materially different as a result of the acquisitions in the aggregate and therefore are not presented.,challenge/offline-data/home-depot/filings/2025-03-20__hd-us-20250320-fy-10k__778723.md,2812
Home Depot,HD,2025-03-20,FY2024Q4,STRUCTURED_RESULT,fy-10k,"18,  | 2024,  | 2,  | 2025.  | 7% | 4%","Management excluded SRS, which was acquired on June 18, 2024, from our assessment of internal control over financial reporting as of February 2, 2025. SRS represents approximately 7% of the Company's consolidated total assets, excluding goodwill and intangible assets, and approximately 4% of the Company's consolidated net sales as of and for the year ended February 2, 2025. This exclusion is in ac",challenge/offline-data/home-depot/filings/2025-03-20__hd-us-20250320-fy-10k__778723.md,2837
Home Depot,HD,2025-03-20,FY2024Q4,STRUCTURED_RESULT,fy-10k,"2024,  | 2023,  | 2022","•Consolidated Statements of Earnings for fiscal 2024, fiscal 2023, and fiscal 2022;",challenge/offline-data/home-depot/filings/2025-03-20__hd-us-20250320-fy-10k__778723.md,2975
Home Depot,HD,2025-03-20,FY2024Q4,STRUCTURED_RESULT,fy-10k,"2024,  | 2023,  | 2022","•Consolidated Statements of Comprehensive Income for fiscal 2024, fiscal 2023, and fiscal 2022;",challenge/offline-data/home-depot/filings/2025-03-20__hd-us-20250320-fy-10k__778723.md,2977
Home Depot,HD,2025-03-20,FY2024Q4,STRUCTURED_RESULT,fy-10k,"2024,  | 2023,  | 2022","•Consolidated Statements of Stockholders' Equity for fiscal 2024, fiscal 2023, and fiscal 2022;",challenge/offline-data/home-depot/filings/2025-03-20__hd-us-20250320-fy-10k__778723.md,2979
Home Depot,HD,2025-03-20,FY2024Q4,STRUCTURED_RESULT,fy-10k,"2024,  | 2023,  | 2022","•Consolidated Statements of Cash Flows for fiscal 2024, fiscal 2023, and fiscal 2022; and",challenge/offline-data/home-depot/filings/2025-03-20__hd-us-20250320-fy-10k__778723.md,2981
Home Depot,HD,2025-02-25,FY2024Q4,EARNINGS_CALL,call-q4-pres,"4  | 2024  | 2024,  | 2025","period: ""Q4 2024 and FY 2024, Outlook FY 2025""",challenge/offline-data/home-depot/call-transcripts/2025-02-25__hd-us-20250225-call-q4-pres__38092.md,7
Home Depot,HD,2025-02-25,FY2024Q4,EARNINGS_CALL,call-q4-pres,"159,500,000,000  | 4.5% | 1.8% | 1.8%","Unknown speaker: Thank you, Isabelle, and good morning, everyone. Sales for fiscal twenty twenty four were 159,500,000,000 an increase of 4.5% from the same period last year. Comp sales declined 1.8% from the same period last year and our U. S. Stores had negative comps of 1.8%.",challenge/offline-data/home-depot/call-transcripts/2025-02-25__hd-us-20250225-call-q4-pres__38092.md,21
Home Depot,HD,2025-02-25,FY2024Q4,EARNINGS_CALL,call-q4-pres,"6,400,000,000 ","Unknown speaker: These investments are delivering incremental sales growth and Anne will discuss this in detail shortly. In June, we completed the acquisition of SRS. And while we've only owned them for seven months, we could not be happier with the business. The capabilities that SRS brings are both additive and complementary to our strategic efforts. As expected for fiscal twenty twenty four, SR",challenge/offline-data/home-depot/call-transcripts/2025-02-25__hd-us-20250225-call-q4-pres__38092.md,31
Home Depot,HD,2025-02-25,FY2024Q4,EARNINGS_CALL,call-q4-pres,12  | 10 ,"Unknown speaker: And since making this change, we have seen SRS's sales in QuoteCenter more than triple. Going forward, we will continue to support SRS' momentum and we expect their organic sales to grow mid single digits in fiscal twenty twenty five. Our real estate footprint remains one of our distinct competitive advantages. We are expanding that footprint by investing in new stores in areas th",challenge/offline-data/home-depot/call-transcripts/2025-02-25__hd-us-20250225-call-q4-pres__38092.md,35
Home Depot,HD,2025-02-25,FY2024Q4,EARNINGS_CALL,call-q4-pres,13  | 2.8% | 1% | 2%,"Unknown speaker: S. And two in Mexico. We are seeing great results from these stores, which are outperforming our expectations. For fiscal twenty twenty five, we plan to open 13 new stores. For fiscal twenty twenty five, we expect total sales growth of approximately 2.8%, comparable sales growth of approximately 1% and adjusted diluted earnings per share to decline approximately 2%.",challenge/offline-data/home-depot/call-transcripts/2025-02-25__hd-us-20250225-call-q4-pres__38092.md,37
Home Depot,HD,2025-02-25,FY2024Q4,EARNINGS_CALL,call-q4-pres,3.02  | 7% | 14.91  | 1.3% | 3.13  | 9.4%,"Unknown speaker: Our diluted earnings per share for the fourth quarter were $3.02 an increase of approximately 7% compared to the fourth quarter of twenty twenty three. Diluted earnings per share for fiscal twenty twenty four were $14.91 a decrease of 1.3% compared to fiscal twenty twenty three. Excluding intangible asset amortization, our adjusted diluted earnings per share for the fourth quarter",challenge/offline-data/home-depot/call-transcripts/2025-02-25__hd-us-20250225-call-q4-pres__38092.md,79
Home Depot,HD,2025-02-25,FY2024Q4,EARNINGS_CALL,call-q4-pres,"600  | 23,500,000,000  | 2,500,000,000  | 4.7  | 4.3  | 1,100,000,000 ","Unknown speaker: Retail selling square footage was approximately two forty three million square feet and total sales per retail square foot were approximately $600 in fiscal twenty twenty four. At the end of the quarter, merchandise inventories were $23,500,000,000 up approximately 2,500,000,000 versus last year and inventory turns were 4.7 times up from 4.3 times last year. Turning to capital all",challenge/offline-data/home-depot/call-transcripts/2025-02-25__hd-us-20250225-call-q4-pres__38092.md,81
Home Depot,HD,2025-02-25,FY2024Q4,EARNINGS_CALL,call-q4-pres,"2.2% | 2.3  | 9.2  | 600,000,000  | 31.3% | 36.7%","Unknown speaker: Today, we announced our Board of Directors increased our quarterly dividend by 2.2% to 2.3 per share, which equates to an annual dividend of $9.2 per share. And finally, during fiscal twenty twenty four, we returned approximately $600,000,000 to our shareholders in the form of share repurchases. Computed on the average of beginning and ending long term debt and equity for the trai",challenge/offline-data/home-depot/call-transcripts/2025-02-25__hd-us-20250225-call-q4-pres__38092.md,83
Home Depot,HD,2025-02-25,FY2024Q4,EARNINGS_CALL,call-q4-pres,2025. ,"Unknown speaker: The progress we've made throughout the year and the significant opportunities we have as we look ahead. And while there are signs that the home improvement market is on the way towards normalization, uncertainty still remains. As we look ahead to fiscal twenty twenty five, we expect the underlying momentum in the business that we saw in the back half of twenty twenty four to conti",challenge/offline-data/home-depot/call-transcripts/2025-02-25__hd-us-20250225-call-q4-pres__38092.md,85
Home Depot,HD,2025-02-25,FY2024Q4,EARNINGS_CALL,call-q4-pres,2.8% | 1%,"Unknown speaker: We are not assuming a change in the rate environment nor improvements in housing turnover. As a result, we would expect continued pressure on larger remodeling projects. Given these factors, our fiscal twenty twenty five outlook is for total sales growth to outpace sales comp with sales growth of approximately positive 2.8% and comp sales growth of approximately positive 1% compar",challenge/offline-data/home-depot/call-transcripts/2025-02-25__hd-us-20250225-call-q4-pres__38092.md,87
Home Depot,HD,2025-02-25,FY2024Q4,EARNINGS_CALL,call-q4-pres,"33.4% | 13% | 13.4% | 24.5% | 2,200,000,000  | 3%","Unknown speaker: Our gross margin is expected to be approximately 33.4%, essentially flat compared to fiscal twenty twenty four. Further, we expect operating margin of approximately 13% and adjusted operating margin of approximately 13.4%. This primarily reflects natural deleverage from sales and continued investments across the business as well as reflecting the mix impact from the SRS acquisitio",challenge/offline-data/home-depot/call-transcripts/2025-02-25__hd-us-20250225-call-q4-pres__38092.md,89
Home Depot,HD,2025-02-25,FY2024Q4,EARNINGS_CALL,call-q4-pres,2% | 2.5% | 12 | 09 | 2025 ,"Unknown speaker: And we expect our adjusted diluted earnings per share to decline approximately 2% compared to fiscal twenty twenty four. On a fifty two week basis, it would be essentially flat compared to fiscal twenty twenty four. We plan to continue investing in our business with capital expenditures of approximately 2.5% of sales for fiscal twenty twenty five. We believe that we will grow mark",challenge/offline-data/home-depot/call-transcripts/2025-02-25__hd-us-20250225-call-q4-pres__38092.md,91
Home Depot,HD,2025-02-25,FY2024Q4,EARNINGS_CALL,call-q4-qna,4 ,# Q4 Performance and Fiscal Year Outlook Call,challenge/offline-data/home-depot/call-transcripts/2025-02-25__hd-us-20250225-call-q4-qna__38111.md,12
Home Depot,HD,2025-02-25,FY2024Q4,EARNINGS_CALL,call-q4-qna,"2020, ","Unknown speaker: In 2020, but we're getting further from there. So doesn't that replacement part of the business further accelerate? And curious if you're going to say like, well, X percent of the business is replacement versus Y percent is more like big ticket remodel, which would we expect to continue to be an anchor?",challenge/offline-data/home-depot/call-transcripts/2025-02-25__hd-us-20250225-call-q4-qna__38111.md,47
Home Depot,HD,2025-02-25,FY2024Q4,EARNINGS_CALL,call-q4-qna,2025 ,Unknown speaker: Good morning. Thank you so much for taking my question. What market share assumption have you embedded into your 2025 outlook? And why wouldn't it be reasonable for us to assume that Home Depot's market share gains should accelerate from here and be above where they've been historically in light of you now having SRS as well as many more capabilities given the investments that hav,challenge/offline-data/home-depot/call-transcripts/2025-02-25__hd-us-20250225-call-q4-qna__38111.md,69
Home Depot,HD,2025-02-25,FY2024Q4,EARNINGS_CALL,call-q4-qna,"1,000,000,000  | 17 ","Unknown speaker: Good morning guys. Anne talked about $1,000,000,000 of incremental sales in the 17 markets where you've started to build out complex growth capabilities. How do you actually measure that? And then what kind of ramp would you expect in those markets in 'twenty five as you continue to phase in order management, credit expansion, etcetera, some of the other capabilities that you've d",challenge/offline-data/home-depot/call-transcripts/2025-02-25__hd-us-20250225-call-q4-qna__38111.md,95
Home Depot,HD,2025-02-25,FY2024Q4,EARNINGS_CALL,call-q4-qna,40  | 40 ,"Unknown speaker: If you think about the pro form a impact of SRS, the reflection of SRS and its mix impact on the Home Depot, there's about a 40 basis point full year mix impact to the Home Depot. And so think about Home Depot in total being impacted by about 40 basis points, but that's a mix effect and we'll take that all day long. They are leaders in their spaces. They're performing exceptionall",challenge/offline-data/home-depot/call-transcripts/2025-02-25__hd-us-20250225-call-q4-qna__38111.md,141
Home Depot,HD,2025-02-25,FY2024Q4,EARNINGS_CALL,call-q4-qna,13.4% | 13.8 | 40  | 40 ,"Unknown speaker: And actually, I want to go back one question and just follow-up on Stephen's question. So Stephen, just to put a year over year comparison together for you and talk about how SRS impacts year over year from an operating margin perspective. So as you can as you see in our guidance, we're guiding to a 13.4% adjusted operating margin from a 13.8. That's a 40 basis point decrease. Her",challenge/offline-data/home-depot/call-transcripts/2025-02-25__hd-us-20250225-call-q4-qna__38111.md,153
Home Depot,HD,2025-02-25,FY2024Q4,EARNINGS_CALL,call-q4-qna,"2023,  | 3% | 4% | 2023.","Unknown speaker: Seth, I would point you back to our investor conference back in 2023, right? Once this market normalizes, we would expect a base case of 3% to 4% top line growth. We would expect and within that we expect flat gross margin as kind of a base expectation. And then we do expect operating expense leverage. And so that takes you to the earnings per share expectation of mid to high sing",challenge/offline-data/home-depot/call-transcripts/2025-02-25__hd-us-20250225-call-q4-qna__38111.md,169
Home Depot,HD,2025-02-25,FY2024Q4,EARNINGS_CALL,call-q4-qna,2025. ,"Unknown speaker: Okay, great. Thank you for that. And then just on that point around the gross margin, you are guiding flat in 2025. You still have some SRS dilution wrapping into this year. Can you talk about some of the underlying assumptions for core Home Depot and speak to the offsets that would be helping mitigate that SRS dilution? Thanks so much. Sure.",challenge/offline-data/home-depot/call-transcripts/2025-02-25__hd-us-20250225-call-q4-qna__38111.md,171
Home Depot,HD,2025-02-25,FY2024Q4,EARNINGS_CALL,call-q4-qna,2025. ,"Unknown speaker: And we would call out our fantastic store operations team, who have now driven improvements in shrink for about one point five years, year over year, quarter by quarter. We expect that to continue into 2025. And so it's really a story of SRS mix being offset by supply chain productivity, some other great things the merchants are doing and our fantastic store ops team.",challenge/offline-data/home-depot/call-transcripts/2025-02-25__hd-us-20250225-call-q4-qna__38111.md,175
Home Depot,HD,2025-02-25,FY2024Q4,STRUCTURED_RESULT,q4-10k,1995. ,"Certain statements contained herein, as well as in other filings we make with the SEC and other written and oral information we release, including statements regarding our performance, estimates, expectations, beliefs, intentions, projections, strategies for the future, or other events or developments in the future may constitute 'forward-looking statements' as defined in the Private Securities Li",challenge/offline-data/home-depot/filings/2025-02-25__hd-us-20250225-q4-10k__132164.md,237
Home Depot,HD,2025-02-25,FY2024Q4,STRUCTURED_RESULT,q4-10k,1 | 7. ,"These statements are not guarantees of future performance and are subject to future events, risks and uncertainties - many of which are beyond our control, dependent on the actions of third parties, or currently unknown to us - as well as potentially inaccurate assumptions that could cause actual results to differ materially from our historical experience and our expectations and projections. Thes",challenge/offline-data/home-depot/filings/2025-02-25__hd-us-20250225-q4-10k__132164.md,241
Home Depot,HD,2025-02-25,FY2024Q4,STRUCTURED_RESULT,q4-10k,"2024.  | 2024,  | 2,347  | 104,000  | 24,000 ","The Home Depot, Inc. is the world's largest home improvement retailer based on net sales for fiscal 2024. We offer our customers a wide assortment of building materials, home improvement products, lawn and garden products, decor products, and facilities MRO products, in stores and online. We also provide a number of services, including home improvement installation services, and tool and equipment",challenge/offline-data/home-depot/filings/2025-02-25__hd-us-20250225-q4-10k__132164.md,273
Home Depot,HD,2025-02-25,FY2024Q4,STRUCTURED_RESULT,q4-10k,"2024,  | 50%","In addition to our distribution and fulfillment centers, we leverage our stores as a network of convenient customer pickup, return, and delivery fulfillment locations. We believe our premium real estate footprint provides a distinct structural and competitive advantage. For customers who shop online and want to pick up or return merchandise at a store, or have product delivered from a store, we ha",challenge/offline-data/home-depot/filings/2025-02-25__hd-us-20250225-q4-10k__132164.md,379
Home Depot,HD,2025-02-25,FY2024Q4,STRUCTURED_RESULT,q4-10k,2024. ,"We regularly consider and enter into strategic transactions, including mergers, acquisitions, investments, alliances, and other growth and market expansion strategies, such as our acquisition of SRS in the second quarter of fiscal 2024. We generally expect that these transactions will result in sales increases, cost savings, synergies, enhanced capabilities or various other benefits. Assessing the",challenge/offline-data/home-depot/filings/2025-02-25__hd-us-20250225-q4-10k__132164.md,520
Home Depot,HD,2025-02-25,FY2024Q4,STRUCTURED_RESULT,q4-10k,2024 ,"Our financial performance depends significantly on the stability of the housing and home improvement markets, as well as general economic conditions, including changes in gross domestic product. Adverse conditions in or uncertainty about these markets, the economy, or the political or social climate could adversely impact, and we believe in some cases has adversely impacted, our customers' confide",challenge/offline-data/home-depot/filings/2025-02-25__hd-us-20250225-q4-10k__132164.md,644
Home Depot,HD,2025-02-25,FY2024Q4,STRUCTURED_RESULT,q4-10k,"2021  | 2023, ","As previously reported, in April 2021 we entered into a civil consent decree with the U.S. Department of Justice, the EPA, and the states of Utah, Massachusetts, and Rhode Island. The decree required certain changes to lead-safe work practices in our installation services business and provided for stipulated penalties for failure to perform by third-party installers. In the first quarter of fiscal",challenge/offline-data/home-depot/filings/2025-02-25__hd-us-20250225-q4-10k__132164.md,807
Home Depot,HD,2025-02-25,FY2024Q4,STRUCTURED_RESULT,q4-10k,"19,  | 1984,  | 22,  | 1987 ","Since April 19, 1984, our common stock has been listed on the NYSE, trading under the symbol 'HD.' We paid our first cash dividend on June 22, 1987 and have paid a cash dividend during each subsequent quarter. While we currently expect a cash dividend to be paid in the future, future dividend payments are subject to declaration by our Board based on our earnings, capital requirements, financial co",challenge/offline-data/home-depot/filings/2025-02-25__hd-us-20250225-q4-10k__132164.md,823
Home Depot,HD,2025-02-25,FY2024Q4,STRUCTURED_RESULT,q4-10k,2023  | 2022 ,discussion of our results of operations and changes in financial condition for fiscal 2023 compared to fiscal 2022 has been,challenge/offline-data/home-depot/filings/2025-02-25__hd-us-20250225-q4-10k__132164.md,883
Home Depot,HD,2025-02-25,FY2024Q4,STRUCTURED_RESULT,q4-10k,10 | 2023.,Results of Operations of our Form 10-K for fiscal 2023.,challenge/offline-data/home-depot/filings/2025-02-25__hd-us-20250225-q4-10k__132164.md,885
Home Depot,HD,2025-02-25,FY2024Q4,STRUCTURED_RESULT,q4-10k,10 | 2024  | 2023.  | 2023  | 2022  | 7. ,The following discussion provides an analysis of the Company's financial condition and results of operations from management's perspective and should be read in conjunction with the consolidated financial statements and related notes included in this report. The discussion in this Form 10-K generally focuses on fiscal 2024 compared to fiscal 2023. A discussion of our results of operations and chan,challenge/offline-data/home-depot/filings/2025-02-25__hd-us-20250225-q4-10k__132164.md,925
Home Depot,HD,2025-02-25,FY2024Q4,STRUCTURED_RESULT,q4-10k,31.3% | 2024  | 36.7% | 2023. ,Our ROIC was 31.3% for fiscal 2024 and 36.7% for fiscal 2023. The decrease in ROIC was primarily driven by higher average long-term debt and higher average equity due to the financing of the SRS acquisition. See the Non-GAAP Financial Measures section below for our definition and calculation of ROIC.,challenge/offline-data/home-depot/filings/2025-02-25__hd-us-20250225-q4-10k__132164.md,950
Home Depot,HD,2025-02-25,FY2024Q4,STRUCTURED_RESULT,q4-10k,"27,  | 2024,  | 18,  | 2024,  | 2  | 13 ","On March 27, 2024, we entered into a definitive agreement to acquire SRS, a leading residential specialty trade distribution company across several verticals serving the professional roofer, landscaper and pool contractor. On June 18, 2024, following the satisfaction or waiver of the applicable closing conditions, including receipt of the requisite regulatory approvals, the acquisition was complet",challenge/offline-data/home-depot/filings/2025-02-25__hd-us-20250225-q4-10k__132164.md,954
Home Depot,HD,2025-02-25,FY2024Q4,STRUCTURED_RESULT,q4-10k,2024  | 53  | 52  | 2023.  | 2024  | 6.8 billion,"Net Sales. Fiscal 2024 consisted of 53 weeks compared to 52 weeks in fiscal 2023. Net sales for fiscal 2024 increased $6.8 billion, or 4.5%, to $159.5 billion. The increase in net sales for fiscal 2024 was primarily driven by SRS, which contributed $6.4 billion of net sales during fiscal 2024, and incremental net sales of approximately $2.5 billion attributable to the additional week in fiscal 202",challenge/offline-data/home-depot/filings/2025-02-25__hd-us-20250225-q4-10k__132164.md,1019
Home Depot,HD,2025-02-25,FY2024Q4,STRUCTURED_RESULT,q4-10k,52  | 52  | 52  | 2024  | 53 | 1 ,"Comparable Sales. Comparable sales is a measure that highlights the performance of our existing locations and websites by measuring the change in net sales for a period over the comparable prior period of equivalent length. Comparable sales includes sales at all locations, physical and online, open greater than 52 weeks (including remodels and relocations) and excludes closed stores. Retail stores",challenge/offline-data/home-depot/filings/2025-02-25__hd-us-20250225-q4-10k__132164.md,1025
Home Depot,HD,2025-02-25,FY2024Q4,STRUCTURED_RESULT,q4-10k,"2024,  | 2023.  | 2024  | 2023.","For fiscal 2024, our Power and Building Materials merchandising departments posted positive comparable sales compared to fiscal 2023. All of our other merchandising departments posted negative comparable sales during fiscal 2024 compared to fiscal 2023.",challenge/offline-data/home-depot/filings/2025-02-25__hd-us-20250225-q4-10k__132164.md,1029
Home Depot,HD,2025-02-25,FY2024Q4,STRUCTURED_RESULT,q4-10k,"14.91  | 2024  | 15.11  | 2023.  | 2024  | 2024, ","Diluted earnings per share were $14.91 in fiscal 2024 compared to $15.11 in fiscal 2023. The decrease in diluted earnings per share for fiscal 2024 was primarily driven by lower net earnings during fiscal 2024, partially offset by lower diluted shares. The 53rd week increased diluted earnings per share by approximately $0.30 for fiscal 2024.",challenge/offline-data/home-depot/filings/2025-02-25__hd-us-20250225-q4-10k__132164.md,1057
Home Depot,HD,2025-02-25,FY2024Q4,STRUCTURED_RESULT,q4-10k,"2024  | 15.3 billion | 2,  | 2025,  | 316 million | 4.4%","All of our short-term borrowings in fiscal 2024 were under our commercial paper program, and the maximum amount outstanding at any time was $15.3 billion. At February 2, 2025, we had outstanding borrowings under our commercial paper program of $316 million with a weighted-average interest rate of 4.4%, we had no outstanding borrowings under our back-up credit facilities, and we were in compliance ",challenge/offline-data/home-depot/filings/2025-02-25__hd-us-20250225-q4-10k__132164.md,1116
Home Depot,HD,2025-02-25,FY2024Q4,STRUCTURED_RESULT,q4-10k,"2,  | 2025.  | 5 ","The indentures governing our senior notes do not generally limit our ability to incur additional indebtedness or require us to maintain financial ratios or specified levels of net worth or liquidity. The indentures governing our notes contain various customary covenants; however, none of the covenants are expected to impact our liquidity or capital resources. We were in compliance with all such co",challenge/offline-data/home-depot/filings/2025-02-25__hd-us-20250225-q4-10k__132164.md,1124
Home Depot,HD,2025-02-25,FY2024Q4,STRUCTURED_RESULT,q4-10k,"2,  | 2025,  | 627 million | 12  | 6 ","At February 2, 2025, we had aggregate liabilities for unrecognized tax benefits totaling $627 million, none of which are expected to be paid in the next 12 months. The timing of payment, if any, associated with our long-term unrecognized tax benefit liabilities is unknown. See Note 6 to our consolidated financial statements for further discussion of our unrecognized tax benefits.",challenge/offline-data/home-depot/filings/2025-02-25__hd-us-20250225-q4-10k__132164.md,1134
Home Depot,HD,2025-02-25,FY2024Q4,STRUCTURED_RESULT,q4-10k,10% | 95 million | 2024. ,We calculate shrink based on actual inventory losses identified as a result of physical inventory counts during each fiscal period and estimated inventory losses occurring between physical inventory counts. The estimate for shrink occurring in the interim period between physical inventory counts is calculated on a store-specific basis and is primarily based on recent shrink results. A 10% increase,challenge/offline-data/home-depot/filings/2025-02-25__hd-us-20250225-q4-10k__132164.md,1186
Home Depot,HD,2025-02-25,FY2024Q4,STRUCTURED_RESULT,q4-10k,20  | 4.,"We amortize the cost of definite-lived intangible assets on a straight-line basis over their estimated useful lives, which range up to approximately 20 years, as this approximates the pattern of expected economic benefit. We evaluate our definite-lived intangible assets for impairment when evidence exists that certain triggering events or changes in circumstances indicate that the carrying amount ",challenge/offline-data/home-depot/filings/2025-02-25__hd-us-20250225-q4-10k__132164.md,1605
Home Depot,HD,2025-02-25,FY2024Q4,STRUCTURED_RESULT,q4-10k,"1.5 billion | 2,  | 2025,  | 1.4 billion | 28,  | 2024.","We are self-insured for certain losses related to general liability (including product liability), workers' compensation, employee group medical, and automobile claims. We recognize the expected ultimate cost for claims incurred (undiscounted) at the balance sheet date as a liability. The expected ultimate cost for claims incurred is estimated based upon analysis of historical data and actuarial e",challenge/offline-data/home-depot/filings/2025-02-25__hd-us-20250225-q4-10k__132164.md,1640
Home Depot,HD,2025-02-25,FY2024Q4,STRUCTURED_RESULT,q4-10k,"2,  | 2025  | 28,  | 2024,  | 1.5 billion | 1.7 billion","For products and services sold in stores or online, payment is typically due at the point of sale. When we receive payment before the customer has taken possession of the merchandise or the service has been performed, the amount received is recorded as deferred revenue until the sale or service is complete. Such performance obligations are part of contracts with expected original durations of typi",challenge/offline-data/home-depot/filings/2025-02-25__hd-us-20250225-q4-10k__132164.md,1652
Home Depot,HD,2025-02-25,FY2024Q4,STRUCTURED_RESULT,q4-10k,"2,  | 2025  | 28,  | 2024,  | 1.1 billion | 2024, ","We further record deferred revenue for the sale of gift cards and recognize the associated revenue upon the redemption of those gift cards, which generally occurs within six months of gift card issuance. As of both February 2, 2025 and January 28, 2024, our performance obligations for unredeemed gift cards were $1.1 billion. Gift card breakage income, which is our estimate of the portion of our ou",challenge/offline-data/home-depot/filings/2025-02-25__hd-us-20250225-q4-10k__132164.md,1654
Home Depot,HD,2025-02-25,FY2024Q4,STRUCTURED_RESULT,q4-10k,"1.2 billion | 1.1 billion | 1.1 billion | 2024,  | 2023,  | 2022, ","Advertising costs, including digital, television, radio and print, are expensed when the advertisement first appears. Certain coop advertising allowances that are reimbursements of specific, incremental, and identifiable costs incurred to promote vendors' products are recorded as an offset against advertising expense. Net advertising expense included in SG&amp;A was $1.2 billion, $1.1 billion, and",challenge/offline-data/home-depot/filings/2025-02-25__hd-us-20250225-q4-10k__132164.md,1676
Home Depot,HD,2025-02-25,FY2024Q4,STRUCTURED_RESULT,q4-10k,9.,"We are currently authorized to issue incentive and nonqualified stock options, restricted stock, restricted stock units, performance shares, performance units, stock appreciation rights, and deferred shares to certain of our associates and nonemployee directors under certain stock incentive plans. We measure and recognize compensation expense for all stockbased payment awards made to associates an",challenge/offline-data/home-depot/filings/2025-02-25__hd-us-20250225-q4-10k__132164.md,1680
Home Depot,HD,2025-02-25,FY2024Q4,STRUCTURED_RESULT,q4-10k,"2023 | -07.  | 2023,  | 2023 | -07,  | 280","ASU No. 2023-07. In November 2023, the FASB issued ASU No. 2023-07, 'Segment Reporting (Topic 280): Improvements to Reportable Segment Disclosures,' which is intended to improve reportable segment disclosure requirements, primarily through enhanced disclosures about significant segment expenses. The disclosure requirements included in ASU No. 202307 are required for all public entities, including ",challenge/offline-data/home-depot/filings/2025-02-25__hd-us-20250225-q4-10k__132164.md,1708
Home Depot,HD,2025-02-25,FY2024Q4,STRUCTURED_RESULT,q4-10k,"2022 | -04.  | 2022,  | 2022 | -04,  | 405","ASU No. 2022-04. In September 2022, the FASB issued ASU No. 2022-04, 'Liabilities-Supplier Finance Programs (Topic 405-50): Disclosure of Supplier Finance Program Obligations,' to enhance the transparency of supplier finance programs used by an entity in connection with the purchase of goods and services. The standard requires entities that use supplier finance programs to disclose the key terms o",challenge/offline-data/home-depot/filings/2025-02-25__hd-us-20250225-q4-10k__132164.md,1710
Home Depot,HD,2025-02-25,FY2024Q4,STRUCTURED_RESULT,q4-10k,"2023 | -09.  | 2023,  | 2023 | -09,  | 740","ASU No. 2023-09. In December 2023, the FASB issued ASU No. 2023-09, 'Income Taxes (Topic 740): Improvements to Income Tax Disclosures,' which requires disclosure of disaggregated information about a reporting entity's effective tax rate reconciliation as well as disclosures on income taxes paid by jurisdiction. ASU No. 2023-09 is effective for annual periods beginning after December 15, 2024. The ",challenge/offline-data/home-depot/filings/2025-02-25__hd-us-20250225-q4-10k__132164.md,1714
Home Depot,HD,2025-02-25,FY2024Q4,STRUCTURED_RESULT,q4-10k,"2024 | -03.  | 2024,  | 2024 | -03,  | 220","ASU No. 2024-03. In November 2024, the FASB issued ASU No. 2024-03, 'Income Statement-Reporting Comprehensive Income-Expense Disaggregation Disclosures (Subtopic 220-40): Disaggregation of Income Statement Expenses,' which is intended to improve disclosures about a public business entity's expenses by requiring disaggregated disclosure, in the notes to the financial statements, of prescribed categ",challenge/offline-data/home-depot/filings/2025-02-25__hd-us-20250225-q4-10k__132164.md,1720
Home Depot,HD,2025-02-25,FY2024Q4,STRUCTURED_RESULT,q4-10k,2023  | 2022.,"Prior to the SRS acquisition, our total Company consolidated results represented our Primary segment. Therefore, a reconciliation to our consolidated totals is not applicable for fiscal 2023 or fiscal 2022.",challenge/offline-data/home-depot/filings/2025-02-25__hd-us-20250225-q4-10k__132164.md,1771
Home Depot,HD,2025-02-25,FY2024Q4,STRUCTURED_RESULT,q4-10k,"425 million | 186 million | 179 million | 2024,  | 2023,  | 2022, ","Our intangible asset amortization expense was $425 million, $186 million and $179 million for fiscal 2024, fiscal 2023, and fiscal 2022, respectively.",challenge/offline-data/home-depot/filings/2025-02-25__hd-us-20250225-q4-10k__132164.md,2018
Home Depot,HD,2025-02-25,FY2024Q4,STRUCTURED_RESULT,q4-10k,"2,  | 2025  | 28,  | 2024.  | 2,  | 2025 ","From time to time, we also use treasury locks or forward-starting interest rate swap agreements to hedge the variability in future interest payments attributable to changing interest rates on forecasted debt issuances. There were no such instruments outstanding as of February 2, 2025 or January 28, 2024. All previously settled arrangements were designated as cash flow hedges and thus, the correspo",challenge/offline-data/home-depot/filings/2025-02-25__hd-us-20250225-q4-10k__132164.md,2232
Home Depot,HD,2025-02-25,FY2024Q4,STRUCTURED_RESULT,q4-10k,"2,  | 2025  | 12 ","We expect an immaterial amount of losses related to cash flow hedges recorded in accumulated other comprehensive loss as of February 2, 2025 to be reclassified into earnings within the next 12 months.",challenge/offline-data/home-depot/filings/2025-02-25__hd-us-20250225-q4-10k__132164.md,2234
Home Depot,HD,2025-02-25,FY2024Q4,STRUCTURED_RESULT,q4-10k,2015  | 2023.  | 2016  | 2021.  | 2013  | 2022. ,"Our income tax returns are routinely examined by U.S. federal, state and local, and foreign tax authorities. The Company remains subject to income tax examination for fiscal years 2015 through 2023. The IRS is currently examining our U.S. federal income tax returns for fiscal years 2016 through 2021. There are also ongoing U.S. state and local audits and other foreign audits covering fiscal years ",challenge/offline-data/home-depot/filings/2025-02-25__hd-us-20250225-q4-10k__132164.md,2342
Home Depot,HD,2025-02-25,FY2024Q4,STRUCTURED_RESULT,q4-10k,"2,  | 2025,  | 687 million","At February 2, 2025, there was $687 million of unrecognized stock-based compensation expense, which is expected to be recognized over a weighted-average period of three years.",challenge/offline-data/home-depot/filings/2025-02-25__hd-us-20250225-q4-10k__132164.md,2459
Home Depot,HD,2025-02-25,FY2024Q4,STRUCTURED_RESULT,q4-10k,"2024,  | 2023,  | 2022.  | 60, ","Restricted Stock Awards. Restrictions on the restricted stock issued under the Plans generally lapse over various periods up to five years. At the grant date of the award, recipients of restricted stock are granted voting rights and generally receive dividends on unvested shares, paid in the form of cash on each dividend payment date. Dividends paid on unvested shares were immaterial for fiscal 20",challenge/offline-data/home-depot/filings/2025-02-25__hd-us-20250225-q4-10k__132164.md,2512
Home Depot,HD,2025-02-25,FY2024Q4,STRUCTURED_RESULT,q4-10k,"27,  | 2024,  | 18,  | 2024,  | 5 ","On March 27, 2024, we entered into a definitive agreement to acquire SRS, a leading residential specialty trade distribution company across several verticals serving the professional roofer, landscaper and pool contractor. On June 18, 2024, following the satisfaction or waiver of the applicable closing conditions, including receipt of the requisite regulatory approvals, the acquisition was complet",challenge/offline-data/home-depot/filings/2025-02-25__hd-us-20250225-q4-10k__132164.md,2633
Home Depot,HD,2025-02-25,FY2024Q4,STRUCTURED_RESULT,q4-10k,1.0 billion,The goodwill arising from the acquisition is attributable to anticipated (i) growth acceleration in the Pro market; (ii) expansion in high growth verticals including roofing; (iii) additional addressable market opportunities; (iv) enhanced delivery network capabilities; and (v) growth in sales force. We expect approximately $1.0 billion of goodwill related to the acquisition to be deductible for U,challenge/offline-data/home-depot/filings/2025-02-25__hd-us-20250225-q4-10k__132164.md,2690
Home Depot,HD,2025-02-25,FY2024Q4,STRUCTURED_RESULT,q4-10k,2024  | 6.4 billion | 2024 ,Results of Operations. Net sales attributable to SRS since the completion of the acquisition and included within our results of operations for fiscal 2024 totaled $6.4 billion. Net earnings attributable to SRS since the completion of the acquisition and included within our results of operations for fiscal 2024 were immaterial.,challenge/offline-data/home-depot/filings/2025-02-25__hd-us-20250225-q4-10k__132164.md,2694
Home Depot,HD,2025-02-25,FY2024Q4,STRUCTURED_RESULT,q4-10k,"2023,  | 1.5 billion | 469 million | 17  | 1.0 billion | 2024 ","During fiscal 2023, we completed three individually immaterial acquisitions for total aggregate cash purchase consideration of $1.5 billion. We recognized aggregate definite-lived intangible assets of $469 million with a weighted average amortization period of 17 years, primarily related to customer relationships, and goodwill of $1.0 billion. The goodwill arising from the acquisitions resides in ",challenge/offline-data/home-depot/filings/2025-02-25__hd-us-20250225-q4-10k__132164.md,2704
Home Depot,HD,2025-02-25,FY2024Q4,STRUCTURED_RESULT,q4-10k,2023 ,Net sales and net earnings for fiscal 2023 attributable to these acquisitions in the aggregate after their respective acquisition dates were immaterial. Pro forma results of operations would not be materially different as a result of the acquisitions in the aggregate and therefore are not presented.,challenge/offline-data/home-depot/filings/2025-02-25__hd-us-20250225-q4-10k__132164.md,2706
Home Depot,HD,2025-02-25,FY2024Q4,STRUCTURED_RESULT,q4-10k,"18,  | 2024,  | 2,  | 2025.  | 7% | 4%","Management excluded SRS, which was acquired on June 18, 2024, from our assessment of internal control over financial reporting as of February 2, 2025. SRS represents approximately 7% of the Company's consolidated total assets, excluding goodwill and intangible assets, and approximately 4% of the Company's consolidated net sales as of and for the year ended February 2, 2025. This exclusion is in ac",challenge/offline-data/home-depot/filings/2025-02-25__hd-us-20250225-q4-10k__132164.md,2728
Home Depot,HD,2025-02-25,FY2024Q4,STRUCTURED_RESULT,q4-10k,"2024,  | 2023,  | 2022","- Consolidated Statements of Earnings for fiscal 2024, fiscal 2023, and fiscal 2022;",challenge/offline-data/home-depot/filings/2025-02-25__hd-us-20250225-q4-10k__132164.md,2848
Home Depot,HD,2025-02-25,FY2024Q4,STRUCTURED_RESULT,q4-10k,"2024,  | 2023,  | 2022","- Consolidated Statements of Comprehensive Income for fiscal 2024, fiscal 2023, and fiscal 2022;",challenge/offline-data/home-depot/filings/2025-02-25__hd-us-20250225-q4-10k__132164.md,2849
Home Depot,HD,2025-02-25,FY2024Q4,STRUCTURED_RESULT,q4-10k,"2024,  | 2023,  | 2022","- Consolidated Statements of Stockholders' Equity for fiscal 2024, fiscal 2023, and fiscal 2022;",challenge/offline-data/home-depot/filings/2025-02-25__hd-us-20250225-q4-10k__132164.md,2850
Home Depot,HD,2025-02-25,FY2024Q4,STRUCTURED_RESULT,q4-10k,"2024,  | 2023,  | 2022","- Consolidated Statements of Cash Flows for fiscal 2024, fiscal 2023, and fiscal 2022; and",challenge/offline-data/home-depot/filings/2025-02-25__hd-us-20250225-q4-10k__132164.md,2851
Home Depot,HD,2025-02-25,FY2024Q4,STRUCTURED_RESULT,q4-8k,2024  | 159.5 billion | 6.8 billion | 4.5% | 2023.,"Sales for fiscal 2024 were $159.5 billion, an increase of $6.8 billion, or 4.5% from fiscal 2023.",challenge/offline-data/home-depot/filings/2025-02-25__hd-us-20250225-q4-8k__101827.md,33
Home Depot,HD,2025-02-25,FY2024Q4,STRUCTURED_RESULT,q4-8k,2024  | 1.8% | 1.8%,"Comparable sales for fiscal 2024 decreased 1.8%, and comparable sales in the U.S. decreased 1.8%.",challenge/offline-data/home-depot/filings/2025-02-25__hd-us-20250225-q4-8k__101827.md,34
Home Depot,HD,2025-02-25,FY2024Q4,STRUCTURED_RESULT,q4-8k,2024  | 14.8 billion | 14.91 ,"Net earnings for fiscal 2024 were $14.8 billion, or $14.91 per diluted share, compared with net earnings",challenge/offline-data/home-depot/filings/2025-02-25__hd-us-20250225-q4-8k__101827.md,35
Home Depot,HD,2025-02-25,FY2024Q4,STRUCTURED_RESULT,q4-8k,2024  | 15.24,"Adjusted diluted earnings per share for fiscal 2024 were $15.24, compared with adjusted diluted",challenge/offline-data/home-depot/filings/2025-02-25__hd-us-20250225-q4-8k__101827.md,37
Home Depot,HD,2025-02-25,FY2024Q4,STRUCTURED_RESULT,q4-8k,2024  | 2.2% | 2025 ,## The Home Depot Announces Fourth Quarter and Fiscal 2024 Results; Increases Quarterly Dividend by 2.2%; Provides Fiscal 2025 Guidance,challenge/offline-data/home-depot/filings/2025-02-25__hd-us-20250225-q4-8k__101827.md,51
Home Depot,HD,2025-02-25,FY2024Q4,STRUCTURED_RESULT,q4-8k,2024  | 159.5 billion | 6.8 billion | 4.5% | 2023.  | 2024 ,"Sales for fiscal 2024 were $159.5 billion, an increase of $6.8 billion, or 4.5% from fiscal 2023. Comparable sales for fiscal 2024 decreased 1.8%, and comparable sales in the U.S. decreased 1.8%.",challenge/offline-data/home-depot/filings/2025-02-25__hd-us-20250225-q4-8k__101827.md,67
Home Depot,HD,2025-02-25,FY2024Q4,STRUCTURED_RESULT,q4-8k,2024  | 14.8 billion | 14.91  | 15.1 billion | 15.11  | 2023.,"Net earnings for fiscal 2024 were $14.8 billion, or $14.91 per diluted share, compared with net earnings of $15.1 billion, or $15.11 per diluted share in fiscal 2023.",challenge/offline-data/home-depot/filings/2025-02-25__hd-us-20250225-q4-8k__101827.md,69
Home Depot,HD,2025-02-25,FY2024Q4,STRUCTURED_RESULT,q4-8k,2024  | 15.24 | 15.25  | 2023.  | 1,"Adjusted diluted earnings per share for fiscal 2024 were $15.24, compared with adjusted diluted earnings per share of $15.25 in fiscal 2023. (1)",challenge/offline-data/home-depot/filings/2025-02-25__hd-us-20250225-q4-8k__101827.md,71
Home Depot,HD,2025-02-25,FY2024Q4,STRUCTURED_RESULT,q4-8k,"2025,  | 52 | 2024,  | 53","The company provides the following guidance for fiscal 2025, a 52-week year compared to fiscal 2024, a 53-week year:",challenge/offline-data/home-depot/filings/2025-02-25__hd-us-20250225-q4-8k__101827.md,98
Home Depot,HD,2025-02-25,FY2024Q4,STRUCTURED_RESULT,q4-8k,1995.  | 2025 ,"Certain statements contained herein constitute ""forward-looking statements"" as defined in the Private Securities Litigation Reform Act of 1995. Forward-looking statements are based on currently available information and our current assumptions, expectations and projections about future events, and use words such as 'may,' 'will,' 'could,' 'should,' 'would,' 'anticipate,' 'intend,' 'estimate,' 'pro",challenge/offline-data/home-depot/filings/2025-02-25__hd-us-20250225-q4-8k__101827.md,122
Home Depot,HD,2025-02-25,FY2024Q4,STRUCTURED_RESULT,q4-8k,"1 | 10 | 28,  | 2024 ","These statements are not guarantees of future performance and are subject to future events, risks and uncertainties - many of which are beyond our control, dependent on the actions of third parties, or currently unknown to us - as well as potentially inaccurate assumptions that could cause actual results to differ materially from our historical experience and our expectations and projections. Thes",challenge/offline-data/home-depot/filings/2025-02-25__hd-us-20250225-q4-8k__101827.md,124
Home Depot,HD,2024-11-12,FY2024Q3,EARNINGS_CALL,call-pres,"3  | 3,  | 4.  | 2024,  | 4% | 2.5%","Unknown speaker: As you'll hear from Ann, our associates and supplier partners worked tirelessly under difficult circumstances to serve our customers and communities. Our thoughts continue to be with those impacted by Hurricanes Helene and Milton. Excluding the impacts from the hurricanes, our Q3 performance exceeded our expectations. As weather normalized, we saw better engagement across seasonal",challenge/offline-data/home-depot/call-transcripts/2024-11-12__hd-us-20241112-call-pres-2__38080.md,21
Home Depot,HD,2024-11-12,FY2024Q3,EARNINGS_CALL,call-pres,1  | 6.4 billion | 2024. ,"Unknown speaker: While this is just launched, we are seeing the intended results: greater customer engagement, higher conversion, and incremental sales. This is also the Q1 that reflects a full period of SRS in our financials. SRS gives us the right to win with a specially trained pro customer who needs specialized capabilities to complete their project. The SRS team did an exceptional job in the ",challenge/offline-data/home-depot/call-transcripts/2024-11-12__hd-us-20241112-call-pres-2__38080.md,25
Home Depot,HD,2024-11-12,FY2024Q3,EARNINGS_CALL,call-pres,"23.9 billion | 1.1 billion | 3  | 2023,  | 4.8  | 4.3 ","Unknown speaker: At the end of the quarter, merchandise inventories were $23.9 billion, up approximately $1.1 billion compared to the Q3 of 2023, and inventory turns were 4.8 times, up from 4.3 times last year. Turning to capital allocation, during the Q3, we invested approximately $820 million back into our business in the form of capital expenditures. And during the quarter, we paid approximatel",challenge/offline-data/home-depot/call-transcripts/2024-11-12__hd-us-20241112-call-pres-2__38080.md,57
Home Depot,HD,2024-11-12,FY2024Q3,EARNINGS_CALL,call-pres,"3,  | 4.  | 3  | 2024  | 4% | 53","Unknown speaker: Our performance reflects hurricane-related sales in the Q3, and we expect some hurricane-related sales in the Q4. Given the better-than-expected performance in the Q3 and incremental hurricane-related sales, we have updated our fiscal 2024 guidance. We now expect total sales growth of approximately 4%, including SRS in the 53rd week. The 53rd week is projected to add approximately",challenge/offline-data/home-depot/call-transcripts/2024-11-12__hd-us-20241112-call-pres-2__38080.md,59
Home Depot,HD,2024-11-12,FY2024Q3,EARNINGS_CALL,call-pres,"2% | 2023,  | 0.30  | 1% | 2023,  | 0.30 ","Unknown speaker: We expect our diluted earnings per share to decline approximately 2% compared to fiscal 2023, with the extra week contributing approximately $0.30 per share, and we expect our adjusted diluted earnings per share to decline approximately 1% compared to fiscal 2023, with the extra week contributing approximately $0.30 per share. We believe that we will grow market share in any envir",challenge/offline-data/home-depot/call-transcripts/2024-11-12__hd-us-20241112-call-pres-2__38080.md,61
Home Depot,HD,2024-11-12,FY2024Q3,EARNINGS_CALL,call-qna,"55  | 3.  | 4,  | 2.5%","Unknown speaker: Hey, good morning. So starting with the hurricane impact, Richard, you called out about 55 basis points in Q3. Any color on category impacts and if those sales skewed more DIY versus pro? And then as you think about Q4, how would you characterize the implied down 2.5% comp guide between hurricane-driven and the underlying business?",challenge/offline-data/home-depot/call-transcripts/2024-11-12__hd-us-20241112-call-qna__38097.md,23
Home Depot,HD,2024-11-12,FY2024Q3,EARNINGS_CALL,call-qna,"2.5  | 3,  | 3  | 4 ","Unknown speaker: Yeah. So Zach, just talking about the guide of 2.5 for the year, our guidance really principally reflects the outperformance that we saw in Q3, driven by hurricane-related sales, as well as reflecting the fact that we just saw exceptional weather across the entire country for most of the quarter. So the full-year view is basically the flow-through of that Q3 performance with some ",challenge/offline-data/home-depot/call-transcripts/2024-11-12__hd-us-20241112-call-qna__38097.md,29
Home Depot,HD,2024-11-12,FY2024Q3,EARNINGS_CALL,call-qna,3. ,"Unknown speaker: Sure. So we're very pleased with our progress with SRS, as I said in my prepared remarks. Job one is to support them executing their play of growing their business, which they do with what we would call comp growth through their existing branches, opening up new branches, and then doing tuck-in M&A. They've continued to do that through the Q3. They opened a number of branches. The",challenge/offline-data/home-depot/call-transcripts/2024-11-12__hd-us-20241112-call-qna__38097.md,45
Home Depot,HD,2024-11-12,FY2024Q3,EARNINGS_CALL,call-qna,2.9 billion | 3.  | 6.4 billion,Unknown speaker: They contributed $2.9 billion in the Q3. They're on track to deliver the expected $6.4 billion in sales contribution for the roughly seven months that we'll own them.,challenge/offline-data/home-depot/call-transcripts/2024-11-12__hd-us-20241112-call-qna__38097.md,49
Home Depot,HD,2024-11-12,FY2024Q3,EARNINGS_CALL,call-qna,"80  | 3,  | 80  | 2024.  | 45 ","Unknown speaker: Sure. Well, so specifically, look, when you look year over year, the major impact in gross margin versus last year was simply the mix impact from SRS. And so that was actually an 80 basis points impact for the quarter. So let's talk about gross margin. It was in line with our expectations. In fact, our guidance for gross margin for the full year has not changed. So again, in Q3, t",challenge/offline-data/home-depot/call-transcripts/2024-11-12__hd-us-20241112-call-qna__38097.md,53
Home Depot,HD,2024-11-12,FY2024Q3,EARNINGS_CALL,call-qna,70  | 70 ,"Unknown speaker: An annualized number for SRS impacted gross margin is about 70 basis points. If you just allow me a second to make sure everyone got that, that's 70 basis points of expected shift in our gross margin profile from adding them to our business. Our gross margin, again, was right where we expected it to be. Transportation expense, or rather benefits from decreasing transportation expe",challenge/offline-data/home-depot/call-transcripts/2024-11-12__hd-us-20241112-call-qna__38097.md,55
Home Depot,HD,2024-11-12,FY2024Q3,EARNINGS_CALL,call-qna,"2023, ","Unknown speaker: And look, as far as long-term goes, in June of 2023, at our investor conference, we laid out a base case that, in essence, said, ""Look, we anticipate flat gross margin as part of our operating model."" There's a ton of productivity that our amazing supply chain team drives every single year that we reinvest in that gross margin. But that's reflective of our position as the sharpest",challenge/offline-data/home-depot/call-transcripts/2024-11-12__hd-us-20241112-call-qna__38097.md,57
Home Depot,HD,2024-11-12,FY2024Q3,EARNINGS_CALL,call-qna,75  | 8%,"Unknown speaker: But then the larger projects often require financing, whether it's cash-out financing or home equity lines of credit. Those are down. So our HELOCs, those track more directly the drop in short-term rates. So those are down 75 basis points, but still historically high at over 8%. So with that, we're encouraged with certain green shoots, if you will, in the business with the pull fo",challenge/offline-data/home-depot/call-transcripts/2024-11-12__hd-us-20241112-call-qna__38097.md,77
Home Depot,HD,2024-11-12,FY2024Q3,EARNINGS_CALL,call-qna,"2025  | 2024  | 2025, ","Unknown speaker: Yeah. Understood. My follow-up question, I know there's no 2025 guidance today, but I think I'm curious, as you look at the backdrop, right, the view for 2024 was housing was going to be net neutral. As you sit here today, it's tough to kind of call rates. But as you think about 2025, would you think the housing backdrop turns a little bit more favorable for you, or is it still li",challenge/offline-data/home-depot/call-transcripts/2024-11-12__hd-us-20241112-call-qna__38097.md,89
Home Depot,HD,2024-11-12,FY2024Q3,EARNINGS_CALL,call-qna,2025,"Unknown speaker: Good morning. Thank you so much for taking my question. Ted, are you looking at the multi-year home improvement outlook as the longer that rates remain elevated, the more that homeowners are deferring projects? And as soon as rates come down, that will lead to a more robust recovery. So there's a relationship between what's happening right now and the magnitude of the recovery. An",challenge/offline-data/home-depot/call-transcripts/2024-11-12__hd-us-20241112-call-qna__38097.md,111
Home Depot,HD,2024-11-12,FY2024Q3,EARNINGS_CALL,call-qna,3 ,"Unknown speaker: Thanks, Simeon. It's Richard. Look, bottom line, we don't expect the fundamentals of our business to decelerate. We're just being cautious about extrapolating Q3 results that saw a significant benefit from weather, and also, just as a reminder, the guide is for approximately negative two and a half comp sales.",challenge/offline-data/home-depot/call-transcripts/2024-11-12__hd-us-20241112-call-qna__38097.md,137
Home Depot,HD,2024-11-12,FY2024Q3,STRUCTURED_RESULT,q3-10q,1995. ,"Certain statements contained herein, as well as in other filings we make with the SEC and other written and oral information we release, regarding our performance or other events or developments in the future constitute 'forward-looking statements' as defined in the Private Securities Litigation Reform Act of 1995. Forward-looking statements may relate to, among other things, the demand for our pr",challenge/offline-data/home-depot/filings/2024-11-12__hd-us-20241112-q3-10q__101846.md,251
Home Depot,HD,2024-11-12,FY2024Q3,STRUCTURED_RESULT,q3-10q,1 | 1 | 2023  | 10 | 2023  | 10,"Forward-looking statements are based on currently available information and our current assumptions, expectations and projections about future events. You should not rely on our forward-looking statements. These statements are not guarantees of future performance and are subject to future events, risks and uncertainties - many of which are beyond our control, dependent on the actions of third part",challenge/offline-data/home-depot/filings/2024-11-12__hd-us-20241112-q3-10q__101846.md,253
Home Depot,HD,2024-11-12,FY2024Q3,STRUCTURED_RESULT,q3-10q,"2024 | -03.  | 2024,  | 2024 | -03,  | 220","ASU No. 2024-03. In November 2024, the FASB issued ASU No. 2024-03, 'Income Statement-Reporting Comprehensive Income-Expense Disaggregation Disclosures (Subtopic 220-40): Disaggregation of Income Statement Expenses,' which is intended to improve disclosures about a public business entity's expenses by requiring disaggregated disclosure, in the notes to the financial statements, of prescribed categ",challenge/offline-data/home-depot/filings/2024-11-12__hd-us-20241112-q3-10q__101846.md,575
Home Depot,HD,2024-11-12,FY2024Q3,STRUCTURED_RESULT,q3-10q,2023  | 10,"Recent accounting pronouncements pending adoption not discussed above or in the 2023 Form 10-K are either not applicable or are not expected to have a material impact on our consolidated financial condition, results of operations or cash flows.",challenge/offline-data/home-depot/filings/2024-11-12__hd-us-20241112-q3-10q__101846.md,577
Home Depot,HD,2024-11-12,FY2024Q3,STRUCTURED_RESULT,q3-10q,"27,  | 2024  | 28,  | 2024,  | 1.6 billion | 1.7 billion","For products and services sold in stores or online, payment is typically due at the point of sale. When we receive payment before the customer has taken possession of the merchandise or the service has been performed, the amount received is recorded as deferred revenue until the sale or service is complete. Such performance obligations are part of contracts with expected original durations of typi",challenge/offline-data/home-depot/filings/2024-11-12__hd-us-20241112-q3-10q__101846.md,664
Home Depot,HD,2024-11-12,FY2024Q3,STRUCTURED_RESULT,q3-10q,"27,  | 2024  | 28,  | 2024,  | 1.0 billion | 1.1 billion","We further record deferred revenue for the sale of gift cards and recognize the associated revenue upon the redemption of those gift cards, which generally occurs within six months of gift card issuance. As of October 27, 2024 and January 28, 2024, our performance obligations for unredeemed gift cards were $1.0 billion and $1.1 billion, respectively. Gift card breakage income, which is our estimat",challenge/offline-data/home-depot/filings/2024-11-12__hd-us-20241112-q3-10q__101846.md,684
Home Depot,HD,2024-11-12,FY2024Q3,STRUCTURED_RESULT,q3-10q,"27,  | 2024,  | 18,  | 2024,  | 5 ","On March 27, 2024, we entered into a definitive agreement to acquire SRS, a leading residential specialty trade distribution company across several verticals serving the professional roofer, landscaper and pool contractor. On June 18, 2024, following the satisfaction or waiver of the applicable closing conditions, including receipt of the requisite regulatory approvals, the acquisition was complet",challenge/offline-data/home-depot/filings/2024-11-12__hd-us-20241112-q3-10q__101846.md,1035
Home Depot,HD,2024-11-12,FY2024Q3,STRUCTURED_RESULT,q3-10q,1.0 billion,The goodwill arising from the acquisition is calculated as the excess of the purchase price over the net assets acquired and is attributable to anticipated (i) growth acceleration in the residential professional customer market; (ii) expansion in high growth verticals including roofing; (iii) additional addressable market opportunities; (iv) enhanced delivery network capabilities; and (v) growth i,challenge/offline-data/home-depot/filings/2024-11-12__hd-us-20241112-q3-10q__101846.md,1092
Home Depot,HD,2024-11-12,FY2024Q3,STRUCTURED_RESULT,q3-10q,"27,  | 2024,  | 18,  | 2024,  | 2  | 10 ","On March 27, 2024, we entered into a definitive agreement to acquire SRS, a leading residential specialty trade distribution company across several verticals serving the professional roofer, landscaper and pool contractor. On June 18, 2024, following the satisfaction or waiver of the applicable closing conditions, including receipt of the requisite regulatory approvals, the acquisition was complet",challenge/offline-data/home-depot/filings/2024-11-12__hd-us-20241112-q3-10q__101846.md,1188
Home Depot,HD,2024-11-12,FY2024Q3,STRUCTURED_RESULT,q3-10q,"2024,  | 2.4 billion | 2024,  | 3.0 billion | 3.5 billion","During the first nine months of fiscal 2024, we invested approximately $2.4 billion back into our business in the form of capital expenditures. For fiscal 2024, in line with our expectation of approximately two percent of net sales on an annual basis, we plan to invest approximately $3.0 billion to $3.5 billion back into our business in the form of capital expenditures, with investments focused on",challenge/offline-data/home-depot/filings/2024-11-12__hd-us-20241112-q3-10q__101846.md,1494
Home Depot,HD,2024-11-12,FY2024Q3,STRUCTURED_RESULT,q3-10q,"2024  | 15.3 billion | 27,  | 2024,  | 1.3 billion | 4.8%","All of our short-term borrowings in the first nine months of fiscal 2024 were under our commercial paper program, and the maximum amount outstanding at any time was $15.3 billion. At October 27, 2024, we had outstanding borrowings under our commercial paper program of $1.3 billion with a weighted average interest rate of 4.8%, we had no outstanding borrowings under our back-up credit facilities, a",challenge/offline-data/home-depot/filings/2024-11-12__hd-us-20241112-q3-10q__101846.md,1510
Home Depot,HD,2024-11-12,FY2024Q3,STRUCTURED_RESULT,q3-10q,5 ,"The indentures governing our senior notes do not generally limit our ability to incur additional indebtedness or require us to maintain financial ratios or specified levels of net worth or liquidity. The indentures governing our notes contain various customary covenants; however, none of the covenants are expected to impact our liquidity or capital resources. See Note 5 to our consolidated financi",challenge/offline-data/home-depot/filings/2024-11-12__hd-us-20241112-q3-10q__101846.md,1526
Home Depot,HD,2024-11-12,FY2024Q3,STRUCTURED_RESULT,q3-10q,1 ,"For information on accounting pronouncements that have impacted or are expected to materially impact our consolidated financial condition, results of operations, or cash flows, see Note 1 to our consolidated financial statements.",challenge/offline-data/home-depot/filings/2024-11-12__hd-us-20241112-q3-10q__101846.md,1638
Home Depot,HD,2024-11-12,FY2024Q3,STRUCTURED_RESULT,q3-8k,2024  | 2024 ,## The Home Depot Announces Third Quarter Fiscal 2024 Results; Updates Fiscal 2024 Guidance,challenge/offline-data/home-depot/filings/2024-11-12__hd-us-20241112-q3-8k__101844.md,53
Home Depot,HD,2024-11-12,FY2024Q3,STRUCTURED_RESULT,q3-8k,2024  | 53 ,"The company updated its fiscal 2024 guidance, which includes 53 weeks of operating results:",challenge/offline-data/home-depot/filings/2024-11-12__hd-us-20241112-q3-8k__101844.md,87
Home Depot,HD,2024-11-12,FY2024Q3,STRUCTURED_RESULT,q3-8k,6.4 billion,- SRS expected to contribute approximately $6.4 billion in incremental sales,challenge/offline-data/home-depot/filings/2024-11-12__hd-us-20241112-q3-8k__101844.md,91
Home Depot,HD,2024-11-12,FY2024Q3,STRUCTURED_RESULT,q3-8k,53  | 0.30  | 2023,- 53 rd week expected to contribute approximately $0.30 of diluted earnings per share compared to fiscal 2023,challenge/offline-data/home-depot/filings/2024-11-12__hd-us-20241112-q3-8k__101844.md,100
Home Depot,HD,2024-11-12,FY2024Q3,STRUCTURED_RESULT,q3-8k,53  | 0.30  | 2023,- 53 rd week expected to contribute approximately $0.30 of adjusted diluted earnings per share compared to fiscal 2023,challenge/offline-data/home-depot/filings/2024-11-12__hd-us-20241112-q3-8k__101844.md,102
Home Depot,HD,2024-11-12,FY2024Q3,STRUCTURED_RESULT,q3-8k,1995.  | 2024 ,"Certain statements contained herein constitute ""forward-looking statements"" as defined in the Private Securities Litigation Reform Act of 1995. Forward-looking statements may relate to, among other things, the demand for our products and services, including as a result of macroeconomic conditions; net sales growth; comparable sales; the effects of competition; our brand and reputation; implementat",challenge/offline-data/home-depot/filings/2024-11-12__hd-us-20241112-q3-8k__101844.md,114
Home Depot,HD,2024-11-12,FY2024Q3,STRUCTURED_RESULT,q3-8k,"1 | 10 | 28,  | 2024 ","Forward-looking statements are based on currently available information and our current assumptions, expectations and projections about future events. You should not rely on our forward-looking statements. These statements are not guarantees of future performance and are subject to future events, risks and uncertainties - many of which are beyond our control, dependent on the actions of third part",challenge/offline-data/home-depot/filings/2024-11-12__hd-us-20241112-q3-8k__101844.md,116
Home Depot,HD,2024-08-13,FY2024Q2,EARNINGS_CALL,call-pres,3% | -4% | 2024. ,"Unknown speaker: During the quarter, higher interest rates and greater macroeconomic uncertainty pressured consumer demand more broadly, resulting in weaker spend across home improvement projects. Additionally, we saw continued softness in spring projects, which were also impacted by the extreme weather changes throughout the quarter. When we look at the performance in the first six months of the ",challenge/offline-data/home-depot/call-transcripts/2024-08-13__hd-us-20240813-call-pres__38086.md,21
Home Depot,HD,2024-08-13,FY2024Q2,EARNINGS_CALL,call-pres,720 million | 2.2 billion | 2% | 31.9% | 41.5% | 2023.,"Unknown speaker: During the second quarter, we invested approximately $720 million back into our business in the form of capital expenditures. During the quarter, we paid approximately $2.2 billion in dividends to our shareholders. Our disciplined approach to capital allocation remains unchanged. First and foremost, we will invest in the business and expect capital expenditures of approximately 2%",challenge/offline-data/home-depot/call-transcripts/2024-08-13__hd-us-20240813-call-pres__38086.md,57
Home Depot,HD,2024-08-13,FY2024Q2,EARNINGS_CALL,call-pres,2024. ,"Unknown speaker: Now I will comment on our updated outlook for fiscal 2024. As you heard from Ted, given the softer than expected performance in the first half of the year and reflecting continued uncertainty around underlying consumer demand, we believe a more cautious outlook for the year is warranted. With the recent closing of the SRS acquisition, we are now including their results in our cons",challenge/offline-data/home-depot/call-transcripts/2024-08-13__hd-us-20240813-call-pres__38086.md,59
Home Depot,HD,2024-08-13,FY2024Q2,EARNINGS_CALL,call-pres,2024  | 2.5% | 3.5% | 53 | 53 | 2.3 billion,"Unknown speaker: Updating our fiscal 2024 guidance for the factors we just discussed, we now expect total sales growth between 2.5% and 3.5%, including the SRS acquisition and the 53rd week. The 53rd week is projected to add approximately $2.3 billion to total sales. SRS is expected to contribute approximately $6.4 billion in incremental sales. Comparable sales are expected to decline between -3% ",challenge/offline-data/home-depot/call-transcripts/2024-08-13__hd-us-20240813-call-pres__38086.md,61
Home Depot,HD,2024-08-13,FY2024Q2,EARNINGS_CALL,call-pres,33.5% | 13.5% | 13.6% | 13.8% | 13.9% | 24%,"Unknown speaker: Our gross margin is expected to be approximately 33.5%. We expect operating margin to be between 13.5% and 13.6%, and adjusted operating margin to be between 13.8% and 13.9%. Our effective tax rate is targeted at approximately 24%. We expect net interest expense of approximately $2.2 billion. Our diluted earnings per share percent will decline between -2% and -4% compared to fisca",challenge/offline-data/home-depot/call-transcripts/2024-08-13__hd-us-20240813-call-pres__38086.md,63
Home Depot,HD,2024-08-13,FY2024Q2,EARNINGS_CALL,call-qna,"2024, ","Unknown speaker: ... but they grew in the high single-digit percentages in the first half. They had healthy growth in the second quarter, and we expect them to again book single-digit growth in the entirety of the year 2024, even though we'll only own them for seven months. So, you know, these two business models, HD Supply and SRS, are great examples of market leaders who are accustomed to growin",challenge/offline-data/home-depot/call-transcripts/2024-08-13__hd-us-20240813-call-qna__38106.md,39
Home Depot,HD,2024-08-13,FY2024Q2,EARNINGS_CALL,call-qna,"6.5% | 6,  | 3% | 5%","Unknown speaker: I think you're approaching 6.5% for qualified mortgage, and based on what we saw toward the end of last year, we would think you're approaching a level that people are gonna engage. Caveat to that would be, again, this broader, you know, economic, geopolitical, even concerns that people still might pause a little bit until some of this gets sorted out, which would be understandabl",challenge/offline-data/home-depot/call-transcripts/2024-08-13__hd-us-20240813-call-qna__38106.md,57
Home Depot,HD,2024-08-13,FY2024Q2,EARNINGS_CALL,call-qna,12  | 12  | 6  | 2  | 7 ,"Unknown speaker: The objective of SRS is to grow our share with the Pro, to accelerate sales growth, to accelerate operating profit growth, and to accelerate EPS growth. So from a sales and operating profit perspective, as you can see, it's already contributing to our company immediately. From an EPS perspective, the acquisition of SRS will be cash EPS accretive in the first 12 months of ownership",challenge/offline-data/home-depot/call-transcripts/2024-08-13__hd-us-20240813-call-qna__38106.md,69
Home Depot,HD,2024-08-13,FY2024Q2,EARNINGS_CALL,call-qna,"45  | 30  | 2,  | 40  | 2024.  | 40 ","Unknown speaker: And then if you look at sort of an annualized figure, it's somewhere around 45 basis points. That's kind of a reset to reflect what is, in effect, a new mix of product at The Home Depot. So now let's talk about operating margin and SRS's impact, because it's important to look at gross margin in that context. So when you add SRS to our mix, it adjusts our base operating margin prof",challenge/offline-data/home-depot/call-transcripts/2024-08-13__hd-us-20240813-call-qna__38106.md,73
Home Depot,HD,2024-08-13,FY2024Q2,EARNINGS_CALL,call-qna,"30, ","Unknown speaker: So we're not, we're not seeing that, and we would, we would expect the cost levels from where we are today to largely hold, as well as the retail levels. Remember. You know, in the cost levels from our supplier base, it's not just a matter of, you know, input costs in terms of materials, which you understand with our cost finance team, we have a very, very good view into that. But",challenge/offline-data/home-depot/call-transcripts/2024-08-13__hd-us-20240813-call-qna__38106.md,91
Home Depot,HD,2024-08-13,FY2024Q2,EARNINGS_CALL,call-qna,20% | -25%,"Unknown speaker: Okay, follow-up, trying to think about what the core business is doing in terms of decremental margins in the second half. I think some of Richard's comments before gave us some more clues, but it looks like the EBIT dollar guidance of the whole business dollars are roughly the same at the we have a midpoint now, we had a one single point before. So whatever we're losing from the ",challenge/offline-data/home-depot/call-transcripts/2024-08-13__hd-us-20240813-call-qna__38106.md,93
Home Depot,HD,2024-08-13,FY2024Q2,EARNINGS_CALL,call-qna,"-1  | 14.1% | -1  | -3,  | 25 | -30 ","Unknown speaker: So what I would do is let's--why don't we talk about performance to date and how our guidance reflects the performance to date? Because we actually have, as I said, outperformed certain expectations in cost of goods sold, and the team has managed expenses in an exceptional manner. So let me walk through what that means for the guide. So you can recall, we began the year with a gui",challenge/offline-data/home-depot/call-transcripts/2024-08-13__hd-us-20240813-call-qna__38106.md,95
Home Depot,HD,2024-08-13,FY2024Q2,EARNINGS_CALL,call-qna,"14.1% | 14.1  | 13.9  | 13.8  | -3.  | -3, ","Unknown speaker: However, we've had favorability year-to-date. We know where it comes from, and that favorability enhances our earnings. And so instead of taking our 14.1% operating margin, and it, operating margin, and by the way, I'm excluding SRS in this discussion. So for simplification, if we were to set SRS to the side for a moment, naturally, our 14.1 operating margin would drop to somethin",challenge/offline-data/home-depot/call-transcripts/2024-08-13__hd-us-20240813-call-qna__38106.md,97
Home Depot,HD,2024-08-13,FY2024Q2,EARNINGS_CALL,call-qna,13.6  | 13.9% | 13.9% | 3.,"Unknown speaker: Just to tie it all up together, that 13.6 corresponds with our adjusted operating margin of 13.9%. For the year, when we eliminate non-cash amortization expense on intangible assets, we expect to report operating margin of 13.9% on a comp of negative 3.",challenge/offline-data/home-depot/call-transcripts/2024-08-13__hd-us-20240813-call-qna__38106.md,103
Home Depot,HD,2024-08-13,FY2024Q2,EARNINGS_CALL,call-qna,2025.  | -2000,"Unknown speaker: Yeah, we wouldn't give, you know, any guidance into 2025. But remember, you know, their mode of growth, which they have demonstrated since inception in the mid-2000s, is they're a balanced grower between comping their existing branches, their open base of branches, opening greenfield branches, and then some roll-up M&A, you know, geographical customer list add-ons. So that's the p",challenge/offline-data/home-depot/call-transcripts/2024-08-13__hd-us-20240813-call-qna__38106.md,115
Home Depot,HD,2024-08-13,FY2024Q2,EARNINGS_CALL,call-qna,12 ,"Unknown speaker: Just for clarity's sake, SRS is not in our comp base, and so they are not reflected in our comp sales guidance. They will become comp once we've owned them for 12 months.",challenge/offline-data/home-depot/call-transcripts/2024-08-13__hd-us-20240813-call-qna__38106.md,117
Home Depot,HD,2024-08-13,FY2024Q2,EARNINGS_CALL,call-qna,3  | 3 ,"Unknown speaker: Yeah, and Brian, you know, Billy's comments were spot on. There were signs of maybe a little more general weakness. You know, the major driver were those heat-related categories. There were some signs of more general weakness. That had an influence on our guidance range. But let's talk about that range and kind of how we've started off the quarter. August has started off at a leve",challenge/offline-data/home-depot/call-transcripts/2024-08-13__hd-us-20240813-call-qna__38106.md,133
Home Depot,HD,2024-08-13,FY2024Q2,EARNINGS_CALL,call-qna,1. ,"Unknown speaker: Hey, good morning. It sounds like the pro spread widened versus DIY relative to Q1. Curious if there's any call out there. And then you mentioned positive comps for pros engaging in your new ecosystem. I'm curious what % of pros this now represents and how you'd expect this trajectory to trend now that SRS is under your belt?",challenge/offline-data/home-depot/call-transcripts/2024-08-13__hd-us-20240813-call-qna__38106.md,145
Home Depot,HD,2024-08-13,FY2024Q2,EARNINGS_CALL,call-qna,50 | 50 ,"Unknown speaker: Thanks, everyone. Good morning. Maybe just a quick follow-up on SRS. Ted, you mentioned the growth rate and broke it down 50/50 between comp, and I think you said lapping acquisitions. So maybe just give us an update on where the branch count is today. And then how would you sort of summarize the capital spending needs of that business to fund both greenfield and acquisition-relat",challenge/offline-data/home-depot/call-transcripts/2024-08-13__hd-us-20240813-call-qna__38106.md,163
Home Depot,HD,2024-08-13,FY2024Q2,EARNINGS_CALL,call-qna,15 ,"Unknown speaker: Richard, maybe just a very quick follow-up. As we think about sort of restating last year's numbers for intangible amortization, the full year amount for last year, we're looking at 15 basis points as a percentage of sales, or maybe correct me if I'm off there.",challenge/offline-data/home-depot/call-transcripts/2024-08-13__hd-us-20240813-call-qna__38106.md,171
Home Depot,HD,2024-08-13,FY2024Q2,EARNINGS_CALL,call-qna,186 million | 2023.,"Unknown speaker: Yeah, the total amortization expense last year was $186 million for Home Depot for the full year of 2023.",challenge/offline-data/home-depot/call-transcripts/2024-08-13__hd-us-20240813-call-qna__38106.md,173
Home Depot,HD,2024-08-13,FY2024Q2,STRUCTURED_RESULT,q2-10q,1995. ,"Certain statements contained herein, as well as in other filings we make with the SEC and other written and oral information we release, regarding our performance or other events or developments in the future constitute 'forward-looking statements' as defined in the Private Securities Litigation Reform Act of 1995. Forward-looking statements may relate to, among other things, the demand for our pr",challenge/offline-data/home-depot/filings/2024-08-13__hd-us-20240813-q2-10q__101825.md,251
Home Depot,HD,2024-08-13,FY2024Q2,STRUCTURED_RESULT,q2-10q,1 | 2. ,"Forward-looking statements are based on currently available information and our current assumptions, expectations and projections about future events. You should not rely on our forward-looking statements. These statements are not guarantees of future performance and are subject to future events, risks and uncertainties - many of which are beyond our control, dependent on the actions of third part",challenge/offline-data/home-depot/filings/2024-08-13__hd-us-20240813-q2-10q__101825.md,253
Home Depot,HD,2024-08-13,FY2024Q2,STRUCTURED_RESULT,q2-10q,"28,  | 2024  | 2023  | 10 | 2023  | 10","We did not adopt any new accounting pronouncements during the six months ended July 28, 2024 that had a material impact on our consolidated financial condition, results of operations or cash flows. There were no significant changes in recently issued accounting pronouncements pending adoption from those disclosed in the 2023 Form 10-K, and those not discussed in the 2023 Form 10-K are either not a",challenge/offline-data/home-depot/filings/2024-08-13__hd-us-20240813-q2-10q__101825.md,567
Home Depot,HD,2024-08-13,FY2024Q2,STRUCTURED_RESULT,q2-10q,"28,  | 2024  | 28,  | 2024,  | 1.8 billion | 1.7 billion","For products and services sold in stores or online, payment is typically due at the point of sale. When we receive payment before the customer has taken possession of the merchandise or the service has been performed, the amount received is recorded as deferred revenue until the sale or service is complete. Such performance obligations are part of contracts with expected original durations of typi",challenge/offline-data/home-depot/filings/2024-08-13__hd-us-20240813-q2-10q__101825.md,655
Home Depot,HD,2024-08-13,FY2024Q2,STRUCTURED_RESULT,q2-10q,"28,  | 2024  | 28,  | 2024,  | 1.0 billion | 1.1 billion","We further record deferred revenue for the sale of gift cards and recognize the associated revenue upon the redemption of those gift cards, which generally occurs within six months of gift card issuance. As of July 28, 2024 and January 28, 2024, our performance obligations for unredeemed gift cards were $1.0 billion and $1.1 billion, respectively. Gift card breakage income, which is our estimate o",challenge/offline-data/home-depot/filings/2024-08-13__hd-us-20240813-q2-10q__101825.md,669
Home Depot,HD,2024-08-13,FY2024Q2,STRUCTURED_RESULT,q2-10q,"27,  | 2024,  | 18,  | 2024,  | 5 ","On March 27, 2024, we entered into a definitive agreement to acquire SRS Distribution Inc., a leading residential specialty trade distribution company across several verticals serving the professional roofer, landscaper and pool contractor. On June 18, 2024, following the satisfaction or waiver of the applicable closing conditions, including receipt of the requisite regulatory approvals, the acqui",challenge/offline-data/home-depot/filings/2024-08-13__hd-us-20240813-q2-10q__101825.md,999
Home Depot,HD,2024-08-13,FY2024Q2,STRUCTURED_RESULT,q2-10q,1.0 billion,The goodwill arising from the acquisition is calculated as the excess of the purchase price over the net assets acquired and is attributable to (i) growth acceleration in the residential professional customer market; (ii) expansion in high growth verticals including roofing; (iii) additional addressable market opportunities; (iv) enhanced delivery network capabilities; and (v) growth in sales forc,challenge/offline-data/home-depot/filings/2024-08-13__hd-us-20240813-q2-10q__101825.md,1059
Home Depot,HD,2024-08-13,FY2024Q2,STRUCTURED_RESULT,q2-10q,"27,  | 2024,  | 18,  | 2024,  | 2  | 10 ","On March 27, 2024, we entered into a definitive agreement to acquire SRS, a leading residential specialty trade distribution company across several verticals serving the professional roofer, landscaper and pool contractor. On June 18, 2024, following the satisfaction or waiver of the applicable closing conditions, including receipt of the requisite regulatory approvals, the acquisition was complet",challenge/offline-data/home-depot/filings/2024-08-13__hd-us-20240813-q2-10q__101825.md,1157
Home Depot,HD,2024-08-13,FY2024Q2,STRUCTURED_RESULT,q2-10q,"2024,  | 1.6 billion | 2024,  | 3.0 billion | 3.5 billion","During the first six months of fiscal 2024, we invested approximately $1.6 billion back into our business in the form of capital expenditures. For fiscal 2024, in line with our expectation of approximately two percent of net sales on an annual basis, we plan to invest approximately $3.0 billion to $3.5 billion back into our business in the form of capital expenditures, with investments focused on ",challenge/offline-data/home-depot/filings/2024-08-13__hd-us-20240813-q2-10q__101825.md,1455
Home Depot,HD,2024-08-13,FY2024Q2,STRUCTURED_RESULT,q2-10q,"2024  | 15.3 billion | 28,  | 2024,  | 2.5 billion | 5.4%","All of our short-term borrowings in the first six months of fiscal 2024 were under our commercial paper program, and the maximum amount outstanding at any time was $15.3 billion. At July 28, 2024, we had outstanding borrowings under our commercial paper program of $2.5 billion with a weighted average interest rate of 5.4%, we had no outstanding borrowings under our back-up credit facilities, and w",challenge/offline-data/home-depot/filings/2024-08-13__hd-us-20240813-q2-10q__101825.md,1471
Home Depot,HD,2024-08-13,FY2024Q2,STRUCTURED_RESULT,q2-10q,5 ,"The indentures governing our senior notes do not generally limit our ability to incur additional indebtedness or require us to maintain financial ratios or specified levels of net worth or liquidity. The indentures governing our notes contain various customary covenants; however, none are expected to impact our liquidity or capital resources. See Note 5 to our consolidated financial statements for",challenge/offline-data/home-depot/filings/2024-08-13__hd-us-20240813-q2-10q__101825.md,1489
Home Depot,HD,2024-08-13,FY2024Q2,STRUCTURED_RESULT,q2-10q,1 ,"For information on accounting pronouncements that have impacted or are expected to materially impact our consolidated financial condition, results of operations, or cash flows, see Note 1 to our consolidated financial statements.",challenge/offline-data/home-depot/filings/2024-08-13__hd-us-20240813-q2-10q__101825.md,1599
Home Depot,HD,2024-08-13,FY2024Q2,STRUCTURED_RESULT,q2-8k,2024  | 2024 ,# Second Quarter Fiscal 2024 Results and Fiscal 2024 Guidance Update,challenge/offline-data/home-depot/filings/2024-08-13__hd-us-20240813-q2-8k__101849.md,12
Home Depot,HD,2024-08-13,FY2024Q2,STRUCTURED_RESULT,q2-8k,2024  | 2024 ,## The Home Depot Announces Second Quarter Fiscal 2024 Results; Updates Fiscal 2024 Guidance,challenge/offline-data/home-depot/filings/2024-08-13__hd-us-20240813-q2-8k__101849.md,48
Home Depot,HD,2024-08-13,FY2024Q2,STRUCTURED_RESULT,q2-8k,2024  | 53  | 2024 ,"The company updated its fiscal 2024 guidance, which includes 53 weeks of operating results, to reflect the performance in the first half of fiscal 2024 and include SRS:",challenge/offline-data/home-depot/filings/2024-08-13__hd-us-20240813-q2-8k__101849.md,79
Home Depot,HD,2024-08-13,FY2024Q2,STRUCTURED_RESULT,q2-8k,6.4 billion,- SRS expected to contribute approximately $6.4 billion in incremental sales,challenge/offline-data/home-depot/filings/2024-08-13__hd-us-20240813-q2-8k__101849.md,83
Home Depot,HD,2024-08-13,FY2024Q2,STRUCTURED_RESULT,q2-8k,53  | 0.30  | 2023 ,- 53 week expected to contribute approximately $0.30 of diluted earnings per share compared to fiscal 2023 rd,challenge/offline-data/home-depot/filings/2024-08-13__hd-us-20240813-q2-8k__101849.md,94
Home Depot,HD,2024-08-13,FY2024Q2,STRUCTURED_RESULT,q2-8k,53  | 0.30  | 2023 ,- 53 week expected to contribute approximately $0.30 of adjusted diluted earnings per share compared to fiscal 2023 rd,challenge/offline-data/home-depot/filings/2024-08-13__hd-us-20240813-q2-8k__101849.md,96
Home Depot,HD,2024-08-13,FY2024Q2,STRUCTURED_RESULT,q2-8k,2 | 30 ,- (2) Excludes an expected approximately 30 basis point impact from acquired intangible asset amortization.,challenge/offline-data/home-depot/filings/2024-08-13__hd-us-20240813-q2-8k__101849.md,104
Home Depot,HD,2024-08-13,FY2024Q2,STRUCTURED_RESULT,q2-8k,3 | 0.30 ,- (3) Excludes an expected after-tax impact of approximately $0.30 from acquired intangible asset amortization.,challenge/offline-data/home-depot/filings/2024-08-13__hd-us-20240813-q2-8k__101849.md,105
Home Depot,HD,2024-08-13,FY2024Q2,STRUCTURED_RESULT,q2-8k,1995.  | 2024 ,"Certain statements contained herein constitute ""forward-looking statements"" as defined in the Private Securities Litigation Reform Act of 1995. Forward-looking statements may relate to, among other things, the demand for our products and services, including as a result of macroeconomic conditions; net sales growth; comparable sales; the effects of competition; our brand and reputation; implementat",challenge/offline-data/home-depot/filings/2024-08-13__hd-us-20240813-q2-8k__101849.md,111
Home Depot,HD,2024-08-13,FY2024Q2,STRUCTURED_RESULT,q2-8k,"1 | 10 | 28,  | 2024 ","Forward-looking statements are based on currently available information and our current assumptions, expectations and projections about future events. You should not rely on our forward-looking statements. These statements are not guarantees of future performance and are subject to future events, risks and uncertainties - many of which are beyond our control, dependent on the actions of third part",challenge/offline-data/home-depot/filings/2024-08-13__hd-us-20240813-q2-8k__101849.md,113
Home Depot,HD,2024-05-14,FY2024Q1,EARNINGS_CALL,call-pres,2.2 billion | 600 million | 2%,"Unknown speaker: During the quarter, we paid approximately $2.2 billion in dividends to our shareholders, and we returned approximately $600 million to shareholders in the form of share repurchases. As a reminder, in March, we announced our intent to acquire SRS Distribution, and as a result, we paused share repurchases. As you've heard us say many times, we maintain a disciplined approach to capi",challenge/offline-data/home-depot/call-transcripts/2024-05-14__hd-us-20240514-call-pres__38045.md,53
Home Depot,HD,2024-05-14,FY2024Q1,EARNINGS_CALL,call-pres,12  | 37.1% | 43.6% | 43.6% | 2023.  | 2024. ,"Unknown speaker: After investing in the business, we plan to pay the dividend, and it is our intent to return any excess cash to shareholders in the form of share repurchases. From time to time, we will also invest in the business through acquisitions to enhance our capabilities and to accelerate our strategic objectives. Computed on the average of beginning and ending long-term debt and equity fo",challenge/offline-data/home-depot/call-transcripts/2024-05-14__hd-us-20240514-call-pres__38045.md,55
Home Depot,HD,2024-05-14,FY2024Q1,EARNINGS_CALL,call-pres,+1% | -1% | 53 | 53 | 2.3 billion | 33.9%,"Unknown speaker: We expect total sales growth to outpace sales comp, with sales growth of approximately +1% and comp sales of approximately -1%. Total sales growth will benefit from a 53rd week, and we expect the 53rd week will contribute approximately $2.3 billion in sales. Our gross margin is expected to be approximately 33.9%, an increase of approximately 50 basis points compared to fiscal 2023",challenge/offline-data/home-depot/call-transcripts/2024-05-14__hd-us-20240514-call-pres__38045.md,57
Home Depot,HD,2024-05-14,FY2024Q1,EARNINGS_CALL,call-qna,1 ,# Q1 Performance and Strategic Outlook Discussion,challenge/offline-data/home-depot/call-transcripts/2024-05-14__hd-us-20240514-call-qna__38064.md,12
Home Depot,HD,2024-05-14,FY2024Q1,EARNINGS_CALL,call-qna,2024.  | 23% | 4  | 1.,"Unknown speaker: So you're already starting to see a bit of an unlock there. But all of that then leads to your transaction question. So we are starting to see some increase in transaction as we're lapping more the COVID pull forward, some newer pressure with the housing turnover dynamic. But net-net, we like the trend of transactions in units per basket were also up, and we like seeing that trend",challenge/offline-data/home-depot/call-transcripts/2024-05-14__hd-us-20240514-call-qna__38064.md,51
Home Depot,HD,2024-05-14,FY2024Q1,EARNINGS_CALL,call-qna,1% | 1. ,"Unknown speaker: Hey. Good morning, and thank you. I want to start with a clarification on the outlook. You've got 1% EPS growth. I just want to confirm that this incorporates the buyback pause post-Q1. And then second, transaction growth stepping in the right direction. Curious if this was more pro or DIY-driven or both, and any color on the health of small and midsize pros versus larger pros?",challenge/offline-data/home-depot/call-transcripts/2024-05-14__hd-us-20240514-call-qna__38064.md,59
Home Depot,HD,2024-05-14,FY2024Q1,EARNINGS_CALL,call-qna,4 billion | 3 billion,"Unknown speaker: Great. So Zach, I'll take the first part. It's Richard. So look, we have reiterated guidance and see no reason to do anything but that. And when you think about the pause in share repurchases, think about the fact that we're also accumulating cash. As we accumulate cash, we earn interest on that cash. You'll see on our balance sheet, we have over $4 billion in cash right now, whic",challenge/offline-data/home-depot/call-transcripts/2024-05-14__hd-us-20240514-call-qna__38064.md,61
Home Depot,HD,2024-05-14,FY2024Q1,EARNINGS_CALL,call-qna,40  | 80 | 20 ,"Unknown speaker: I mean, we would expect to, over time, to be in we often talk about the top 40 kind of 80/20 rule of demand in our space, and that would be the expectation.",challenge/offline-data/home-depot/call-transcripts/2024-05-14__hd-us-20240514-call-qna__38064.md,85
Home Depot,HD,2024-05-14,FY2024Q1,EARNINGS_CALL,call-qna,90 ,"Unknown speaker: Good morning. Thank you so much for taking my question. In light of the start to the year, did you give any internal discussion to moderating your expectation around the way the rest of the year could unfold, especially in light of what's likely to be now fewer rate cuts than was expected 90 days ago, which may mean that the overall rate of home improvement, the market may see les",challenge/offline-data/home-depot/call-transcripts/2024-05-14__hd-us-20240514-call-qna__38064.md,91
Home Depot,HD,2024-05-14,FY2024Q1,EARNINGS_CALL,call-qna,"2024.  | 1, ","Unknown speaker: Hi. Good morning. Thanks for taking my questions. So my first question and I apologize. I know this can be a bit repetitive to at least a couple of the prior questions, but so I'll maybe ask a little bit different way. Today, you reiterated guidance for 2024. As you think about what we see, what transpired, so to say, in Q1, we talked a lot through the call about the macro pressur",challenge/offline-data/home-depot/call-transcripts/2024-05-14__hd-us-20240514-call-qna__38064.md,143
Home Depot,HD,2024-05-14,FY2024Q1,STRUCTURED_RESULT,q1-10q,1995. ,"Certain statements contained herein, as well as in other filings we make with the SEC and other written and oral information we release, regarding our performance or other events or developments in the future constitute 'forward-looking statements' as defined in the Private Securities Litigation Reform Act of 1995. Forward-looking statements may relate to, among other things, the demand for our pr",challenge/offline-data/home-depot/filings/2024-05-14__hd-us-20240514-q1-10q__101821.md,250
Home Depot,HD,2024-05-14,FY2024Q1,STRUCTURED_RESULT,q1-10q,1 | 2. ,"Forward-looking statements are based on currently available information and our current assumptions, expectations and projections about future events. You should not rely on our forward-looking statements. These statements are not guarantees of future performance and are subject to future events, risks and uncertainties - many of which are beyond our control, dependent on the actions of third part",challenge/offline-data/home-depot/filings/2024-05-14__hd-us-20240514-q1-10q__101821.md,252
Home Depot,HD,2024-05-14,FY2024Q1,STRUCTURED_RESULT,q1-10q,"28,  | 2024  | 2023  | 10 | 2023  | 10","We did not adopt any new accounting pronouncements during the three months ended April 28, 2024 that had a material impact on our consolidated financial condition, results of operations or cash flows. There were no significant changes in recently issued accounting pronouncements pending adoption from those disclosed in the 2023 Form 10-K, and those not discussed in the 2023 Form 10-K are either no",challenge/offline-data/home-depot/filings/2024-05-14__hd-us-20240514-q1-10q__101821.md,526
Home Depot,HD,2024-05-14,FY2024Q1,STRUCTURED_RESULT,q1-10q,"28,  | 2024  | 28,  | 2024,  | 1.8 billion | 1.7 billion","For products and services sold in stores or online, payment is typically due at the point of sale. When we receive payment before the customer has taken possession of the merchandise or the service has been performed, the amount received is recorded as deferred revenue until the sale or service is complete. Such performance obligations are part of contracts with expected original durations of typi",challenge/offline-data/home-depot/filings/2024-05-14__hd-us-20240514-q1-10q__101821.md,597
Home Depot,HD,2024-05-14,FY2024Q1,STRUCTURED_RESULT,q1-10q,"28,  | 2024  | 28,  | 2024,  | 1.0 billion | 1.1 billion","We further record deferred revenue for the sale of gift cards and recognize the associated revenue upon the redemption of those gift cards, which generally occurs within six months of gift card issuance. As of April 28, 2024 and January 28, 2024, our performance obligations for unredeemed gift cards were $1.0 billion and $1.1 billion, respectively. Gift card breakage income, which is our estimate ",challenge/offline-data/home-depot/filings/2024-05-14__hd-us-20240514-q1-10q__101821.md,612
Home Depot,HD,2024-05-14,FY2024Q1,STRUCTURED_RESULT,q1-10q,"27,  | 2024,  | 18.25 billion | 2024.  | 894 million | 4","On March 27, 2024, we entered into a definitive agreement to acquire SRS Distribution Inc., a leading residential specialty trade distribution company across several verticals serving the professional roofer, landscaper and pool contractor. Under the terms of the merger agreement, a subsidiary of The Home Depot, Inc. will merge with and into Shingle Acquisition Holdings, Inc., the parent company o",challenge/offline-data/home-depot/filings/2024-05-14__hd-us-20240514-q1-10q__101821.md,814
Home Depot,HD,2024-05-14,FY2024Q1,STRUCTURED_RESULT,q1-10q,"27,  | 2024,  | 18.25 billion | 2024.  | 4 ","On March 27, 2024, we entered into a definitive agreement to acquire SRS, a leading residential specialty trade distribution company across several verticals serving the professional roofer, landscaper and pool contractor. We believe the acquisition of SRS will accelerate the Company's growth with the residential professional customer. The acquisition is expected to complement our existing capabil",challenge/offline-data/home-depot/filings/2024-05-14__hd-us-20240514-q1-10q__101821.md,888
Home Depot,HD,2024-05-14,FY2024Q1,STRUCTURED_RESULT,q1-10q,"2024,  | 847 million | 2024,  | 3.0 billion | 3.5 billion","During the first three months of fiscal 2024, we invested approximately $847 million back into our business in the form of capital expenditures. For fiscal 2024, in line with our expectation of approximately two percent of net sales on an annual basis, we plan to invest approximately $3.0 billion to $3.5 billion back into our business in the form of capital expenditures, with investments focused o",challenge/offline-data/home-depot/filings/2024-05-14__hd-us-20240514-q1-10q__101821.md,1058
Home Depot,HD,2024-05-14,FY2024Q1,STRUCTURED_RESULT,q1-10q,"28,  | 2024,  | 5.0 billion | 5.0 billion | 3.5 billion | 2027 ","As of April 28, 2024, we had a commercial paper program that allowed for borrowings up to $5.0 billion. In connection with our program, we had back-up credit facilities with a consortium of banks for borrowings up to $5.0 billion, which consisted of a five-year $3.5 billion credit facility scheduled to expire in July 2027 and a 364-day $1.5 billion credit facility scheduled to expire in July 2024.",challenge/offline-data/home-depot/filings/2024-05-14__hd-us-20240514-q1-10q__101821.md,1078
Home Depot,HD,2024-05-14,FY2024Q1,STRUCTURED_RESULT,q1-10q,"2024.  | 10.0 billion | 10.0 billion | 2024,  | 1.1 billion","We also issue senior notes from time to time as part of our capital management strategy. We did not have any issuances of senior notes during the first three months of fiscal 2024. We expect to issue senior notes as part of our planned funding of the pending SRS acquisition. The timing of this issuance is subject to market and other factors. Upon the issuance of these notes, we expect to terminate",challenge/offline-data/home-depot/filings/2024-05-14__hd-us-20240514-q1-10q__101821.md,1082
Home Depot,HD,2024-05-14,FY2024Q1,STRUCTURED_RESULT,q1-10q,4 ,"The indentures governing our senior notes do not generally limit our ability to incur additional indebtedness or require us to maintain financial ratios or specified levels of net worth or liquidity. The indentures governing our notes contain various customary covenants; however, none are expected to impact our liquidity or capital resources. See Note 4 to our consolidated financial statements for",challenge/offline-data/home-depot/filings/2024-05-14__hd-us-20240514-q1-10q__101821.md,1084
Home Depot,HD,2024-05-14,FY2024Q1,STRUCTURED_RESULT,q1-10q,1 ,"For information on accounting pronouncements that have impacted or are expected to materially impact our consolidated financial condition, results of operations, or cash flows, see Note 1 to our consolidated financial statements.",challenge/offline-data/home-depot/filings/2024-05-14__hd-us-20240514-q1-10q__101821.md,1123
Home Depot,HD,2024-05-14,FY2024Q1,STRUCTURED_RESULT,q1-8k,2024  | 2024 ,# First Quarter Fiscal 2024 Results and Fiscal 2024 Guidance Reaffirmation,challenge/offline-data/home-depot/filings/2024-05-14__hd-us-20240514-q1-8k__101830.md,12
Home Depot,HD,2024-05-14,FY2024Q1,STRUCTURED_RESULT,q1-8k,2024  | 53 ,"The company reaffirms its fiscal 2024 guidance, which includes 53 weeks of operating results. In",challenge/offline-data/home-depot/filings/2024-05-14__hd-us-20240514-q1-8k__101830.md,28
Home Depot,HD,2024-05-14,FY2024Q1,STRUCTURED_RESULT,q1-8k,53  | 0.30 ,53 week expected to contribute approximately $0.30 of diluted earnings per share,challenge/offline-data/home-depot/filings/2024-05-14__hd-us-20240514-q1-8k__101830.md,40
Home Depot,HD,2024-05-14,FY2024Q1,STRUCTURED_RESULT,q1-8k,2024  | 2024 ,## The Home Depot Announces First Quarter Fiscal 2024 Results; Reaffirms Fiscal 2024 Guidance,challenge/offline-data/home-depot/filings/2024-05-14__hd-us-20240514-q1-8k__101830.md,50
Home Depot,HD,2024-05-14,FY2024Q1,STRUCTURED_RESULT,q1-8k,2024  | 53 ,"The company reaffirms its fiscal 2024 guidance, which includes 53 weeks of operating results. In addition, in March, the Company entered into a definitive agreement to acquire SRS Distribution Inc. (SRS). Since the acquisition has not closed, the following guidance does not reflect any impacts from the SRS acquisition:",challenge/offline-data/home-depot/filings/2024-05-14__hd-us-20240514-q1-8k__101830.md,60
Home Depot,HD,2024-05-14,FY2024Q1,STRUCTURED_RESULT,q1-8k,53  | 0.30 ,- 53 week expected to contribute approximately $0.30 of diluted earnings per share rd,challenge/offline-data/home-depot/filings/2024-05-14__hd-us-20240514-q1-8k__101830.md,71
Home Depot,HD,2024-05-14,FY2024Q1,STRUCTURED_RESULT,q1-8k,1995.  | 2024 ,"Certain statements contained herein constitute ""forward-looking statements"" as defined in the Private Securities Litigation Reform Act of 1995. Forward-looking statements may relate to, among other things, the demand for our products and services, including as a result of macroeconomic conditions; net sales growth; comparable sales; the effects of competition; our brand and reputation; implementat",challenge/offline-data/home-depot/filings/2024-05-14__hd-us-20240514-q1-8k__101830.md,93
Home Depot,HD,2024-05-14,FY2024Q1,STRUCTURED_RESULT,q1-8k,"1 | 10 | 28,  | 2024 ","Forward-looking statements are based on currently available information and our current assumptions, expectations and projections about future events. You should not rely on our forward-looking statements. These statements are not guarantees of future performance and are subject to future events, risks and uncertainties - many of which are beyond our control, dependent on the actions of third part",challenge/offline-data/home-depot/filings/2024-05-14__hd-us-20240514-q1-8k__101830.md,95
Home Depot,HD,2024-03-28,FY2023Q4,EARNINGS_CALL,call-pres,50 billion | 1 ,"Unknown speaker: Lastly, this acquisition will increase our Total Addressable Market by approximately $50 billion to a total of approximately $1 trillion. On slide nine, you see how we think about the pro landscape and our objective to grow with the residential pro customer. Roughly half of our current sales are to the pro customer, and we know that virtually all pros shop at The Home Depot today ",challenge/offline-data/home-depot/call-transcripts/2024-03-28__hd-us-20240328-call-pres__38075.md,29
Home Depot,HD,2024-03-28,FY2023Q4,EARNINGS_CALL,call-pres,18.25 billion | 16.1 | 2023 ,"Unknown speaker: Thanks, Ted, and good morning, everyone. As you heard this morning, we are thrilled about SRS's assets and capabilities and the significant value creation we can drive as a combined entity. We are also excited that SRS's leadership team has agreed to stay in place and continue to lead and grow an exceptional business. The details of the transaction, as outlined in our release, inc",challenge/offline-data/home-depot/call-transcripts/2024-03-28__hd-us-20240328-call-pres__38075.md,35
Home Depot,HD,2024-03-28,FY2023Q4,EARNINGS_CALL,call-pres,2024.  | 2.5  | 2.0  | 24 ,"Unknown speaker: We expect the acquisition to close by the end of fiscal 2024. We expect that this transaction will create value by allowing us to accelerate growth with our pro customers. In addition, the acquisition is expected to be dilutive on a GAAP EPS basis but accretive on a cash EPS basis in the first year post-closing, excluding synergies. At the close of the transaction, we expect to ha",challenge/offline-data/home-depot/call-transcripts/2024-03-28__hd-us-20240328-call-pres__38075.md,37
Home Depot,HD,2024-03-28,FY2023Q4,EARNINGS_CALL,call-pres,2,"Unknown speaker: We do not plan to restart our share repurchases until we have reached our target of approximately 2x adjusted debt-to-EBITDA, and we intend to maintain our current investment-grade ratings. As you heard from Ted, SRS complements The Home Depot's capabilities and will help us better serve the complex project purchase occasion while also increasing The Home Depot's Total Addressable",challenge/offline-data/home-depot/call-transcripts/2024-03-28__hd-us-20240328-call-pres__38075.md,39
Home Depot,HD,2024-03-28,FY2023Q4,EARNINGS_CALL,call-qna,2024  | 2024,Unknown speaker: Got it. Thank you for that. And then just a quick follow-up. Let's assume that this deal takes a year to close given your by end of 2024 comment. Would you expect SRS to grow in 2024? So maybe the sales and EBITDA multiples are a bit different than what you laid out this morning?,challenge/offline-data/home-depot/call-transcripts/2024-03-28__hd-us-20240328-call-qna__38091.md,65
Home Depot,HD,2024-03-28,FY2023Q4,EARNINGS_CALL,call-qna,2024. ,Unknown speaker: We expect them to grow sales and earnings in 2024. Yes.,challenge/offline-data/home-depot/call-transcripts/2024-03-28__hd-us-20240328-call-qna__38091.md,67
Home Depot,HD,2024-03-28,FY2023Q4,STRUCTURED_RESULT,fy-8k,18.25 billion | 2024. ,"Under the terms of the merger agreement, a subsidiary of The Home Depot will acquire SRS for a total enterprise value (including net debt) of approximately $18.25 billion. The closing of the acquisition is subject to customary closing conditions, including regulatory approvals, and is expected to be completed by the end of fiscal 2024. The transaction is expected to be funded through cash on hand ",challenge/offline-data/home-depot/filings/2024-03-28__hd-us-20240328-fy-8k__101840.md,94
Home Depot,HD,2024-03-28,FY2023Q4,STRUCTURED_RESULT,fy-8k,1995.  | 2024 ,"Certain statements contained herein constitute ""forward-looking statements"" as defined in the Private Securities Litigation Reform Act of 1995. Forward-looking statements may relate to, among other things, the proposed acquisition of SRS Distribution Inc., which involves substantial risks and uncertainties that could cause actual results to differ materially from those expressed or implied by such",challenge/offline-data/home-depot/filings/2024-03-28__hd-us-20240328-fy-8k__101840.md,124
Home Depot,HD,2024-03-28,FY2023Q4,STRUCTURED_RESULT,fy-8k,"1 | 10 | 28,  | 2024 ","Forward-looking statements are based on currently available information and our current assumptions, expectations and projections about future events. You should not rely on our forward-looking statements. These statements are not guarantees of future performance and are subject to future events, risks and uncertainties many of which are beyond our control, dependent on the actions of third partie",challenge/offline-data/home-depot/filings/2024-03-28__hd-us-20240328-fy-8k__101840.md,126
Home Depot,HD,2024-03-13,FY2023Q4,STRUCTURED_RESULT,fy-10k,1995. ,"Certain statements contained herein, as well as in other filings we make with the SEC and other written and oral information we release, regarding our performance or other events or developments in the future constitute ""forward-looking statements"" as defined in the Private Securities Litigation Reform Act of 1995. Forward-looking statements may relate to, among other things, the demand for our pr",challenge/offline-data/home-depot/filings/2024-03-13__hd-us-20240313-fy-10k__778665.md,177
Home Depot,HD,2024-03-13,FY2023Q4,STRUCTURED_RESULT,fy-10k,1 | 7. ,"Forward-looking statements are based on currently available information and our current assumptions, expectations and projections about future events. You should not rely on our forward-looking statements. These statements are not guarantees of future performance and are subject to future events, risks and uncertainties — many of which are beyond our control, dependent on the actions of third part",challenge/offline-data/home-depot/filings/2024-03-13__hd-us-20240313-fy-10k__778665.md,179
Home Depot,HD,2024-03-13,FY2023Q4,STRUCTURED_RESULT,fy-10k,"2023.  | 2023,  | 2,335  | 104,000  | 24,000 ","The Home Depot, Inc. is the world's largest home improvement retailer based on net sales for fiscal 2023. We offer our customers a wide assortment of building materials, home improvement products, lawn and garden products, décor products, and facilities maintenance, repair and operations products. We also provide a number of services, including home improvement installation services and tool and e",challenge/offline-data/home-depot/filings/2024-03-13__hd-us-20240313-fy-10k__778665.md,194
Home Depot,HD,2024-03-13,FY2023Q4,STRUCTURED_RESULT,fy-10k,"2023,  | 3.2 billion | 500 million | 2024. ","In fiscal 2023, we invested $3.2 billion in capital expenditures to support our business, advance our goals, and continue to build an interconnected customer experience. We also focused on driving productivity throughout the business by lowering our product and transportation costs and initiating a plan to reduce our fixed cost structure by approximately $500 million, which we expect will be reali",challenge/offline-data/home-depot/filings/2024-03-13__hd-us-20240313-fy-10k__778665.md,222
Home Depot,HD,2024-03-13,FY2023Q4,STRUCTURED_RESULT,fy-10k,"2023,  | 50%","In addition to our distribution and fulfillment centers, we leverage our stores as a network of convenient customer pickup, return, and delivery fulfillment locations. Our premium real estate footprint provides a distinct structural and competitive advantage. For customers who shop online and want to pick up or return merchandise at a store, or have it delivered from a store, we have four intercon",challenge/offline-data/home-depot/filings/2024-03-13__hd-us-20240313-fy-10k__778665.md,345
Home Depot,HD,2024-03-13,FY2023Q4,STRUCTURED_RESULT,fy-10k,2023 ,"We use our marketing, advertising and promotional programs to drive customer traffic and compete more effectively, and we must regularly assess and adjust our efforts to address changes in the competitive landscape. Intense competitive pressures from one or more of our competitors, such as through aggressive promotional pricing or liquidation events, or our inability to adapt effectively and quick",challenge/offline-data/home-depot/filings/2024-03-13__hd-us-20240313-fy-10k__778665.md,513
Home Depot,HD,2024-03-13,FY2023Q4,STRUCTURED_RESULT,fy-10k,-19 ,"The success of our business depends in part on our ability to identify and respond promptly to evolving trends in demographics; shifts in consumer preferences, expectations and needs; changes in the macroeconomic environment; and unexpected weather conditions, natural disasters, or public health issues (including pandemics and related impacts) that impact our customers, while also managing appropr",challenge/offline-data/home-depot/filings/2024-03-13__hd-us-20240313-fy-10k__778665.md,517
Home Depot,HD,2024-03-13,FY2023Q4,STRUCTURED_RESULT,fy-10k,"2021  | 2023, ","As previously reported, in April 2021 we entered into a civil consent decree with the U.S. Department of Justice, the EPA, and the states of Utah, Massachusetts, and Rhode Island. The decree required certain changes to lead-safe work practices in our installation services business and provided for stipulated penalties for failure to perform by our third-party installers. In the first quarter of fi",challenge/offline-data/home-depot/filings/2024-03-13__hd-us-20240313-fy-10k__778665.md,864
Home Depot,HD,2024-03-13,FY2023Q4,STRUCTURED_RESULT,fy-10k,"19,  | 1984,  | 22,  | 1987 ","Since April 19, 1984, our common stock has been listed on the NYSE, trading under the symbol ""HD."" We paid our first cash dividend on June 22, 1987 and have paid a cash dividend during each subsequent quarter. While we currently expect a cash dividend to be paid in the future, future dividend payments will depend on our earnings, capital requirements, financial condition, and other factors conside",challenge/offline-data/home-depot/filings/2024-03-13__hd-us-20240313-fy-10k__778665.md,881
Home Depot,HD,2024-03-13,FY2023Q4,STRUCTURED_RESULT,fy-10k,10 | 2023  | 2022.  | 2022  | 2021  | 7. ,The following discussion provides an analysis of the Company's financial condition and results of operations from management's perspective and should be read in conjunction with the consolidated financial statements and related notes included in this report. The discussion in this Form 10-K generally focuses on fiscal 2023 compared to fiscal 2022. A discussion of our results of operations and chan,challenge/offline-data/home-depot/filings/2024-03-13__hd-us-20240313-fy-10k__778665.md,932
Home Depot,HD,2024-03-13,FY2023Q4,STRUCTURED_RESULT,fy-10k,36.7% | 2023  | 44.6% | 2022. ,"Our ROIC was 36.7% for fiscal 2023 and 44.6% for fiscal 2022. The decrease in ROIC was primarily driven by lower operating income along with an increase in average long-term debt over the respective periods. See the Non-GAAP Financial Measures section below for our definition and calculation of ROIC, as well as a reconciliation of NOPAT, a non-GAAP financial measure, to net earnings (the most comp",challenge/offline-data/home-depot/filings/2024-03-13__hd-us-20240313-fy-10k__778665.md,955
Home Depot,HD,2024-03-13,FY2023Q4,STRUCTURED_RESULT,fy-10k,2023  | 4.7 billion | 3.0% | 152.7 billion | 2023 ,"Net Sales. Net sales for fiscal 2023 decreased $4.7 billion, or 3.0%, to $152.7 billion. The decrease in net sales for fiscal 2023 primarily reflects the impact of a negative comparable sales environment, primarily driven by a decrease in comparable customer transactions as well as the impact from lumber price deflation.",challenge/offline-data/home-depot/filings/2024-03-13__hd-us-20240313-fy-10k__778665.md,1017
Home Depot,HD,2024-03-13,FY2023Q4,STRUCTURED_RESULT,fy-10k,"2023,  | 14  | 2022.  | 2023  | 2022, ","For fiscal 2023, four of our 14 merchandising departments—Building Materials, Outdoor Garden, Hardware, and Plumbing—posted positive comparable sales compared to fiscal 2022. All of our other merchandising departments posted negative comparable sales during fiscal 2023 compared to fiscal 2022, with our Lumber department posting a double-digit comparable sales decline primarily resulting from lumbe",challenge/offline-data/home-depot/filings/2024-03-13__hd-us-20240313-fy-10k__778665.md,1027
Home Depot,HD,2024-03-13,FY2023Q4,STRUCTURED_RESULT,fy-10k,"15.11  | 2023  | 16.69  | 2022.  | 2023  | 2023, ","Diluted earnings per share were $15.11 in fiscal 2023 compared to $16.69 in fiscal 2022. The decrease in diluted earnings per share for fiscal 2023 was primarily driven by lower net earnings during fiscal 2023, partially offset by lower diluted shares due to share repurchases.",challenge/offline-data/home-depot/filings/2024-03-13__hd-us-20240313-fy-10k__778665.md,1060
Home Depot,HD,2024-03-13,FY2023Q4,STRUCTURED_RESULT,fy-10k,"2024,  | 3.0 billion | 3.5 billion","For fiscal 2024, in line with our expectation of approximately two percent of net sales on an annual basis, we plan to invest approximately $3.0 billion to $3.5 billion back into our business in the form of capital expenditures, with investments focused on new stores and improving the customer experience, including through technology and development of other differentiated capabilities. However, w",challenge/offline-data/home-depot/filings/2024-03-13__hd-us-20240313-fy-10k__778665.md,1101
Home Depot,HD,2024-03-13,FY2023Q4,STRUCTURED_RESULT,fy-10k,5.0 billion | 5.0 billion | 3.5 billion | 2027  | 364 | 1.5 billion,"We have a commercial paper program that allows for borrowings up to $5.0 billion. In connection with our program, we have back-up credit facilities with a consortium of banks for borrowings up to $5.0 billion, which consist of a five-year $3.5 billion credit facility scheduled to expire in July 2027 and a 364-day $1.5 billion credit facility scheduled to expire in July 2024. In July 2023, we compl",challenge/offline-data/home-depot/filings/2024-03-13__hd-us-20240313-fy-10k__778665.md,1109
Home Depot,HD,2024-03-13,FY2023Q4,STRUCTURED_RESULT,fy-10k,5 ,"The indentures governing our senior notes do not generally limit our ability to incur additional indebtedness or require us to maintain financial ratios or specified levels of net worth or liquidity. The indentures governing the notes contain various customary covenants; however, none are expected to impact our liquidity or capital resources. See Note 5 to our consolidated financial statements for",challenge/offline-data/home-depot/filings/2024-03-13__hd-us-20240313-fy-10k__778665.md,1113
Home Depot,HD,2024-03-13,FY2023Q4,STRUCTURED_RESULT,fy-10k,"28,  | 2024,  | 689 million | 25 million | 12  | 6 ","At January 28, 2024, we had aggregate liabilities for unrecognized tax benefits totaling $689 million, of which approximately $25 million are expected to be paid in the next 12 months. The timing of payment, if any, associated with our long-term unrecognized tax benefit liabilities is unknown. See Note 6 to our consolidated financial statements for further discussion of our unrecognized tax benefi",challenge/offline-data/home-depot/filings/2024-03-13__hd-us-20240313-fy-10k__778665.md,1130
Home Depot,HD,2024-03-13,FY2023Q4,STRUCTURED_RESULT,fy-10k,10% | 104 million | 2023. ,We calculate shrink based on actual inventory losses identified as a result of physical inventory counts during each fiscal period and estimated inventory losses between physical inventory counts. The estimate for shrink occurring in the interim period between physical inventory counts is calculated on a store-specific basis and is primarily based on recent shrink results. A 10% increase in the sh,challenge/offline-data/home-depot/filings/2024-03-13__hd-us-20240313-fy-10k__778665.md,1171
Home Depot,HD,2024-03-13,FY2023Q4,STRUCTURED_RESULT,fy-10k,1 ,"For information on our accounting policies and on accounting pronouncements that have impacted or are expected to materially impact our financial condition, results of operations, or cash flows, see Note 1 to our consolidated financial statements.",challenge/offline-data/home-depot/filings/2024-03-13__hd-us-20240313-fy-10k__778665.md,1177
Home Depot,HD,2024-03-13,FY2023Q4,STRUCTURED_RESULT,fy-10k,"2023,  | 2023,  | 2022,  | 2021.  | 4.","During the third quarter of fiscal 2023, we completed our annual assessment of the recoverability of goodwill for our U.S., Canada, and Mexico reporting units, using a quantitative approach. The quantitative test for goodwill impairment was performed by determining the fair value of the reporting units using a combination of discounted cash flow and market-based approaches. The results of our quan",challenge/offline-data/home-depot/filings/2024-03-13__hd-us-20240313-fy-10k__778665.md,1614
Home Depot,HD,2024-03-13,FY2023Q4,STRUCTURED_RESULT,fy-10k,20 ,"Intangible assets other than goodwill are included in other assets on the consolidated balance sheets. We amortize the cost of definite-lived intangible assets on a straight-line basis over their estimated useful lives, which range up to approximately 20 years, as this approximates the pattern of expected economic benefit. We evaluate our definite-lived intangible assets for impairment when eviden",challenge/offline-data/home-depot/filings/2024-03-13__hd-us-20240313-fy-10k__778665.md,1618
Home Depot,HD,2024-03-13,FY2023Q4,STRUCTURED_RESULT,fy-10k,"2023,  | 2023,  | 2022,  | 2021.  | 4.","During the third quarter of fiscal 2023, we completed our annual assessment of the recoverability of our indefinite-lived intangible assets based on quantitative factors and concluded no impairment losses should be recognized. There were no impairment losses related to intangible assets for fiscal 2023, fiscal 2022, or fiscal 2021. Additional information regarding our intangible assets is included",challenge/offline-data/home-depot/filings/2024-03-13__hd-us-20240313-fy-10k__778665.md,1620
Home Depot,HD,2024-03-13,FY2023Q4,STRUCTURED_RESULT,fy-10k,"1.4 billion | 28,  | 2024,  | 1.3 billion | 29,  | 2023.","We are self-insured for certain losses related to general liability (including product liability), workers' compensation, employee group medical, and automobile claims. We recognize the expected ultimate cost for claims incurred (undiscounted) at the balance sheet date as a liability. The expected ultimate cost for claims incurred is estimated based upon analysis of historical data and actuarial e",challenge/offline-data/home-depot/filings/2024-03-13__hd-us-20240313-fy-10k__778665.md,1649
Home Depot,HD,2024-03-13,FY2023Q4,STRUCTURED_RESULT,fy-10k,"28,  | 2024  | 29,  | 2023,  | 1.7 billion | 2.0 billion","For products and services sold in stores or online, payment is typically due at the point of sale. When we receive payment before the customer has taken possession of the merchandise or the service has been performed, the amount received is recorded as deferred revenue until the sale or service is complete. Such performance obligations are part of contracts with expected original durations of typi",challenge/offline-data/home-depot/filings/2024-03-13__hd-us-20240313-fy-10k__778665.md,1668
Home Depot,HD,2024-03-13,FY2023Q4,STRUCTURED_RESULT,fy-10k,"28,  | 2024  | 29,  | 2023,  | 1.1 billion | 2023, ","We further record deferred revenue for the sale of gift cards and recognize the associated revenue upon the redemption of those gift cards, which generally occurs within six months of gift card issuance. As of both January 28, 2024 and January 29, 2023, our performance obligations for unredeemed gift cards were $1.1 billion. Gift card breakage income, which is our estimate of the portion of our ou",challenge/offline-data/home-depot/filings/2024-03-13__hd-us-20240313-fy-10k__778665.md,1670
Home Depot,HD,2024-03-13,FY2023Q4,STRUCTURED_RESULT,fy-10k,"1.1 billion | 1.1 billion | 1.0 billion | 2023,  | 2022,  | 2021, ","Advertising costs, including digital, television, radio and print, are expensed when the advertisement first appears. Certain co-op advertising allowances that are reimbursements of specific, incremental, and identifiable costs incurred to promote vendors' products are recorded as an offset against advertising expense. Net advertising expense included in SG&A was $1.1 billion, $1.1 billion, and $1",challenge/offline-data/home-depot/filings/2024-03-13__hd-us-20240313-fy-10k__778665.md,1695
Home Depot,HD,2024-03-13,FY2023Q4,STRUCTURED_RESULT,fy-10k,9.,"We are currently authorized to issue incentive and nonqualified stock options, stock appreciation rights, restricted stock, restricted stock units, performance shares, performance units, and deferred shares to certain of our associates and non-employee directors under certain stock incentive plans. We measure and recognize compensation expense for all stock-based payment awards made to associates ",challenge/offline-data/home-depot/filings/2024-03-13__hd-us-20240313-fy-10k__778665.md,1699
Home Depot,HD,2024-03-13,FY2023Q4,STRUCTURED_RESULT,fy-10k,"2022 | -04.  | 2022,  | 2022 | -04,  | 405","ASU No. 2022-04. In September 2022, the FASB issued ASU No. 2022-04, ""Liabilities—Supplier Finance Programs (Topic 405-50): Disclosure of Supplier Finance Program Obligations,"" to enhance the transparency of supplier finance programs used by an entity in connection with the purchase of goods and services. The standard requires entities that use supplier finance programs to disclose the key terms, ",challenge/offline-data/home-depot/filings/2024-03-13__hd-us-20240313-fy-10k__778665.md,1730
Home Depot,HD,2024-03-13,FY2023Q4,STRUCTURED_RESULT,fy-10k,"2020 | -04.  | 2020,  | 2020 | -04,  | 848","ASU No. 2020-04. In March 2020, the FASB issued ASU No. 2020-04, ""Reference Rate Reform (Topic 848): Facilitation of the Effects of Reference Rate Reform on Financial Reporting,"" which provides practical expedients and exceptions for applying GAAP to contracts, hedging relationships, and other transactions affected by reference rate reform if certain criteria are met. The expedients and exceptions",challenge/offline-data/home-depot/filings/2024-03-13__hd-us-20240313-fy-10k__778665.md,1732
Home Depot,HD,2024-03-13,FY2023Q4,STRUCTURED_RESULT,fy-10k,"2023,  | 848, ","During the second quarter of fiscal 2023, we amended our existing fixed-to-variable interest rate swap agreements, which were designated as fair value hedges, to transition the variable component of such agreements from LIBOR to SOFR. Concurrent with these amendments, we elected certain of the optional expedients provided in Topic 848, which allow us to maintain our designation of fair value hedge",challenge/offline-data/home-depot/filings/2024-03-13__hd-us-20240313-fy-10k__778665.md,1734
Home Depot,HD,2024-03-13,FY2023Q4,STRUCTURED_RESULT,fy-10k,"2023 | -07.  | 2023,  | 2023 | -07,  | 280","ASU No. 2023-07. In November 2023, the FASB issued ASU No. 2023-07, ""Segment Reporting (Topic 280): Improvements to Reportable Segment Disclosures,"" which is intended to improve reportable segment disclosure requirements, primarily through enhanced disclosures about significant segment expenses. The disclosure requirements included in ASU No. 2023-07 are required for all public entities, including",challenge/offline-data/home-depot/filings/2024-03-13__hd-us-20240313-fy-10k__778665.md,1738
Home Depot,HD,2024-03-13,FY2023Q4,STRUCTURED_RESULT,fy-10k,"2023 | -09.  | 2023,  | 2023 | -09,  | 740","ASU No. 2023-09. In December 2023, the FASB issued ASU No. 2023-09, ""Income Taxes (Topic 740): Improvements to Income Tax Disclosures,"" which requires disclosure of disaggregated information about a reporting entity's effective tax rate reconciliation as well as disclosures on income taxes paid by jurisdiction. ASU No. 2023-09 is effective for annual periods beginning after December 15, 2024. The ",challenge/offline-data/home-depot/filings/2024-03-13__hd-us-20240313-fy-10k__778665.md,1747
Home Depot,HD,2024-03-13,FY2023Q4,STRUCTURED_RESULT,fy-10k,"2023,  | 2022,  | 2021.","Our intangible asset amortization expense was immaterial for fiscal 2023, fiscal 2022, and fiscal 2021.",challenge/offline-data/home-depot/filings/2024-03-13__hd-us-20240313-fy-10k__778665.md,1999
Home Depot,HD,2024-03-13,FY2023Q4,STRUCTURED_RESULT,fy-10k,"28,  | 2024  | 29,  | 2023,  | 2023,  | 2022, ","We also settled forward-starting interest rate swap agreements in prior years, which were used to hedge the variability in future interest payments attributable to changing interest rates on forecasted debt issuances. Unamortized losses on these forward-starting swaps, which were designated as cash flow hedges, are being amortized to interest expense over the life of the respective notes. Unamorti",challenge/offline-data/home-depot/filings/2024-03-13__hd-us-20240313-fy-10k__778665.md,2144
Home Depot,HD,2024-03-13,FY2023Q4,STRUCTURED_RESULT,fy-10k,"28,  | 2024  | 12 ","We expect an immaterial amount recorded in accumulated other comprehensive loss as of January 28, 2024 to be reclassified into earnings within the next 12 months.",challenge/offline-data/home-depot/filings/2024-03-13__hd-us-20240313-fy-10k__778665.md,2146
Home Depot,HD,2024-03-13,FY2023Q4,STRUCTURED_RESULT,fy-10k,"2023,  | 15% | 2024. ","Additionally, as of the end of fiscal 2023, the Organization for Economic Cooperation and Development (""OECD"") has published rules for a new global minimum tax framework through its base erosion and profit shifting pillar two project (""BEPS Pillar Two""), and various governments around the world have enacted or are in the process of enacting legislation on these rules. Many member states have commi",challenge/offline-data/home-depot/filings/2024-03-13__hd-us-20240313-fy-10k__778665.md,2206
Home Depot,HD,2024-03-13,FY2023Q4,STRUCTURED_RESULT,fy-10k,"2010  | 2021,  | 2015,  | 2010  | 2014,  | 2023 ","Our income tax returns are routinely examined by U.S. federal, state and local, and foreign tax authorities. Our U.S. federal tax returns for fiscal years 2010 through 2021, with the exception of 2015, are currently under examination by the IRS. With respect to fiscal years 2010 to 2014, the IRS had issued a proposed adjustment relating to transfer pricing between our entities in the U.S. and Chin",challenge/offline-data/home-depot/filings/2024-03-13__hd-us-20240313-fy-10k__778665.md,2266
Home Depot,HD,2024-03-13,FY2023Q4,STRUCTURED_RESULT,fy-10k,"28,  | 2024,  | 454 million","At January 28, 2024, there was $454 million of unrecognized stock-based compensation expense, which is expected to be recognized over a weighted average period of two years.",challenge/offline-data/home-depot/filings/2024-03-13__hd-us-20240313-fy-10k__778665.md,2392
Home Depot,HD,2024-03-13,FY2023Q4,STRUCTURED_RESULT,fy-10k,"2023,  | 2022,  | 2021.  | 60, ","Restricted Stock and Performance Share Awards. Restrictions on the restricted stock issued under the Plans generally lapse over various periods up to five years. At the grant date of the award, recipients of restricted stock are granted voting rights and generally receive dividends on unvested shares, paid in the form of cash on each dividend payment date. Dividends paid on unvested shares were im",challenge/offline-data/home-depot/filings/2024-03-13__hd-us-20240313-fy-10k__778665.md,2444
Home Depot,HD,2024-03-13,FY2023Q4,STRUCTURED_RESULT,fy-10k,"2023,  | 1.5 billion | 469 million | 17  | 998 million","During fiscal 2023, we completed three individually immaterial acquisitions for total aggregate cash purchase consideration of $1.5 billion. Based on preliminary acquisition date fair values, we recognized aggregate definite-lived intangible assets of $469 million with a weighted average amortization period of 17 years, primarily related to customer relationships, and goodwill of $998 million. The",challenge/offline-data/home-depot/filings/2024-03-13__hd-us-20240313-fy-10k__778665.md,2535
Home Depot,HD,2024-03-13,FY2023Q4,STRUCTURED_RESULT,fy-10k,2023 ,Net sales and net earnings for fiscal 2023 attributable to these acquisitions in the aggregate after their respective acquisition dates were immaterial. Pro forma results of operations would not be materially different as a result of the acquisitions in the aggregate and therefore are not presented.,challenge/offline-data/home-depot/filings/2024-03-13__hd-us-20240313-fy-10k__778665.md,2546
Home Depot,HD,2024-03-13,FY2023Q4,STRUCTURED_RESULT,fy-10k,"2023,  | 2022,  | 2021","•Consolidated Statements of Earnings for fiscal 2023, fiscal 2022, and fiscal 2021;",challenge/offline-data/home-depot/filings/2024-03-13__hd-us-20240313-fy-10k__778665.md,2696
Home Depot,HD,2024-03-13,FY2023Q4,STRUCTURED_RESULT,fy-10k,"2023,  | 2022,  | 2021","•Consolidated Statements of Comprehensive Income for fiscal 2023, fiscal 2022, and fiscal 2021;",challenge/offline-data/home-depot/filings/2024-03-13__hd-us-20240313-fy-10k__778665.md,2698
Home Depot,HD,2024-03-13,FY2023Q4,STRUCTURED_RESULT,fy-10k,"2023,  | 2022,  | 2021","•Consolidated Statements of Stockholders' Equity for fiscal 2023, fiscal 2022, and fiscal 2021;",challenge/offline-data/home-depot/filings/2024-03-13__hd-us-20240313-fy-10k__778665.md,2700
Home Depot,HD,2024-03-13,FY2023Q4,STRUCTURED_RESULT,fy-10k,"2023,  | 2022,  | 2021","•Consolidated Statements of Cash Flows for fiscal 2023, fiscal 2022, and fiscal 2021; and",challenge/offline-data/home-depot/filings/2024-03-13__hd-us-20240313-fy-10k__778665.md,2702
Home Depot,HD,2024-02-20,FY2023Q4,EARNINGS_CALL,call-pres,"2023  | 2023,  | 152.7 billion | 3% | 3.2% | 3.5%","Unknown speaker: Thank you, Isabel, and good morning, everyone. As you'll hear from the team shortly, the fourth quarter of fiscal 2023 was largely in line with our expectations. For fiscal 2023, sales were $152.7 billion, down 3% from the prior year. Comp sales declined 3.2% versus last year, and our U.S. stores had negative comps of 3.5%. Diluted earnings per share were $15.11, compared to $16.6",challenge/offline-data/home-depot/call-transcripts/2024-02-20__hd-us-20240220-call-pres__38055.md,19
Home Depot,HD,2024-02-20,FY2023Q4,EARNINGS_CALL,call-pres,"8  | 2024,  | 12  | 2024 ","Unknown speaker: In the U.S., our 8 new stores were roughly split between stores relieving pressure from higher-volume existing stores and stores where we identified voids in new high-growth areas. As an example, we're already seeing great results from many of these new stores, and are particularly pleased with our Mapunapuna store in Honolulu, which allows us to better serve the Honolulu market. ",challenge/offline-data/home-depot/call-transcripts/2024-02-20__hd-us-20240220-call-pres__38055.md,35
Home Depot,HD,2024-02-20,FY2023Q4,EARNINGS_CALL,call-pres,"2023,  | 24% | 2.82 | 14.5% | 2022.  | 2023 ","Unknown speaker: In the fourth quarter and for fiscal 2023, our effective tax rate was 24%. Our diluted earnings per share for the fourth quarter were $2.82, a decrease of 14.5% compared to the fourth quarter of 2022. Diluted earnings per share for fiscal 2023 were $15.11, a decrease of 9.5% compared to fiscal 2022. At the end of the quarter, merchandise inventories were $21 billion, down $3.9 bil",challenge/offline-data/home-depot/call-transcripts/2024-02-20__hd-us-20240220-call-pres__38055.md,57
Home Depot,HD,2024-02-20,FY2023Q4,EARNINGS_CALL,call-pres,12  | 36.7% | 44.6% | 2022.  | 2024.  | 2024 ,"Unknown speaker: Computed on the average of beginning and ending long-term debt and equity for the trailing 12 months, return on invested capital was 36.7% compared to 44.6% at the end of the fourth quarter of fiscal 2022. Now I'll comment on our outlook for 2024. First, let me point out that fiscal 2024 will include a 53rd week, so the fourth quarter of fiscal 2024 will consist of 14 weeks. We'll",challenge/offline-data/home-depot/call-transcripts/2024-02-20__hd-us-20240220-call-pres__38055.md,61
Home Depot,HD,2024-02-20,FY2023Q4,EARNINGS_CALL,call-pres,"2023  | 2024.  | 2023,  | 110  | 2024.  | 2023. ","Unknown speaker: On the positive side, we faced a number of pressures in fiscal 2023 that are unlikely to repeat in fiscal 2024. In 2023, we saw four increases in the Fed funds rate, a sharp decline in existing home sales, and approximately 110 basis points of comp pressure from lumber deflation. However, we still expect pressures to our business in fiscal 2024. Personal consumption growth, as mea",challenge/offline-data/home-depot/call-transcripts/2024-02-20__hd-us-20240220-call-pres__38055.md,63
Home Depot,HD,2024-02-20,FY2023Q4,EARNINGS_CALL,call-pres,2023.  | 2024  | +1% | -1% | 2023.  | 53,"Unknown speaker: As we consider these influences on home improvement demand, we are planning for a year of continued moderation but with slightly less pressure to comp sales than what we faced in fiscal 2023. Our fiscal 2024 outlook is for total sales growth to outpace sales comp, with sales growth of approximately +1% and comp sales of approximately -1% compared to fiscal 2023. Total sales growth",challenge/offline-data/home-depot/call-transcripts/2024-02-20__hd-us-20240220-call-pres__38055.md,65
Home Depot,HD,2024-02-20,FY2023Q4,EARNINGS_CALL,call-pres,"2023,  | 500 million | 2024.  | 14.1% | 2023.  | 500 million","Unknown speaker: This primarily reflects a lower product and transportation cost environment relative to fiscal 2023, as well as benefits from a portion of the approximately $500 million in reduced fixed costs that we will realize in fiscal 2024. Further, we expect operating margin of approximately 14.1%. This reflects deleverage from sales and pressure from targeted incentive compensation, as we ",challenge/offline-data/home-depot/call-transcripts/2024-02-20__hd-us-20240220-call-pres__38055.md,67
Home Depot,HD,2024-02-20,FY2023Q4,EARNINGS_CALL,call-qna,-1  | 2023.,"Unknown speaker: Hey, good morning, everyone. My first question is, how much of this -1 comp view is an industry view plus or minus share gain? I'm assuming plus, versus if you look at current purchasing trends. And Richard, you noted some of the, let's say, some of the less headwinds that you noted that you expect to face in 2023.",challenge/offline-data/home-depot/call-transcripts/2024-02-20__hd-us-20240220-call-qna__38074.md,15
Home Depot,HD,2024-02-20,FY2023Q4,EARNINGS_CALL,call-qna,1 ,"Unknown speaker: Sure. Yes, Simeon, in short, we expect that the macro pressures we called out, to point towards low single-digit negative growth from home improvement demand and then for us to outperform the market. That's how we got to the negative 1 comp guide. Your second part of your question, Simeon?",challenge/offline-data/home-depot/call-transcripts/2024-02-20__hd-us-20240220-call-qna__38074.md,17
Home Depot,HD,2024-02-20,FY2023Q4,EARNINGS_CALL,call-qna,"2023.  | 2019,  | 2021.  | 2020  | 2022  | 46%","Unknown speaker: Well, it's all taken as a whole. There are several cross-currents here. Again, we face macro headwinds, albeit at a lesser degree than we faced in 2023. And so again, just to quickly tick through them, PCE is expected to decelerate. We still have, as a market, a slightly elevated share of PCE versus 2019, and we know that that has gradually receded since 2021. The interest rate en",challenge/offline-data/home-depot/call-transcripts/2024-02-20__hd-us-20240220-call-qna__38074.md,21
Home Depot,HD,2024-02-20,FY2023Q4,EARNINGS_CALL,call-qna,-1%,"Unknown speaker: Turnovers dropped sharply over the last two years. That's a headwind, possibly offset by some level of improve-in-place. We're essentially neutral on housing short term. All of those have an impact on our market. Then, as you said, we expect to gain share in any macro environment through our growth initiatives of Pro, the interconnected experience, and new stores. That takes us to",challenge/offline-data/home-depot/call-transcripts/2024-02-20__hd-us-20240220-call-qna__38074.md,23
Home Depot,HD,2024-02-20,FY2023Q4,EARNINGS_CALL,call-qna,"2022  | 2023.  | 2023,  | 2024.  | 2024,  | 2023 ","Unknown speaker: Yeah. So Simeon, lumber was actually a function more of a comparison to 2022 in 2023. If you compare the lumber charts, just, I'd encourage you to pull it up. Lumber prices were relatively steady across 2023, so we don't really see a material impact to 2024. With respect to 2024, first, we expect a normal seasonal curve for our business, so there's really no seasonal shift in how ",challenge/offline-data/home-depot/call-transcripts/2024-02-20__hd-us-20240220-call-qna__38074.md,27
Home Depot,HD,2024-02-20,FY2023Q4,EARNINGS_CALL,call-qna,4.  | 4  | 2023.  | 2024 ,"Unknown speaker: If you look at Pro versus consumer, Zach, I mean, for us, they were effectively the same in Q4. Overall industry, don't see that being too terribly much different. I can say within our Pro, in any customer segment that we have, the Managed Account customer who's engaging in the ecosystem that we're building was the highest performing customer segment in Q4 and throughout 2023. We ",challenge/offline-data/home-depot/call-transcripts/2024-02-20__hd-us-20240220-call-qna__38074.md,37
Home Depot,HD,2024-02-20,FY2023Q4,EARNINGS_CALL,call-qna,2024.,"Unknown speaker: Yeah. This is Billy. Thanks for the question. On the commodity piece, that is embedded in our forward-looking guidance that Richard articulated during his prepared remarks. And as it relates to the promotional cadence, we haven't seen any difference if you go back pre-pandemic to the promotional activity. We are in a very normalized environment. We do feel that pricing is kind of ",challenge/offline-data/home-depot/call-transcripts/2024-02-20__hd-us-20240220-call-qna__38074.md,41
Home Depot,HD,2024-02-20,FY2023Q4,EARNINGS_CALL,call-qna,2024. ,"Unknown speaker: Sure. Hi, Chris. It's Richard. So first on fourth-quarter gross margin, I'd say our gross margin, first of all, is in line with our expectations for the year. For the full year and in the quarter, we saw some pull forward of pressure from pricing actions ahead of cost decreases. The good news is you now see those at current levels. And Billy mentioned, we're really at kind of a se",challenge/offline-data/home-depot/call-transcripts/2024-02-20__hd-us-20240220-call-qna__38074.md,55
Home Depot,HD,2024-02-20,FY2023Q4,EARNINGS_CALL,call-qna,2024,"Unknown speaker: Good morning, guys. Thanks for the time. Within your comp guide, can you help us understand how you guys are modeling any benefit or accretion from your Complex Pro buildout just so we can better understand the thought process around it? And just as a sidebar, can you also tell us how big of a margin drag you expect the incentive comp swing to be in 2024? Thanks.",challenge/offline-data/home-depot/call-transcripts/2024-02-20__hd-us-20240220-call-qna__38074.md,63
Home Depot,HD,2024-02-20,FY2023Q4,EARNINGS_CALL,call-qna,2 million | 6 million | 2024  | 200,"Unknown speaker: So usage in homes, the fundamental shortage of homes, I've seen anywhere between 2 million and 6 million units short. And on a near term, even forecast for 2024 will build 200-odd thousand units less than demand. So you're not even beginning to make up for that shortage in the near term. So you look at all those factors, millennials becoming a year or so away of becoming the singl",challenge/offline-data/home-depot/call-transcripts/2024-02-20__hd-us-20240220-call-qna__38074.md,97
Home Depot,HD,2024-02-20,FY2023Q4,EARNINGS_CALL,call-qna,3% | -4%,"Unknown speaker: Thanks, Michael. Well, first, I certainly want to center you back to the comments we made at the Investor Conference in June where we call out a base case once we return to market normalization, a base case of 3%-4% sales growth, flat gross margin, an assumption of operating expense and operating margin leverage and growth, and EPS growth of mid to high single-digit percentages. W",challenge/offline-data/home-depot/call-transcripts/2024-02-20__hd-us-20240220-call-qna__38074.md,105
Home Depot,HD,2024-02-20,FY2023Q4,EARNINGS_CALL,call-qna,"2023, ","Unknown speaker: I mean, underneath all this guidance and our results for 2023, which we were so pleased with, is an enormous amount of work on behalf of our team. You think about the efficiency in our supply chain. You think about the efficiencies that our merchants bring every year in product cost. Of particular note, the productivity in our stores with some of the tools that are unleashing the ",challenge/offline-data/home-depot/call-transcripts/2024-02-20__hd-us-20240220-call-qna__38074.md,107
Home Depot,HD,2024-02-20,FY2023Q4,EARNINGS_CALL,call-qna,"2023  | 500 million | 2024, ","Unknown speaker: I would stick with the basic rule of thumb, maybe higher, maybe slightly lower in some periods from time to time. On the question about what actions there may be, well, we always operate with a degree of financial flexibility in the P&L. Although I would tell you that we did our very best, and I think we accomplished our objective of reducing fixed costs towards the end of 2023 th",challenge/offline-data/home-depot/call-transcripts/2024-02-20__hd-us-20240220-call-qna__38074.md,109
Home Depot,HD,2024-02-20,FY2023Q4,EARNINGS_CALL,call-qna,4%,"Unknown speaker: Okay. Thank you for that. Just one follow-up. Richard, you gave us a bunch of sensitivity numbers around the EBIT margins. I guess more specifically on SG&A for this year, I realize there's a number of moving pieces that come back. But can you give us a feel for what base underlying SG&A growth should look like this year? I think the headline guidance is around 4% growth, but mayb",challenge/offline-data/home-depot/call-transcripts/2024-02-20__hd-us-20240220-call-qna__38074.md,125
Home Depot,HD,2024-02-20,FY2023Q4,EARNINGS_CALL,call-qna,1.  | 500 million | 2 | 3 ,"Unknown speaker: I'll tell you, the best way to look at this is that we are now. Our P&L provides you with an appropriate jumping-off point for your models. There's a lot of noise in operating expense. You think about the geography of the settlement in Q1. You think about the geography of costs that we incurred. Then you think about the geography of the $500 million in cost out, 2/3 of which will ",challenge/offline-data/home-depot/call-transcripts/2024-02-20__hd-us-20240220-call-qna__38074.md,127
Home Depot,HD,2024-02-20,FY2023Q4,STRUCTURED_RESULT,q4-10k,1995. ,"Certain statements contained herein, as well as in other filings we make with the SEC and other written and oral information we release, regarding our performance or other events or developments in the future constitute 'forward-looking statements' as defined in the Private Securities Litigation Reform Act of 1995. Forward-looking statements may relate to, among other things, the demand for our pr",challenge/offline-data/home-depot/filings/2024-02-20__hd-us-20240220-q4-10k__132173.md,240
Home Depot,HD,2024-02-20,FY2023Q4,STRUCTURED_RESULT,q4-10k,1 | 7. ,"Forward-looking statements are based on currently available information and our current assumptions, expectations and projections about future events. You should not rely on our forward-looking statements. These statements are not guarantees of future performance and are subject to future events, risks and uncertainties - many of which are beyond our control, dependent on the actions of third part",challenge/offline-data/home-depot/filings/2024-02-20__hd-us-20240220-q4-10k__132173.md,242
Home Depot,HD,2024-02-20,FY2023Q4,STRUCTURED_RESULT,q4-10k,"2023,  | 3.2 billion | 500 million | 2024. ","In fiscal 2023, we invested $3.2 billion in capital expenditures to support our business, advance our goals, and continue to build an interconnected customer experience. We also focused on driving productivity throughout the business by lowering our product and transportation costs and initiating a plan to reduce our fixed cost structure by approximately $500 million, which we expect will be reali",challenge/offline-data/home-depot/filings/2024-02-20__hd-us-20240220-q4-10k__132173.md,268
Home Depot,HD,2024-02-20,FY2023Q4,STRUCTURED_RESULT,q4-10k,"2023.  | 2023,  | 2,335  | 104,000  | 24,000 ","The Home Depot, Inc. is the world's largest home improvement retailer based on net sales for fiscal 2023. We offer our customers a wide assortment of building materials, home improvement products, lawn and garden products, decor products, and facilities maintenance, repair and operations products. We also provide a number of services, including home improvement installation services and tool and e",challenge/offline-data/home-depot/filings/2024-02-20__hd-us-20240220-q4-10k__132173.md,276
Home Depot,HD,2024-02-20,FY2023Q4,STRUCTURED_RESULT,q4-10k,"2023,  | 50%","In addition to our distribution and fulfillment centers, we leverage our stores as a network of convenient customer pickup, return, and delivery fulfillment locations. Our premium real estate footprint provides a distinct structural and competitive advantage. For customers who shop online and want to pick up or return merchandise at a store, or have it delivered from a store, we have four intercon",challenge/offline-data/home-depot/filings/2024-02-20__hd-us-20240220-q4-10k__132173.md,386
Home Depot,HD,2024-02-20,FY2023Q4,STRUCTURED_RESULT,q4-10k,2023 ,"We use our marketing, advertising and promotional programs to drive customer traffic and compete more effectively, and we must regularly assess and adjust our efforts to address changes in the competitive landscape. Intense competitive pressures from one or more of our competitors, such as through aggressive promotional pricing or liquidation events, or our inability to adapt effectively and quick",challenge/offline-data/home-depot/filings/2024-02-20__hd-us-20240220-q4-10k__132173.md,533
Home Depot,HD,2024-02-20,FY2023Q4,STRUCTURED_RESULT,q4-10k,-19 ,"The success of our business depends in part on our ability to identify and respond promptly to evolving trends in demographics; shifts in consumer preferences, expectations and needs; changes in the macroeconomic environment; and unexpected weather conditions, natural disasters, or public health issues (including pandemics and related impacts) that impact our customers, while also managing appropr",challenge/offline-data/home-depot/filings/2024-02-20__hd-us-20240220-q4-10k__132173.md,537
Home Depot,HD,2024-02-20,FY2023Q4,STRUCTURED_RESULT,q4-10k,"2021  | 2023, ","As previously reported, in April 2021 we entered into a civil consent decree with the U.S. Department of Justice, the EPA, and the states of Utah, Massachusetts, and Rhode Island. The decree required certain changes to lead-safe work practices in our installation services business and provided for stipulated penalties for failure to perform by our third-party installers. In the first quarter of fi",challenge/offline-data/home-depot/filings/2024-02-20__hd-us-20240220-q4-10k__132173.md,842
Home Depot,HD,2024-02-20,FY2023Q4,STRUCTURED_RESULT,q4-10k,"19,  | 1984,  | 22,  | 1987 ","Since April 19, 1984, our common stock has been listed on the NYSE, trading under the symbol 'HD.' We paid our first cash dividend on June 22, 1987 and have paid a cash dividend during each subsequent quarter. While we currently expect a cash dividend to be paid in the future, future dividend payments will depend on our earnings, capital requirements, financial condition, and other factors conside",challenge/offline-data/home-depot/filings/2024-02-20__hd-us-20240220-q4-10k__132173.md,856
Home Depot,HD,2024-02-20,FY2023Q4,STRUCTURED_RESULT,q4-10k,2022  | 2021 ,discussion of our results of operations and changes in financial condition for fiscal 2022 compared to fiscal 2021 has been,challenge/offline-data/home-depot/filings/2024-02-20__hd-us-20240220-q4-10k__132173.md,917
Home Depot,HD,2024-02-20,FY2023Q4,STRUCTURED_RESULT,q4-10k,10 | 2022.,Results of Operations of our Form 10-K for fiscal 2022.,challenge/offline-data/home-depot/filings/2024-02-20__hd-us-20240220-q4-10k__132173.md,919
Home Depot,HD,2024-02-20,FY2023Q4,STRUCTURED_RESULT,q4-10k,10 | 2023  | 2022.  | 2022  | 2021  | 7. ,The following discussion provides an analysis of the Company's financial condition and results of operations from management's perspective and should be read in conjunction with the consolidated financial statements and related notes included in this report. The discussion in this Form 10-K generally focuses on fiscal 2023 compared to fiscal 2022. A discussion of our results of operations and chan,challenge/offline-data/home-depot/filings/2024-02-20__hd-us-20240220-q4-10k__132173.md,959
Home Depot,HD,2024-02-20,FY2023Q4,STRUCTURED_RESULT,q4-10k,36.7% | 2023  | 44.6% | 2022. ,"Our ROIC was 36.7% for fiscal 2023 and 44.6% for fiscal 2022. The decrease in ROIC was primarily driven by lower operating income along with an increase in average long-term debt over the respective periods. See the Non-GAAP Financial Measures section below for our definition and calculation of ROIC, as well as a reconciliation of NOPAT, a non-GAAP financial measure, to net earnings (the most comp",challenge/offline-data/home-depot/filings/2024-02-20__hd-us-20240220-q4-10k__132173.md,979
Home Depot,HD,2024-02-20,FY2023Q4,STRUCTURED_RESULT,q4-10k,2023  | 4.7 billion | 3.0% | 152.7 billion | 2023 ,"Net Sales. Net sales for fiscal 2023 decreased $4.7 billion, or 3.0%, to $152.7 billion. The decrease in net sales for fiscal 2023 primarily reflects the impact of a negative comparable sales environment, primarily driven by a decrease in comparable customer transactions as well as the impact from lumber price deflation.",challenge/offline-data/home-depot/filings/2024-02-20__hd-us-20240220-q4-10k__132173.md,1036
Home Depot,HD,2024-02-20,FY2023Q4,STRUCTURED_RESULT,q4-10k,"2023,  | 14  | 2022.  | 2023  | 2022, ","For fiscal 2023, four of our 14 merchandising departments-Building Materials, Outdoor Garden, Hardware, and Plumbingposted positive comparable sales compared to fiscal 2022. All of our other merchandising departments posted negative comparable sales during fiscal 2023 compared to fiscal 2022, with our Lumber department posting a double-digit comparable sales decline primarily resulting from lumber",challenge/offline-data/home-depot/filings/2024-02-20__hd-us-20240220-q4-10k__132173.md,1046
Home Depot,HD,2024-02-20,FY2023Q4,STRUCTURED_RESULT,q4-10k,"15.11  | 2023  | 16.69  | 2022.  | 2023  | 2023, ","Diluted earnings per share were $15.11 in fiscal 2023 compared to $16.69 in fiscal 2022. The decrease in diluted earnings per share for fiscal 2023 was primarily driven by lower net earnings during fiscal 2023, partially offset by lower diluted shares due to share repurchases.",challenge/offline-data/home-depot/filings/2024-02-20__hd-us-20240220-q4-10k__132173.md,1076
Home Depot,HD,2024-02-20,FY2023Q4,STRUCTURED_RESULT,q4-10k,"2024,  | 3.0 billion | 3.5 billion","For fiscal 2024, in line with our expectation of approximately two percent of net sales on an annual basis, we plan to invest approximately $3.0 billion to $3.5 billion back into our business in the form of capital expenditures, with investments focused on new stores and improving the customer experience, including through technology and development of other differentiated capabilities. However, w",challenge/offline-data/home-depot/filings/2024-02-20__hd-us-20240220-q4-10k__132173.md,1113
Home Depot,HD,2024-02-20,FY2023Q4,STRUCTURED_RESULT,q4-10k,5.0 billion | 5.0 billion | 3.5 billion | 2027  | 364 | 1.5 billion,"We have a commercial paper program that allows for borrowings up to $5.0 billion. In connection with our program, we have back-up credit facilities with a consortium of banks for borrowings up to $5.0 billion, which consist of a five-year $3.5 billion credit facility scheduled to expire in July 2027 and a 364-day $1.5 billion credit facility scheduled to expire in July 2024. In July 2023, we compl",challenge/offline-data/home-depot/filings/2024-02-20__hd-us-20240220-q4-10k__132173.md,1121
Home Depot,HD,2024-02-20,FY2023Q4,STRUCTURED_RESULT,q4-10k,5 ,"The indentures governing our senior notes do not generally limit our ability to incur additional indebtedness or require us to maintain financial ratios or specified levels of net worth or liquidity. The indentures governing the notes contain various customary covenants; however, none are expected to impact our liquidity or capital resources. See Note 5 to our consolidated financial statements for",challenge/offline-data/home-depot/filings/2024-02-20__hd-us-20240220-q4-10k__132173.md,1125
Home Depot,HD,2024-02-20,FY2023Q4,STRUCTURED_RESULT,q4-10k,"28,  | 2024,  | 689 million | 25 million | 12  | 6 ","At January 28, 2024, we had aggregate liabilities for unrecognized tax benefits totaling $689 million, of which approximately $25 million are expected to be paid in the next 12 months. The timing of payment, if any, associated with our long-term unrecognized tax benefit liabilities is unknown. See Note 6 to our consolidated financial statements for further discussion of our unrecognized tax benefi",challenge/offline-data/home-depot/filings/2024-02-20__hd-us-20240220-q4-10k__132173.md,1139
Home Depot,HD,2024-02-20,FY2023Q4,STRUCTURED_RESULT,q4-10k,10% | 104 million | 2023. ,We calculate shrink based on actual inventory losses identified as a result of physical inventory counts during each fiscal period and estimated inventory losses between physical inventory counts. The estimate for shrink occurring in the interim period between physical inventory counts is calculated on a store-specific basis and is primarily based on recent shrink results. A 10% increase in the sh,challenge/offline-data/home-depot/filings/2024-02-20__hd-us-20240220-q4-10k__132173.md,1179
Home Depot,HD,2024-02-20,FY2023Q4,STRUCTURED_RESULT,q4-10k,1 ,"For information on our accounting policies and on accounting pronouncements that have impacted or are expected to materially impact our financial condition, results of operations, or cash flows, see Note 1 to our consolidated financial statements.",challenge/offline-data/home-depot/filings/2024-02-20__hd-us-20240220-q4-10k__132173.md,1185
Home Depot,HD,2024-02-20,FY2023Q4,STRUCTURED_RESULT,q4-10k,"2023,  | 2023,  | 2022,  | 2021.  | 4.","During the third quarter of fiscal 2023, we completed our annual assessment of the recoverability of goodwill for our U.S., Canada, and Mexico reporting units, using a quantitative approach. The quantitative test for goodwill impairment was performed by determining the fair value of the reporting units using a combination of discounted cash flow and market-based approaches. The results of our quan",challenge/offline-data/home-depot/filings/2024-02-20__hd-us-20240220-q4-10k__132173.md,1567
Home Depot,HD,2024-02-20,FY2023Q4,STRUCTURED_RESULT,q4-10k,20 ,"Intangible assets other than goodwill are included in other assets on the consolidated balance sheets. We amortize the cost of definite-lived intangible assets on a straight-line basis over their estimated useful lives, which range up to approximately 20 years, as this approximates the pattern of expected economic benefit. We evaluate our definite-lived intangible assets for impairment when eviden",challenge/offline-data/home-depot/filings/2024-02-20__hd-us-20240220-q4-10k__132173.md,1571
Home Depot,HD,2024-02-20,FY2023Q4,STRUCTURED_RESULT,q4-10k,"2023,  | 2023,  | 2022,  | 2021.  | 4.","During the third quarter of fiscal 2023, we completed our annual assessment of the recoverability of our indefinite-lived intangible assets based on quantitative factors and concluded no impairment losses should be recognized. There were no impairment losses related to intangible assets for fiscal 2023, fiscal 2022, or fiscal 2021. Additional information regarding our intangible assets is included",challenge/offline-data/home-depot/filings/2024-02-20__hd-us-20240220-q4-10k__132173.md,1573
Home Depot,HD,2024-02-20,FY2023Q4,STRUCTURED_RESULT,q4-10k,"1.4 billion | 28,  | 2024,  | 1.3 billion | 29,  | 2023.","We are self-insured for certain losses related to general liability (including product liability), workers' compensation, employee group medical, and automobile claims. We recognize the expected ultimate cost for claims incurred (undiscounted) at the balance sheet date as a liability. The expected ultimate cost for claims incurred is estimated based upon analysis of historical data and actuarial e",challenge/offline-data/home-depot/filings/2024-02-20__hd-us-20240220-q4-10k__132173.md,1599
Home Depot,HD,2024-02-20,FY2023Q4,STRUCTURED_RESULT,q4-10k,"28,  | 2024  | 29,  | 2023,  | 1.7 billion | 2.0 billion","For products and services sold in stores or online, payment is typically due at the point of sale. When we receive payment before the customer has taken possession of the merchandise or the service has been performed, the amount received is recorded as deferred revenue until the sale or service is complete. Such performance obligations are part of contracts with expected original durations of typi",challenge/offline-data/home-depot/filings/2024-02-20__hd-us-20240220-q4-10k__132173.md,1615
Home Depot,HD,2024-02-20,FY2023Q4,STRUCTURED_RESULT,q4-10k,"28,  | 2024  | 29,  | 2023,  | 1.1 billion | 2023, ","We further record deferred revenue for the sale of gift cards and recognize the associated revenue upon the redemption of those gift cards, which generally occurs within six months of gift card issuance. As of both January 28, 2024 and January 29, 2023, our performance obligations for unredeemed gift cards were $1.1 billion. Gift card breakage income, which is our estimate of the portion of our ou",challenge/offline-data/home-depot/filings/2024-02-20__hd-us-20240220-q4-10k__132173.md,1617
Home Depot,HD,2024-02-20,FY2023Q4,STRUCTURED_RESULT,q4-10k,"1.1 billion | 1.1 billion | 1.0 billion | 2023,  | 2022,  | 2021, ","Advertising costs, including digital, television, radio and print, are expensed when the advertisement first appears. Certain coop advertising allowances that are reimbursements of specific, incremental, and identifiable costs incurred to promote vendors' products are recorded as an offset against advertising expense. Net advertising expense included in SG&amp;A was $1.1 billion, $1.1 billion, and",challenge/offline-data/home-depot/filings/2024-02-20__hd-us-20240220-q4-10k__132173.md,1639
Home Depot,HD,2024-02-20,FY2023Q4,STRUCTURED_RESULT,q4-10k,9.,"We are currently authorized to issue incentive and nonqualified stock options, stock appreciation rights, restricted stock, restricted stock units, performance shares, performance units, and deferred shares to certain of our associates and nonemployee directors under certain stock incentive plans. We measure and recognize compensation expense for all stockbased payment awards made to associates an",challenge/offline-data/home-depot/filings/2024-02-20__hd-us-20240220-q4-10k__132173.md,1643
Home Depot,HD,2024-02-20,FY2023Q4,STRUCTURED_RESULT,q4-10k,"2022 | -04.  | 2022,  | 2022 | -04,  | 405","ASU No. 2022-04. In September 2022, the FASB issued ASU No. 2022-04, 'Liabilities-Supplier Finance Programs (Topic 405-50): Disclosure of Supplier Finance Program Obligations,' to enhance the transparency of supplier finance programs used by an entity in connection with the purchase of goods and services. The standard requires entities that use supplier finance programs to disclose the key terms, ",challenge/offline-data/home-depot/filings/2024-02-20__hd-us-20240220-q4-10k__132173.md,1671
Home Depot,HD,2024-02-20,FY2023Q4,STRUCTURED_RESULT,q4-10k,"2020 | -04.  | 2020,  | 2020 | -04,  | 848","ASU No. 2020-04. In March 2020, the FASB issued ASU No. 2020-04, 'Reference Rate Reform (Topic 848): Facilitation of the Effects of Reference Rate Reform on Financial Reporting,' which provides practical expedients and exceptions for applying GAAP to contracts, hedging relationships, and other transactions affected by reference rate reform if certain criteria are met. The expedients and exceptions",challenge/offline-data/home-depot/filings/2024-02-20__hd-us-20240220-q4-10k__132173.md,1673
Home Depot,HD,2024-02-20,FY2023Q4,STRUCTURED_RESULT,q4-10k,"2023,  | 848, ","During the second quarter of fiscal 2023, we amended our existing fixed-to-variable interest rate swap agreements, which were designated as fair value hedges, to transition the variable component of such agreements from LIBOR to SOFR. Concurrent with these amendments, we elected certain of the optional expedients provided in Topic 848, which allow us to maintain our designation of fair value hedge",challenge/offline-data/home-depot/filings/2024-02-20__hd-us-20240220-q4-10k__132173.md,1675
Home Depot,HD,2024-02-20,FY2023Q4,STRUCTURED_RESULT,q4-10k,"2023 | -07.  | 2023,  | 2023 | -07,  | 280","ASU No. 2023-07. In November 2023, the FASB issued ASU No. 2023-07, 'Segment Reporting (Topic 280): Improvements to Reportable Segment Disclosures,' which is intended to improve reportable segment disclosure requirements, primarily through enhanced disclosures about significant segment expenses. The disclosure requirements included in ASU No. 202307 are required for all public entities, including ",challenge/offline-data/home-depot/filings/2024-02-20__hd-us-20240220-q4-10k__132173.md,1679
Home Depot,HD,2024-02-20,FY2023Q4,STRUCTURED_RESULT,q4-10k,"2023 | -09.  | 2023,  | 2023 | -09,  | 740","ASU No. 2023-09. In December 2023, the FASB issued ASU No. 2023-09, 'Income Taxes (Topic 740): Improvements to Income Tax Disclosures,' which requires disclosure of disaggregated information about a reporting entity's effective tax rate reconciliation as well as disclosures on income taxes paid by jurisdiction. ASU No. 2023-09 is effective for annual periods beginning after December 15, 2024. The ",challenge/offline-data/home-depot/filings/2024-02-20__hd-us-20240220-q4-10k__132173.md,1685
Home Depot,HD,2024-02-20,FY2023Q4,STRUCTURED_RESULT,q4-10k,"2023,  | 2022,  | 2021.","Our intangible asset amortization expense was immaterial for fiscal 2023, fiscal 2022, and fiscal 2021.",challenge/offline-data/home-depot/filings/2024-02-20__hd-us-20240220-q4-10k__132173.md,1917
Home Depot,HD,2024-02-20,FY2023Q4,STRUCTURED_RESULT,q4-10k,"28,  | 2024 ","We expect an immaterial amount recorded in accumulated other comprehensive loss as of January 28, 2024 to be",challenge/offline-data/home-depot/filings/2024-02-20__hd-us-20240220-q4-10k__132173.md,2061
Home Depot,HD,2024-02-20,FY2023Q4,STRUCTURED_RESULT,q4-10k,"28,  | 2024  | 29,  | 2023,  | 2023,  | 2022, ","We also settled forward-starting interest rate swap agreements in prior years, which were used to hedge the variability in future interest payments attributable to changing interest rates on forecasted debt issuances. Unamortized losses on these forward-starting swaps, which were designated as cash flow hedges, are being amortized to interest expense over the life of the respective notes. Unamorti",challenge/offline-data/home-depot/filings/2024-02-20__hd-us-20240220-q4-10k__132173.md,2102
Home Depot,HD,2024-02-20,FY2023Q4,STRUCTURED_RESULT,q4-10k,"28,  | 2024  | 12 ","We expect an immaterial amount recorded in accumulated other comprehensive loss as of January 28, 2024 to be reclassified into earnings within the next 12 months.",challenge/offline-data/home-depot/filings/2024-02-20__hd-us-20240220-q4-10k__132173.md,2104
Home Depot,HD,2024-02-20,FY2023Q4,STRUCTURED_RESULT,q4-10k,"2023,  | 15% | 2024. ","Additionally, as of the end of fiscal 2023, the Organization for Economic Cooperation and Development ('OECD') has published rules for a new global minimum tax framework through its base erosion and profit shifting pillar two project ('BEPS Pillar Two'), and various governments around the world have enacted or are in the process of enacting legislation on these rules. Many member states have commi",challenge/offline-data/home-depot/filings/2024-02-20__hd-us-20240220-q4-10k__132173.md,2157
Home Depot,HD,2024-02-20,FY2023Q4,STRUCTURED_RESULT,q4-10k,"2010  | 2021,  | 2015,  | 2010  | 2014,  | 2023 ","Our income tax returns are routinely examined by U.S. federal, state and local, and foreign tax authorities. Our U.S. federal tax returns for fiscal years 2010 through 2021, with the exception of 2015, are currently under examination by the IRS. With respect to fiscal years 2010 to 2014, the IRS had issued a proposed adjustment relating to transfer pricing between our entities in the U.S. and Chin",challenge/offline-data/home-depot/filings/2024-02-20__hd-us-20240220-q4-10k__132173.md,2211
Home Depot,HD,2024-02-20,FY2023Q4,STRUCTURED_RESULT,q4-10k,"28,  | 2024,  | 454 million","At January 28, 2024, there was $454 million of unrecognized stock-based compensation expense, which is expected to be recognized over a weighted average period of two years.",challenge/offline-data/home-depot/filings/2024-02-20__hd-us-20240220-q4-10k__132173.md,2324
Home Depot,HD,2024-02-20,FY2023Q4,STRUCTURED_RESULT,q4-10k,"2023,  | 2022,  | 2021.  | 60, ","Restricted Stock and Performance Share Awards. Restrictions on the restricted stock issued under the Plans generally lapse over various periods up to five years. At the grant date of the award, recipients of restricted stock are granted voting rights and generally receive dividends on unvested shares, paid in the form of cash on each dividend payment date. Dividends paid on unvested shares were im",challenge/offline-data/home-depot/filings/2024-02-20__hd-us-20240220-q4-10k__132173.md,2371
Home Depot,HD,2024-02-20,FY2023Q4,STRUCTURED_RESULT,q4-10k,"2023,  | 1.5 billion | 469 million | 17  | 998 million","During fiscal 2023, we completed three individually immaterial acquisitions for total aggregate cash purchase consideration of $1.5 billion. Based on preliminary acquisition date fair values, we recognized aggregate definite-lived intangible assets of $469 million with a weighted average amortization period of 17 years, primarily related to customer relationships, and goodwill of $998 million. The",challenge/offline-data/home-depot/filings/2024-02-20__hd-us-20240220-q4-10k__132173.md,2450
Home Depot,HD,2024-02-20,FY2023Q4,STRUCTURED_RESULT,q4-10k,2023 ,Net sales and net earnings for fiscal 2023 attributable to these acquisitions in the aggregate after their respective acquisition dates were immaterial. Pro forma results of operations would not be materially different as a result of the acquisitions in the aggregate and therefore are not presented.,challenge/offline-data/home-depot/filings/2024-02-20__hd-us-20240220-q4-10k__132173.md,2458
Home Depot,HD,2024-02-20,FY2023Q4,STRUCTURED_RESULT,q4-10k,"2023,  | 2022,  | 2021","- Consolidated Statements of Earnings for fiscal 2023, fiscal 2022, and fiscal 2021;",challenge/offline-data/home-depot/filings/2024-02-20__hd-us-20240220-q4-10k__132173.md,2588
Home Depot,HD,2024-02-20,FY2023Q4,STRUCTURED_RESULT,q4-10k,"2023,  | 2022,  | 2021","- Consolidated Statements of Comprehensive Income for fiscal 2023, fiscal 2022, and fiscal 2021;",challenge/offline-data/home-depot/filings/2024-02-20__hd-us-20240220-q4-10k__132173.md,2589
Home Depot,HD,2024-02-20,FY2023Q4,STRUCTURED_RESULT,q4-10k,"2023,  | 2022,  | 2021","- Consolidated Statements of Stockholders' Equity for fiscal 2023, fiscal 2022, and fiscal 2021;",challenge/offline-data/home-depot/filings/2024-02-20__hd-us-20240220-q4-10k__132173.md,2590
Home Depot,HD,2024-02-20,FY2023Q4,STRUCTURED_RESULT,q4-10k,"2023,  | 2022,  | 2021","- Consolidated Statements of Cash Flows for fiscal 2023, fiscal 2022, and fiscal 2021; and",challenge/offline-data/home-depot/filings/2024-02-20__hd-us-20240220-q4-10k__132173.md,2591
Home Depot,HD,2024-02-20,FY2023Q4,STRUCTURED_RESULT,q4-8k,2023  | 2024 ,"# Fourth Quarter and Fiscal Year 2023 Results, Dividend Increase, and Fiscal Year 2024 Guidance",challenge/offline-data/home-depot/filings/2024-02-20__hd-us-20240220-q4-8k__101851.md,12
Home Depot,HD,2024-02-20,FY2023Q4,STRUCTURED_RESULT,q4-8k,2023  | 152.7 billion | 3.0% | 2022. ,"Sales for fiscal 2023 were $152.7 billion, a decrease of 3.0%, from fiscal 2022. Comparable sales for",challenge/offline-data/home-depot/filings/2024-02-20__hd-us-20240220-q4-8k__101851.md,28
Home Depot,HD,2024-02-20,FY2023Q4,STRUCTURED_RESULT,q4-8k,2023  | 15.1 billion | 15.11 ,"Net earnings for fiscal 2023 were $15.1 billion, or $15.11 per diluted share, compared with net earnings",challenge/offline-data/home-depot/filings/2024-02-20__hd-us-20240220-q4-8k__101851.md,30
Home Depot,HD,2024-02-20,FY2023Q4,STRUCTURED_RESULT,q4-8k,"17.1 billion | 16.69  | 2022.  | 2023, ","of $17.1 billion, or $16.69 per diluted share in fiscal 2022. For fiscal 2023, diluted earnings per share",challenge/offline-data/home-depot/filings/2024-02-20__hd-us-20240220-q4-8k__101851.md,31
Home Depot,HD,2024-02-20,FY2023Q4,STRUCTURED_RESULT,q4-8k,2023  | 7.7% | 2024 ,## The Home Depot Announces Fourth Quarter and Fiscal 2023 Results; Increases Quarterly Dividend by 7.7%; Provides Fiscal 2024 Guidance,challenge/offline-data/home-depot/filings/2024-02-20__hd-us-20240220-q4-8k__101851.md,49
Home Depot,HD,2024-02-20,FY2023Q4,STRUCTURED_RESULT,q4-8k,2023  | 152.7 billion | 3.0% | 2022.  | 2023  | 3.2%,"Sales for fiscal 2023 were $152.7 billion, a decrease of 3.0%, from fiscal 2022. Comparable sales for fiscal 2023 decreased 3.2%, and comparable sales in the U.S. decreased 3.5%.",challenge/offline-data/home-depot/filings/2024-02-20__hd-us-20240220-q4-8k__101851.md,61
Home Depot,HD,2024-02-20,FY2023Q4,STRUCTURED_RESULT,q4-8k,2023  | 15.1 billion | 15.11  | 17.1 billion | 16.69  | 2022. ,"Net earnings for fiscal 2023 were $15.1 billion, or $15.11 per diluted share, compared with net earnings of $17.1 billion, or $16.69 per diluted share in fiscal 2022. For fiscal 2023, diluted earnings per share decreased 9.5% versus last year.",challenge/offline-data/home-depot/filings/2024-02-20__hd-us-20240220-q4-8k__101851.md,63
Home Depot,HD,2024-02-20,FY2023Q4,STRUCTURED_RESULT,q4-8k,53  | 2024  | 2024,The company will have 53 weeks of operating results in fiscal 2024 and provides the following guidance for fiscal 2024:,challenge/offline-data/home-depot/filings/2024-02-20__hd-us-20240220-q4-8k__101851.md,89
Home Depot,HD,2024-02-20,FY2023Q4,STRUCTURED_RESULT,q4-8k,53  | 0.30 ,- 53 week expected to contribute approximately $0.30 of diluted earnings per share rd,challenge/offline-data/home-depot/filings/2024-02-20__hd-us-20240220-q4-8k__101851.md,100
Home Depot,HD,2024-02-20,FY2023Q4,STRUCTURED_RESULT,q4-8k,1995.  | 2024 ,"Certain statements contained herein constitute ""forward-looking statements"" as defined in the Private Securities Litigation Reform Act of 1995. Forward-looking statements may relate to, among other things, the demand for our products and services, including as a result of macroeconomic conditions; net sales growth; comparable sales; the effects of competition; our brand and reputation; implementat",challenge/offline-data/home-depot/filings/2024-02-20__hd-us-20240220-q4-8k__101851.md,108
Home Depot,HD,2024-02-20,FY2023Q4,STRUCTURED_RESULT,q4-8k,"1 | 10 | 29,  | 2023 ","Forward-looking statements are based on currently available information and our current assumptions, expectations and projections about future events. You should not rely on our forward-looking statements. These statements are not guarantees of future performance and are subject to future events, risks and uncertainties - many of which are beyond our control, dependent on the actions of third part",challenge/offline-data/home-depot/filings/2024-02-20__hd-us-20240220-q4-8k__101851.md,112
Home Depot,HD,2023-11-14,FY2023Q3,EARNINGS_CALL,call-pres,2023. ,"Unknown speaker: While internal and external surveys suggest that pro backlogs are lower than they were a year ago, they are still healthy and elevated relative to historical norms. With only one quarter left in the year, we believe the endpoints for our previous guidance range are no longer likely outcomes. As a result, and as we announced in this morning's press release, we narrowed our guidance",challenge/offline-data/home-depot/call-transcripts/2023-11-14__hd-us-20231114-call-pres__38051.md,21
Home Depot,HD,2023-11-14,FY2023Q3,EARNINGS_CALL,call-pres,670 million | 2.1 billion | 1.5 billion | 38.7% | 43.3% | 2022. ,"Unknown speaker: After investing in our business and paying our dividend, it is our intent to return excess cash to shareholders in the form of share repurchases. During the quarter, we invested approximately $670 million back into our business in the form of capital expenditures. During the quarter, we paid approximately $2.1 billion in dividends to our shareholders, and we returned approximately",challenge/offline-data/home-depot/call-transcripts/2023-11-14__hd-us-20231114-call-pres__38051.md,59
Home Depot,HD,2023-11-14,FY2023Q3,EARNINGS_CALL,call-pres,"2023,  | 2023.  | 2023  | 3% | -4% | 14.2%","Unknown speaker: As you heard from Ted, with one quarter remaining in fiscal 2023, we no longer expect the endpoints of our previous guidance range as likely outcomes, and therefore, we are narrowing our guidance for 2023. We expect fiscal 2023 sales and comp sales to decline 3%-4%. We are targeting an operating margin 14.2%-14.1% for the year. Our effective tax rate is targeted at approximately 2",challenge/offline-data/home-depot/call-transcripts/2023-11-14__hd-us-20231114-call-pres__38051.md,61
Home Depot,HD,2023-11-14,FY2023Q3,EARNINGS_CALL,call-qna,"1  | 2,  | -3%","Unknown speaker: Morning, Simeon. Thanks for the question. I would say pro and consumer, you know, it had the narrowest performance gap in some time, so they both performed reasonably well. You know, if you step back and look at the quarter, we feel really good about the third quarter, and we narrowed our comp guidance for the year because of that. And in fact, if you look at the performance of th",challenge/offline-data/home-depot/call-transcripts/2023-11-14__hd-us-20231114-call-qna__38070.md,17
Home Depot,HD,2023-11-14,FY2023Q3,EARNINGS_CALL,call-qna,2024  | 2019 ,"Unknown speaker: Simeon, this is Richard. You know, we have tried to take the most thoughtful approach possible in over the last few years of what the drivers of the business are, and those things that indicate to us, you know, how we have settled back out of the pandemic period, and that's why we focused on share of PCE. Like Ted said, we're not gonna talk about 2024 today. There is an underlying",challenge/offline-data/home-depot/call-transcripts/2023-11-14__hd-us-20231114-call-qna__38070.md,29
Home Depot,HD,2023-11-14,FY2023Q3,EARNINGS_CALL,call-qna,"2024  | 500 million | 2024, ","Unknown speaker: Morning, Zach. Thanks for that question. You know, margin expansion is largely a function of top-line growth. There is a point there in the low positive comp digits where you see expense turn from deleverage to leverage. We're not gonna take on 2024 guidance today. What we have done is we have put in place measures and in fact, now have essentially completed actions that will prov",challenge/offline-data/home-depot/call-transcripts/2023-11-14__hd-us-20231114-call-qna__38070.md,39
Home Depot,HD,2023-11-14,FY2023Q3,EARNINGS_CALL,call-qna,"2022, ","Unknown speaker: Thanks for the question, Chris. You know, I'll go back to Billy's comments, and Ted mentioned this as well. I think the most important observation we've made is that the worst of the inflationary environment is behind us, and as a result, as Billy said, retail prices are settling in the market. Some prices are settling at levels higher than 2022, others are settling lower, but we'",challenge/offline-data/home-depot/call-transcripts/2023-11-14__hd-us-20231114-call-qna__38070.md,73
Home Depot,HD,2023-11-14,FY2023Q3,EARNINGS_CALL,call-qna,2019 ,"Unknown speaker: Good morning. Thank you so much for taking my question. You talked about the promotional environment discounting being very rational. If the cycle or the downturn for home improvement remains protracted and extended, under what conditions would you expect that discounting will be more intense than it was in 2019 across the industry? And if that were to be the case, would Home Depo",challenge/offline-data/home-depot/call-transcripts/2023-11-14__hd-us-20231114-call-qna__38070.md,89
Home Depot,HD,2023-11-14,FY2023Q3,EARNINGS_CALL,call-qna,25%,"Unknown speaker: Yeah... You know, we're always looking at a balance between ticket and transactions. And, you know, what was interesting during the COVID period, we were. We had inflation, so we had AUR up, and we had ticket up, also driven by basket size. But the engagement was so high, you really didn't have elasticities. You had driving ticket and transactions, and that's what led to the 25% c",challenge/offline-data/home-depot/call-transcripts/2023-11-14__hd-us-20231114-call-qna__38070.md,117
Home Depot,HD,2023-11-14,FY2023Q3,EARNINGS_CALL,call-qna,4,"Unknown speaker: Yeah. Thanks, Ted. Got it. And then my second, my follow-up and much quicker. You know, we obviously, you, you narrowed your guidance for the balance of the year. We talked about trends in the fiscal third quarter, but any commentary on, on sales trends early here in fiscal Q4?",challenge/offline-data/home-depot/call-transcripts/2023-11-14__hd-us-20231114-call-qna__38070.md,131
Home Depot,HD,2023-11-14,FY2023Q3,EARNINGS_CALL,call-qna,2023 ,Unknown speaker: Our performance in the first two weeks is on track to achieve our full year 2023 guidance.,challenge/offline-data/home-depot/call-transcripts/2023-11-14__hd-us-20231114-call-qna__38070.md,133
Home Depot,HD,2023-11-14,FY2023Q3,EARNINGS_CALL,call-qna,10  | 14 ,"Unknown speaker: Okay, thanks. Just thinking about the fourth quarter, if we take the midpoint of the implied guidance, it does suggest a little bit of a deceleration, yet, you know, it does seem like your business has been consistent. Is that just a function of... You know, am I reading too much into that, or do we expect a deceleration? And maybe a second part of that, as you said, Halloween was",challenge/offline-data/home-depot/call-transcripts/2023-11-14__hd-us-20231114-call-qna__38070.md,155
Home Depot,HD,2023-11-14,FY2023Q3,EARNINGS_CALL,call-qna,2019  | 4. ,"Unknown speaker: Thanks for the question. You know, we, we. The narrowing of the range is truly what it is. We saw the extreme points of that range become less likely, and so we felt it would be helpful, for our investors, for us to narrow that range. There has been an assumption all year, from the beginning of the year, that our guidance reflected a reversion of our share of PCE from the pandemic",challenge/offline-data/home-depot/call-transcripts/2023-11-14__hd-us-20231114-call-qna__38070.md,157
Home Depot,HD,2023-11-14,FY2023Q3,STRUCTURED_RESULT,q3-10q,1995. ,"Certain statements contained herein, as well as in other filings we make with the SEC and other written and oral information we release, regarding our performance or other events or developments in the future constitute 'forward-looking statements' as defined in the Private Securities Litigation Reform Act of 1995. Forward-looking statements may relate to, among other things, the demand for our pr",challenge/offline-data/home-depot/filings/2023-11-14__hd-us-20231114-q3-10q__101828.md,246
Home Depot,HD,2023-11-14,FY2023Q3,STRUCTURED_RESULT,q3-10q,1,"Forward-looking statements are based on currently available information and our current assumptions, expectations and projections about future events. You should not rely on our forward-looking statements. These statements are not guarantees of future performance and are subject to future events, risks and uncertainties - many of which are beyond our control, dependent on the actions of third part",challenge/offline-data/home-depot/filings/2023-11-14__hd-us-20231114-q3-10q__101828.md,248
Home Depot,HD,2023-11-14,FY2023Q3,STRUCTURED_RESULT,q3-10q,"2022 | -04.  | 2022,  | 2022 | -04,  | 405","ASU No. 2022-04. In September 2022, the FASB issued ASU No. 2022-04, 'Liabilities-Supplier Finance Programs (Topic 405-50): Disclosure of Supplier Finance Program Obligations,' to enhance the transparency of supplier finance programs used by an entity in connection with the purchase of goods and services. The standard requires entities that use supplier finance programs to disclose the key terms, ",challenge/offline-data/home-depot/filings/2023-11-14__hd-us-20231114-q3-10q__101828.md,520
Home Depot,HD,2023-11-14,FY2023Q3,STRUCTURED_RESULT,q3-10q,"2020 | -04.  | 2020,  | 2020 | -04,  | 848","ASU No. 2020-04. In March 2020, the FASB issued ASU No. 2020-04, 'Reference Rate Reform (Topic 848): Facilitation of the Effects of Reference Rate Reform on Financial Reporting,' which provides practical expedients and exceptions for applying GAAP to contracts, hedging relationships, and other transactions affected by reference rate reform if certain criteria are met. The expedients and exceptions",challenge/offline-data/home-depot/filings/2023-11-14__hd-us-20231114-q3-10q__101828.md,539
Home Depot,HD,2023-11-14,FY2023Q3,STRUCTURED_RESULT,q3-10q,"2023,  | 848, ","During the second quarter of fiscal 2023, we amended our existing fixed-to-variable interest rate swap agreements, which were designated as fair value hedges, to transition the variable component of such agreements from LIBOR to the Secured Overnight Financing Rate ('SOFR'). Concurrent with these amendments, we elected certain of the optional expedients provided in Topic 848, which allow us to mai",challenge/offline-data/home-depot/filings/2023-11-14__hd-us-20231114-q3-10q__101828.md,541
Home Depot,HD,2023-11-14,FY2023Q3,STRUCTURED_RESULT,q3-10q,"29,  | 2023  | 29,  | 2023,  | 1.8 billion | 2.0 billion","For products and services sold in stores or online, payment is typically due at the point of sale. When we receive payment from customers before the customer has taken possession of the merchandise or the service has been performed, the amount received is recorded as deferred revenue until the sale or service is complete. Such performance obligations are part of contracts with expected original du",challenge/offline-data/home-depot/filings/2023-11-14__hd-us-20231114-q3-10q__101828.md,600
Home Depot,HD,2023-11-14,FY2023Q3,STRUCTURED_RESULT,q3-10q,"29,  | 2023  | 29,  | 2023,  | 1.0 billion | 1.1 billion","We further record deferred revenue for the sale of gift cards and recognize the associated revenue upon the redemption of those gift cards, which generally occurs within six months of gift card issuance. As of October 29, 2023 and January 29, 2023, our performance obligations for unredeemed gift cards were $1.0 billion and $1.1 billion, respectively. Gift card breakage income, which is our estimat",challenge/offline-data/home-depot/filings/2023-11-14__hd-us-20231114-q3-10q__101828.md,602
Home Depot,HD,2023-11-14,FY2023Q3,STRUCTURED_RESULT,q3-10q,"2023,  | 3 billion | 2.4 billion | 2023.","In addition to our cash requirements, we follow a disciplined approach to capital allocation. This approach first prioritizes investing in the business, followed by paying dividends, with the intent of then returning excess cash to shareholders in the form of share repurchases. For fiscal 2023, we plan to invest approximately $3 billion back into the business in the form of capital expenditures, i",challenge/offline-data/home-depot/filings/2023-11-14__hd-us-20231114-q3-10q__101828.md,1169
Home Depot,HD,2023-11-14,FY2023Q3,STRUCTURED_RESULT,q3-10q,5.0 billion | 5.0 billion | 3.5 billion | 2027  | 364 | 1.5 billion,"We have a commercial paper program that allows for borrowings up to $5.0 billion. In connection with our program, we have back-up credit facilities with a consortium of banks for borrowings up to $5.0 billion, which consist of a five-year $3.5 billion credit facility scheduled to expire in July 2027 and a 364-day $1.5 billion credit facility scheduled to expire in July 2024. In July 2023, we compl",challenge/offline-data/home-depot/filings/2023-11-14__hd-us-20231114-q3-10q__101828.md,1189
Home Depot,HD,2023-11-14,FY2023Q3,STRUCTURED_RESULT,q3-10q,4 ,"The indentures governing our senior notes do not generally limit our ability to incur additional indebtedness or require us to maintain financial ratios or specified levels of net worth or liquidity. The indentures governing our notes contain various customary covenants; however, none are expected to impact our liquidity or capital resources. See Note 4 to our consolidated financial statements for",challenge/offline-data/home-depot/filings/2023-11-14__hd-us-20231114-q3-10q__101828.md,1193
Home Depot,HD,2023-11-14,FY2023Q3,STRUCTURED_RESULT,q3-10q,"2021  | 2023, ","As previously reported, in April 2021 we entered into a civil consent decree with the U.S. Department of Justice, the U.S. Environmental Protection Agency ('EPA'), and the states of Utah, Massachusetts, and Rhode Island. The decree required certain changes to lead-safe work practices in our installation services business and provided for stipulated penalties for failure to perform by our third-par",challenge/offline-data/home-depot/filings/2023-11-14__hd-us-20231114-q3-10q__101828.md,1242
Home Depot,HD,2023-11-14,FY2023Q3,STRUCTURED_RESULT,q3-10q,1 ,"For information on accounting pronouncements that have impacted or are expected to materially impact our consolidated financial condition, results of operations, or cash flows, see Note 1 to our consolidated financial statements.",challenge/offline-data/home-depot/filings/2023-11-14__hd-us-20231114-q3-10q__101828.md,1252
Home Depot,HD,2023-11-14,FY2023Q3,STRUCTURED_RESULT,q3-8k,2023  | 2023 ,# Third Quarter Fiscal 2023 Results and Fiscal 2023 Guidance,challenge/offline-data/home-depot/filings/2023-11-14__hd-us-20231114-q3-8k__101815.md,12
Home Depot,HD,2023-11-14,FY2023Q3,STRUCTURED_RESULT,q3-8k,2023 ,The company narrowed its prior fiscal 2023 guidance range:,challenge/offline-data/home-depot/filings/2023-11-14__hd-us-20231114-q3-8k__101815.md,29
Home Depot,HD,2023-11-14,FY2023Q3,STRUCTURED_RESULT,q3-8k,2023  | 2023 ,## The Home Depot Announces Third Quarter Fiscal 2023 Results; Narrows Fiscal 2023 Guidance,challenge/offline-data/home-depot/filings/2023-11-14__hd-us-20231114-q3-8k__101815.md,50
Home Depot,HD,2023-11-14,FY2023Q3,STRUCTURED_RESULT,q3-8k,2023 ,The company narrowed its prior fiscal 2023 guidance range:,challenge/offline-data/home-depot/filings/2023-11-14__hd-us-20231114-q3-8k__101815.md,60
Home Depot,HD,2023-11-14,FY2023Q3,STRUCTURED_RESULT,q3-8k,"1995.  | 2023  | 1 | 10 | 29,  | 2023 ","Certain statements contained herein constitute ""forward-looking statements"" as defined in the Private Securities Litigation Reform Act of 1995. Forward-looking statements may relate to, among other things, the demand for our products and services; net sales growth; comparable sales; the effects of competition; our brand and reputation; implementation of store, interconnected retail, supply chain a",challenge/offline-data/home-depot/filings/2023-11-14__hd-us-20231114-q3-8k__101815.md,98
Home Depot,HD,2023-08-15,FY2023Q2,EARNINGS_CALL,call-pres,12  | 41.5% | 45.6% | 2022.  | 2023.  | 2023. ,"Unknown speaker: Computed on the average of beginning and ending long-term debt and equity for the trailing 12 months, ROIC was approximately 41.5%, down from 45.6% in the second quarter of fiscal 2022. Now I'll comment on our guidance for fiscal 2023. Today, we are reaffirming our guidance for 2023. We expect fiscal 2023 sales and comp sales to decline between 2% and 5%. We are targeting an opera",challenge/offline-data/home-depot/call-transcripts/2023-08-15__hd-us-20230815-call-pres__38041.md,59
Home Depot,HD,2023-08-15,FY2023Q2,EARNINGS_CALL,call-qna,5 ,"Unknown speaker: Good morning. Thank you so much for taking my question. Given this trend of small transactions coming, coming in and, and, and maybe even replacing large transactions, is it more likely that you can take the low end of your guidance off the table of a down 5 comp for the year, outside of some macroeconomic shock at this point?",challenge/offline-data/home-depot/call-transcripts/2023-08-15__hd-us-20230815-call-qna__38061.md,37
Home Depot,HD,2023-08-15,FY2023Q2,EARNINGS_CALL,call-qna,"2020,  | 3  | 2019  | 2019 ","Unknown speaker: You know, the other thing just to at least know that we're watching is our share of PCE. We've watched this since our sales spiked in 2020, as, in a not a, not a perfect measurement, but certainly a way to think contextually about what we saw during the 3 years of unprecedented growth. As predicted, we've seen our share of PCE, as, as Ted mentioned, as we've seen share shift from ",challenge/offline-data/home-depot/call-transcripts/2023-08-15__hd-us-20230815-call-qna__38061.md,45
Home Depot,HD,2023-08-15,FY2023Q2,EARNINGS_CALL,call-qna,"2024, ","Unknown speaker: Well, I, I wouldn't paint that picture, Michael. You know, clearly too early to, to talk about 2024, but, you know, we, we made a significant investment in wage, as Ann said, and, and, and we're in a much more comfortable position on a national minimum level and where we are in, in competitive markets. So again, as Ann mentioned, we, we, we couldn't feel better about the returns o",challenge/offline-data/home-depot/call-transcripts/2023-08-15__hd-us-20230815-call-qna__38061.md,51
Home Depot,HD,2023-08-15,FY2023Q2,EARNINGS_CALL,call-qna,3% | -4%,"Unknown speaker: It might just do to remind, you know, as we laid out in the investor conference, in a market normalized case, with 3%-4% top-line growth in a normalized case, we expect margin expansion based on operating expense leverage that would lead to mid to high single-digit EPS growth. Nothing's really structurally changed that much. It is worth just pointing back to our comments in June.",challenge/offline-data/home-depot/call-transcripts/2023-08-15__hd-us-20230815-call-qna__38061.md,57
Home Depot,HD,2023-08-15,FY2023Q2,EARNINGS_CALL,call-qna,"1  | 2 | 2, ","Unknown speaker: Hey, good morning. Can you help us unpack the cadence of DIY versus Pro from Q1 to Q2? As last quarter saw DIY outperform Pro for, I think, the first time in two years, and with that reversing out in Q2, curious how you think about the moving parts between the two, and if we should expect the spread to widen or, or contract going forward?",challenge/offline-data/home-depot/call-transcripts/2023-08-15__hd-us-20230815-call-qna__38061.md,63
Home Depot,HD,2023-08-15,FY2023Q2,EARNINGS_CALL,call-qna,10 | -20  | 1 ,"Unknown speaker: Sure, Zach, thanks. Yes, that 10-20 is something we called out at the very beginning of the year when we, or, and, and actually talked about the progression of margin. But or rather, the range of operating margin outcomes, that, you can think of that as really productivity that we anticipate in ordinary course. It certainly offset expenses, such as the wage investment, but it was ",challenge/offline-data/home-depot/call-transcripts/2023-08-15__hd-us-20230815-call-qna__38061.md,69
Home Depot,HD,2023-08-15,FY2023Q2,EARNINGS_CALL,call-qna,500 million | 2024  | 2020  | 2021.  | 2020  | 2021. ,"Unknown speaker: The $500 million cost out that we anticipate for 2024 is separate, and it really reflects our-- the rationalization, in most part, of a cost structure that we had to build up as we saw product volume skyrocket in 2020 and 2021. We built a cost structure that isn't necessary today, in today's volumes, and so we will rationalize some of that cost structure. A good example would be a",challenge/offline-data/home-depot/call-transcripts/2023-08-15__hd-us-20230815-call-qna__38061.md,71
Home Depot,HD,2023-08-15,FY2023Q2,EARNINGS_CALL,call-qna,10  | 20  | 2023.  | 500 million | 2023.  | 2024.,"Unknown speaker: There's probably some there, there, there could be some geography, in, in COGS and in operating expense. You know, we haven't settled on that yet. To your question, let me just make sure that we're clear. That initial 10 to 20 basis points of productivity is included in our operating margin guidance for 2023. No part of the $500 million is included in 2023. That is assumed full ye",challenge/offline-data/home-depot/call-transcripts/2023-08-15__hd-us-20230815-call-qna__38061.md,75
Home Depot,HD,2023-08-15,FY2023Q2,EARNINGS_CALL,call-qna,24  | 24 ,"Unknown speaker: The first two weeks of the third quarter, have been a little better than our first half comp. We have 24 weeks, 24 weeks left in the year, so we think the guidance range is appropriate.",challenge/offline-data/home-depot/call-transcripts/2023-08-15__hd-us-20230815-call-qna__38061.md,123
Home Depot,HD,2023-08-15,FY2023Q2,EARNINGS_CALL,call-qna,24 ,"Unknown speaker: You know, we're not gonna provide quarterly guidance. Again, you know, we've got 24 weeks left in the year, so we think the range is appropriate.",challenge/offline-data/home-depot/call-transcripts/2023-08-15__hd-us-20230815-call-qna__38061.md,127
Home Depot,HD,2023-08-15,FY2023Q2,EARNINGS_CALL,call-qna,"2023, ","Unknown speaker: We didn't ascribe any housing benefit to our guidance for 2023, and we think long term, those supports for home improvement demand are there. We, we do think that that supply-demand imbalance is an important part of that, along with the aging of the housing stock. Again, we're, we're, we're bullish on the future of this market. Yeah, I think the, the, the big, the big story with h",challenge/offline-data/home-depot/call-transcripts/2023-08-15__hd-us-20230815-call-qna__38061.md,175
Home Depot,HD,2023-08-15,FY2023Q2,EARNINGS_CALL,call-qna,24 ,"Unknown speaker: You know, again, the first two weeks of the quarter are a little better than our first half comp. We have 24 weeks left, we point you back to our guidance.",challenge/offline-data/home-depot/call-transcripts/2023-08-15__hd-us-20230815-call-qna__38061.md,183
Home Depot,HD,2023-08-15,FY2023Q2,EARNINGS_CALL,call-qna,80%,"Unknown speaker: You know, the nearest term view of consumer is. You know, the engagement in seasonal is led by the consumer, you know, certainly the garden business, also things like, you know, exterior painting and stain. When the weather improved, consumer responded, and it was, it was, it was, it was really steady, constructive demand. You know, what we expect going forward, I think you look a",challenge/offline-data/home-depot/call-transcripts/2023-08-15__hd-us-20230815-call-qna__38061.md,201
Home Depot,HD,2023-08-15,FY2023Q2,EARNINGS_CALL,call-qna,24 ,"Unknown speaker: You know, we've, I'll just, I'll answer the second part first, then I'll turn to Billy. Again, we've got 24 weeks to go. We're not gonna break out ticket and transactions within our guidance. Other than just to repeat, we're encouraged by what we've seen with respect to settling of ticket and recovery and transactions. Billy?",challenge/offline-data/home-depot/call-transcripts/2023-08-15__hd-us-20230815-call-qna__38061.md,219
